OFF
5826 11591 0
22.828151 7.449857 151.621820
19.899870 6.840303 155.937261
16.886460 6.856398 159.341402
14.438440 7.070070 161.024965
12.232700 7.289843 162.532474
8.621900 8.001122 164.325083
5.039909 9.341961 165.665528
2.289938 10.085881 166.184699
-2.374298 7.304118 166.771856
-5.039909 9.341961 165.665528
-8.621900 8.001122 164.325083
-12.232700 7.289843 162.532474
-14.438440 7.070070 161.024965
-16.886460 6.856398 159.341402
-19.899870 6.840303 155.937261
-22.828151 7.449857 151.621820
-24.848529 8.449942 147.707513
-26.269404 9.568808 144.363390
-27.317555 8.170159 138.235329
29.134113 -28.738228 126.160107
29.270519 -30.196036 127.908946
29.266367 -27.474329 129.841402
29.077043 -31.213206 129.216925
28.983515 -28.654805 131.647122
28.980424 -30.861111 125.080743
28.829632 -23.856929 131.934480
28.917892 -25.165635 132.747497
28.646702 -26.925624 134.273002
29.076938 -25.327589 128.042681
29.193390 -27.370680 124.457418
29.132344 -24.421010 126.226627
28.807820 -30.651736 118.949240
28.928081 -34.918438 125.410512
28.733430 -35.857562 126.684109
29.006707 -25.957393 121.132566
28.951604 -22.006775 124.187629
28.797231 -20.787041 127.905847
28.577326 -21.372925 131.297243
28.719015 -33.224111 123.580225
28.459200 -33.092387 130.377608
28.211955 -30.155707 133.684808
28.645813 -20.436037 129.924957
28.810056 -20.155956 122.713128
28.043900 -29.043735 136.015591
28.698947 -32.895368 120.151669
28.278962 -16.552637 126.321965
28.403220 -23.009912 135.132299
28.072510 -25.119420 137.414054
28.599806 -33.166955 117.759182
28.517268 -37.894018 124.470660
28.362206 -37.952620 125.765153
28.706828 -36.089298 123.203092
28.781446 -34.460659 117.997314
27.951929 -19.749003 134.532351
28.143434 -37.241483 127.871862
28.817717 -35.899797 119.732484
27.796317 -39.079200 126.745485
27.744491 -40.320437 124.708174
28.628595 -19.585464 130.517746
27.433395 -27.652968 139.292690
28.504654 -17.666722 129.665455
27.900751 -17.254984 134.137963
27.870242 -15.416567 133.115617
28.295684 -15.237108 127.936879
27.469708 -12.821698 131.082938
27.763271 -14.076800 121.915352
27.546833 -34.372521 131.719153
27.578902 -35.660974 130.884583
27.384579 -32.912330 133.241666
27.406586 -23.284004 141.147316
27.669774 -21.118479 138.522428
27.436295 -19.291765 137.579118
26.950434 -31.883787 136.155637
27.986380 -12.984452 125.749149
27.234129 -10.606655 128.388034
27.309456 -38.520510 129.213125
26.451867 -30.879550 138.469416
27.003508 -40.449742 127.736449
27.258450 -18.108368 137.184012
26.353033 -26.020122 143.074948
25.763835 -29.150871 141.879556
27.173909 -15.714168 136.801850
27.011453 -13.626467 136.106625
26.702939 7.135435 124.866117
26.725371 5.607044 128.725855
26.285010 -10.314257 135.297348
26.621623 -41.987672 126.300336
26.702945 4.350521 132.858282
27.356070 -19.861857 140.074950
26.726959 -17.805769 139.854875
26.744064 6.025840 139.668808
26.569731 -37.283680 131.495216
26.318666 -39.939073 130.329725
26.256995 -35.759812 133.209627
26.207995 -34.525591 134.573518
26.545337 3.295462 136.387099
26.381342 -9.039010 130.128623
26.372840 -16.723806 139.669815
24.502412 -26.120156 145.402740
25.807450 -20.743052 145.964925
25.793546 -17.556985 145.097630
24.691477 -22.327585 147.215344
25.945557 -32.652580 137.535128
25.202747 -15.521202 144.609475
26.322316 -14.885115 139.626115
26.549399 -8.130395 126.648453
26.050632 -12.368546 139.647805
25.982309 4.791116 142.418738
25.796866 -0.566102 137.701886
25.536658 -9.486360 139.551780
25.520954 -31.197356 140.163984
25.906978 -42.035215 128.756947
26.253999 -36.881163 132.307347
24.806208 -45.092068 126.670921
25.560268 0.223677 140.703167
24.641459 -14.181854 144.495438
25.544662 -7.510107 130.974900
25.602982 -6.666625 127.638782
25.672070 1.748488 125.142729
25.802993 0.786610 128.663227
25.902611 0.024065 132.268455
25.473056 2.765836 121.728369
25.876173 -0.533701 135.685478
24.758199 -28.891283 143.480098
25.606884 -7.975753 135.268346
24.534623 -12.915629 144.339380
25.072861 3.679106 118.486484
22.854460 -21.263427 148.567802
25.436649 -40.896360 130.770287
24.302646 -11.225063 144.561454
25.006581 -7.077392 139.923898
24.530523 3.809077 146.766188
25.486875 -38.475791 132.646572
25.570972 -36.665389 134.969235
25.352997 -35.326240 137.454076
24.899245 -31.124532 141.580460
24.053362 -8.456524 144.970588
24.792711 -33.179719 140.823202
24.176103 0.052687 146.128981
24.444131 5.911183 114.841196
25.385817 -3.515759 131.569765
25.499332 -3.735430 136.052209
22.217948 -17.846682 151.545790
22.950092 -16.835143 151.202673
22.825251 -14.354112 150.765530
25.127622 -3.764692 140.254011
22.118309 -10.864333 150.175229
23.533288 -25.591477 146.559118
25.083628 -2.270544 125.523854
24.120838 -44.837203 129.070102
24.523521 -42.775137 130.811851
24.884642 -40.554693 132.341355
24.061165 -40.228285 135.925564
25.384708 -6.104626 135.645472
25.306545 -5.403403 128.395025
24.195200 -37.581108 139.228750
23.768266 -35.647450 142.011604
23.963633 -3.366118 145.881889
24.300946 -31.036102 143.337045
24.848476 -1.661875 122.368851
23.849194 -6.695164 145.326710
24.075870 -28.541967 144.627471
24.005746 -42.230356 133.129629
23.195475 -32.665547 145.019601
24.446449 -1.255848 119.472204
23.928221 0.256704 116.345996
23.383538 -28.151736 146.196005
23.454761 -42.058996 135.636466
22.454727 2.680208 151.430761
23.446358 -44.459501 131.637124
22.629144 -29.489449 147.242178
22.879770 -25.103614 147.417407
20.735750 -17.228074 152.117988
21.923247 -9.224872 150.085309
23.822230 -1.455924 116.705705
22.926284 -43.688243 134.550103
22.223748 -0.023173 151.215678
21.899939 -21.186701 149.241017
23.016214 4.620999 111.974528
22.012978 -6.421972 150.163338
22.867165 -0.050415 112.795810
22.297173 -38.573430 142.984922
21.760859 -41.273336 141.027326
22.205443 -36.965691 144.558447
21.991471 -2.988042 150.914582
21.914845 -35.155983 146.068963
22.293372 -24.599945 148.614815
22.911179 -47.882348 126.908534
22.584369 -46.937031 129.930543
22.768334 -2.108616 112.788193
22.247457 -46.265706 132.463405
21.455491 -32.419966 148.213680
21.239819 -21.559127 149.973272
21.174997 -43.092145 140.141974
21.732084 -45.793150 134.465068
21.007140 -25.197445 150.564474
19.539363 -30.692128 151.698521
22.064897 -50.057077 124.103593
21.520313 -49.455976 127.538750
20.304306 -45.035595 139.176654
19.957690 -10.802121 154.834902
19.623477 -12.456875 155.799215
18.878327 -13.581953 156.584481
20.523979 -21.762994 151.276703
20.969728 -48.630901 131.006908
18.469281 -17.307338 153.360424
21.553624 -0.768868 108.862485
21.536819 -2.810262 108.807474
19.600770 2.150661 156.009292
20.244685 -28.150535 151.166665
20.776764 -51.597495 123.547407
20.383833 -47.747304 134.072938
19.718409 -7.482058 154.809885
19.549353 -0.119034 155.891256
17.985286 -22.327239 154.873627
20.404462 -38.351722 145.973915
20.132248 -40.273299 144.309371
19.504237 -2.539951 155.720193
20.300805 -35.648549 148.302714
19.448814 -42.785924 142.558189
20.051521 -51.010399 127.959889
19.523044 -4.500358 155.295048
17.078724 -17.295197 154.648835
19.309672 -25.577274 152.887243
20.044318 -32.989756 150.173336
19.023077 -47.130696 138.483413
19.173426 -50.171716 131.570100
18.873826 -53.405802 121.637771
16.863267 -18.105474 155.511704
18.717574 -44.554133 142.004598
18.195777 -26.338876 154.289248
18.239613 -49.415764 134.851199
17.297511 -14.432327 156.717629
18.191398 -53.196629 126.562418
19.359045 -38.732278 148.020820
19.404203 -36.129610 150.162331
18.869224 -40.728652 146.644153
17.225973 -48.749738 138.013254
17.734445 -46.663239 141.416403
19.126310 -33.411200 151.982948
18.464389 -42.107413 145.432749
18.579140 -30.730349 153.598114
17.384027 -8.173569 158.764213
16.986494 -4.856728 159.163349
17.286995 -52.122271 131.517089
16.742512 2.161144 159.519471
17.824988 -43.627092 144.184756
12.962705 -12.510782 160.935046
16.879859 -2.798028 159.355414
16.905265 -0.151720 159.362421
17.555685 -53.237242 116.364000
17.107835 -54.414838 119.977210
16.768520 -22.551958 156.263375
15.728772 -18.790299 157.278714
16.372488 -48.407625 140.439070
16.286358 -51.084822 135.450399
16.084892 -9.751748 160.508801
15.232389 -11.200128 160.683741
16.936177 -8.162106 159.536475
17.393331 -26.227591 155.880251
16.464018 -46.661739 143.301037
15.992361 -54.508470 124.756812
13.132119 -13.696981 160.027912
15.800996 -53.635978 114.522387
15.407264 -50.347774 137.567106
16.188926 -22.945691 157.390751
14.919000 -53.426809 129.719474
14.826528 -19.222063 158.296145
15.375454 -48.233067 142.784858
14.657813 -54.920508 117.482378
15.958349 -4.985271 160.545816
14.848877 -50.025568 139.788859
13.036708 -14.413692 159.704607
14.226769 -52.560616 133.956902
15.272919 -2.848025 161.296067
13.250041 -54.690332 121.825837
14.157446 -5.352134 162.470457
15.272919 2.475560 160.709872
15.893727 -0.051954 160.256718
14.195758 -53.272254 112.487700
14.284431 0.007931 161.826564
14.327602 -49.468783 142.613795
13.543539 -51.670120 136.499747
13.226433 -8.263820 163.551813
12.311835 -15.033802 160.833724
12.048238 -53.686696 125.817173
13.081585 -54.234178 115.855834
13.120452 -53.176752 111.701892
13.022765 -51.325702 138.870552
12.076848 -0.853237 163.800905
12.105858 -9.515009 163.869928
12.786586 -50.894760 142.052618
11.364410 -53.072690 130.001566
11.627798 -54.068721 119.949201
10.289149 3.214888 164.198041
9.495960 -8.684384 166.030778
11.064108 -52.636642 133.730828
11.185549 -4.435227 165.371423
12.156675 -53.850951 114.970535
11.026115 -12.973081 162.444432
10.969777 -52.256216 137.104960
11.658608 -53.851649 114.407350
10.334464 -7.594055 166.495808
8.595480 -9.474070 166.112928
10.378679 -53.170921 123.712463
10.989383 -52.219403 140.437071
10.790539 -53.536770 118.945355
11.814160 -53.431010 109.839817
10.801420 -54.050416 113.369000
8.758496 -1.120085 167.080996
9.455129 -52.911934 107.310970
8.658012 -53.388195 110.964195
9.512058 -52.349448 127.339679
8.933845 -11.600645 164.935257
9.315803 -53.321774 116.914187
9.416747 -52.721071 122.603090
8.887804 -52.371920 130.289215
8.243093 -5.638500 168.583498
9.074842 -52.816401 134.776177
7.681785 -52.995561 114.936527
8.992204 -53.128808 137.695155
8.658103 -52.411339 121.766064
7.155620 -8.029531 167.841886
5.736793 1.171313 168.152354
5.271877 5.843389 166.287731
8.129777 -51.893000 125.015016
7.908701 -52.468785 120.329333
6.297611 -52.164984 108.481360
6.835421 -51.456948 104.733102
6.624502 -52.354760 119.308354
7.093560 -10.788739 166.884748
6.081868 -9.706046 167.938721
8.341635 -52.918639 133.789839
6.837862 -51.658615 124.076591
5.688497 -3.391487 169.754896
5.951765 -53.850851 135.010249
7.779628 -53.598364 136.830866
5.725189 -52.096563 112.715781
7.072480 -52.931041 132.249329
6.785214 -51.849479 127.704806
5.407332 -6.038934 169.710890
5.426753 -51.231119 124.825072
6.086500 -51.331304 125.838176
5.371430 -52.870321 131.135949
4.847872 -51.716744 118.838157
4.849754 -7.188352 169.649942
4.934928 -51.487098 126.999004
3.955776 -9.339062 169.635014
4.024279 -50.364980 106.553712
4.614737 -48.762945 102.512357
4.059061 -53.371389 132.816520
3.739183 -50.545743 110.721109
4.377860 -51.191356 121.799644
3.557219 -52.395102 129.519807
4.111618 -50.892657 124.002562
2.492395 -1.689646 170.486144
2.601672 2.622889 168.829583
2.454833 7.185449 166.794905
2.590268 -4.919769 171.301160
3.391517 -50.428203 114.602415
3.790200 -51.212165 126.274327
2.395837 -6.817539 171.116666
3.079822 -50.398992 118.110587
2.904144 -50.238675 120.094490
2.682869 -52.555415 130.845859
2.112321 -8.645593 170.834985
2.699605 -49.989957 123.138273
2.461305 -50.320768 124.965890
1.937849 -47.553540 105.257280
1.847339 -48.582683 109.138578
1.906189 -45.374610 101.760106
1.677512 -48.584785 113.315981
1.897933 -51.218232 127.507925
1.899717 -51.906799 129.646452
1.490570 -48.841070 117.449370
0.513988 -48.195269 118.482034
1.619273 -49.194387 123.027236
-0.028613 -5.467817 171.812654
-0.010950 -4.518765 171.977641
0.000000 -1.298885 171.050329
0.000000 3.200013 169.236717
0.000000 7.895016 166.975965
-0.059033 -7.417665 171.633196
0.689824 -50.937472 127.764824
0.665510 -49.213895 124.163619
-0.113033 -8.327162 171.633257
2.178960 -44.025655 99.900184
0.004859 -40.263629 99.634935
-0.023786 -42.532402 101.895863
4.494496 -46.353538 99.644101
-0.012139 -44.311704 104.574701
0.024029 -49.036723 124.264650
0.586762 -46.633631 108.256286
0.481888 -47.356373 112.928850
0.041746 -50.514631 127.272662
0.033559 -49.698306 125.751897
0.012581 -45.703063 107.909147
0.028329 -46.861307 113.002872
0.037375 -47.916860 118.905852
-2.396331 -8.748373 170.786019
-2.561559 -7.271337 171.055335
-2.576907 -5.822965 171.211363
-2.589338 -4.951240 171.326422
-2.492395 -1.689646 170.486144
-2.601672 2.622889 168.829583
-0.605898 -50.963283 127.749820
-0.583518 -49.226300 124.111599
-0.418596 -48.117526 118.510723
-0.503174 -47.088556 112.297260
-0.698038 -40.528286 99.211171
-1.215122 -48.458518 118.497153
-1.538856 -48.988519 122.578088
-1.803885 -47.545336 108.305299
-2.378397 -50.047273 124.254645
-1.910163 -51.373821 127.630929
-1.907810 -46.280313 104.429999
-1.890083 -43.950732 101.036864
-2.154770 -41.633633 98.511428
-1.815729 -51.880289 129.378372
-2.999244 -49.356780 116.751451
-2.618748 -49.580820 122.265979
-3.335268 -49.029232 113.074903
-3.695609 -48.697822 109.055550
-3.994039 -48.045103 104.817130
-3.463779 -52.302595 128.829329
-2.598751 -52.511902 130.380706
-3.975512 -53.339679 132.040259
-4.602003 -45.707321 100.711758
-3.706142 -50.814933 125.111935
-4.398663 -42.321658 97.457676
-5.271877 5.843389 166.287731
-4.130621 -9.439571 169.650262
-5.028682 -7.899627 169.417396
-4.030861 -50.213932 122.495060
-5.508514 -6.378693 169.661695
-5.736793 1.171313 168.152354
-5.688497 -3.391487 169.754896
-4.337651 -50.081636 119.755052
-4.721262 -50.161215 117.251298
-5.151557 -49.963047 114.048229
-5.681944 -49.575317 110.154918
-5.005228 -51.667819 127.150620
-5.032727 -50.880755 125.095930
-5.285632 -52.697461 129.799503
-5.869988 -53.883161 133.862861
-5.286032 -50.337173 122.935202
-6.269702 -48.906392 105.754448
-5.849950 -10.170217 168.134511
-6.821977 -47.416493 101.928161
-5.672567 -50.215218 120.607243
-6.638704 -8.922151 168.001409
-6.335540 -50.291923 117.123280
-8.433441 -9.047534 166.623262
-6.007833 -50.371284 123.484390
-6.704057 -51.047910 125.206968
-6.987312 -52.757483 130.468733
-10.289149 3.214888 164.198041
-7.701231 -53.726107 135.417383
-7.639601 -49.999158 111.535385
-8.758496 -1.120085 167.080996
-7.418333 -10.822564 166.706160
-7.568777 -7.341111 168.112347
-8.243093 -5.638500 168.583498
-7.672509 -50.158208 121.277901
-8.632363 -49.429268 107.250945
-8.532220 -50.108386 118.058614
-8.935740 -10.681689 165.406652
-9.444716 -47.918962 103.430671
-8.257968 -52.839209 131.825191
-8.206020 -51.440643 126.462386
-9.071162 -50.631148 122.752333
-9.274859 -50.074485 112.874831
-8.916198 -53.319473 136.129627
-9.020566 -11.758207 165.111372
-10.238014 -9.278935 165.313436
-10.345768 -7.702932 166.551827
-10.777713 -49.696856 108.840482
-9.358337 -50.365281 118.452705
-10.141300 -50.183519 113.821148
-8.992584 -52.811601 132.755495
-8.846505 -51.656715 127.121611
-11.185549 -4.435227 165.371423
-11.674653 -12.273464 162.252092
-13.400792 2.795097 162.167362
-10.319759 -50.780921 119.122928
-11.196389 -13.146439 162.478333
-10.892451 -52.445378 135.031252
-10.923261 -52.573621 138.937575
-11.806557 -47.858643 105.120233
-12.076848 -0.853237 163.800905
-10.775712 -50.213432 114.370335
-10.983582 -52.311532 130.184642
-11.290284 -51.656615 124.893859
-11.585983 -50.720602 114.989538
-11.988518 -51.351612 120.498389
-12.135367 -9.659628 163.935945
-11.636400 -49.402259 109.637746
-12.134968 -49.360443 110.051886
-13.208127 -51.358916 116.232959
-14.309897 0.021953 161.804233
-13.218322 -8.270340 163.551035
-12.500086 -15.159234 160.770485
-13.060377 -49.678150 110.614079
-12.952642 -51.686525 136.215655
-12.729667 -51.341309 140.647148
-13.469814 -51.665419 132.371364
-13.293788 -47.357563 106.548149
-14.154444 -51.753545 128.112948
-14.219166 -12.114361 160.961956
-13.028737 -14.551420 159.921660
-13.503010 -14.537557 159.417416
-14.860381 -51.501962 123.378352
-14.637006 -50.368781 111.713446
-14.936606 -14.400327 158.440099
-14.824592 -19.047585 158.371503
-15.954248 -51.384624 118.442699
-14.190556 -47.410689 107.123903
-15.298072 -2.830855 161.267753
-15.255113 -11.551572 160.847919
-15.272919 2.475560 160.709872
-15.873020 -18.835814 157.185681
-14.355358 -49.962494 141.005224
-14.786156 -50.530838 136.348695
-16.819984 -18.407787 155.770412
-15.795094 -47.921561 108.751448
-15.387336 -50.431420 132.720022
-17.090928 -50.038371 113.796145
-17.204667 -18.190998 154.925921
-16.704598 -15.152079 157.664845
-16.084892 -9.751748 160.508801
-15.893727 -0.051954 160.256718
-16.321770 -22.992507 157.293719
-18.536612 -19.075394 154.089642
-16.433609 -47.391686 141.219331
-16.936177 -8.162106 159.536475
-17.236977 -50.414698 124.886861
-17.923007 -15.186090 157.017625
-16.879859 -2.798028 159.355414
-16.317670 -49.048041 136.452734
-16.742512 2.161144 159.519471
-17.555670 -47.663311 110.353814
-16.895662 -22.626685 156.167349
-18.160487 -50.332071 120.141267
-17.167255 -48.864878 132.491415
-19.862557 -19.478329 153.456434
-18.011338 -23.250593 155.031959
-17.271488 -45.540563 141.927576
-18.887930 -14.013397 156.822568
-16.986494 -4.856728 159.163349
-16.905265 -0.151720 159.362421
-17.689328 -47.508523 137.178975
-18.187395 -48.635000 128.672126
-17.462520 -26.370167 155.866757
-18.861022 -49.283620 115.435695
-19.302771 -23.896809 153.318387
-17.384027 -8.173569 158.764213
-17.950717 -44.069069 142.650810
-19.135614 -48.492652 125.325003
-18.153485 -26.704450 154.387746
-18.972859 -47.296653 132.550425
-20.604606 -24.319452 151.641831
-18.685964 -45.509154 138.180318
-18.160397 -29.303542 154.425372
-20.785766 -19.241049 153.005279
-19.549353 -0.119034 155.891256
-19.600770 2.150661 156.009292
-21.311043 -24.399179 150.451429
-19.396401 -27.252934 152.728193
-18.755359 -42.221996 144.462666
-19.504237 -2.539951 155.720193
-19.523044 -4.500358 155.295048
-19.718409 -7.482058 154.809885
-19.957690 -10.802121 154.834902
-20.028413 -48.499155 121.910865
-21.965462 -24.274036 149.861235
-20.346219 -46.851805 128.477069
-19.377295 -43.894614 139.113629
-18.741881 -32.125770 152.981269
-19.623477 -12.456875 155.799215
-18.892933 -29.855006 152.767208
-19.189532 -34.620605 151.258691
-20.264591 -45.415121 133.791838
-21.074664 -27.762905 150.350397
-20.768960 -47.950971 117.651434
-19.240626 -40.207866 146.553486
-19.972301 -42.300738 140.645728
-20.311707 -30.197221 150.607487
-19.436444 -37.678484 148.895823
-20.944720 -46.908022 125.334009
-19.612073 -32.247610 151.006608
-22.904177 -23.710748 149.135986
-20.094935 -34.700130 149.069969
-21.144987 -43.729257 135.267339
-20.993336 -32.472985 148.627820
-22.239455 -18.834913 151.988947
-22.951394 -16.977391 151.279710
-20.382331 -40.094940 143.342052
-21.507308 -46.939332 122.023902
-22.177945 -45.121836 128.047680
-20.334015 -37.300802 146.672162
-22.347491 -27.560837 148.461764
-20.393835 -38.825815 144.948578
-21.957160 -30.328765 147.961596
-21.928931 -41.828298 137.065030
-22.012978 -6.421972 150.163338
-21.991471 -2.988042 150.914582
-22.223748 -0.023173 151.215678
-21.923247 -9.224872 150.085309
-22.454727 2.680208 151.430761
-21.493404 -34.627806 146.616144
-22.825251 -14.354112 150.765530
-22.462729 -12.620730 150.459427
-22.072998 -10.768409 150.260371
-22.062395 -46.628429 118.629759
-21.935453 -37.115040 143.662151
-22.297173 -39.812344 139.702831
-22.680202 -32.454978 145.650824
-22.214946 -38.653157 141.532439
-23.039974 -42.942708 130.978090
-22.572265 -45.174840 125.067921
-23.145858 -27.537235 146.825534
-24.704680 -23.064430 147.402403
-22.907678 -45.370909 122.031900
-23.214581 -34.399031 143.265015
-23.412747 -30.046572 145.479761
-23.436255 -41.849629 132.463405
-23.772368 -36.520740 140.111965
-24.047960 -40.122648 133.515745
-23.809931 -42.883671 127.527409
-24.333456 -11.387412 144.501193
-24.641459 -14.181854 144.495438
-24.053362 -8.456524 144.970588
-24.142291 -37.906607 137.588124
-24.312850 -32.014530 142.450746
-24.521219 -27.241030 145.248681
-23.846700 -6.686869 145.354017
-24.176103 0.052687 146.128981
-25.202747 -15.521202 144.609475
-24.184206 -38.873129 135.705489
-24.530523 3.809077 146.766188
-25.807751 -20.767661 145.972923
-24.257639 -42.954808 125.315647
-24.264505 -29.953590 143.639896
-25.793546 -17.556985 145.097630
-24.063186 -43.840244 122.236497
-24.796111 -33.647978 139.932904
-23.793633 -1.048411 116.573123
-22.819372 -2.092958 113.374930
-21.503263 -2.770685 109.513040
-22.867165 0.368822 112.962866
-21.553624 0.249628 109.392669
-23.016214 4.743630 111.891500
-24.275423 4.448803 115.197921
-21.484101 5.262724 108.536379
-26.353033 -26.020122 143.074948
-25.351297 -35.387761 136.788845
-25.242597 -32.380051 139.596381
-25.277349 -39.268796 130.589914
-25.766937 -29.404755 141.706494
-25.568570 -36.618173 134.341034
-24.449430 -1.277946 119.490170
-25.536658 -9.486360 139.551780
-25.006581 -7.077392 139.923898
-25.127622 -3.764692 140.254011
-25.087102 3.693519 118.537068
-25.560268 0.223677 140.703167
-26.182133 -39.189462 127.975909
-26.050632 -12.368546 139.647805
-25.454607 -38.035698 132.054302
-25.801834 -32.029870 138.570830
-25.982309 4.791116 142.418738
-23.175603 7.122425 111.250050
-26.342808 -14.793192 139.534562
-24.843114 -1.694987 122.356388
-27.433395 -27.652968 139.292690
-25.782568 -40.992080 122.951260
-27.199440 -17.966767 137.318045
-25.893071 -40.518807 125.567158
-25.474013 2.781793 121.703764
-26.726959 -17.805769 139.854875
-27.406586 -23.284904 141.145316
-26.451867 -30.879550 138.469416
-26.315673 -33.994976 134.777322
-25.074364 -2.251277 125.399842
-25.668415 1.746161 125.112209
-25.384708 -6.104626 135.645472
-25.491197 -3.845709 136.118943
-25.606884 -7.975753 135.268346
-26.285010 -10.314257 135.297348
-25.250147 -2.845674 128.484639
-25.245723 -5.014388 126.114804
-25.836258 -0.810081 136.719532
-25.602982 -6.666625 127.638782
-27.356070 -19.861857 140.074950
-25.833330 0.930311 128.742599
-25.398442 -3.513804 131.912516
-25.339594 -5.856803 131.588112
-25.544662 -7.510107 130.974900
-26.262177 -35.791232 132.713581
-25.888585 -0.012692 132.148587
-26.549399 -8.130395 126.648453
-26.198381 -37.861491 130.081595
-26.950434 -31.883787 136.155637
-27.011453 -13.626467 136.106625
-26.381342 -9.039010 130.128623
-26.143563 1.671350 138.316365
-26.744064 6.025840 139.668808
-27.146752 -38.636237 122.731765
-26.699421 7.139009 124.823966
-28.043900 -29.043735 136.015591
-26.366040 2.275767 136.168108
-26.687536 4.227863 132.946798
-26.733062 5.545112 128.976397
-27.389012 -37.946591 124.921159
-27.209716 -16.228076 136.931288
-27.384579 -32.869618 133.061598
-27.099879 6.586138 137.189248
-27.462536 -35.714382 129.369183
-27.273727 -37.421463 127.275318
-27.859203 -15.402046 133.167529
-27.234129 -10.606655 128.388034
-28.072510 -25.119519 137.413062
-27.436295 -19.291765 137.579118
-28.211955 -30.146705 133.658798
-27.805934 9.416495 133.512738
-28.114432 -36.490697 121.569610
-27.669774 -21.118479 138.522428
-28.400820 -31.541172 131.320017
-27.900751 -17.254984 134.137963
-27.986380 -12.984452 125.749149
-28.009858 -19.898080 134.267095
-28.143434 -35.808603 126.173287
-28.295684 -15.237108 127.936879
-28.545737 -35.107779 124.489862
-28.403220 -23.009912 135.132299
-28.646702 -26.927425 134.269003
-28.405443 -33.628993 128.684429
-28.504654 -17.666722 129.665455
-28.015194 -14.999981 124.158887
-28.628595 -19.585464 130.517746
-28.495194 -20.396905 131.514143
-28.641549 -22.108175 131.299838
-28.751201 -34.161776 123.263033
-28.281336 -16.605253 126.298848
-28.983515 -28.565275 131.627111
-28.936489 -24.935293 132.594614
-28.967236 -32.322090 127.252781
-28.810056 -19.233146 123.251310
-29.071544 -30.278549 129.399375
-28.762982 -33.315144 122.490725
-28.602486 -19.694521 129.454554
-28.673862 -27.770485 117.902517
-28.679019 -28.591553 117.506511
-28.817507 -26.333352 118.823160
-28.792091 -29.361911 117.339440
-28.732745 -32.144353 121.173595
-29.122047 -23.356219 126.374855
-28.942204 -23.321127 120.631246
-29.103388 -24.238225 127.384112
-29.140325 -25.709053 128.612581
-29.251305 -27.282544 130.061599
-29.260473 -29.800466 127.387287
-28.716601 -30.654800 122.716028
-28.971110 -27.786012 122.302994
-28.915024 -29.939215 124.290225
-29.192606 -26.002883 124.781372
-29.136236 -27.605662 126.259437
20.067426 -3.569676 105.210267
20.057224 -1.512287 105.641412
17.393831 -3.717976 101.223931
17.384027 -1.367468 101.904159
14.515566 -2.782183 98.364169
14.444841 -0.113378 99.314187
11.817561 -0.224982 97.069439
11.770645 2.530378 98.289842
9.043891 2.972386 96.906482
5.955704 4.821231 95.537836
4.192565 -45.379770 98.803449
3.997880 -44.013051 96.497943
2.880068 5.394749 94.842336
3.207085 -38.844922 93.465929
3.614922 -41.955263 94.620414
2.658501 2.867541 94.328820
2.167977 -2.201148 94.082735
2.745830 -34.509866 93.246754
2.055202 -42.918469 98.851416
1.607449 -6.571002 94.139754
2.277253 -28.886983 94.268894
1.793801 -41.434890 96.658695
1.869176 -38.415075 93.659795
1.834775 -40.031217 94.939422
1.802824 -35.755484 92.882931
0.335894 -9.387430 94.490900
-0.032557 5.681418 94.696772
1.735011 -31.860279 93.310077
1.321081 -11.971550 95.247555
0.000000 3.013410 94.188369
0.000000 -1.897956 93.972194
1.047401 -17.240678 97.067333
1.039598 -21.387769 96.305076
0.987640 -24.826322 95.392073
0.598584 -28.962007 93.499540
-1.370529 -6.364585 94.108188
0.637160 -40.570098 98.561638
-0.006555 -38.460412 96.663297
0.004529 -35.960681 94.185225
0.010651 -34.416752 93.200329
0.573216 -32.846508 92.702275
0.000000 -11.768945 95.081071
0.000000 -14.147442 95.864331
0.000000 -17.313203 97.170570
0.000000 -21.365562 96.772739
0.000000 -24.851429 95.765100
0.000000 -29.051037 93.919580
0.000000 -32.401859 92.874330
-1.230582 -13.931170 95.907947
-1.047401 -17.240678 97.067333
-1.039598 -21.387769 96.305076
-2.758069 -11.580017 95.233565
-1.439622 -9.307810 94.551589
-0.987640 -24.826322 95.392073
-2.167977 -2.201148 94.082735
-2.658501 2.867541 94.328820
-2.901805 5.459828 94.840123
-0.598584 -28.962007 93.499540
-0.573216 -32.601328 92.676060
-1.793801 -39.895570 96.153628
-1.936409 -40.783071 97.626022
-1.834775 -38.416975 94.491571
-1.869176 -36.757621 93.280869
-1.802824 -34.195261 92.630947
-1.735011 -30.527433 93.215440
-2.277253 -27.191014 94.279800
-2.745830 -31.966514 92.940255
-3.207085 -35.855219 92.805208
-3.997880 -40.684237 95.274137
-4.052028 -41.656361 96.803946
-3.614922 -38.745687 93.652492
-5.834580 4.151549 95.348998
-9.043891 3.006848 96.865467
-9.281711 4.348617 97.194679
-9.993229 7.987807 98.026860
-11.817561 1.043210 97.899513
-11.770645 3.145384 98.586541
-11.498454 7.618673 99.089716
-14.124734 6.885528 101.282948
-14.444841 1.466662 100.228594
-14.515566 -0.555118 99.723824
-17.234977 5.629687 103.572717
-17.384027 0.497438 102.972518
-17.404002 -1.741202 102.571016
-19.883765 5.403071 105.940508
-20.057224 0.066119 106.442675
-20.059101 -2.407612 106.210679
-21.473523 7.381338 108.001364
14.180739 -43.445180 167.486100
14.825069 -44.378774 162.560484
14.710131 -40.573799 166.068663
14.502661 -45.978813 160.992957
14.351210 -47.205924 159.951607
13.898859 -48.934401 158.357079
13.320765 -50.400892 156.836565
-13.962680 -48.974515 158.275051
-13.371382 -50.439308 156.757544
-14.429436 -47.247438 159.866587
-14.590691 -46.020724 160.905937
-14.804689 -44.577857 163.014447
-15.039441 -42.384304 164.392106
-14.843776 -40.616412 165.980636
18.315860 -38.519819 152.107196
18.018271 -37.068111 154.093137
18.091963 -34.291393 154.849907
18.334646 -39.987703 150.777542
17.982327 -41.569834 149.489101
17.688029 -32.108250 156.013367
17.497564 -42.806447 148.401746
16.557985 -31.268762 158.921645
16.816937 -43.988945 147.348384
17.424641 -41.023649 153.904582
17.141946 -42.611183 152.681180
17.111561 -35.402476 157.820934
16.649748 -29.877196 158.596722
16.670888 -33.182020 159.074314
15.814217 -27.992600 160.391086
16.021270 -45.443233 146.418080
16.749614 -43.833994 151.609822
15.996762 -44.946965 150.487437
16.149914 -40.563695 159.348408
16.116402 -42.552661 157.861918
15.826405 -44.184911 156.610491
15.231287 -24.368611 159.999093
16.092894 -39.021781 160.569826
15.890826 -36.680893 162.088325
15.194593 -47.171611 145.542786
15.496995 -45.509555 155.565143
15.410499 -34.546797 163.259845
15.154880 -46.231595 149.255029
14.887290 -46.830096 154.441765
14.947410 -32.478087 163.716877
14.123534 -48.765846 144.637484
14.857080 -31.382419 164.053980
13.386703 -21.591250 161.980806
14.461181 -29.562111 164.519652
14.281387 -38.443286 167.659193
14.068463 -48.454905 148.248863
14.171750 -48.247873 153.264368
13.366633 -36.694993 169.970682
13.448408 -27.014254 165.144357
12.990954 -33.969085 169.538820
13.260245 -50.187323 152.067968
13.355640 -49.812091 146.092790
12.843405 -32.939839 169.842923
12.430312 -31.573592 170.316806
12.184984 -23.944026 165.514477
11.720965 -17.124241 162.797334
11.814804 -29.764857 170.409260
12.707460 -50.471018 144.124311
11.195827 -55.423576 156.389226
12.789786 -50.758812 147.747520
12.380450 -51.823171 150.838552
10.943968 -27.744199 170.604180
10.890350 -20.738952 166.365760
11.811459 -53.586362 153.170343
11.147737 -52.248714 143.197991
11.425230 -52.852314 144.073284
11.704423 -52.985560 146.905242
11.853173 -53.294364 150.044295
10.403108 -15.074749 164.577639
9.859095 -24.855831 171.159374
10.800320 -54.880993 148.994947
11.039600 -55.254520 152.522115
9.540982 -17.975227 167.834086
10.296451 -54.580195 145.736851
9.714536 -54.345017 142.647819
9.717507 -56.334380 151.480766
8.970907 -53.723306 141.043277
8.796812 -21.712585 171.685933
9.232344 -55.726778 147.876561
7.989368 -15.690459 168.862599
8.534191 -55.224111 144.601461
7.760981 -54.969825 141.471414
8.119301 -56.493434 150.693515
7.413625 -19.156321 172.222719
6.879706 -54.321709 139.391722
7.571938 -55.588132 147.043289
6.792387 -54.911907 143.689168
6.380055 -14.131531 170.000294
7.037749 -56.828549 150.025291
5.910091 -54.693232 140.430065
6.372126 -55.649451 146.307035
6.004633 -17.475658 172.918951
3.900261 -53.771059 136.080249
5.533545 -54.897299 142.982922
3.952248 -10.123317 169.985412
5.995229 -57.332918 149.441096
4.884892 -13.109562 170.845899
4.644767 -56.183333 145.213666
4.138286 -18.475629 175.529171
4.612256 -54.529477 139.446733
3.733902 -55.376860 142.206661
4.920435 -60.059147 152.056887
2.628699 -53.415006 134.803179
3.641331 -12.067345 171.499484
3.622674 -58.667964 148.003602
3.525122 -15.804897 174.504489
3.510217 -56.691102 144.659479
2.207380 -9.492842 171.211393
2.229187 -11.048203 172.263733
2.293949 -14.939107 175.514822
1.734982 -55.734982 140.970254
1.866986 -57.154957 143.952257
1.438672 -54.034011 136.449742
1.934318 -59.125118 147.293373
1.146594 -52.728073 132.315345
-0.134672 -14.300493 176.152045
-0.130903 -10.472610 173.017999
0.016667 -59.338187 146.962253
0.024164 -57.425349 143.501101
0.031111 -55.935748 140.431072
0.037248 -53.992397 135.706481
0.040722 -52.373653 131.466062
-2.557627 -14.946110 175.500825
-2.484813 -11.055005 172.249736
-1.903518 -59.130621 147.282368
-1.822071 -57.160261 143.942244
-1.676492 -55.739882 140.960241
-1.366428 -54.043715 136.436737
-1.066277 -52.746279 132.303348
-2.390961 -53.179026 133.700820
-2.963513 -54.236979 137.824196
-3.683725 -55.387465 142.184651
-3.470793 -56.701103 144.639483
-3.597366 -58.678367 147.982599
-3.618663 -53.698300 135.178304
-3.889464 -12.078148 171.476482
-3.780297 -15.815501 174.482479
-4.549065 -54.537681 139.402728
-4.888428 -54.094330 136.616790
-5.489310 -54.913105 142.949907
-4.746551 -58.135586 148.563803
-4.610065 -56.196635 145.186664
-4.476317 -16.684528 174.082183
-6.809162 -54.502967 138.437408
-5.396795 -13.082878 170.497562
-5.851311 -54.710137 140.395065
-6.345397 -55.667760 146.269027
-6.245544 -17.493363 172.881951
-6.746511 -14.015697 169.694879
-6.752263 -54.931410 143.649146
-5.982235 -57.350224 149.405073
-7.029636 -56.848854 149.983270
-7.707533 -54.992134 141.425409
-7.549721 -55.609841 146.998276
-7.645533 -19.178028 172.177705
-8.498539 -55.248720 144.551457
-8.905525 -54.013603 139.885891
-8.211342 -15.713767 168.814579
-8.116090 -56.516841 150.645494
-9.214629 -55.753287 147.822542
-9.669821 -54.373026 142.590793
-9.028756 -21.619946 171.530501
-9.719388 -56.362390 151.423755
-9.763202 -17.974176 167.733955
-10.269342 -54.609803 145.675826
-10.630790 -14.956660 164.377590
-10.791617 -54.912105 148.930915
-10.043537 -24.676795 171.025647
-11.097820 -52.619436 142.194664
-11.393218 -52.885226 144.005268
-11.050704 -55.286330 152.457106
-11.082915 -20.770561 166.299743
-11.141535 -27.776011 170.539156
-11.688718 -53.019270 146.836219
-11.922481 -17.126157 162.668873
-11.945490 -29.448834 170.203487
-14.009615 -30.301036 166.303895
-11.855174 -53.328475 149.974264
-12.363244 -23.979437 165.442446
-11.831266 -53.620374 153.100312
-12.935465 -33.104285 169.998813
-12.670747 -50.831537 143.307036
-13.164113 -34.006798 169.460807
-12.641728 -50.989392 145.300380
-13.600778 -20.773761 161.369243
-13.629422 -27.947745 165.612685
-12.785585 -50.795624 147.671490
-12.647639 -52.113567 155.149003
-13.805928 -35.982859 168.790569
-12.391453 -51.858881 150.765530
-13.283252 -50.225636 151.988947
-14.430537 -38.484598 167.574173
-13.954677 -48.723530 148.961931
-14.759235 -25.356300 161.691601
-14.881063 -46.960400 154.413527
-14.097325 -49.089654 143.991256
-15.005130 -31.425433 163.964961
-14.333504 -48.162944 147.472434
-15.693319 -32.172302 161.790236
-15.405607 -34.555238 163.546791
-15.172585 -46.275211 149.165002
-15.182589 -47.391587 145.160654
-15.565536 -24.492661 159.568773
-15.799195 -28.217159 160.762884
-17.244857 -35.326984 157.634119
-15.554113 -45.554270 155.473117
-16.023370 -45.539964 146.249017
-16.025471 -44.993181 150.392404
-16.198329 -39.068294 160.473786
-15.893527 -44.230523 156.516466
-16.781425 -29.834717 158.464582
-16.195728 -42.599178 157.765877
-16.243745 -40.610310 159.252383
-16.788126 -43.882308 151.510790
-16.641122 -33.370789 159.420973
-16.828940 -44.220121 146.940258
-17.190363 -42.660699 152.579141
-17.484761 -41.073967 153.800544
-18.236099 -37.170960 153.426547
-17.518271 -43.216084 147.774537
-18.227745 -38.972589 152.238313
-17.831805 -32.152886 155.774457
-18.175592 -34.564285 154.640837
-18.012238 -42.118018 148.763867
15.124770 -26.688746 161.303058
-14.118232 -37.237480 168.183370
-4.971210 -17.419846 174.143742
-2.019033 -47.571407 198.289699
-1.384384 -66.192284 162.390428
-2.828718 -65.775945 163.488804
-2.985216 -44.173024 194.879941
-3.643731 -45.162839 194.717258
-4.119961 -65.120925 164.211046
-4.663023 -45.261272 193.938005
-4.812003 -64.631465 164.750228
-5.948514 -45.840865 192.521530
-5.726364 -63.815598 165.936142
-6.427924 -63.118755 167.328088
-7.745126 -47.538135 190.059706
-7.234335 -62.259767 169.082674
-8.506911 -61.220521 170.713225
-8.975399 -49.402659 187.786941
-9.829155 -60.107446 172.891949
-9.628247 -51.176955 186.133387
-9.946704 -52.644144 184.734923
-10.409889 -58.600040 175.441800
-10.184614 -53.109102 184.260765
-10.633464 -53.821942 183.679562
-10.843434 -54.981529 182.053025
-10.938466 -57.080232 178.971990
-0.019198 -66.626931 162.613510
-0.153247 -44.685876 197.197093
10.775412 -57.049021 179.036007
10.656072 -54.950517 182.117042
10.433097 -53.791631 183.741579
9.978765 -53.080093 184.320783
10.272143 -58.570230 175.502825
9.736754 -52.615837 184.792941
9.405793 -51.149545 186.189406
9.710875 -60.079338 172.949967
8.738049 -49.377150 187.839953
8.404777 -61.196213 170.763230
7.144875 -62.239062 169.124680
7.488970 -47.516228 190.104719
5.775894 -63.700054 166.175419
5.672921 -45.824159 192.556545
4.755094 -64.617659 164.778237
4.377397 -45.248267 193.965007
4.067673 -65.109126 164.235041
3.353224 -45.152734 194.738276
2.612378 -43.957502 194.874018
2.782623 -65.767840 163.504800
1.346031 -66.188284 162.398427
1.840347 -44.797413 196.688927
13.489922 -46.277611 167.800246
12.085451 -48.201657 173.330100
12.107758 -46.526993 175.127699
13.426500 -42.295778 171.628525
11.954207 -44.372974 176.938304
13.338470 -47.649371 166.077669
12.230007 -49.200409 171.658992
13.364479 -48.659609 165.044318
12.933935 -50.281254 163.082662
12.278615 -51.515966 169.128695
12.413661 -52.012432 161.182031
12.003123 -53.195431 166.567823
11.391918 -51.781257 177.827609
11.458040 -53.144812 175.911959
10.902717 -50.711467 179.308605
10.637166 -48.613893 180.741580
10.153804 -46.798084 183.140380
11.126130 -54.887198 172.803922
11.251571 -41.712880 178.626873
8.975328 -44.690978 185.671227
12.771181 -39.903576 173.254070
10.969076 -56.767429 169.436796
11.459341 -55.024943 163.646846
11.853873 -53.795531 159.007291
10.750404 -56.618579 161.413096
10.340866 -58.292438 166.724889
11.881082 -37.401437 174.262404
10.001582 -38.817210 179.744252
8.057251 -40.245091 185.060029
9.621665 -57.784768 159.696532
9.359277 -59.476734 164.693202
9.858734 -57.015811 155.420090
7.432907 -37.666815 184.665305
11.058507 -35.312136 174.898619
7.794592 -58.429584 158.454111
7.939151 -60.057831 163.522812
8.155673 -57.454759 154.454770
6.264280 -42.422892 189.956156
5.983732 -37.644488 187.523044
7.251360 -59.355893 157.541803
6.850546 -61.077673 162.175360
7.308260 -58.056260 153.790546
7.242001 -36.273755 184.485664
8.642737 -34.555684 180.539517
6.546414 -60.111289 156.788865
6.354470 -58.780902 153.132320
5.462702 -61.244886 155.862148
5.471944 -59.668399 152.412078
4.819175 -42.015983 191.435167
4.718404 -39.407370 190.023348
4.811540 -35.280777 187.513076
5.952516 -34.105414 185.381258
4.829331 -61.739573 155.466919
3.535561 -34.176120 187.728328
3.515438 -36.382693 189.263434
3.621342 -41.006302 191.895313
3.542855 -62.356724 154.996990
3.686586 -60.693542 151.624827
2.778394 -38.333955 191.276041
2.850623 -35.304005 189.520097
1.714855 -62.766338 154.557801
1.426058 -64.250036 158.242035
1.882531 -61.174904 151.200673
2.252705 -35.354452 190.719931
2.155956 -39.120095 193.018767
2.322919 -32.449177 188.742263
2.049117 -42.881171 195.500525
-0.149790 -35.635346 191.629232
-0.151220 -38.550523 193.528871
-0.148626 -32.555311 189.738599
-0.184550 -42.081148 195.715868
-0.000232 -62.960304 154.427768
-0.008963 -64.440201 158.094998
0.007834 -61.399879 150.946590
-2.359661 -42.910077 195.483842
-2.480331 -38.225512 192.428496
-2.547654 -35.361351 190.705919
-2.666423 -30.011207 187.023975
-1.716615 -62.771341 154.547803
-1.445374 -64.254134 158.233029
-1.868966 -61.180308 151.188676
-3.541947 -62.356899 154.941933
-3.192960 -63.884213 158.754215
-3.676882 -60.704146 151.602816
-3.088423 -38.335962 191.210315
-3.231851 -34.956728 189.114367
-3.905385 -40.958553 191.819772
-3.754876 -35.821390 188.926056
-4.879001 -61.713247 155.419174
-5.173273 -59.880689 152.062870
-5.015492 -38.717044 189.574619
-5.099119 -42.030289 191.406151
-5.062323 -35.328022 187.540383
-5.457428 -61.292574 155.846563
-6.510922 -40.824883 188.920317
-6.262971 -37.681175 187.500209
-6.509282 -42.448730 189.976671
-6.227635 -34.247075 185.417128
-6.444340 -60.251797 156.620489
-6.359161 -58.799207 153.095321
-7.409236 -35.893500 184.400522
-7.548337 -31.009724 181.186844
-7.270646 -59.332814 157.334962
-7.661258 -37.737647 184.698901
-8.304443 -40.268597 185.011017
-9.213328 -44.717190 185.617208
-7.318913 -58.077267 153.746540
-7.831785 -58.452091 158.407099
-8.001682 -60.080738 163.475799
-8.171970 -57.478265 154.405757
-9.275286 -36.544621 180.212396
-8.877491 -34.604216 180.497404
-10.221326 -38.846322 179.684219
-9.668051 -57.812579 159.639506
-9.430401 -59.503843 164.638176
-9.881992 -57.044221 155.361079
-11.456439 -41.745594 178.559849
-12.141270 -44.407684 176.867281
-10.370676 -46.827696 183.079370
-10.810223 -56.649588 161.349079
-10.427495 -58.322348 166.662856
-11.208657 -55.497903 156.446435
-12.949187 -39.940511 173.178224
-12.072447 -37.435949 174.191381
-11.259674 -35.344347 174.832602
-10.834632 -48.644807 180.677564
-12.277915 -46.562108 175.055669
-11.536967 -55.058055 163.577823
-11.076012 -56.799140 169.370765
-11.907591 -53.829841 158.937275
-11.137433 -50.392791 179.083020
-12.240203 -48.236768 173.258069
-11.258473 -54.919508 172.737891
-12.103357 -53.230141 166.496800
-12.373098 -50.213864 170.780997
-11.266076 -50.974384 178.509830
-11.562976 -51.814269 177.759578
-12.398856 -51.551478 169.055657
-11.613892 -53.178022 175.843943
-13.588155 -42.334689 171.548497
-12.485385 -52.048245 161.108001
-13.021865 -50.318566 163.005640
-13.722699 -44.375473 169.716889
-13.451809 -47.687985 165.997640
9.711055 -30.744304 175.660883
8.962385 -28.511912 175.576382
8.147771 -32.111162 180.107365
8.027188 -26.477008 176.510212
7.310606 -31.082127 181.287174
6.744692 -24.355160 177.222808
6.351907 -30.051533 182.056978
5.451480 -22.467451 177.454590
5.095455 -29.550098 183.107532
3.642462 -29.294882 184.170968
3.334718 -20.629288 178.343239
2.397624 -18.864323 178.572854
2.389607 -25.923957 184.031624
2.393172 -29.413959 186.607545
-0.141897 -25.970663 185.116155
-0.137845 -18.185096 179.112036
-0.146701 -29.400155 187.554869
-2.679715 -25.738682 183.862011
-2.668114 -18.871625 178.557850
-3.660857 -19.805839 177.605535
-3.917373 -29.485106 184.286760
-4.066477 -25.069274 180.800591
-5.420651 -29.248762 182.795369
-5.811858 -21.555824 176.593187
-6.613642 -30.262291 182.151004
-6.937955 -24.696611 177.509952
-8.210279 -26.743066 176.740361
-8.438005 -32.059532 179.884802
-9.150227 -28.713924 175.718901
12.326131 -38.656657 173.760237
-1.111963 -69.137477 167.752226
-3.033097 -67.828635 169.013651
-2.097503 -68.421035 168.503485
-3.975121 -52.642912 198.877939
-4.191025 -67.212431 169.439788
-4.496197 -49.233402 196.498861
-4.824287 -66.754072 169.863942
-5.451177 -49.979650 195.603557
-5.680104 -65.921998 171.102348
-6.416661 -65.084712 172.440794
-6.434535 -51.978195 194.925335
-7.232824 -64.005653 174.270417
-8.493056 -63.092948 175.944975
-7.719567 -52.366051 192.161409
-9.541168 -61.937459 177.885628
-8.378508 -53.658484 190.568880
-8.948400 -55.018823 188.906304
-10.226828 -60.610014 180.391457
-9.566007 -55.913039 188.465162
-9.562506 -64.114393 182.129039
-8.562400 -65.178043 180.383459
-10.245634 -62.675507 184.193742
-7.382944 -66.331834 178.583860
-7.002257 -68.544787 180.792257
-5.870938 -67.953173 175.674880
-5.087545 -68.623999 174.525492
-4.472949 -69.015633 174.128371
-3.346582 -68.961011 173.696220
-2.542472 -68.802160 173.194053
-1.691127 -68.402131 172.100684
-0.807312 -68.140042 171.630525
-2.127838 -51.043262 200.330773
-4.938906 -53.398998 198.043385
-6.875545 -56.189030 195.525344
-7.616509 -57.116595 193.169422
-7.329226 -58.812002 194.817984
-8.408299 -58.470533 192.972868
-10.062772 -56.899572 187.170737
-9.069080 -58.535821 191.343141
-10.334464 -57.817879 185.945321
-9.544960 -59.218648 190.451836
-10.087982 -60.084840 188.815286
-10.451503 -59.327186 183.029350
-10.383480 -61.455100 186.363460
-2.290698 -62.349599 206.298151
-2.291043 -59.286340 204.912310
-2.019427 -54.731346 202.552892
-0.920400 -67.008658 173.488142
-1.129259 -66.253606 173.634203
-1.494661 -65.576179 173.046008
-10.051760 -67.504796 193.402715
-10.169181 -70.204546 194.022781
-10.374254 -70.622831 191.830182
-10.137390 -70.856475 190.349949
-9.994800 -66.155673 194.351138
-10.231429 -67.807128 191.455178
-10.261639 -63.376341 189.194411
-10.125894 -64.615957 187.316782
-9.958188 -61.833126 191.500191
-9.529681 -67.347578 188.732403
-10.260239 -65.179646 191.665240
-9.805447 -63.569506 193.868982
-10.009155 -66.616925 189.667576
-9.786410 -68.085122 196.366813
-9.730982 -67.687688 187.984013
-9.618794 -65.961608 185.297108
-9.605158 -69.429376 188.925857
-9.374372 -64.988480 195.888656
-9.152447 -68.132433 186.545528
-9.148076 -60.900414 193.066711
-8.809153 -67.027563 183.688567
-8.797289 -62.391613 195.568556
-8.663733 -67.254140 187.166738
-8.959563 -66.650842 198.164428
-7.786715 -65.314502 199.803527
-8.025010 -67.912465 184.921983
-7.752188 -61.698769 196.851014
-7.796463 -59.575167 194.980347
-7.602658 -68.128136 182.147050
-7.122264 -67.484167 182.535211
-6.355239 -61.842616 198.808183
-6.446005 -67.783019 180.918932
-6.892805 -64.970561 200.817615
-6.089218 -61.497122 199.189765
-6.061922 -67.193970 180.013996
-6.122622 -68.387722 179.050019
-5.733832 -60.623164 200.262207
-5.734014 -64.526366 201.718033
-5.609868 -67.610796 179.455016
-5.562234 -56.718710 198.837642
-5.300582 -68.286117 177.836630
-5.320843 -63.543000 202.820987
-5.135151 -59.378156 201.010627
-4.554956 -66.929553 177.923970
-4.763416 -62.993713 203.769303
-3.998204 -55.865550 200.648338
-3.634833 -67.448305 177.577037
-3.963759 -58.112377 201.713606
-3.918653 -60.065531 203.058066
-3.817860 -62.620591 204.522546
-3.527252 -68.111827 176.751245
-3.238165 -57.548288 202.966025
-3.313491 -59.559663 204.108406
-3.291793 -62.347997 205.499879
-3.076731 -55.114974 201.572568
-2.853206 -67.913365 176.082014
-2.770399 -65.966912 174.591524
-2.331391 -66.664442 174.892620
-2.076746 -67.366879 174.376440
-0.050994 -65.448336 172.773914
-0.051914 -66.158276 173.430124
-0.050510 -66.940436 173.336098
-0.156088 -54.532377 202.944030
-0.176448 -59.054904 205.430520
-0.156388 -62.427025 206.883338
-0.155016 -51.369620 201.044391
-0.043352 -68.092724 171.479473
-0.030170 -69.428468 167.679204
-0.154499 -48.423030 199.436842
1.970741 -67.360980 174.388453
2.220304 -66.657840 174.906632
2.659081 -65.959105 174.607521
2.738668 -67.905359 176.098026
2.774290 -55.106472 201.590564
2.986921 -62.338895 205.518883
3.011584 -59.322870 204.005253
3.132470 -67.263443 176.943310
3.409303 -68.101829 176.771256
3.519550 -62.610085 204.544557
3.621654 -60.054629 203.081069
3.669100 -58.101376 201.736624
4.264417 -55.764323 199.854905
3.828843 -66.631930 176.858275
4.222485 -67.492959 178.308377
4.470628 -62.980411 203.796305
4.589988 -68.198655 177.445478
5.336656 -67.102707 179.206123
4.689372 -60.630922 202.112742
4.928804 -58.928519 200.632311
5.035237 -63.528095 202.851988
5.222800 -68.271983 177.965656
5.645668 -59.892431 199.459585
5.504481 -64.355647 201.595280
5.780368 -67.665052 179.869126
5.794725 -61.603431 199.350235
5.991788 -68.370214 179.086027
6.190986 -67.253255 180.581325
5.965611 -62.202856 199.302459
7.172277 -62.601240 198.190208
7.352283 -57.171232 193.308751
6.684650 -64.970477 200.794307
6.803560 -68.529371 180.703573
7.091172 -67.738761 183.094740
7.524343 -59.739315 195.187447
7.214338 -58.341141 194.284099
7.452698 -68.106530 182.192064
7.506726 -65.345503 199.910008
7.857974 -67.889554 184.968995
8.454632 -62.167661 195.655408
8.169658 -60.057831 194.302125
8.710420 -66.625435 198.216432
8.481482 -67.229435 187.217750
8.646868 -67.002461 183.740587
8.912568 -60.874404 193.120730
8.976409 -68.106332 186.599547
9.133922 -64.961875 195.942675
9.144933 -67.321538 188.430116
9.443875 -65.934102 185.354134
9.545119 -67.659878 188.041024
9.552032 -68.057311 196.423839
9.810268 -66.588321 189.726587
9.572858 -63.541600 193.925992
10.045367 -65.150438 191.725258
9.660308 -67.516832 189.807623
9.734633 -61.804716 191.558210
9.935120 -64.587047 187.375808
10.056171 -63.347134 189.254428
10.064384 -68.102019 191.758854
9.766803 -66.127267 194.410163
9.867197 -67.160313 193.174749
9.912947 -70.127082 190.351873
9.914013 -69.231602 194.403157
9.852632 -69.035537 193.314795
1.391406 -65.571981 173.054006
1.024473 -66.250508 173.641193
0.818655 -67.006163 173.493149
1.710093 -54.725943 202.563897
1.993082 -59.270267 204.916477
1.981124 -62.343395 206.310148
10.189215 -61.425488 186.424485
10.270943 -59.297375 183.090375
9.875320 -60.056030 188.874311
9.320094 -59.191539 190.506847
10.132296 -57.788370 186.005338
8.836972 -58.510113 191.396153
9.850601 -56.870960 187.229763
8.246434 -57.901407 192.384491
6.752810 -55.969329 195.100687
6.338145 -51.354985 194.329555
3.664901 -52.416514 198.805848
2.776921 -52.106366 199.795971
1.751516 -49.210628 199.248974
0.719835 -68.137836 171.634524
1.601607 -68.397422 172.110682
2.447600 -68.794955 173.209057
3.249179 -68.951509 173.715223
4.373116 -69.002926 174.154366
4.984221 -68.609499 174.554509
5.758850 -67.936467 175.708888
6.634814 -67.018763 177.284428
7.248920 -66.310724 178.627865
10.067774 -62.646299 184.254751
8.414360 -65.153537 180.434471
9.401041 -64.087078 182.185057
9.343382 -55.885832 188.521181
8.640056 -54.942060 189.136331
10.065573 -60.580806 180.451490
8.136947 -53.634676 190.617892
9.398570 -61.910151 177.941646
7.464872 -52.344243 192.206422
8.365314 -63.068640 175.994994
7.117656 -63.984947 174.313431
6.315457 -65.066311 172.478816
5.589263 -65.905788 171.135364
5.169263 -49.964348 195.635580
4.743200 -66.740372 169.891951
4.206840 -49.220798 196.524871
4.113779 -67.200426 169.463798
2.695703 -48.837868 197.765292
2.029340 -68.415128 168.515482
2.960172 -67.819935 169.031662
1.050332 -69.134371 167.759232
-1.021702 -93.866461 143.249018
-1.194520 -94.463463 144.007268
-1.274177 -92.722134 142.286247
-1.489629 -94.667633 145.279697
-2.179911 -68.052610 207.665598
-2.143028 -71.005703 207.788640
-2.238040 -65.056405 207.116418
-2.036533 -73.472625 207.754632
-1.994338 -76.395006 207.371508
-1.995519 -79.218149 206.595247
-1.910730 -81.855134 205.607917
-2.668461 -83.746164 204.595615
-2.511366 -85.552090 203.687641
-2.376539 -89.885451 200.749858
-1.550610 -91.470761 199.782966
-1.573547 -92.929051 198.280464
-1.887533 -94.215776 196.356815
-0.057771 -95.211036 195.093498
-2.095836 -94.816090 195.067900
-0.074356 -95.580079 194.211351
-1.351201 -96.182492 191.220328
-2.770999 -96.945992 187.396811
-1.406468 -97.427584 185.294437
-0.356778 -97.879975 182.244526
-1.234284 -98.009047 179.663216
-2.254106 -97.852798 182.023016
-0.205896 -98.133860 176.530162
-0.071656 -98.560669 173.068568
-1.039768 -99.372236 167.811984
-2.881936 -72.602536 180.624537
-3.286922 -70.712201 180.298439
-2.952950 -75.929854 179.091033
-4.909626 -82.208852 176.765242
-3.126688 -69.573620 178.861953
-2.428624 -69.601828 176.796258
-2.152492 -73.717007 171.404451
-4.196196 -85.097920 172.503819
-2.259827 -76.026581 166.259721
-3.532154 -87.313369 166.118683
0.873890 -100.565140 160.754809
-2.028590 -78.238420 162.353413
-1.893526 -66.642218 171.847043
-1.849172 -68.905824 169.411794
-2.394823 -89.237613 162.294403
-1.509796 -80.001317 159.391422
-1.071609 -71.144047 166.968959
-0.151158 -73.463252 163.872004
-1.857913 -90.614372 159.795564
-1.646379 -91.816297 156.773510
-1.220829 -81.023060 156.901589
-0.830150 -101.456965 154.486427
-0.763585 -100.543229 161.106795
-1.268095 -101.878828 149.216869
-0.253732 -78.052567 156.335512
-1.107381 -81.806320 154.723857
-1.755448 -93.358662 151.223065
-0.543872 -80.073546 153.649828
-1.059255 -101.536032 147.076290
-0.039766 -83.768503 148.550539
-2.068564 -101.090654 145.862794
-1.625295 -94.338474 147.531948
-1.758292 -100.415371 144.625135
-1.698678 -99.495957 143.474054
-1.361717 -83.987417 147.259014
-2.214553 -84.065477 150.185715
-1.061847 -83.793352 146.321077
-1.121452 -83.570049 145.419866
-0.942941 -85.199959 144.156320
0.061826 -83.505895 144.512320
-0.203723 -86.482631 142.245279
0.059951 -83.692626 143.698494
-0.344492 -95.828438 139.805054
0.088365 -84.301816 142.792001
0.058919 -92.957236 142.161160
0.088684 -92.808734 141.333337
0.082385 -92.389487 140.733282
0.305735 -90.661247 139.934751
0.101786 -86.774652 140.910389
-1.637267 -90.119516 140.500874
-2.051380 -90.757043 140.222415
0.411077 -90.710382 140.285332
-1.468964 -90.452605 139.859637
-2.186484 -90.593475 140.184484
-1.165745 -90.420825 139.685446
-1.255077 -91.387939 139.380503
-2.314972 -90.528405 139.534852
0.128089 -87.859366 140.358538
0.014407 -89.472342 139.737648
0.067494 -88.880049 140.135838
-12.664736 -90.841888 182.020772
-12.777382 -92.804956 181.957686
-12.596617 -92.853922 181.591795
-12.123299 -89.820359 181.705939
-12.404243 -90.620767 182.631237
-12.455025 -92.362707 183.020298
-12.295226 -92.264728 182.252402
-12.477066 -91.020727 183.782150
-12.438673 -90.921016 184.471300
-12.007094 -88.827632 181.668527
-12.193861 -88.808949 182.841482
-12.235929 -91.817015 183.446512
-11.972458 -93.428471 183.964814
-12.023261 -92.930242 184.793354
-12.103285 -94.160055 181.279725
-11.965143 -90.045585 180.254006
-12.071599 -94.030739 182.893913
-11.876372 -88.116182 182.586513
-11.699497 -94.141295 180.915894
-11.930996 -88.849567 184.572866
-11.793613 -89.951414 185.589351
-12.119054 -74.573175 178.606420
-12.235310 -77.587018 179.007204
-12.125970 -78.767368 174.672774
-12.000561 -75.543150 174.693456
-12.164295 -80.817440 179.492993
-12.081755 -81.476307 176.291877
-11.968606 -73.849490 181.929647
-12.059152 -76.564382 182.025305
-11.993968 -79.849373 182.454862
-11.569217 -91.391953 185.808480
-11.704326 -89.196622 179.491925
-11.955258 -84.490592 180.556903
-11.793930 -85.512610 178.315200
-11.885116 -85.891193 181.825150
-11.844649 -87.105459 180.559665
-11.371295 -89.753861 178.406386
-11.688774 -76.462869 170.567913
-11.820312 -82.045047 172.975473
-11.471957 -94.254943 183.376878
-11.537062 -84.503383 173.034377
-11.512189 -88.080907 184.440177
-11.720701 -85.477938 183.635602
-11.795082 -72.013922 177.841011
-11.748538 -71.612000 180.684555
-11.902135 -93.807581 182.020696
-11.856016 -89.949919 181.689591
-11.621423 -72.934419 173.453341
-11.496387 -90.523612 179.169505
-11.531444 -93.942758 184.775373
-11.635600 -73.303974 184.373795
-11.675247 -76.883253 185.046551
-11.553192 -71.365771 183.382526
-11.353658 -88.004458 177.682068
-11.557729 -79.961257 169.445405
-11.542800 -81.686048 185.695008
-11.215632 -86.215108 185.242082
-11.026818 -88.968114 177.289328
-11.336894 -73.906081 169.618223
-11.215860 -82.794406 168.486389
-11.310456 -84.026279 186.328017
-11.280084 -89.911270 187.099043
-10.971576 -87.312514 189.791122
-10.902493 -86.360886 190.361657
-11.119968 -78.076722 166.518261
-10.594719 -91.414628 178.030589
-10.986700 -86.563675 188.819346
-10.828682 -90.323999 176.598514
-11.182095 -89.822434 182.263926
-11.271846 -69.680735 181.349175
-11.263102 -69.722077 177.482920
-10.526617 -92.273825 186.861811
-11.048991 -94.767696 181.330782
-11.181348 -94.761964 183.782593
-11.029279 -77.966837 188.535178
-11.218156 -72.803913 185.968980
-11.040422 -89.912285 180.620416
-10.900734 -80.268703 189.352819
-10.750900 -95.296460 181.290593
-11.123478 -71.002451 185.155490
-11.171344 -70.060485 183.719584
-10.992854 -94.878023 180.463213
-10.050244 -94.689338 179.666895
-10.615316 -91.521193 178.291831
-11.092005 -70.341326 173.504795
-11.505273 -90.357259 182.493938
-10.892766 -95.544079 181.976308
-10.791058 -86.035956 188.087671
-10.831448 -85.893666 169.287241
-11.097420 -80.875107 166.785899
-10.871724 -92.628162 181.948849
-11.968606 -91.535815 181.716700
-10.548098 -88.307904 170.511253
-10.973278 -75.352954 166.553826
-11.413759 -92.402966 182.255531
-10.806197 -82.098379 189.471054
-10.812511 -94.921510 184.496822
-10.816791 -71.539352 168.905872
-10.501026 -88.529093 189.967787
-10.541010 -90.501556 180.390419
-10.824856 -71.882637 186.470689
-10.662065 -88.739972 173.509725
-10.821241 -85.060981 191.101101
-10.697765 -82.632731 165.804399
-10.619786 -85.119480 167.360737
-10.926987 -89.910385 187.616092
-10.675979 -76.625583 164.891267
-10.694824 -82.436223 190.400549
-10.731880 -78.281464 189.807714
-10.353938 -95.665885 182.355586
-10.356369 -90.554209 179.405363
-10.676566 -81.686857 191.252245
-10.452819 -68.717895 183.864423
-10.490370 -79.310404 164.164003
-10.615492 -68.141782 181.306192
-10.619859 -74.532481 188.369137
-10.553038 -73.194333 166.071670
-10.053518 -90.853984 175.350491
-10.208216 -93.519742 186.404779
-10.454333 -67.661824 177.508701
-10.157460 -95.868895 183.466371
-9.851757 -92.037021 176.251306
-10.090153 -83.557304 193.569626
-10.433097 -70.497132 186.071370
-10.467429 -85.665310 192.023041
-9.983737 -90.764721 187.853660
-10.306154 -74.614006 164.400105
-10.190309 -89.138833 170.045781
-10.233382 -68.255490 172.848447
-10.329020 -77.012004 190.627508
-10.233981 -79.176463 192.507304
-10.095579 -80.623344 193.303332
-10.104831 -81.996356 164.342896
-9.977933 -84.531683 165.238307
-10.057877 -89.767484 172.010963
-10.087353 -88.233279 191.582128
-10.207863 -76.576730 191.858847
-10.276556 -91.410018 177.026376
-9.859905 -88.187281 167.733253
-10.237786 -76.412575 194.090095
-10.072589 -79.034631 194.789044
-10.112189 -68.861284 170.176043
-10.841370 -93.868377 181.636610
-10.174110 -93.807840 181.390800
-9.749048 -94.565350 180.784777
-11.042475 -93.829751 180.846520
-9.748262 -89.315963 189.702439
-10.102687 -73.693699 189.124395
-10.061988 -71.634003 192.786313
-10.248535 -73.590263 191.802295
-9.293747 -89.537526 165.819526
-9.969341 -84.973405 193.022766
-10.110460 -72.246422 195.224981
-10.071875 -75.526818 195.676579
-9.975424 -75.926152 163.212710
-9.585406 -80.931339 163.192699
-9.991209 -69.723367 168.086338
-9.770417 -91.276650 179.701620
-9.785921 -71.497292 188.163960
-10.019464 -86.806249 193.666246
-9.931414 -87.942120 192.998847
-9.909107 -78.106998 196.321845
-9.732683 -95.882747 180.738818
-9.640204 -70.787818 188.576375
-9.995973 -95.021824 180.030893
-9.321727 -89.958497 189.727655
-9.846040 -71.148550 165.969631
-9.886894 -67.632265 182.554184
-10.695869 -94.089749 180.405622
-9.398314 -70.018716 187.364909
-9.655905 -86.311477 194.912483
-9.629985 -83.692297 195.869652
-9.594271 -88.225258 195.416589
-9.402688 -96.411893 182.632305
-9.625823 -86.243247 165.520155
-9.491291 -79.753935 162.992055
-9.723068 -81.564662 195.356693
-9.640952 -72.648351 164.236048
-9.595457 -93.274870 187.459378
-8.918678 -92.184241 171.379861
-9.673142 -66.936033 180.599535
-9.319286 -94.338055 178.697179
-9.366261 -88.755892 195.073578
-9.708908 -71.008572 197.335353
-9.266051 -92.404675 175.700599
-9.508896 -85.309264 196.054071
-9.806351 -86.326558 197.517513
-9.105816 -90.123309 165.719517
-9.345499 -81.707585 196.822334
-9.485619 -66.427561 178.122706
-8.718932 -94.622360 178.955704
-8.936740 -95.022091 179.117669
-9.230993 -89.049234 191.341599
-9.385825 -76.485048 198.108714
-9.350955 -73.720213 163.052653
-8.901103 -93.462364 178.285130
-9.329877 -95.890638 184.347785
-9.163602 -96.067173 180.935463
-9.020492 -94.546010 186.461485
-9.303116 -66.394072 175.699562
-9.357406 -68.181957 184.704915
-8.995680 -77.822013 162.531604
-8.948868 -89.155448 192.525147
-9.265807 -83.625243 197.286326
-8.880298 -88.714557 164.452246
-8.985878 -91.726920 178.801141
-8.997161 -93.846488 180.364165
-9.698918 -94.182096 179.688234
-8.697147 -90.773857 167.205626
-8.976956 -93.252158 177.641023
-9.004853 -89.122165 193.994558
-9.108107 -84.908358 197.303467
-9.133731 -66.936033 172.648872
-9.153258 -69.437978 188.230098
-8.941718 -83.551648 161.984057
-8.939490 -81.167296 162.249481
-8.574974 -86.136102 161.672506
-8.859801 -78.964173 198.597312
-8.444562 -93.615431 174.896650
-9.067229 -67.234534 183.034356
-8.974274 -93.123231 178.138718
-9.006809 -67.431705 170.693214
-9.035518 -85.861077 198.724613
-8.651528 -96.500660 180.977225
-8.677528 -93.529114 177.354993
-8.857729 -68.339205 168.619521
-8.579294 -91.492275 168.909276
-8.760681 -89.999412 191.383896
-8.799559 -67.782416 185.312113
-8.730687 -69.853110 166.319754
-8.454068 -94.389196 177.322512
-8.689963 -66.441368 181.060688
-7.965615 -83.192542 200.020671
-8.603254 -75.336149 162.380430
-8.537716 -92.698231 189.861886
-8.602913 -71.731341 164.344086
-8.594201 -96.472239 183.420472
-8.415367 -82.702281 161.002497
-8.642187 -69.226901 199.659924
-8.380328 -91.068961 165.181601
-7.933141 -95.485946 178.522361
-8.567792 -86.137774 199.789973
-8.160101 -84.965437 199.533676
-8.117568 -88.827823 160.856116
-7.924814 -93.770062 178.972662
-8.268741 -95.037722 177.867189
-8.154904 -89.790510 161.077412
-8.335652 -96.773579 181.774825
-7.759897 -92.968966 168.030167
-8.508782 -67.003659 185.997340
-8.354385 -90.502663 162.347445
-8.321069 -66.023114 177.179092
-8.191912 -91.620835 167.055276
-8.302917 -90.446514 194.438936
-8.144999 -95.702068 185.461623
-8.070650 -93.283891 179.362990
-8.322970 -66.788484 183.587536
-8.163837 -73.674879 200.868138
-8.069088 -81.764459 160.714100
-8.121030 -87.007442 160.159349
-7.943170 -85.038307 159.584968
-8.168008 -79.278274 161.915263
-8.131116 -74.530077 162.499474
-8.091216 -91.920878 191.430695
-7.281894 -93.933393 168.705030
-7.797285 -94.698558 175.765731
-8.123363 -65.979215 175.092684
-7.554661 -92.228720 161.951133
-7.996679 -92.843115 178.644747
-8.035433 -91.062222 193.010692
-7.956877 -76.014378 162.191357
-7.750069 -77.886961 201.156229
-7.912552 -66.307228 173.395124
-7.609504 -91.924824 160.078801
-7.737126 -94.333621 173.143239
-7.892655 -66.982855 183.811610
-7.445909 -88.706414 157.806021
-8.048011 -91.781221 195.870858
-7.659589 -96.748088 180.417482
-7.754929 -66.813998 171.567500
-7.752098 -66.598723 181.702901
-7.545760 -80.330148 160.772851
-7.237492 -84.632455 157.836976
-7.489832 -96.332360 184.476826
-7.424770 -96.239815 178.626660
-7.633708 -80.561304 200.995363
-7.447298 -95.402025 175.724915
-7.446412 -91.676068 158.750689
-6.985905 -93.884686 191.052959
-7.485537 -91.538746 195.034640
-6.808765 -90.582485 154.861568
-7.444525 -67.582856 169.630862
-7.477646 -86.875417 200.996371
-6.814083 -95.634792 172.900344
-7.369449 -92.835865 160.398657
-6.919894 -83.685055 157.437719
-7.232774 -86.440068 157.362819
-7.455819 -67.921867 201.440520
-7.342966 -93.381779 165.904057
-7.423953 -95.416869 187.115986
-7.282621 -77.928120 161.744216
-7.070014 -81.533523 159.103438
-7.230886 -68.437314 167.947360
-7.129432 -66.393088 178.818924
-6.652397 -66.864689 180.428686
-7.288219 -83.741287 201.396636
-6.660747 -92.714586 193.622699
-7.170151 -85.740630 201.241356
-7.201124 -70.577153 202.362826
-6.767237 -96.934941 180.558475
-6.222516 -96.791201 175.716230
-6.980340 -70.883462 164.944293
-6.815530 -93.960739 158.931368
-6.753494 -93.362416 156.761711
-6.762729 -96.711600 183.104128
-6.986672 -73.336478 202.849989
-6.558359 -94.700061 165.191416
-6.751697 -88.257182 154.954434
-6.794617 -72.932847 163.123676
-6.724557 -77.021490 203.103965
-6.667329 -94.341565 162.085379
-6.095001 -78.622094 160.629508
-6.714101 -65.873879 176.004992
-6.398621 -92.538059 195.692011
-6.507120 -92.369461 154.012407
-6.489100 -85.711193 154.852517
-6.683530 -67.421402 202.248789
-6.343157 -86.954278 151.376758
-6.647809 -88.115846 150.804239
-6.539147 -88.499924 149.119821
-6.381211 -90.621271 148.318420
-6.308760 -87.992811 151.891609
-6.535291 -74.177466 162.531482
-6.408212 -82.954433 156.672707
-6.465153 -88.776078 152.782853
-6.510005 -90.651700 152.048415
-6.190959 -95.640035 167.213227
-6.498908 -65.922799 174.338433
-6.632392 -96.717049 178.539594
-6.427272 -89.551172 150.642548
-6.348090 -92.152225 151.517414
-6.142160 -80.251638 203.581588
-6.396012 -94.897530 157.375640
-6.311435 -94.779754 190.532735
-6.258488 -87.383140 150.789845
-5.706243 -96.741112 172.387889
-6.440198 -70.108597 203.228121
-5.594950 -76.052888 161.828045
-5.893134 -88.540801 147.518790
-5.935171 -86.153251 152.533411
-5.873389 -92.197429 144.911837
-6.174968 -90.305789 145.920110
-6.276604 -66.425768 172.772906
-6.011897 -92.530358 147.709314
-5.840559 -97.087435 180.512362
-6.069272 -97.631082 147.058217
-6.419291 -97.435612 147.560018
-6.274409 -98.377617 148.649342
-6.133964 -98.280431 148.132949
-6.169569 -97.622649 148.604771
-5.720871 -90.342674 143.857788
-6.202653 -73.833494 203.839593
-6.257421 -88.199561 201.216919
-5.830589 -93.637251 149.573297
-6.037254 -95.171403 153.407422
-6.009002 -86.286917 150.905958
-5.984903 -66.619116 178.580990
-5.496100 -96.678668 168.030884
-6.087169 -87.528483 150.597077
-5.884902 -81.330887 157.458050
-5.643004 -66.954731 203.042467
-6.095583 -77.528984 203.954363
-5.912216 -88.346232 147.052661
-5.602315 -87.786023 145.995788
-5.682780 -96.244272 158.466887
-5.901078 -95.566807 161.365533
-5.625587 -95.607676 149.007433
-5.708660 -96.379075 148.362655
-5.460711 -97.370321 150.896921
-5.819257 -96.968651 145.115137
-5.788040 -96.260368 156.127328
-5.868047 -67.193023 170.994310
-5.482665 -95.874115 145.565606
-5.700784 -86.528644 202.036911
-5.921912 -87.412478 151.149524
-5.434358 -88.990101 146.300883
-5.580206 -91.933929 143.112711
-5.593729 -96.930881 152.261225
-5.539162 -69.763381 203.892208
-5.441320 -97.601027 148.031627
-5.425671 -99.910723 149.531519
-5.492813 -99.381463 148.932716
-5.833665 -82.455234 203.247125
-5.836436 -84.081680 202.757963
-5.834652 -87.817757 149.991940
-5.268696 -85.175163 202.803067
-5.446735 -94.030899 145.227709
-5.568751 -85.437771 151.850809
-5.537700 -97.472154 145.689503
-4.775880 -90.012356 142.069637
-5.390148 -95.184232 145.453355
-5.560394 -86.170683 149.115975
-5.373672 -97.029967 183.799215
-5.093628 -98.757016 151.492672
-5.213606 -98.217376 149.168437
-5.469870 -73.903334 204.503848
-5.404106 -89.071107 146.344034
-4.794066 -78.736642 158.978488
-5.592765 -93.675998 193.779947
-5.720409 -93.004371 195.727164
-5.412642 -87.090798 156.151643
-5.691948 -86.207293 156.070317
-5.703812 -85.885904 154.519153
-6.172564 -84.885530 158.577016
-5.922342 -85.822375 158.351202
-5.510974 -77.272520 204.445983
-4.738761 -86.043557 145.420293
-5.597768 -93.078554 197.183539
-5.559023 -79.987213 204.061393
-5.342006 -83.543421 154.119697
-5.104207 -93.098511 141.720078
-5.265179 -89.486354 143.447342
-5.271266 -97.356263 156.255254
-5.354769 -87.836967 148.983209
-5.286957 -85.533102 149.888832
-6.096613 -96.461722 186.228237
-5.010875 -90.862265 141.644766
-5.029432 -95.890112 144.003528
-4.934548 -97.470323 146.844523
-5.913742 -84.669897 157.131158
-4.802604 -89.836874 142.839762
-4.896001 -99.422202 151.247167
-4.986007 -99.960705 148.982110
-5.070228 -98.721726 149.328219
-4.760427 -88.942409 142.456409
-4.933079 -89.729210 143.564004
-5.063776 -97.341213 149.172024
-5.057586 -100.333679 149.852306
-4.580455 -81.047933 156.382326
-5.211015 -86.058348 150.958649
-4.316933 -76.242619 160.520127
-5.298053 -96.422509 161.086982
-4.855585 -97.333489 161.288710
-5.088760 -89.130003 149.345254
-5.095728 -70.179826 166.580828
-5.120356 -65.964210 175.579847
-5.467202 -88.355512 151.666009
-5.005406 -87.196982 148.221846
-4.821425 -97.394179 164.573182
-5.108082 -66.324431 204.137423
-4.686688 -96.868680 148.481241
-4.846880 -89.145747 145.095661
-4.874838 -95.452472 190.822749
-4.663298 -97.535064 143.224886
-4.567024 -89.597689 200.549627
-4.825427 -89.896625 146.300883
-4.659959 -90.015485 143.223863
-4.903458 -99.124434 149.023598
-4.776616 -97.960469 148.453048
-5.058026 -99.117428 148.238102
-4.743157 -85.945456 149.566336
-4.607114 -95.431736 142.002125
-4.866419 -99.390568 147.036558
-4.975418 -98.783766 146.984294
-4.715686 -95.943238 152.830431
-4.834723 -97.019511 149.995023
-4.567080 -100.821864 148.563269
-4.513119 -97.766984 145.025477
-4.613520 -72.161539 164.558025
-4.076388 -84.629394 150.138687
-4.446842 -68.342998 205.564583
-6.078274 -85.277271 160.914607
-5.209413 -86.875448 159.787536
-6.547103 -84.278370 162.138421
-4.711149 -97.628625 176.424139
-4.600031 -96.471529 142.845730
-4.604988 -88.751221 153.605761
-4.595380 -95.764352 151.231323
-4.458675 -95.335101 152.369568
-4.414687 -97.808525 172.552205
-4.555881 -83.930124 152.043225
-4.455262 -100.126959 146.822710
-4.800381 -74.098559 205.478158
-4.848414 -89.279558 150.378178
-4.534693 -82.724322 154.233092
-4.213840 -101.061530 149.843285
-6.681430 -83.511092 161.959284
-5.799559 -83.472658 158.554594
-3.801245 -100.508015 152.406583
-4.370015 -88.506464 156.505063
-4.805546 -87.554172 146.068185
-4.547624 -74.836981 162.009304
-4.378752 -91.164269 140.545674
-4.464403 -93.233955 140.526304
-4.609216 -89.313627 144.095539
-4.231998 -76.800209 206.066185
-4.449031 -96.447626 149.410080
-4.349944 -91.023223 142.524700
-4.258307 -98.091296 161.723426
-5.079979 -84.998338 152.575905
-4.455203 -85.298991 146.130981
-4.326959 -86.651007 143.754528
-4.175168 -89.678893 151.418749
-4.638818 -81.486465 204.590089
-2.874684 -83.903466 145.437954
-3.924508 -99.574047 155.848532
-4.474790 -87.487523 201.854660
-3.090773 -97.881929 179.594529
-4.520986 -65.897988 205.002718
-4.446521 -65.671212 174.121365
-3.836027 -97.389638 146.896740
-4.045011 -94.660856 152.025245
-4.126110 -95.653567 140.873527
-4.293703 -91.593795 142.959202
-3.865202 -90.287213 141.721422
-3.972759 -90.071518 141.180515
-4.229147 -85.098920 148.105642
-4.000406 -90.129850 140.643363
-3.496643 -90.296012 140.743967
-3.943053 -89.719266 142.597249
-3.020037 -98.533797 168.129351
-4.323153 -91.047195 199.341000
-4.200118 -96.995814 185.889302
-3.546533 -84.761343 148.349360
-4.022434 -96.781188 142.104561
-4.070955 -97.260597 146.852216
-4.197198 -92.255539 198.022672
-4.950126 -92.890975 196.799438
-4.202406 -91.329791 145.404739
-6.947438 -81.492517 163.884933
-6.155287 -82.377892 161.245513
-4.241735 -88.317459 143.310348
-4.225798 -86.673285 145.995040
-4.264409 -88.206949 142.301328
-4.272108 -99.487394 145.395123
-4.353495 -99.031309 145.604987
-3.515156 -99.956324 145.117167
-3.788931 -98.022929 146.115457
-4.107199 -77.610639 158.913387
-3.815868 -99.033545 158.687939
-3.678425 -94.541561 151.128399
-3.895826 -94.298269 194.690546
-3.980854 -81.772907 153.749532
-7.020663 -82.797253 165.087331
-3.470096 -98.203746 143.236059
-4.012065 -91.005028 147.975715
-4.071245 -71.489263 206.256129
-3.950734 -97.579604 181.445811
-3.916933 -80.014917 156.043300
-4.751882 -84.779889 152.252555
-3.778766 -96.156764 148.743825
-3.886735 -91.750846 142.205394
-3.870357 -101.109886 147.809537
-3.710479 -100.652404 146.405624
-3.962118 -74.088233 206.484202
-3.670585 -101.424887 149.396953
-3.862715 -66.844007 172.062677
-3.908331 -87.308057 144.203882
-3.591067 -94.627145 139.923792
-3.695229 -91.327456 139.940124
-3.019548 -92.644715 143.659251
-3.279179 -91.809200 141.341412
-5.375072 -85.698020 164.385100
-4.914998 -87.547243 160.926940
-4.156243 -88.632407 158.702196
-5.407192 -82.342800 159.428437
-5.989227 -80.225193 162.913599
-6.947179 -78.770001 168.774572
-5.851191 -77.717150 167.812244
-6.028210 -75.752594 174.121365
-5.104801 -74.946118 173.165036
-7.228703 -80.398850 169.809923
-7.263264 -77.444361 175.032666
-4.390462 -71.480257 179.609197
-4.252296 -70.496132 178.445813
-4.096313 -72.809606 179.761256
-2.613548 -85.576794 145.722519
-3.093684 -92.286716 142.442870
-3.190304 -98.572964 143.184208
-4.112516 -89.466557 154.440956
-3.506885 -96.250065 140.651880
-3.461606 -89.330364 140.494646
-3.295132 -90.175840 140.043094
-4.940426 -81.174104 160.242705
-3.249679 -88.616159 140.858889
-4.719151 -82.812959 156.788667
-3.343503 -98.458386 164.738322
-3.560934 -68.088022 170.272068
-3.339975 -69.530164 168.453801
-3.372451 -70.996010 166.455237
-2.907751 -88.573130 141.481320
-3.475925 -98.008551 176.579190
-3.606259 -65.556870 205.675933
-4.887148 -76.853862 166.893937
-4.394813 -74.135948 171.930629
-3.994619 -70.480525 176.414126
-4.956781 -79.448726 162.150342
-4.012969 -81.169021 158.967177
-3.437722 -97.374740 184.435812
-3.416278 -86.340326 145.535933
-3.283513 -86.059424 142.298229
-3.429559 -84.558578 143.669676
-3.270048 -100.133958 155.694214
-3.329846 -84.147101 144.864550
-2.841174 -97.655168 141.917044
-3.019377 -86.943738 143.914280
-3.032806 -101.003695 152.762613
-3.085058 -98.485426 172.466147
-6.633103 -82.756635 170.606180
-7.127059 -80.023023 175.734897
-4.254946 -75.288136 178.007662
-3.627888 -92.041486 145.237569
-2.834143 -84.335099 146.846202
-3.106621 -84.209958 151.123087
-3.389816 -68.367413 206.430183
-3.319263 -89.583226 159.226373
-4.120021 -88.231577 161.495124
-1.851394 -85.020479 145.714490
-3.495627 -92.269391 147.346568
-3.514441 -95.904444 190.598675
-3.068262 -87.234073 141.289133
-3.221830 -92.450490 198.082399
-2.933653 -80.277304 159.381424
-2.440438 -81.313754 156.962614
-3.659917 -78.498113 162.387421
-3.212347 -70.995499 207.143435
-2.834080 -90.095361 141.178210
-3.030506 -84.464010 149.178007
-3.186798 -65.264872 206.511220
-3.015731 -90.431304 140.246272
-2.022609 -88.010243 141.699869
-2.992221 -82.472528 151.614508
-3.368212 -91.425641 152.140594
-3.106631 -73.754724 207.185441
-3.648603 -76.270765 166.559825
-3.401630 -73.679397 171.493486
-3.147145 -70.092997 176.731234
-3.107742 -68.145041 207.106420
-2.989877 -90.567801 156.777158
-2.950055 -99.157038 161.339035
-3.051473 -81.971277 205.256801
-3.052753 -79.303978 206.164103
-3.035737 -76.578165 206.900342
-2.702477 -94.846793 139.583269
-2.777675 -91.237421 139.553382
-2.317432 -82.765374 153.292133
-2.662796 -98.668768 142.897963
-2.799807 -93.542843 145.316514
-2.409160 -95.947305 139.958700
-2.703771 -78.022917 157.045818
-3.008805 -92.294309 150.708366
-2.132849 -96.573980 140.394164
-2.791497 -93.303261 147.174528
-2.651479 -74.041220 162.886597
-2.738408 -101.716710 149.265988
-2.542842 -101.475014 147.324374
-2.601082 -68.064615 170.306076
-2.549185 -83.882013 143.629135
-2.225290 -83.577582 144.387019
-2.524198 -84.440610 142.799084
-2.519975 -75.219815 161.038977
-1.809896 -85.761518 143.941908
-2.262787 -87.036978 140.866780
-2.395773 -76.468029 159.140346
-2.171315 -99.755276 162.547112
-1.906853 -88.698782 140.154780
-2.055099 -89.454292 139.702526
-2.166381 -90.551927 139.815876
-2.280224 -93.657094 144.205332
-1.895036 -84.126510 148.764355
-2.086442 -99.132386 168.003501
-2.058820 -101.431001 152.558138
-1.617484 -77.994671 156.577201
-1.749645 -87.033086 142.326254
-1.354891 -92.365722 141.063425
-1.435063 -98.458721 174.188252
-1.535352 -94.900690 139.451877
-2.085169 -93.519848 143.416066
-1.707063 -98.067332 142.085634
-1.719724 -100.938686 156.786331
-1.551010 -83.680445 143.531110
-1.506449 -84.339998 142.556922
-1.326347 -87.360405 140.529799
-1.851452 -88.818688 140.890821
-1.126257 -87.591180 141.652337
-0.894703 -75.414331 160.488561
-0.255501 -88.910882 140.591984
-10.065389 -94.226346 179.133040
-11.017769 -94.479917 179.698995
-11.457935 -94.097068 180.070869
-11.934056 -94.079469 180.296943
-12.690089 -92.745564 181.093963
-12.557435 -92.374636 181.048492
-12.545143 -90.697942 181.770123
-11.646344 -92.996518 181.296973
-1.118875 -82.481549 152.598145
-0.694813 -83.866840 149.957978
-0.910195 -84.475214 147.566459
-0.867452 -84.777515 145.566796
-0.000506 -78.498113 162.075320
0.130990 -81.561769 155.627572
1.163457 -82.483396 152.582698
0.161694 -84.662021 145.384591
0.385933 -93.904598 139.364812
1.683251 -90.487987 139.552207
1.313167 -90.208153 140.488724
1.614964 -94.889990 139.449069
0.073358 -87.450599 141.461126
0.061834 -85.023798 144.204340
0.514340 -84.424560 147.531566
1.100129 -83.938283 147.113335
1.775682 -99.372434 143.355911
0.055964 -95.070371 145.755015
0.999081 -100.375463 144.460621
0.057880 -94.339283 149.739658
1.117984 -101.041153 145.638002
1.041485 -101.535368 147.151006
0.084934 -101.792122 149.140489
0.045130 -93.379924 152.982246
0.066347 -75.933090 159.757664
0.038885 -92.126719 157.369031
0.101683 -101.360352 154.658757
0.024126 -91.124240 159.899588
0.046265 -71.158922 167.212723
0.010721 -80.205083 159.115329
-0.011990 -68.992378 169.705731
0.013715 -89.655753 162.699538
-0.045206 -66.993158 171.571515
0.000404 -87.806034 166.293745
-0.015947 -76.032885 166.089666
-0.020043 -85.469848 172.060677
-0.035895 -73.154120 171.423455
-0.056744 -69.137370 176.509159
-0.067554 -68.512161 179.854290
-0.036501 -82.856171 176.346110
-0.057442 -75.772300 179.970326
-0.071147 -69.940740 181.761927
-0.067168 -72.595736 181.708900
1.003093 -97.986265 180.010043
-0.014662 -96.269595 191.102948
-0.079265 -94.420747 196.404835
-0.087239 -93.019879 198.415504
-0.226040 -91.405424 199.903750
-0.081911 -85.957438 203.794061
-0.126448 -82.470330 205.658211
-0.132664 -79.109516 206.986385
-0.138844 -76.305178 207.708627
-0.144051 -73.387299 208.047730
-0.154855 -64.959174 207.597582
-0.147943 -70.918973 208.161767
-0.151933 -67.999996 208.089752
0.076682 -94.724346 143.908236
0.135321 -94.173182 143.170073
2.797518 -82.966850 153.274763
2.302042 -83.948136 150.453429
1.067588 -83.874113 150.036281
11.814882 -90.743390 181.934043
11.768630 -92.419397 181.551132
11.312192 -93.473965 181.073708
10.396361 -94.151637 180.349893
12.013678 -89.910072 181.658682
12.494608 -91.106778 181.458480
12.601116 -92.780396 181.144761
12.388494 -92.639205 180.959396
12.505643 -92.959945 181.655110
11.633417 -94.211395 180.192400
11.437213 -94.032975 180.187562
10.230015 -94.440132 179.276154
9.972775 -94.072386 179.472127
8.803424 -93.426624 178.408859
9.770212 -94.822409 179.638733
0.038451 -88.496627 140.990052
1.172028 -99.353270 167.892624
1.132481 -86.892925 142.070736
1.005150 -73.500023 163.675390
1.142364 -76.774833 158.371473
0.690128 -78.016407 156.350287
1.284110 -92.739260 142.311295
1.532840 -92.353739 141.098120
1.982927 -81.692856 151.999128
0.565421 -82.025845 151.026558
1.915652 -90.783084 140.189338
1.781168 -84.058089 148.719052
1.875728 -98.664540 172.412953
1.524682 -87.137613 140.637761
2.025565 -88.720251 140.147133
2.100923 -90.433304 139.698344
2.077885 -89.435784 139.685553
2.362366 -88.588409 141.133914
0.846817 -88.962436 140.582231
1.529193 -83.570408 145.373723
1.665944 -84.330985 142.575071
2.022898 -87.917926 141.723665
1.674761 -83.675843 143.541108
2.287433 -83.558967 144.390010
1.790188 -87.022256 142.267656
1.663417 -96.523319 140.404772
1.681172 -95.790759 139.770603
1.819289 -99.958179 163.181465
2.660110 -92.967219 142.932872
2.275172 -93.580461 143.568751
2.985514 -92.191568 141.715484
2.388143 -90.172466 140.707685
3.115072 -92.335690 142.468559
2.127225 -101.370884 153.021275
2.212951 -90.493016 140.080048
2.548367 -77.401485 157.721719
1.956226 -78.576836 155.949274
1.367616 -91.318404 139.380702
1.947443 -98.182208 176.704232
2.441968 -91.996305 141.125931
2.016557 -100.356513 159.537635
2.348053 -100.880554 145.541809
2.238047 -99.049557 168.353548
1.984900 -85.787291 143.955783
2.464685 -85.341799 145.752512
2.545163 -84.322926 147.733248
2.203868 -95.201183 193.564604
2.457168 -86.937541 140.953479
3.059775 -98.485395 142.802305
2.406247 -76.461129 159.154343
2.754449 -84.252811 146.874287
2.819684 -83.864780 145.560202
3.110196 -92.763262 143.647177
2.869433 -101.723236 149.153539
3.095115 -87.018638 143.731739
2.793816 -93.688202 145.389735
2.649581 -84.456042 142.780889
2.515613 -75.212511 161.052974
2.672906 -83.874510 143.644140
2.643437 -97.792223 141.979580
2.029837 -68.057968 170.327980
2.942730 -93.243366 147.315689
2.695353 -101.467008 147.339378
2.632762 -74.033611 162.901601
3.508376 -90.485582 141.108103
2.843726 -96.308915 140.287668
3.188291 -88.516485 141.590778
3.297688 -91.404782 152.970981
3.291792 -100.985554 152.572089
3.173418 -92.134527 151.060016
2.776551 -66.733969 171.946640
2.842286 -90.320175 139.714447
3.067079 -90.476256 156.986502
2.922921 -94.799215 139.603860
3.493136 -86.266334 145.639208
2.928426 -99.193526 161.378279
2.812760 -100.450341 155.917189
3.386229 -84.263526 151.334217
3.426779 -92.747991 145.405732
2.968214 -99.870305 144.486677
2.613183 -81.570943 156.461103
2.405622 -85.721969 203.580000
2.779315 -89.538114 200.879159
3.241069 -90.413377 140.315265
3.502465 -91.321213 139.741327
2.495395 -83.950868 204.494323
3.614316 -92.284342 147.355589
2.890359 -69.756184 168.302414
3.181561 -84.477839 149.149723
2.763566 -76.569762 206.917362
2.792796 -79.295476 206.181107
2.559228 -81.891431 205.413729
2.810052 -68.136539 207.124416
3.035017 -70.084091 176.749245
3.330866 -73.669689 171.513481
3.614522 -76.260363 166.581836
3.762322 -90.592972 152.984352
2.824637 -73.746215 207.203453
3.826452 -91.070251 150.615913
3.159513 -97.810318 180.434074
2.821756 -91.529885 199.340847
4.112505 -87.738102 143.683810
2.884337 -65.256171 206.529231
3.402177 -88.615060 140.872794
3.526807 -89.344644 140.425379
3.714858 -85.562134 147.992063
3.858176 -91.868653 145.903136
3.883072 -89.771606 142.302946
2.929398 -71.047564 207.155875
3.656966 -78.487611 162.409432
2.953660 -80.268901 159.398428
3.374833 -98.441519 164.843948
4.426787 -84.734517 151.633329
3.238020 -87.090539 141.410710
4.224483 -91.424305 145.620922
4.961965 -84.198845 153.836399
3.331210 -95.938040 190.508496
4.209792 -90.519949 149.233843
4.150391 -88.219572 161.519134
3.366989 -89.573526 159.246369
3.576476 -91.402409 141.239067
3.677643 -81.855561 156.995676
4.448780 -82.866200 156.134150
3.354429 -98.438939 143.286735
4.150211 -75.276032 178.032680
7.049353 -80.002615 175.776919
6.593670 -82.737533 170.645194
3.295225 -98.377075 172.896956
3.836704 -87.202759 144.134355
3.342008 -71.144444 166.274497
3.416704 -97.502766 142.100195
3.617025 -90.275337 140.742502
3.446995 -84.137301 144.884561
3.420607 -100.049533 155.889256
3.564185 -84.422698 144.043275
3.512745 -85.018395 143.146597
3.835192 -97.142164 185.466858
4.542252 -88.948980 153.534265
4.388563 -91.607289 143.380333
4.011665 -81.006652 159.185359
4.022013 -101.308951 149.418246
4.957952 -79.434523 162.180366
3.885472 -70.469123 176.437144
4.322759 -74.123348 171.956638
4.852747 -76.839758 166.922953
3.309569 -65.546872 205.696951
4.309624 -97.548527 179.382452
3.407302 -93.575363 196.469859
3.481297 -68.077819 170.293071
3.880414 -89.206330 157.342014
4.415564 -91.547851 142.643148
3.711243 -96.198274 140.676882
5.256297 -82.408649 158.874373
3.809538 -90.063207 140.331933
4.005285 -97.800672 144.905411
4.323550 -99.536521 145.270860
3.711061 -98.032805 168.336070
3.814674 -94.548666 151.165826
4.957872 -81.159802 160.272714
4.337118 -89.971906 141.484984
3.996466 -97.351104 147.038924
5.056188 -85.285429 151.571098
3.974042 -72.797998 179.785266
4.131154 -70.484028 178.470815
4.265250 -71.467856 179.635207
7.182287 -77.423549 175.074688
7.187189 -80.378137 169.852936
5.027745 -74.931518 173.195045
5.947793 -75.735285 174.157373
5.813819 -77.700345 167.846252
6.907115 -78.750097 168.815586
5.988097 -80.207983 162.949622
6.004584 -82.174195 161.072741
3.507149 -94.292278 194.970486
4.946748 -87.533039 160.955942
5.380994 -85.682520 164.417109
3.841945 -100.646115 146.407486
4.302058 -86.632759 145.939465
4.422939 -88.329319 143.467445
3.820370 -94.491182 139.932996
4.490847 -87.992216 144.599538
3.768873 -66.833001 172.085679
3.880866 -96.036744 148.922810
4.043456 -76.973958 205.992583
3.685225 -74.077228 206.507220
4.261651 -98.887309 157.416761
4.723607 -88.980058 142.202235
4.018907 -101.097889 147.833547
3.927128 -97.971666 146.159021
3.939447 -100.486745 152.450970
5.597356 -83.308960 158.097501
4.620106 -88.290671 155.971514
3.955946 -80.003615 156.066318
3.788210 -71.477960 206.279147
4.717514 -87.122936 146.206262
4.005212 -78.648264 157.579810
7.014031 -82.777043 165.129353
4.100934 -83.274418 151.844276
4.360353 -98.075765 161.357917
4.056250 -77.475668 159.017304
4.301735 -97.866436 173.406953
4.100495 -84.639072 150.001281
4.266585 -100.892391 150.509524
4.287202 -94.806748 152.203527
4.527568 -99.018388 145.693838
4.219822 -87.228540 142.810166
4.182293 -96.856805 142.184330
6.944178 -81.472506 163.925947
5.262020 -93.047774 196.428326
4.032342 -92.221012 198.054390
3.991148 -68.743241 205.814987
4.426263 -97.078117 147.386116
4.854631 -85.974450 149.543822
4.413368 -85.122808 148.629194
4.697899 -90.593491 145.096073
4.252586 -89.931342 200.284126
4.096687 -91.396036 198.956426
4.932475 -87.471595 158.874861
4.321408 -95.830498 141.075056
4.667389 -90.140771 142.692756
4.544740 -97.699709 143.129013
5.808602 -84.001712 157.520479
4.286517 -76.233254 160.520798
4.742001 -95.750554 151.544340
4.172638 -79.351701 205.330816
4.655218 -97.781783 144.537475
4.337104 -65.658505 174.147375
4.229268 -65.885380 205.028728
4.263909 -87.474922 201.880670
4.578740 -82.598654 154.363522
4.972841 -97.250599 165.189676
4.579277 -100.133866 146.843637
4.737699 -98.019243 157.470444
4.485633 -85.136133 147.294365
4.300402 -85.832572 202.872991
4.315236 -82.205357 204.419515
4.308654 -84.078780 203.675262
4.296038 -89.600993 151.555788
4.574113 -91.095681 140.623703
4.505388 -85.625555 144.909624
4.568151 -85.285987 146.157983
5.825893 -85.545275 161.822245
6.609907 -84.172118 162.390825
4.691953 -81.224643 156.292162
4.620120 -93.331240 140.546635
4.768617 -95.405795 190.916622
4.832578 -96.866956 149.471975
4.796217 -89.359320 144.105415
4.536361 -74.823976 162.036306
4.444361 -73.892229 205.624341
5.124150 -97.465255 146.896145
4.960643 -87.831640 145.913913
5.259162 -87.290633 156.560975
5.055662 -98.698655 152.796759
5.286980 -85.064912 153.032830
4.685122 -71.628577 165.065214
6.534351 -84.217872 161.265982
6.300432 -83.754269 160.202699
4.758771 -97.718582 148.304729
4.661831 -78.847107 158.712590
5.524727 -88.502465 151.331821
4.992759 -89.765844 143.171874
5.223903 -98.761702 147.362427
4.767846 -100.712872 148.599063
4.750907 -97.557647 172.672241
4.844244 -96.015527 152.842184
4.891927 -90.022216 141.982862
5.017833 -96.950106 149.008853
4.791618 -96.254469 142.812837
5.488030 -97.213576 178.652440
5.013777 -89.756571 143.451585
4.873197 -94.663939 141.769106
5.868645 -84.771265 156.490181
5.336643 -88.575228 143.933100
4.641286 -69.166684 204.955690
5.522515 -85.118877 152.185348
5.023117 -97.130144 161.738553
5.255464 -100.227068 149.875888
4.929432 -96.696809 151.978812
5.036201 -97.882334 150.375247
5.478455 -96.930171 184.175486
5.005118 -99.495209 147.189395
5.116686 -98.926362 149.328647
5.027887 -98.337198 148.701728
5.225904 -89.033542 149.895563
5.068989 -89.654951 146.151984
4.838777 -89.931671 200.381846
5.358563 -97.035248 143.824147
5.167655 -88.670017 146.699256
5.405733 -89.476753 143.480327
5.407674 -100.106010 149.517339
5.250327 -97.868634 149.483896
5.219011 -99.868045 149.067023
5.124039 -96.963988 168.548788
4.822697 -66.310129 204.166439
5.810502 -96.359935 168.801833
5.193151 -97.703395 155.810311
5.566620 -87.121517 150.193378
5.523274 -87.827808 153.285173
5.183360 -90.842170 141.721467
5.003117 -65.949603 175.609856
5.043951 -70.165219 166.610837
5.219073 -98.564668 151.769452
6.069014 -96.946580 181.550598
5.195089 -85.417531 149.590514
5.598897 -93.983230 145.316560
5.514162 -95.041530 145.254985
5.477192 -96.259063 161.541664
5.294080 -92.970394 141.766572
6.273845 -76.777817 161.787122
5.142174 -77.331622 160.601834
5.542306 -86.060660 152.780213
5.932931 -79.639387 159.433444
5.263168 -77.256394 204.479838
5.240259 -73.941524 204.502398
5.252787 -96.078720 144.097722
5.762482 -87.518699 146.584899
5.371114 -97.608965 148.710001
5.441917 -89.281497 145.517128
6.148281 -96.483633 174.065698
5.390246 -97.474741 147.795326
6.157677 -85.004787 158.272593
5.317456 -69.611719 203.845974
5.487084 -96.278868 187.368497
5.537964 -97.474543 144.952012
5.412370 -66.957883 203.036544
5.809936 -96.119238 158.601317
5.432307 -84.290047 153.243350
5.831373 -92.206260 143.587861
5.313431 -79.971507 204.093402
5.438799 -93.059710 197.227361
5.634633 -88.691494 147.196004
5.476694 -86.395764 147.675352
5.543298 -97.372588 151.141861
5.725809 -96.150506 145.437511
5.643284 -86.730944 156.073705
5.793632 -85.774248 154.803886
5.765249 -95.764284 149.051317
5.473034 -93.090398 195.601557
5.447516 -93.660093 193.812963
5.490160 -66.306923 177.185396
5.526042 -68.090724 169.275732
5.828324 -88.060255 149.513218
5.871768 -98.816050 148.672650
6.172838 -98.776073 149.078929
5.835190 -96.262971 148.073832
5.856947 -90.273857 143.971047
5.784996 -89.172909 145.756252
6.003492 -88.471289 146.728990
5.824803 -96.741151 149.109762
5.586682 -85.502360 202.368825
5.610360 -84.065179 202.790978
5.600007 -82.438734 203.281133
5.882467 -81.335367 157.402184
5.942670 -97.479054 146.872486
6.268741 -98.282858 148.163797
5.663748 -86.665645 201.950685
5.909834 -93.555001 149.319595
5.781498 -67.176218 171.028318
6.042179 -87.796807 150.013813
5.873308 -96.243563 156.161335
6.141440 -97.072797 145.998444
6.056752 -86.307577 152.519078
5.943692 -97.893812 149.888237
5.940806 -79.628741 203.652534
5.988344 -95.183118 151.537166
5.897491 -84.852782 153.521596
6.519526 -78.884961 160.880263
6.217335 -86.478655 150.927587
6.430634 -87.021019 151.282885
6.037588 -77.948383 203.754894
6.316872 -90.214778 146.071482
5.928894 -73.991826 203.902954
6.188550 -94.713898 190.685480
6.387485 -87.602025 150.280565
6.020135 -87.392955 151.162910
6.239171 -66.739411 179.574380
6.163106 -93.541851 151.399745
6.097120 -88.318116 201.204585
6.578571 -97.413610 147.902906
6.562810 -97.678057 147.566139
6.431985 -91.146174 148.260433
6.367860 -92.259325 150.567221
6.351082 -95.469255 167.681966
6.177291 -66.407757 172.809921
6.730989 -87.865991 151.008378
6.530861 -89.053065 151.221020
6.641006 -94.571577 165.028657
6.171069 -70.090494 203.265136
6.530094 -92.697826 193.691004
6.236344 -92.543859 195.599802
6.514543 -88.401304 152.962158
6.492500 -92.952985 153.836124
6.473855 -85.511755 154.726086
6.416831 -94.878504 156.458447
6.826041 -94.111241 159.433749
6.601604 -90.646708 151.955656
7.144220 -96.443703 179.023078
6.388872 -65.904193 174.376440
6.548107 -96.835367 182.413131
6.502830 -82.916494 156.886585
6.518995 -74.158653 162.569489
6.668788 -89.272629 148.948530
6.574904 -88.412736 149.035946
6.412459 -67.402490 202.287804
6.730475 -95.715180 172.986982
6.545124 -96.394706 185.794269
6.814268 -92.692736 196.664200
6.594050 -65.854677 176.044999
6.613167 -96.891179 180.481300
6.793049 -88.127569 154.897408
6.912377 -94.003241 161.111817
6.918780 -93.100213 157.015931
6.747700 -73.951957 202.882486
6.771220 -72.913340 163.163683
6.909065 -90.441340 155.083734
6.755873 -93.821532 191.330426
7.071990 -81.542086 159.107605
7.417415 -95.334742 175.755901
7.249303 -95.501599 186.990318
7.031368 -94.859706 171.250164
7.041830 -84.315088 157.260764
6.890676 -66.290034 178.261196
6.940246 -70.863451 164.985292
7.485648 -96.113331 178.770659
7.455092 -93.378779 167.656155
6.932892 -85.542008 201.339274
6.938456 -70.556745 202.404847
7.036819 -84.151207 201.391507
7.168526 -82.789483 201.343975
7.720420 -66.954426 183.790576
7.514902 -91.243016 158.537849
7.309410 -86.978761 157.368314
7.224482 -68.528172 167.831247
7.388057 -93.105052 162.683678
7.429479 -96.316959 184.466065
7.281770 -77.907110 161.787229
7.190960 -67.900757 201.484541
7.510180 -82.699945 159.191099
7.566807 -92.254234 160.450218
7.261999 -91.576753 195.107754
7.270027 -86.854109 201.039384
7.367149 -67.561448 169.674868
7.792048 -88.689425 159.105758
7.471869 -96.669990 180.147250
7.392252 -92.751021 191.527163
7.602577 -92.188073 162.040763
7.761660 -84.353278 159.131859
7.502153 -78.459197 201.123717
7.675053 -80.255797 160.991965
8.109160 -66.718682 183.566044
7.778051 -94.690185 175.887567
7.835432 -92.774207 167.891097
7.663859 -66.791789 171.612514
7.884985 -91.741199 195.929578
7.847154 -95.458464 178.538785
8.179736 -86.663974 160.224953
7.867687 -91.574097 160.720878
7.809188 -66.284516 173.442137
7.849562 -74.291365 200.996310
8.028972 -91.676869 165.010676
7.864546 -93.717615 179.013004
7.732750 -83.466201 200.072874
8.072556 -95.705601 185.439292
7.947854 -75.991474 162.238385
7.940635 -92.818640 178.692294
7.887164 -91.039311 193.057705
8.178232 -92.681036 179.232469
8.102364 -93.549521 179.643220
8.032262 -91.380627 162.716542
8.191524 -90.260539 161.274393
8.014925 -84.843333 199.496463
8.008995 -65.955907 175.139697
8.203027 -94.290508 188.089441
8.103479 -94.713242 176.912996
8.366934 -91.260485 167.342665
8.098410 -90.487162 194.573335
8.802051 -92.477301 172.082779
8.109040 -91.694667 191.253221
8.115981 -74.506769 162.548486
8.371373 -81.994608 161.105208
8.092252 -65.957105 177.024331
8.170019 -79.254668 161.963283
8.594371 -91.382184 168.865682
8.318572 -84.499247 160.535101
8.105207 -71.702431 200.477199
8.386230 -95.381129 179.005708
8.303673 -66.172379 178.664880
9.023526 -90.146220 165.401783
8.332753 -66.979451 186.047360
8.516770 -96.677096 181.586835
8.852917 -88.682847 164.319435
8.876822 -94.361004 180.063863
8.774777 -84.901985 197.751219
8.864897 -87.256236 200.099265
8.652534 -94.873192 178.846139
8.684085 -86.948104 162.697614
8.570495 -90.026482 191.483401
8.726452 -89.255037 192.579075
8.391612 -69.202394 199.710936
8.965899 -85.659311 162.637810
9.162674 -96.032157 181.041028
9.049846 -96.456578 182.988595
8.568782 -71.706636 164.395098
8.672127 -94.563571 178.918292
8.610419 -93.501921 177.268141
8.591139 -75.311345 162.431442
9.105730 -81.716950 197.015590
8.541553 -66.416564 181.111700
8.760045 -89.380651 195.143075
8.679430 -69.828008 166.371759
8.707169 -80.564006 162.168354
8.629823 -67.757307 185.364132
9.040602 -77.811153 162.570283
8.794833 -93.415184 177.623424
8.898501 -93.183539 178.156470
9.033246 -91.587682 178.887459
8.788496 -68.313799 168.672533
9.554308 -79.041477 196.563687
9.132436 -89.942874 189.886064
9.865298 -91.066183 179.823212
10.018232 -93.872826 181.388480
8.922661 -67.405894 170.746226
9.691833 -95.843198 180.800331
9.474691 -93.255798 187.530370
8.909406 -67.208730 183.087368
9.077588 -94.567494 186.312326
9.053247 -92.663665 175.815323
9.107673 -88.994864 191.421964
9.035680 -77.585423 198.286447
9.231565 -81.639249 162.719686
9.282471 -83.146872 162.746551
8.970997 -69.411869 188.284102
9.125211 -66.639577 174.016899
9.946610 -88.807805 168.309847
9.345024 -91.240100 171.710493
9.299570 -90.354908 169.611828
9.739803 -95.054130 180.289280
9.758192 -92.001868 176.170682
9.097400 -83.564233 197.257752
9.323002 -79.746105 162.861121
9.192401 -68.155245 184.759926
9.228763 -66.348739 176.439144
9.410012 -70.637743 187.857323
9.750827 -95.908619 183.908261
9.633979 -86.275179 165.644082
9.330177 -73.693302 163.108671
9.868886 -90.647418 187.942816
9.221921 -75.339553 198.051383
10.235275 -91.368798 177.040206
9.354556 -66.400453 178.178725
9.319096 -85.281110 196.102564
9.335586 -88.498764 195.282618
9.476833 -85.982356 197.584598
9.506130 -88.326999 166.699948
9.869411 -91.160621 175.402587
9.473773 -71.174254 197.422602
9.975181 -84.655328 165.392335
10.073261 -81.753621 164.237224
9.497352 -83.888019 195.598458
9.534394 -70.911189 189.082770
9.480181 -86.261594 195.073304
10.217991 -94.692612 179.977668
9.528864 -66.908329 180.656545
9.610081 -72.620540 164.293074
9.683306 -86.231975 196.214052
9.498888 -87.500008 195.788097
9.584023 -89.278414 189.822368
10.093073 -95.905505 182.859218
9.593475 -88.214168 192.927672
9.916284 -87.420041 193.090492
9.559556 -81.704311 195.157408
9.949852 -94.416755 181.066106
9.897232 -88.618631 190.660478
9.733043 -67.603958 182.612203
10.375128 -90.440050 179.508700
9.847770 -86.707941 193.779444
9.800575 -71.120335 166.028656
10.190368 -89.143183 170.405871
9.808178 -84.940145 193.113846
9.775086 -73.493635 189.528522
9.804140 -76.866470 196.069136
10.002615 -78.823921 193.332669
10.334784 -95.590916 182.498105
9.929088 -69.694663 168.145363
9.954286 -80.489480 163.742887
9.960048 -75.897441 163.271720
10.171009 -71.002902 191.928329
9.856516 -71.283483 192.933548
10.355816 -68.743882 183.841924
9.877190 -72.224869 195.332470
10.004381 -72.498406 193.412560
10.171959 -81.122924 192.506571
9.944207 -78.387342 194.777856
9.986570 -75.581051 191.919857
10.049769 -73.627278 190.633904
10.050109 -74.954528 193.892030
9.927347 -73.664789 189.183405
10.764296 -94.947283 181.227217
10.758886 -93.827424 181.690080
10.035164 -68.832268 170.236060
10.077055 -78.642265 191.924131
10.625579 -85.079107 167.554696
10.287798 -88.086020 190.714436
10.142198 -68.157611 173.176301
10.163130 -93.518673 186.384204
10.288684 -83.462973 192.442814
10.463293 -85.824986 191.743452
10.137698 -76.795638 190.606887
10.247335 -78.031854 163.748885
10.197418 -94.830484 185.138058
10.321782 -90.544104 180.233582
10.772134 -95.547002 181.977194
10.279945 -74.584302 164.461130
10.448084 -90.689180 176.165569
10.877536 -90.984170 178.182144
10.348899 -67.690962 177.411927
10.869545 -70.793405 185.337405
10.643446 -92.129826 186.720528
10.776151 -94.854036 180.364684
10.610298 -91.455855 178.352016
10.577451 -71.898359 186.703418
10.458624 -81.948702 191.635765
10.478350 -88.867723 172.559578
10.654385 -89.718174 188.072773
10.433598 -67.935467 180.430472
10.512924 -73.163920 166.133687
10.714477 -74.750229 187.874358
10.784619 -86.222427 169.718431
10.537527 -88.266264 170.650017
10.487715 -68.396124 182.338109
10.558739 -79.698115 164.511134
10.653059 -89.501496 176.435557
10.631942 -83.196533 190.773706
10.548927 -82.290071 190.239240
10.564286 -79.720889 190.448798
10.625765 -78.201207 189.701615
10.638947 -85.658380 188.292695
10.652671 -76.594872 164.954291
10.909168 -90.869363 187.031042
10.668176 -81.592847 165.374430
10.697285 -83.591518 166.565824
10.731120 -85.034865 190.814460
11.219335 -89.760150 178.288549
11.191418 -89.389993 177.697301
10.689283 -71.852582 168.253401
10.845480 -86.175178 189.956889
10.762970 -87.439525 189.982807
11.008709 -89.846964 180.834477
10.782304 -92.561641 181.999891
11.332638 -92.408155 182.308314
10.778841 -86.446051 187.872434
11.126508 -89.999023 182.433569
11.063597 -89.326823 187.760962
10.831330 -71.047511 170.325095
10.995243 -94.788706 184.276151
11.662868 -90.277345 179.539792
11.074295 -86.207682 185.420028
11.018840 -78.328920 166.187371
10.936466 -75.321343 166.618851
10.995197 -70.324917 173.464147
11.070622 -87.162325 188.664753
11.395982 -90.308391 182.561969
11.187705 -80.627076 167.349061
11.197557 -82.926713 168.760209
11.040928 -83.170791 187.360788
11.083384 -89.738147 182.169671
11.188424 -87.785298 176.506076
11.056186 -69.920958 183.361233
11.027483 -78.747929 187.973558
11.457206 -93.867888 184.854577
11.068810 -72.574222 185.904306
11.075613 -75.269827 186.936650
11.151649 -69.699433 177.608710
11.363948 -84.628624 172.138630
11.144835 -69.628937 180.464495
11.309296 -88.615334 178.637497
11.184082 -94.537203 183.319013
11.298671 -73.739651 169.971476
11.682483 -89.761944 185.701693
11.367804 -87.999298 184.563174
11.604068 -85.464704 183.778640
11.461771 -90.923107 185.989952
11.387282 -71.240515 183.492258
11.654202 -87.571520 179.982583
11.401447 -81.892958 185.768534
12.087161 -94.081316 181.404858
11.549475 -72.805584 173.851927
11.757814 -81.988380 172.946533
11.607744 -76.548027 170.399323
11.809579 -79.311786 171.984922
11.728317 -94.479788 182.690110
11.513070 -76.624026 185.146728
11.578888 -73.249001 183.938972
11.750770 -88.687334 184.997798
11.712400 -89.100383 180.239856
11.871930 -93.600144 182.134717
11.792935 -87.444646 182.489633
12.070911 -92.569953 184.798024
11.685114 -71.959933 178.125118
11.617094 -71.578389 180.753578
11.689408 -84.825597 176.735538
11.930687 -93.266987 184.136380
11.865092 -93.129627 183.579171
11.827119 -84.695747 179.308407
11.807133 -76.931349 183.209006
11.811326 -85.467993 180.788120
11.794944 -83.883547 182.220531
11.946240 -89.937417 180.634214
11.892250 -88.329090 182.568487
12.062503 -89.817519 181.932776
12.020746 -81.168785 176.373127
11.891552 -75.631795 174.252421
12.081693 -78.534471 175.529293
11.993044 -77.445430 181.556017
11.899689 -73.993002 181.123712
12.008490 -74.538350 178.525674
12.069533 -80.460997 179.699849
12.131617 -77.608349 179.079219
12.296523 -90.427267 184.366224
11.990421 -89.142946 182.078836
12.099133 -88.783787 183.125925
12.141690 -90.917887 183.276503
12.209863 -92.199429 182.317518
12.382591 -90.828936 183.846549
12.238444 -93.297652 183.073432
12.384174 -91.123591 182.918122
12.676831 -92.785693 182.040447
12.511775 -90.638290 182.074089
0.086563 -97.135112 141.400987
1.067378 -85.197059 144.162319
1.853301 -84.988089 145.621807
2.067913 -84.577551 147.878560
1.725168 -94.421350 147.058293
1.786552 -93.860325 149.603412
1.442866 -101.875356 149.192050
1.879417 -92.689759 153.404659
1.197463 -81.434697 155.831879
1.733429 -91.667543 157.188428
0.923291 -101.469824 154.355448
1.905269 -90.608869 159.806570
1.528993 -79.996914 159.400428
1.245387 -69.604827 168.739557
2.423402 -89.230607 162.308400
1.784168 -66.642637 171.833596
2.025139 -78.232521 162.365426
3.532514 -87.303165 166.139686
2.226856 -76.020079 166.273734
4.152322 -85.085923 172.527829
2.082388 -73.710909 171.417456
2.314726 -69.595028 176.810270
3.000446 -69.564813 178.879964
4.832170 -82.194847 176.794258
2.843673 -75.921451 179.108037
3.155458 -70.702897 180.317442
2.753983 -72.594431 180.641541
2.190624 -97.846395 182.036021
1.486978 -97.453563 185.104050
2.673056 -96.938093 187.412823
1.281538 -96.199587 191.126485
1.958647 -94.868498 194.989352
1.728649 -94.210578 196.367820
1.399579 -92.924846 198.288462
1.363537 -91.466555 199.790965
1.489914 -89.119249 201.373068
1.732781 -79.212753 206.606253
1.718866 -76.389603 207.382514
1.750377 -73.467122 207.766645
1.931417 -65.050406 207.128431
1.849570 -70.999994 207.800653
1.878660 -68.046810 207.677611
1.634668 -94.663130 145.288703
1.346511 -94.459761 144.015266
-13.790178 -97.889752 200.610667
-13.443539 -96.801924 201.219910
-13.693106 -99.635920 200.856095
-13.620435 -96.845891 199.336116
-13.723509 -99.896207 201.456745
-13.485260 -99.607491 201.961187
-13.383197 -99.150886 200.641317
-13.048154 -95.935132 198.828087
-13.618686 -95.773923 199.703686
-13.067483 -94.535822 200.787728
-13.152733 -93.857379 198.365652
-13.182191 -94.496044 198.030197
-13.013355 -93.318838 198.835002
-12.833861 -104.140642 203.980250
-13.100089 -103.106161 203.503116
-12.487093 -104.295326 204.262190
-12.600756 -102.980050 203.995438
-12.832252 -99.451181 202.568171
-12.759975 -104.095331 204.556829
-12.720149 -95.895797 201.929758
-12.360792 -93.773367 197.657300
-12.632488 -99.216399 201.629319
-12.310725 -96.192406 200.263871
-12.241703 -101.445639 203.002063
-12.045868 -91.578440 200.196160
-12.018396 -91.135275 197.590444
-12.081764 -92.308497 196.922953
-11.961296 -100.392536 203.130158
-12.020058 -93.179494 201.522472
-11.407174 -94.456976 202.317584
-12.044290 -104.724371 204.649405
-12.095625 -91.237147 198.602319
-11.619385 -102.949362 203.813828
-12.034045 -104.424665 204.250101
-11.479670 -98.519434 202.327185
-11.506227 -93.653400 198.968286
-11.118689 -103.158180 203.067392
-11.571448 -101.184573 203.111566
-11.538722 -90.944599 196.952703
-11.056827 -103.032383 203.273898
-11.164886 -101.866678 202.964605
-11.304770 -98.210011 202.812088
-11.054526 -91.048225 201.139973
-10.372979 -90.828593 196.543828
-10.796836 -96.490525 201.543856
-10.579519 -99.752139 202.890270
-10.600272 -101.859352 202.478358
-9.987335 -100.564102 202.748850
-9.988061 -88.540999 196.215380
-10.258347 -88.451499 196.897432
-10.659473 -90.537548 196.291791
-10.531325 -88.750290 198.118224
-10.025674 -91.533824 201.903993
-10.391183 -91.550385 197.935347
-10.052381 -88.338699 199.446565
-10.113660 -98.014672 202.148505
-9.982488 -94.804985 202.699624
-9.651023 -93.504615 199.888761
-9.763954 -98.021327 202.692572
-9.920202 -86.489187 196.546774
-9.676956 -87.533436 195.745709
-9.729421 -89.213901 200.519206
-8.561586 -98.982754 201.099539
-9.626707 -86.967748 199.096732
-9.586263 -89.213000 195.706603
-9.130205 -98.446487 201.631654
-9.524502 -90.322976 197.345153
-8.488624 -99.184429 201.784950
-9.195336 -96.305938 201.220964
-8.556756 -89.302485 201.197350
-9.021274 -92.857563 202.382654
-9.096718 -89.495711 195.842605
-8.357438 -88.521011 200.778066
-9.031167 -87.422300 200.126084
-8.963165 -91.771856 198.978696
-8.948449 -96.300375 202.569896
-8.602562 -90.065115 195.402714
-8.132382 -98.913311 200.958882
-8.420651 -97.700945 202.191504
-8.600096 -89.713191 196.232567
-8.091560 -96.658733 200.686284
-8.038133 -94.688300 202.255719
-7.964279 -93.320380 199.552100
-8.293737 -91.596512 197.069838
-7.957467 -90.190928 197.970362
-7.925646 -91.028214 201.748622
-7.926477 -88.025102 200.865330
-7.581148 -97.607408 200.997790
-7.638535 -96.913770 199.761337
-7.535755 -94.797002 199.615827
-7.443270 -96.001172 201.519068
-7.472249 -97.399353 199.941513
-7.677332 -92.580012 197.811923
-7.420017 -92.987871 197.513208
-7.350019 -94.605936 198.584857
-7.160165 -93.088170 201.573774
-7.153853 -95.420960 198.810610
-6.884704 -89.415102 201.007315
-7.147196 -92.834217 198.585559
-7.070440 -91.132146 198.558557
-6.998244 -96.338038 200.169158
-7.059476 -91.440752 197.964348
-6.839525 -94.616232 200.762573
-6.599889 -94.879481 199.139837
-6.270122 -93.221447 197.994357
-6.108608 -91.285197 200.406176
-6.070774 -92.783724 198.502890
-5.973202 -92.145082 199.325812
-5.532282 -90.504380 200.185659
-5.270259 -92.012461 198.955953
5.202890 -92.575417 198.384762
5.795311 -92.140052 199.368841
5.417996 -90.619271 200.216110
5.917531 -92.761225 198.652690
5.917203 -91.267888 200.442184
6.098594 -93.203641 198.030380
6.297761 -93.590169 200.227116
6.416360 -94.616713 198.961692
6.606124 -95.615552 199.729940
7.015301 -95.466179 201.306090
6.949561 -92.979819 201.514901
6.752670 -89.421246 201.049626
6.882967 -91.420741 198.005363
7.001346 -96.736457 200.528486
6.889519 -91.112036 198.599571
6.971016 -92.813908 198.626573
7.179462 -94.187163 198.513910
7.090251 -94.736901 198.455861
7.125073 -96.556648 199.447527
7.257412 -94.185316 199.361515
7.250630 -92.966662 197.557214
7.493876 -92.586903 197.865103
7.498029 -97.077430 199.925730
7.723222 -98.524646 200.767366
7.736695 -96.844014 201.936505
7.796831 -93.163482 199.553519
8.022526 -98.712637 201.645010
7.955598 -94.811671 202.324712
7.945378 -88.551882 200.863254
8.318133 -91.961961 202.176301
7.777307 -90.168223 198.017375
7.993157 -96.718079 200.808045
8.425891 -98.990508 201.175431
8.174960 -91.235407 197.004798
8.115090 -91.611303 196.725942
8.371226 -89.235018 201.241555
8.340045 -90.406302 195.255448
8.490022 -89.702559 196.071136
8.733996 -98.561707 202.454608
8.656447 -95.480627 200.823507
9.066770 -96.879388 202.677018
8.781563 -91.746350 199.031708
8.939933 -98.378189 201.678240
8.912147 -88.411248 200.329796
8.959682 -89.453643 195.917169
9.234190 -93.605235 202.608712
10.229069 -101.965535 202.865115
10.900853 -103.049959 203.087907
9.348404 -90.295867 197.400164
9.647640 -93.767147 200.089466
9.456272 -89.211497 195.805681
9.430551 -86.940342 199.152750
10.432454 -101.453897 203.113993
9.837293 -91.513545 201.968208
9.837664 -97.877907 202.144766
9.903130 -88.474685 199.607645
10.301336 -88.686327 198.324561
10.049786 -87.885628 197.243282
9.702439 -88.739819 196.042134
10.044443 -98.995034 202.840327
9.900446 -90.515820 196.562450
10.324938 -101.716802 202.472360
10.085648 -95.389020 202.782950
10.215024 -91.520674 197.996357
10.563772 -96.366590 201.568721
10.883966 -90.963656 201.140538
10.564144 -89.260181 196.960045
11.675088 -91.954626 196.870247
11.372617 -101.037657 203.151573
10.925482 -100.886514 203.245522
11.382042 -94.755584 202.386622
11.232683 -98.478893 202.897627
10.997301 -101.880904 203.036071
11.493953 -90.917940 200.142126
11.462855 -93.935523 199.182393
11.643693 -92.752822 197.260530
11.244611 -98.328078 202.348737
11.905246 -91.228072 198.848327
11.890713 -91.191385 197.713959
11.857339 -93.263697 201.611674
11.758534 -100.308363 203.181017
12.083317 -101.324443 203.020670
11.682386 -104.556965 204.411517
11.670211 -103.504694 204.035384
12.090310 -104.526078 204.736226
12.040216 -95.832773 200.172868
12.274147 -104.444882 204.439938
12.585832 -99.490706 202.698525
12.095754 -103.263608 204.072399
12.437871 -93.026366 200.590488
12.844502 -93.352556 199.115552
12.455691 -102.928535 204.058630
12.631028 -94.862660 198.316517
12.426144 -98.260642 201.298123
12.562149 -96.153055 202.057105
12.588048 -104.049730 204.642429
12.780438 -103.826327 204.025187
12.950469 -94.282227 198.012582
13.017542 -94.009675 198.423731
12.854071 -103.074435 203.239905
13.157416 -99.605957 201.020075
13.090094 -97.395041 199.767443
13.434099 -96.663480 199.334894
13.448387 -95.802611 199.821645
13.125061 -95.677272 201.091739
13.362963 -98.477351 201.652993
13.544867 -99.871915 201.552893
13.568517 -99.244622 200.739082
13.599258 -97.731824 200.645972
-10.172010 -45.657004 100.415661
-7.305229 -45.319592 99.539963
-12.550707 -46.031428 101.860138
-13.455210 -45.887581 102.812460
-14.276786 -45.902387 103.619730
-15.458081 -46.004620 105.441340
-16.930575 -46.292517 107.567052
-18.682482 -44.936727 108.132389
-19.429213 -47.066477 112.279631
-20.425341 -43.194039 109.023176
-20.951322 -45.467140 111.873496
-21.436384 -46.520594 114.947525
-22.361396 -41.796308 111.072233
-22.171931 -45.674107 114.120251
-22.254560 -43.948130 112.459691
-22.608377 -45.688814 116.483043
-23.043824 -44.265638 114.361330
-24.050937 -40.902381 113.653626
-23.014014 -45.530161 119.015890
-23.016015 -7.993379 113.291971
-21.703674 -10.450502 108.110234
-21.629549 -7.587913 108.819471
-23.814909 -4.927925 116.815002
-20.181064 -8.844155 104.902158
-20.332315 -12.512994 104.250946
-23.394741 -9.932849 112.019549
-21.785102 -11.449537 107.568052
-24.163600 -12.361643 109.142585
-22.410511 -13.764614 105.649410
-20.750655 -15.005130 102.746436
-23.834288 -39.913277 112.222612
-23.496823 -44.484667 116.410295
-23.822486 -42.736924 114.921522
-23.822985 -44.247833 119.326998
-24.046260 -6.545914 116.963207
-24.691175 -8.646398 115.711781
-25.184442 -10.668476 113.997209
-24.676160 -41.049953 115.750322
-24.448994 -42.989110 119.650105
-24.530922 -4.463586 119.823159
-24.713884 -5.692178 119.807155
-24.979133 -35.376439 108.517933
-25.698133 -37.341282 113.026539
-24.934215 -39.536632 114.149886
-24.774041 -41.575150 117.305080
-25.570771 -7.780848 118.515722
-24.280300 -15.363189 106.862577
-25.630091 -12.789487 112.105576
-25.114184 -41.696845 119.938593
-25.904782 -17.004399 109.152583
-24.276837 -18.646650 105.418337
-23.085037 -18.848317 102.733432
-25.763736 -20.189567 107.490031
-24.573119 -21.721239 104.430198
-23.400843 -21.607142 101.351972
-24.576143 -23.232053 104.076892
-23.536289 -22.612180 100.787780
-24.937058 -4.594020 122.376017
-25.124922 -5.658006 122.220966
-26.016420 -9.575650 117.233294
-26.083142 -7.472711 121.088247
-26.942672 -33.448822 110.418228
-25.181969 -31.757656 104.587218
-25.874891 -39.363185 115.937999
-25.440328 -6.006083 124.865850
-26.305717 -7.648894 123.803497
-26.447574 -39.462301 117.860290
-26.010618 -31.668215 106.686760
-26.448465 -11.786951 115.582740
-26.113376 -40.310840 120.058193
-26.703851 -36.865956 114.863497
-25.594478 -23.453962 106.533709
-26.571607 -23.689140 108.684431
-26.437278 -25.236639 108.565961
-25.364791 -24.823046 106.496984
-24.323649 -24.835694 103.660538
-26.894814 -26.221489 108.207266
-25.858868 -26.442863 106.184593
-24.746728 -27.313009 101.948951
-26.795082 -21.854125 109.204602
-26.615788 -16.543799 111.798329
-26.797982 -19.470626 110.158925
-27.297907 -38.416338 119.438517
-24.951103 -28.816200 102.352353
-26.073740 -27.914555 105.957512
-27.147800 -27.825826 108.083224
-27.851699 -33.044550 112.400544
-26.815917 -38.576155 117.455209
-27.228227 -31.330001 108.998532
-27.296549 -29.498388 108.281296
-26.158668 -29.720062 106.147578
-24.982930 -30.275656 102.820634
-27.094382 -11.279081 118.546738
-26.787278 -8.996566 122.806161
-27.528527 -36.177924 116.639093
-27.134394 -9.543199 125.563090
-27.496317 -26.690646 109.943849
-27.274141 -24.069467 110.499035
-27.102184 -13.951876 116.303982
-27.372374 -11.287983 120.874514
-27.222925 -15.557415 114.886507
-27.564138 -21.602440 111.278295
-27.755366 -37.001717 119.228462
-27.492215 -18.361654 112.874831
-28.064907 -34.293496 115.709781
-27.698085 -11.583782 123.477384
-27.921459 -27.909755 109.976864
-28.178344 -31.043906 111.163259
-27.474404 -25.982303 111.582604
-27.766307 -24.531223 112.124580
-28.366709 -27.878800 111.794338
-27.432102 -13.854575 118.543853
-28.352671 -34.307562 118.060690
-28.177144 -29.351337 110.338985
-27.948567 -17.647114 115.385675
-28.073409 -21.497905 113.160930
-27.778001 -14.210925 121.511973
-28.492250 -32.455878 114.463369
-27.917322 -26.574959 113.133020
-28.161039 -24.963768 113.814149
-28.420850 -34.976254 121.032160
-28.260972 -17.487162 117.969541
-28.878337 -28.714237 113.659686
-28.448836 -21.574631 115.169599
-28.539065 -17.910603 120.797493
-28.717126 -30.759810 113.218948
-28.696418 -29.312325 112.279631
-28.641268 -33.033579 119.729263
-28.423166 -27.667646 115.558615
-28.521259 -25.328089 115.933855
-28.763042 -31.817664 116.311988
-28.722228 -22.041888 117.439365
-28.936523 -29.833123 114.678956
-2.473609 -23.260696 95.017245
-2.352869 -17.260386 96.549764
-2.543373 -13.917665 95.812815
-3.021213 -9.487820 94.738854
-3.518079 -6.915178 94.464463
-4.453763 -2.737778 94.621513
-5.452867 2.458004 94.920617
-3.582721 -29.814793 93.417115
-4.450352 -34.418137 92.659857
-3.714925 -20.195268 95.066166
-3.864695 -15.740275 95.058961
-4.123502 -26.758568 93.638785
-5.325545 -33.029469 92.669160
-4.216923 -13.096890 94.902911
-5.098699 -37.822976 93.287570
-4.645977 -10.651371 94.768665
-5.433601 -8.413430 94.791576
-5.840218 -40.613111 94.445856
-6.780293 -4.262909 95.402575
-6.582476 -37.202670 92.701772
-7.100962 -42.191269 96.371169
-7.935750 -43.293411 97.267000
-6.992264 -39.473932 93.899370
-8.179672 1.817949 96.116017
-7.403512 -38.084764 92.736085
-8.969246 -8.926442 94.666030
-8.148486 -41.674876 95.689765
-8.238461 -40.454958 94.221179
-9.463672 0.759173 96.414213
-10.780414 -44.381075 98.100478
-9.498074 -41.491408 94.618514
-9.573438 -13.049974 93.788035
-11.175046 -43.534192 96.620184
-11.898289 -1.440743 97.119451
-12.361943 -10.512924 95.954159
-12.161677 -14.208563 94.971034
-12.364144 -44.919654 98.765801
-13.516930 -45.205650 99.556570
-14.616999 -2.706467 99.177445
-15.079254 -10.293450 97.742264
-15.451179 -13.052875 97.615017
-15.484190 -15.171985 96.898178
-17.743847 -9.847071 100.887812
-17.930210 -13.550842 100.212590
-18.170990 -15.755881 99.469238
-18.585129 -16.909068 99.088815
-21.013143 -16.450313 101.538031
-21.242620 -18.495600 100.071544
-23.604311 -23.761464 100.586716
-23.626858 -25.102742 100.664661
-15.118067 -45.360705 101.863145
-16.963386 -45.065104 105.174252
-19.004171 -43.021321 106.229606
-16.554949 -44.745398 102.377317
-21.822515 -40.827684 109.351655
-19.343783 -42.256362 105.502365
-21.529616 -40.474267 108.125238
-17.518771 -43.796681 102.444341
-21.022383 -40.603674 106.286373
-22.398640 -38.731820 106.082180
-23.183771 -38.560826 109.114576
-20.179661 -41.518437 104.355084
-23.818284 -38.660358 110.837153
-23.123351 -37.167170 104.772430
-21.977967 -39.004372 104.358976
-20.267570 -41.524882 102.821649
-24.215316 -36.536947 108.219271
-23.815138 -35.245380 103.809728
-25.003028 -34.324577 107.008806
-24.632823 -32.320132 103.189067
-24.468124 -31.121010 101.172010
-4.757935 -22.956494 93.659994
-5.323594 -19.695601 93.706610
-5.595076 -29.909025 93.069594
-5.467022 -16.360884 93.604372
-6.767368 -35.254317 92.325242
-6.220005 -14.399926 93.372895
-7.590845 -13.030167 93.323280
-5.444825 -33.363184 91.813077
-5.754159 -31.790355 89.846414
-6.144730 -36.787130 93.777831
-6.420542 -29.268611 87.291557
-6.006313 -30.678488 88.597231
-8.260409 -38.985765 92.776893
-6.173369 -34.420438 90.745718
-7.681132 -40.714868 92.879985
-6.676513 -33.585747 87.989270
-7.255922 -27.520625 86.522798
-7.209617 -40.587002 94.164764
-7.699762 -31.070767 83.843029
-6.775961 -35.164786 89.631445
-7.377526 -37.966575 91.025497
-8.371264 -29.069934 83.480297
-8.655791 -25.723521 86.415767
-7.273572 -32.984940 85.013671
-7.955027 -39.977999 91.739749
-8.814134 -43.166370 94.788271
-9.250510 -26.994348 84.168112
-7.131930 -35.969656 88.640810
-7.381204 -35.165107 86.203042
-9.302218 -43.386742 93.740221
-7.966609 -38.290914 89.478943
-7.732828 -34.061752 84.249934
-10.211022 -42.011583 94.457060
-8.298061 -32.567362 82.706699
-9.494533 -42.973804 92.752891
-10.536532 -24.554630 86.819902
-10.001282 -14.269683 93.409109
-9.808904 -28.635111 81.940848
-8.466098 -40.343898 90.750442
-8.872594 -30.542178 81.997401
-10.922161 -25.904982 84.171111
-11.080414 -44.480210 96.278570
-9.379323 -42.460288 91.345994
-11.373112 -44.879743 95.036157
-11.166743 -27.254235 82.210752
-10.280742 -30.122075 80.615285
-11.531865 -44.805919 94.025213
-12.420963 -44.261036 96.974505
-12.407058 -15.695461 94.136854
-10.643767 -44.192612 92.269826
-11.335299 -28.283881 81.023854
-11.585463 -29.249115 80.202900
-12.821397 -23.745760 87.714802
-13.287654 -45.883280 97.593113
-12.960044 -25.223754 84.600859
-12.908526 -26.652833 82.275975
-12.950284 -27.922367 80.705128
-11.897888 -45.623217 92.232246
-12.492087 -45.676011 93.763628
-13.736504 -45.487945 96.819950
-13.670282 -45.695916 97.420051
-13.842640 -45.535862 96.036988
-13.819945 -46.142797 94.601876
-13.108557 -46.408335 92.598481
-15.470485 -17.525875 95.034951
-15.400462 -23.367333 88.999931
-14.914199 -46.766675 93.516643
-14.847277 -45.544066 99.676209
-14.150143 -45.182644 99.429926
-15.570933 -46.122107 95.671418
-15.352746 -25.142228 85.153038
-14.711631 -26.410952 82.637798
-14.636551 -27.786995 80.830063
-15.405363 -45.228458 99.505551
-16.869576 -46.838781 92.953458
-17.407635 -45.870775 96.142622
-15.892395 -45.063837 98.357537
-16.336034 -27.837541 81.574125
-16.069385 -26.391645 83.304022
-17.721539 -44.839729 98.418486
-17.734343 -25.057500 87.225640
-17.945915 -23.420450 90.653981
-17.982428 -26.527692 84.784415
-17.576854 -44.153422 100.238157
-18.415072 -18.974860 96.769435
-18.142481 -27.634262 83.487280
-18.265548 -28.783423 82.402230
-19.353586 -45.618692 95.165801
-19.656289 -44.290545 97.860201
-20.003504 -42.420820 101.002856
-19.964192 -26.847099 87.242445
-19.499107 -25.478104 88.535580
-20.039336 -28.582460 85.033071
-21.216212 -22.232351 96.723116
-21.362860 -43.904517 96.034691
-21.565229 -42.029087 99.087114
-21.736085 -40.090739 102.083220
-21.323048 -24.860834 92.661361
-20.626915 -26.076940 89.388863
-21.667211 -27.367041 90.107648
-21.533341 -29.094564 87.832357
-22.326083 -23.801479 96.374206
-22.350816 -25.815885 93.803414
-22.747924 -27.617457 93.284670
-22.448725 -29.036033 91.448552
-22.576314 -29.978623 90.722058
-22.840167 -30.865194 89.183869
-22.862064 -41.675369 96.555160
-22.818147 -25.008583 96.325186
-22.986911 -38.067138 102.326961
-23.060929 -26.106151 96.432423
-23.810610 -32.062268 93.522764
-23.510881 -29.726263 95.690475
-23.378936 -27.186513 96.715019
-23.991741 -28.738833 97.918623
-24.359002 -33.809863 93.061366
-23.805779 -39.607575 96.555061
-23.589835 -31.171272 96.481695
-23.757463 -36.248848 101.790115
-23.824886 -37.738849 99.334198
-24.320213 -29.882924 99.373136
-24.312850 -33.212132 95.361164
-23.942626 -31.938752 99.052785
-24.068732 -32.608120 100.724564
-24.363257 -36.070615 98.318103
-24.185406 -34.859985 100.197586
-24.043860 -33.708900 102.398320
-24.289742 -38.041151 96.211852
-24.620719 -36.355588 95.491105
-24.539431 -34.283460 96.934163
-24.293944 -33.627471 98.677476
-24.634857 -35.057149 94.441056
-7.894154 -35.716523 85.704447
-8.419032 -36.059885 85.169744
-8.341186 -34.934710 83.617024
-8.771934 -33.631462 82.020587
-8.660951 -37.866406 87.514936
-8.485565 -35.524705 83.188184
-8.933619 -36.617052 84.764564
-9.625709 -41.463784 89.606359
-8.774851 -34.918503 80.904414
-8.571002 -36.326175 82.312288
-9.220181 -37.439959 83.537819
-8.762987 -37.888210 80.305214
-9.600103 -40.588537 79.203107
-8.917469 -36.643183 78.804116
-9.752931 -32.215659 80.598930
-9.371281 -38.898315 75.956237
-9.417947 -39.485551 87.350063
-9.798974 -33.700497 79.507347
-9.905820 -35.443978 77.397142
-10.241633 -37.589900 74.554087
-9.840878 -42.643192 74.353421
-10.292146 -44.162069 75.927610
-10.776812 -39.947491 71.057714
-9.566386 -39.478534 84.593952
-9.887372 -40.999418 85.059432
-9.727397 -40.606433 80.819753
-10.354156 -42.500020 88.475914
-10.530729 -45.403719 70.732105
-10.697386 -43.860900 69.022738
-11.515860 -42.378905 66.993356
-10.256386 -44.360423 79.586139
-11.125429 -32.659247 78.555833
-10.980831 -31.293387 79.589558
-11.191251 -34.462250 76.374697
-10.833426 -46.906301 72.154609
-11.434732 -36.502836 73.466923
-10.363473 -43.633926 91.029909
-11.831366 -38.545421 70.246446
-10.605934 -43.991193 85.221100
-10.596594 -46.458592 75.436005
-10.389182 -43.121253 89.865219
-10.730300 -46.239994 79.518856
-10.756469 -47.195335 75.980393
-11.262675 -45.971910 66.168480
-11.714326 -44.436395 64.819425
-11.140935 -47.670779 67.801923
-11.335758 -49.096786 69.221093
-12.417662 -40.692140 67.283454
-10.960861 -44.050138 88.596025
-11.232721 -44.777601 91.150387
-11.183736 -47.105327 80.259918
-11.409475 -46.514927 83.260138
-12.252507 -30.875848 78.998578
-10.392562 -56.599312 60.876060
-10.277040 -53.881685 60.340408
-10.105687 -54.691931 58.239320
-10.329062 -57.013510 58.886036
-11.114930 -50.638559 57.639074
-11.113557 -50.297987 56.562568
-11.057598 -50.364812 59.234431
-10.167508 -54.634512 56.656590
-10.358872 -57.033116 57.322611
-10.437948 -51.650789 63.700142
-10.759062 -49.899206 60.941878
-10.355671 -52.513401 62.580176
-10.611757 -55.415573 63.886415
-10.751104 -54.549786 64.982283
-10.596377 -53.149532 61.209481
-10.755741 -55.926994 62.199868
-11.454240 -50.054478 71.166157
-12.004701 -51.743440 71.384232
-12.354240 -31.956210 78.128688
-12.400256 -33.732605 75.796707
-11.642579 -45.353733 88.420155
-11.767444 -45.363704 90.346086
-11.310891 -47.562443 64.177509
-11.158040 -49.390956 66.004622
-11.790752 -45.966907 63.120655
-11.121828 -52.953750 66.532203
-10.989583 -48.694823 62.846264
-11.064508 -58.292938 58.712978
-11.119527 -58.120082 57.101140
-11.168842 -58.008289 60.534198
-11.444136 -50.685087 67.792124
-11.998821 -47.012156 84.669180
-12.595122 -35.579026 72.891131
-11.484600 -57.517268 62.305826
-13.034385 -38.153448 69.495461
-12.730367 -46.429762 89.096460
-12.753374 -46.941633 87.211635
-12.890121 -46.346234 90.560055
-12.397855 -48.695822 81.858538
-11.442546 -57.142314 64.232238
-13.303055 -29.655797 79.400942
-13.058777 -47.957175 84.972580
-11.575279 -56.330980 65.418426
-12.146571 -51.161248 74.646419
-12.054144 -46.705508 60.648532
-11.649805 -48.019994 60.772571
-11.764343 -48.567777 59.862563
-11.924292 -48.112627 59.201396
-13.211876 -43.299334 63.448726
-12.176482 -43.526289 64.658574
-13.414996 -49.758679 82.242669
-11.732151 -48.837162 57.980608
-11.799606 -48.720779 56.675868
-11.820762 -55.060054 66.840603
-11.922996 -48.650305 55.692968
-11.605290 -52.082356 68.398925
-12.913929 -50.918766 78.667069
-14.579316 -47.037327 91.547279
-14.287642 -47.610047 88.548440
-11.847162 -59.018450 58.251004
-11.971609 -58.855039 60.003735
-12.174480 -53.698399 68.722535
-13.688680 -30.555551 78.852823
-12.775082 -52.251015 74.953025
-14.511164 -48.829866 85.251872
-13.868749 -51.775953 78.948062
-12.678249 -53.261253 71.528476
-12.557189 -58.465729 62.621114
-14.762648 -50.492125 82.553473
-12.283618 -44.938849 62.834339
-13.334721 -31.831176 77.785441
-14.172350 -40.982135 65.568181
-12.509424 -47.126800 56.904827
-12.518992 -47.452455 56.203000
-12.598275 -58.146370 64.131916
-12.678050 -47.088884 57.661428
-12.640969 -57.457079 65.355654
-13.125593 -47.371881 55.063046
-12.720986 -46.940954 58.723437
-13.771126 -35.198302 72.557157
-13.482919 -53.129807 75.167895
-12.756022 -59.352032 59.489674
-12.775582 -56.274363 66.903223
-15.094560 -52.308331 79.188446
-12.861410 -54.951318 68.860078
-13.661969 -55.728075 69.198960
-12.822256 -45.656588 60.502728
-13.980158 -46.335607 56.891479
-14.026986 -46.774398 55.691602
-14.354911 -53.793131 75.333050
-13.993353 -46.029088 58.657608
-14.535172 -38.720276 68.213965
-15.063082 -30.259013 79.147935
-14.247465 -31.607003 77.824936
-16.572856 -47.328764 91.166154
-16.246477 -48.245930 88.121478
-13.765414 -57.064728 66.772381
-14.127468 -44.000210 61.759729
-13.084903 -59.591473 57.681058
-14.131947 -56.053257 69.494057
-14.260880 -34.917202 72.867121
-15.442376 -54.129944 75.499908
-16.257450 -49.143673 85.482555
-13.966750 -59.967770 56.928890
-14.143752 -59.954193 58.943047
-16.353782 -50.703896 82.813654
-14.769151 -55.530812 71.773057
-15.095660 -31.504460 77.973332
-14.771517 -59.160996 63.554761
-15.241809 -33.202230 75.624950
-15.186200 -35.235554 72.554188
-14.987733 -58.525968 65.230100
-16.524139 -52.342743 79.447528
-15.395592 -43.691482 62.058883
-15.653467 -40.839922 65.830392
-15.548215 -46.116383 57.360832
-15.495058 -46.743023 55.714674
-15.019704 -57.726304 66.809167
-15.002121 -59.952124 56.869918
-15.519808 -45.797088 58.798692
-15.270935 -59.975852 58.850528
-16.327172 -37.595800 70.150115
-16.515309 -30.272573 79.763918
-15.801173 -56.352846 70.279477
-15.656412 -59.144836 63.564408
-16.691094 -53.998801 75.750793
-16.523939 -35.482592 72.940349
-16.561150 -31.698224 78.387075
-16.608167 -33.535040 75.997870
-15.825972 -58.411447 65.395027
-16.417685 -59.742486 58.936972
-16.842708 -45.737758 59.602176
-16.610590 -43.459051 63.111215
-17.357997 -46.384131 59.107687
-16.796594 -58.899957 63.588677
-16.836044 -55.391666 72.157883
-17.257385 -40.416848 67.394087
-16.680283 -47.406267 55.757153
-16.849720 -46.773921 57.578263
-16.824680 -57.407639 67.022983
-18.392452 -30.041531 81.433247
-17.678426 -38.313741 70.298564
-17.877462 -45.610216 61.049611
-17.711675 -44.307484 63.193327
-18.064956 -48.786253 85.652206
-17.990531 -50.296457 83.039231
-18.313406 -47.716448 88.508441
-18.746483 -46.684749 91.499671
-18.013639 -51.747745 79.806748
-17.469156 -59.240223 57.539508
-17.957319 -36.278361 73.595766
-19.057487 -46.268110 93.209342
-18.364455 -32.237307 79.268673
-17.496681 -59.291503 59.286286
-18.919040 -46.503758 61.717116
-18.708618 -47.352793 59.961970
-17.979663 -48.585659 55.817312
-17.605890 -58.793697 62.445266
-18.197899 -34.204366 76.732819
-17.949017 -53.342479 76.138122
-18.526569 -49.005138 56.763926
-18.665795 -45.320091 63.391575
-18.391483 -47.667714 59.003019
-18.412471 -41.313748 67.516229
-17.601206 -58.381843 63.879294
-17.717048 -56.722961 67.300642
-18.828033 -48.859463 58.636265
-18.097365 -54.321606 72.990468
-18.962189 -58.203785 58.309839
-18.907838 -39.304075 70.950585
-19.113060 -58.098407 60.392583
-18.989561 -57.611355 62.924392
-18.239722 -57.701007 64.157857
-18.435085 -56.012789 67.053229
-19.271859 -42.408715 67.974787
-19.029077 -53.276658 72.300036
-20.086164 -50.979070 57.585647
-19.295868 -37.230977 74.475662
-18.955673 -56.761846 64.535959
-19.025977 -55.438382 66.390050
-19.237449 -53.897567 68.698624
-19.791433 -51.130740 76.059795
-18.873225 -52.489094 76.324884
-20.123606 -29.754650 83.826162
-19.473127 -50.372684 80.424860
-19.884866 -57.226083 57.619914
-19.744018 -51.618002 72.186297
-19.253728 -45.878250 64.431272
-19.959527 -50.149553 59.314128
-19.426712 -49.363546 83.196289
-19.670194 -47.882050 85.715330
-20.427547 -31.636603 82.223757
-20.063602 -57.192151 59.525239
-20.108779 -49.730250 60.126427
-19.564675 -55.930688 64.491251
-19.573560 -54.297599 66.307122
-19.693302 -52.456482 68.499156
-19.711206 -35.159684 77.651027
-20.057323 -46.976145 87.975487
-20.260892 -33.112799 80.683141
-20.641318 -53.217136 57.591905
-20.675471 -45.684494 91.673641
-19.810954 -56.469073 63.163036
-20.276696 -49.636838 72.162890
-19.943385 -56.984401 61.084275
-20.667127 -48.981418 76.440622
-20.413443 -56.353888 57.979032
-20.265692 -49.318330 61.207817
-19.685097 -43.514585 68.590892
-20.182785 -38.466609 75.066855
-20.036220 -53.844055 65.251073
-19.990900 -51.116132 67.821431
-20.795854 -52.608515 59.788846
-20.444414 -55.167909 63.219031
-20.497805 -48.943865 79.979192
-20.272094 -48.816136 62.522742
-20.727847 -55.423778 58.153090
-20.564210 -56.217463 59.646148
-19.787760 -47.145586 65.675837
-20.115642 -49.530403 70.289963
-19.400401 -46.140175 65.315693
-21.072964 -44.968674 93.688904
-21.126481 -47.364577 76.136016
-20.718298 -54.079547 63.040333
-20.220586 -51.270122 65.852608
-20.564407 -54.947117 62.052941
-20.729816 -52.060063 61.511588
-20.756641 -55.077249 60.047875
-20.601113 -42.306737 74.536023
-19.922428 -49.128772 67.615757
-20.027512 -49.404861 69.232602
-20.650440 -51.377225 63.036731
-20.214276 -49.922231 65.538065
-21.460606 -46.915914 80.422258
-20.513120 -44.266462 72.856848
-20.475184 -46.549855 71.559302
-20.676896 -47.196937 72.876363
-21.009304 -46.835938 75.055034
-20.369262 -40.140831 74.584982
-20.304905 -48.434936 83.032729
-21.106335 -35.290977 80.271061
-20.881900 -46.858006 85.628501
-20.237883 -41.943960 73.544350
-21.672855 -30.411910 86.037459
-21.689507 -45.299249 88.927313
-21.971737 -44.939646 80.016016
-20.805115 -42.862771 75.158813
-21.814813 -32.057746 84.163212
-21.087009 -38.188608 79.185256
-21.364657 -42.235928 77.429899
-21.158066 -37.096827 79.376932
-21.237219 -32.482388 82.563272
-21.969064 -34.226873 83.016023
-21.805126 -40.981792 80.280059
-22.093669 -44.948709 86.579755
-21.570831 -44.762402 77.715250
-21.825723 -44.886066 78.778663
-22.348534 -44.163267 84.715254
-21.560890 -38.565023 80.296353
-22.229451 -44.065570 91.859990
-22.027748 -41.860466 80.655490
-22.612579 -43.142360 93.896172
-22.171057 -35.269100 83.221971
-22.560237 -33.192591 84.969062
-22.117372 -37.214794 82.494180
-22.714221 -41.247040 84.199868
-22.644587 -31.592922 87.434061
-22.400657 -36.898705 83.911747
-23.036477 -42.813476 90.760073
-23.617108 -41.071792 91.103450
-22.806211 -35.474090 85.997407
-23.482856 -40.398882 89.330204
-22.710611 -40.354728 83.736570
-23.460138 -35.497433 87.731875
-24.007076 -33.822246 90.931571
-23.692775 -38.590388 88.425238
-22.972187 -33.737882 87.343744
-23.697488 -36.812800 88.176604
-23.605412 -41.258828 93.873162
-24.165210 -38.562150 91.330432
-24.343336 -34.877878 91.660766
-24.127287 -39.644388 93.749219
-24.526814 -37.583593 93.321051
-24.533646 -36.216798 92.326409
-11.394019 -49.909330 55.010939
-10.571244 -53.593464 54.748449
-10.668976 -56.276462 55.019040
-11.298587 -57.594404 54.985231
-11.957808 -49.482585 53.237044
-10.918359 -52.880823 52.729676
-10.993185 -55.212106 52.384059
-11.575179 -56.928581 52.568321
-12.053840 -58.362560 54.905603
-12.306926 -48.340002 54.534056
-11.975914 -51.446443 49.961444
-12.891852 -48.964895 50.720885
-12.038135 -54.414941 49.351342
-11.829565 -52.802897 49.641440
-12.714400 -55.998842 48.971794
-12.263110 -57.699641 52.532409
-12.334034 -53.659984 45.870374
-12.332734 -52.156482 46.213789
-12.683051 -54.708038 45.572076
-12.686953 -50.592958 46.577211
-13.449775 -57.043492 49.114839
-12.420546 -52.552935 39.265022
-12.489687 -51.498161 42.562366
-12.974249 -49.980952 42.905082
-12.756728 -53.675320 38.398510
-13.431002 -47.754906 51.163851
-12.982396 -58.839531 54.439996
-13.453699 -48.347092 47.884195
-13.144668 -55.497800 45.336950
-13.000657 -58.183801 52.404665
-13.652776 -48.447238 43.621020
-14.095983 -46.987059 51.153017
-13.866147 -47.258840 48.058207
-14.106741 -46.922550 43.838649
-14.323722 -56.442140 45.506735
-14.321910 -46.921306 54.534598
-13.582224 -54.972023 39.330302
-13.857445 -58.530120 52.232706
-14.282887 -57.457560 48.905091
-14.258302 -55.488214 40.203295
-14.894123 -46.647032 51.267577
-14.541672 -46.198625 43.573798
-15.099946 -57.757091 49.510945
-15.553743 -46.924542 54.403084
-15.160500 -45.882406 43.797834
-15.155079 -56.567060 45.509654
-15.068747 -55.712197 40.879806
-15.831801 -46.112967 45.061441
-15.983097 -56.494110 45.913483
-16.237628 -59.689349 56.887686
-15.869577 -55.647177 40.995736
-16.550712 -47.228854 51.699763
-16.393593 -46.734712 47.149360
-16.719189 -56.024996 45.417288
-16.965966 -56.933199 49.114607
-17.204301 -58.542957 54.403989
-16.777598 -47.484166 47.804952
-17.207189 -55.723778 45.648689
-17.311192 -48.473355 51.854760
-17.048063 -48.117488 48.051949
-17.737835 -48.560573 53.654294
-17.823887 -57.505172 52.515321
-17.760979 -55.140571 45.782366
-17.992219 -55.908289 49.526068
-17.966511 -53.584012 39.730629
-18.100967 -54.720341 46.279413
-19.271560 -50.352578 53.854549
-18.464389 -49.972049 51.621501
-17.960673 -49.479425 48.247247
-19.593964 -57.054238 55.430612
-19.194933 -56.314076 52.788793
-19.847152 -50.628469 55.973061
-18.473510 -53.796897 46.603332
-19.011772 -54.409938 50.147107
-20.350121 -51.995127 53.699800
-19.449018 -51.562281 51.283489
-18.610537 -51.137139 47.808925
-19.955488 -55.176293 53.000164
-18.509704 -50.679485 43.607718
-20.694337 -52.605733 55.697967
-18.744276 -52.488250 47.271063
-19.489532 -53.038678 50.715000
-20.472362 -55.972862 55.483597
-20.534682 -53.585561 53.353584
-20.820178 -54.570190 55.560222
-11.634573 -49.279667 21.232998
-11.445310 -50.820318 22.287458
-11.096223 -49.437347 23.494014
-11.292385 -51.276186 24.487208
-11.997721 -52.696362 24.492010
-12.046167 -52.292170 22.502330
-11.310992 -51.306897 26.155266
-12.019429 -52.882124 26.395648
-11.148236 -49.526202 25.872772
-11.509558 -51.145244 27.472309
-11.418527 -49.367346 27.105685
-12.086651 -52.728172 27.763506
-11.353470 -47.875731 22.983847
-11.348261 -47.366901 23.884489
-11.380119 -47.297359 25.096819
-11.599388 -47.644868 26.472174
-12.063179 -51.104837 29.872602
-12.067245 -49.155277 28.200551
-12.405893 -52.484495 30.091709
-12.112842 -47.467006 21.591983
-13.190757 -53.427690 22.685531
-13.189721 -53.803232 24.796111
-13.230835 -53.983293 26.591213
-12.399156 -47.571445 27.479712
-11.703923 -46.932231 22.791739
-12.012627 -46.393751 25.907983
-12.474481 -49.364347 29.677647
-12.955142 -53.751216 27.971475
-13.419220 -52.442348 19.020566
-12.236890 -45.052019 24.644103
-12.205191 -45.304786 23.361031
-12.523292 -45.635318 22.435958
-13.088887 -53.579158 29.316326
-12.831200 -46.367043 26.973141
-13.055476 -45.069706 26.625425
-12.326535 -51.929939 34.062965
-12.544706 -50.023263 32.325059
-13.416479 -46.764366 28.785535
-12.841804 -46.365539 21.468196
-12.969401 -53.352073 30.681577
-13.513240 -44.365418 22.595588
-13.363912 -43.833257 24.126638
-13.624040 -43.756415 25.823372
-12.577316 -50.916866 38.878132
-13.166613 -49.473282 39.183532
-13.788605 -45.355603 21.646143
-13.312494 -48.271970 31.801450
-13.594057 -45.492948 28.484248
-13.729716 -54.225065 28.355818
-13.144106 -54.392930 38.495203
-14.609475 -54.147395 22.989794
-14.723544 -54.470745 25.698219
-14.019899 -44.435396 28.332796
-14.996714 -54.522486 29.016544
-13.471197 -53.889629 30.933203
-14.174593 -54.340334 31.372212
-13.870449 -48.081817 39.625182
-13.718999 -47.286250 31.358211
-14.213716 -46.505654 39.978805
-13.860788 -47.735051 35.878370
-14.214305 -43.719404 23.703133
-13.890256 -46.152768 31.238070
-14.573422 -43.249050 26.364586
-14.186855 -45.190146 31.096223
-15.142299 -44.179435 22.627381
-15.102406 -54.504078 31.579911
-15.101365 -44.830265 21.938313
-14.770551 -44.337562 31.008994
-14.692824 -44.913953 35.312736
-14.944384 -43.197310 24.508457
-15.167076 -42.916931 25.793552
-16.093995 -54.484464 25.325889
-15.985194 -54.199265 22.821910
-16.203895 -54.473214 27.516230
-15.386957 -43.258999 27.907855
-15.489065 -44.382010 22.430393
-16.175515 -54.205127 30.734369
-15.579122 -43.945230 30.640870
-15.564618 -54.659121 33.453382
-15.009771 -43.682786 23.220000
-16.404144 -54.419428 34.125547
-15.748327 -41.982139 24.332974
-16.000376 -45.178152 38.076281
-16.340077 -44.234328 31.102424
-16.193397 -44.458188 22.480409
-16.086063 -43.213115 27.806460
-15.599640 -42.413817 23.088019
-17.020216 -43.274747 26.447700
-16.139842 -42.094225 23.793366
-15.793570 -43.456292 21.763068
-16.344242 -43.013509 22.315167
-17.387664 -53.760039 22.962231
-16.551374 -45.847551 38.660766
-17.448849 -53.317969 31.040504
-17.138233 -53.866787 34.273557
-17.425259 -53.638172 29.130829
-17.581193 -53.993645 26.007413
-16.517043 -42.943154 25.910195
-16.846877 -44.140363 22.874849
-16.919072 -44.793613 31.222866
-17.056393 -45.263596 22.009670
-16.963482 -43.595263 23.429100
-16.889360 -43.145985 24.875890
-17.282192 -44.108282 28.403620
-16.910825 -46.408789 37.745001
-17.797658 -52.989441 33.681177
-17.239719 -43.551302 24.045808
-18.128992 -43.804348 25.438380
-17.219971 -45.482045 31.272283
-17.033530 -47.424282 40.045126
-18.349527 -44.620199 23.072845
-17.891398 -46.091949 21.828716
-17.076423 -46.758272 35.349247
-17.630009 -44.865536 28.533364
-17.479577 -47.410880 34.886571
-17.309299 -46.202334 31.572478
-18.136511 -52.050794 19.781596
-18.436680 -52.217602 29.198887
-18.308636 -51.839275 30.661078
-18.389314 -51.633151 33.596886
-18.586205 -52.862533 23.040438
-17.732336 -45.653348 28.802031
-18.808480 -52.806033 26.903877
-18.435279 -44.050363 24.152795
-18.500813 -45.000977 26.487628
-18.459886 -52.060350 39.325280
-17.770256 -47.225428 31.650408
-18.685964 -53.030874 24.945461
-18.216505 -47.068278 28.962308
-17.898598 -48.566877 39.350191
-18.181418 -48.209182 32.013198
-18.553866 -47.332676 21.750078
-18.564122 -48.459942 29.338834
-18.911738 -47.217025 27.194416
-19.357713 -45.932930 23.360716
-19.060288 -45.089412 25.430923
-18.446244 -50.154056 35.721251
-18.603781 -50.100510 30.363164
-19.450020 -45.399017 24.404080
-19.055186 -48.947707 27.915757
-18.974759 -50.640673 28.727629
-18.795488 -51.163488 20.586448
-18.823673 -48.597897 21.532497
-19.376194 -51.166251 27.594050
-19.398380 -51.600078 23.177736
-19.592150 -48.129612 22.821414
-19.607694 -46.967777 26.009385
-19.577363 -51.581090 26.338828
-19.559157 -51.715836 24.676772
-18.945174 -50.118556 20.686196
-19.751621 -49.454778 27.050666
-19.975961 -48.689137 23.505397
-19.734014 -50.269272 23.150717
-19.912375 -47.409392 23.828788
-20.104685 -47.735479 25.008819
-20.032013 -49.911329 25.831158
-20.001705 -50.212730 24.583540
-12.462958 -50.712268 15.770944
-11.716746 -49.252321 14.641525
-12.111159 -50.417400 13.043172
-13.266659 -51.528112 15.088452
-13.026066 -51.372718 12.289619
-11.608291 -50.269050 10.461707
-12.459276 -50.976486 9.903140
-10.933864 -49.369148 11.171045
-13.482244 -41.701821 15.787511
-14.562234 -40.028244 16.048329
-13.017463 -40.208175 16.079990
-12.727065 -38.928514 15.826815
-15.035335 -39.334805 15.599814
-11.901589 -40.610112 15.886025
-12.251806 -42.081606 15.648245
-11.532896 -39.379788 15.708482
-10.832831 -41.648661 15.099061
-11.381015 -42.699912 15.229705
-10.323418 -40.915371 14.573274
-10.187615 -42.810950 14.172151
-9.810057 -42.301689 13.541386
-9.532693 -45.116253 11.688244
-9.838091 -45.155276 12.771760
-10.668275 -44.098082 14.590390
-11.505439 -47.024688 15.705723
-9.954787 -46.437066 12.379849
-9.707234 -46.448869 10.458906
-10.286948 -48.062008 11.908291
-10.947670 -47.926663 13.719298
-10.025260 -47.572246 9.516520
-10.638866 -48.497353 8.716672
-21.009642 -47.126094 12.875916
-20.917677 -46.251255 13.301754
-20.694234 -43.916003 13.783896
-20.042118 -44.805618 14.817866
-21.714903 -45.562520 11.225111
-21.552831 -44.487133 12.022450
-21.533617 -47.297252 10.613358
-16.672762 -41.746758 15.845177
-17.377725 -40.528984 16.034475
-17.479558 -39.675400 15.796394
-19.090232 -40.183494 15.334052
-18.664556 -41.139388 15.735074
-18.262322 -42.356997 15.596427
-19.213441 -43.309415 15.306531
-19.898969 -42.495945 14.728537
-20.477908 -41.855704 14.152281
-21.222558 -43.208094 13.047210
-17.470955 -39.338785 15.516001
-14.987255 -39.100642 15.031009
-9.584045 -44.560369 11.328226
-9.805657 -45.810055 9.449497
-10.777013 -47.355171 7.557823
-10.174110 -46.545901 8.387981
-11.751454 -48.236043 6.797812
-11.416626 -49.244907 8.051739
-12.287618 -49.856513 7.658917
-13.575994 -49.132072 6.221326
-13.240338 -50.306260 7.378033
-14.272284 -50.667484 7.270377
-15.702256 -49.501474 6.054941
-15.848366 -50.861328 7.180136
-17.677031 -49.244934 6.251783
-17.469055 -50.631671 7.309870
-18.457387 -50.303760 7.634299
-19.748280 -48.331465 7.147084
-19.448719 -49.778983 8.087311
-20.340617 -49.078851 8.862700
-21.419846 -46.013870 8.860036
-21.005641 -47.163807 8.376198
-21.070663 -48.226866 9.702913
-20.619512 -48.574780 12.442870
-20.005405 -49.926635 11.645304
-19.170625 -50.976887 10.709089
-18.245215 -51.607298 10.057772
-17.401833 -51.928107 9.712605
-16.313669 -52.134876 9.581872
-15.209197 -52.073854 9.421007
-14.304095 -51.910698 9.465563
-13.271848 -51.469152 9.611281
-19.893469 -48.381916 14.359413
-19.474528 -49.801891 14.067516
-17.656417 -52.038641 12.630333
-16.150614 -52.465286 12.417062
-18.836313 -51.067917 13.514530
-14.567683 -52.244013 12.064444
-19.074694 -45.833962 16.307867
-19.168824 -47.361776 16.312167
-19.023653 -48.926903 16.827076
-18.847925 -50.200386 16.548846
-18.631645 -44.620257 16.478824
-18.424676 -51.220869 15.440176
-18.445338 -47.601652 19.184174
-18.776916 -49.615717 18.708165
-18.620545 -47.129898 17.795122
-18.601234 -50.789824 18.604336
-17.960820 -46.475977 19.423010
-18.190297 -45.711321 17.881993
-18.075127 -51.730138 17.993689
-17.444034 -43.424196 16.586832
-17.390530 -52.036141 15.118567
-17.085545 -52.646037 18.875103
-17.067921 -45.684613 19.515241
-17.250682 -44.695882 17.792564
-16.047869 -52.391786 14.951963
-15.872806 -53.026883 18.866990
-15.924237 -42.953698 16.646880
-15.886725 -45.345998 19.716709
-15.938142 -44.427191 18.032644
-14.587089 -52.219503 14.799861
-14.538373 -42.894176 16.642879
-14.607444 -52.896835 18.745676
-14.651611 -45.245867 19.490032
-14.592191 -44.338561 17.978326
-13.515330 -45.562173 19.274460
-13.305860 -44.463905 17.717439
-12.901040 -43.304798 16.593746
-12.680250 -46.332630 19.184630
-12.444371 -45.402719 17.767756
-11.994620 -44.190410 16.454116
-12.639396 -51.575652 18.832860
-12.287530 -47.397021 18.980866
-12.079334 -46.744351 17.551343
-11.522962 -45.366807 16.093995
-12.135036 -50.098663 18.352843
-12.137168 -49.944742 16.725605
-11.901515 -48.616851 16.965834
-11.545870 -48.361810 15.381455
-12.026813 -48.818144 19.029070
-12.044067 -50.378187 19.500240
-12.317193 -47.443442 20.472076
-12.783785 -46.633932 20.507474
-13.634370 -45.748935 20.697037
-14.707129 -45.325793 21.027348
-15.863452 -45.315512 21.206180
-17.062718 -45.689715 21.058559
-17.857285 -46.555304 20.872995
-18.442232 -47.825852 20.584197
-20.302522 -42.039172 13.666538
-18.748638 -40.107903 15.014710
-17.356377 -39.437077 15.096096
-15.149517 -39.429758 14.341121
-13.102746 -38.980961 15.218764
-11.809648 -39.329779 15.290997
-10.592521 -41.011976 14.085057
-10.115296 -42.475827 12.923238
-9.854944 -43.717168 11.622591
-9.912524 -45.340354 9.266647
-10.423788 -46.290800 7.880601
-11.098742 -46.884268 7.121979
-11.848797 -47.358014 6.532220
-13.254727 -48.159384 6.022544
-14.320579 -48.539516 5.900984
-15.737449 -48.720966 5.814916
-17.334900 -48.505813 5.949384
-19.115294 -47.878513 6.586391
-20.061177 -47.231197 7.169929
-20.920159 -46.649932 8.029044
-21.603070 -45.308617 10.118140
-21.437672 -44.561460 11.283761
-20.998261 -43.407807 12.543388
-20.686833 -41.706480 13.168314
-12.867223 -38.699911 14.972716
-11.474746 -39.124614 14.913299
-10.169008 -40.907109 13.461912
-9.684066 -42.045492 12.103157
-9.399141 -43.009514 10.386881
-9.410054 -43.857500 8.999887
-9.600788 -44.706986 7.609580
-12.438424 -47.588354 6.127999
-13.247140 -46.886615 4.290668
-14.232870 -47.094185 4.106596
-15.708517 -47.232281 4.055280
-17.601551 -47.049713 4.276623
-19.571259 -46.571709 5.141884
-21.847823 -45.137230 7.701961
-21.896139 -43.651930 10.320759
-21.415478 -42.774236 11.928999
-17.192805 -39.131043 14.641044
-15.070808 -39.175320 14.116496
-21.766882 -38.650875 10.047449
-19.705807 -37.709134 12.260544
-19.885753 -38.023224 12.533477
-18.323503 -38.344700 13.152688
-16.863749 -38.571297 12.969326
-13.218831 -38.506708 13.117296
-12.122021 -38.335138 13.017318
-11.040070 -37.842064 12.833487
-10.478567 -37.823930 12.342959
-9.278467 -38.591388 10.181759
-8.471920 -40.147658 6.580276
-8.779491 -39.195602 8.361178
-8.462783 -39.899928 5.732050
-8.598170 -41.014930 2.548984
-8.466238 -40.718047 4.691263
-9.785566 -41.731753 -0.042783
-9.059194 -41.380920 1.156356
-10.986425 -42.316823 -0.915154
-10.961840 -41.896943 -1.202904
-13.252998 -42.647324 -2.086001
-13.285378 -42.205167 -2.426675
-15.800930 -42.321310 -2.805109
-15.782335 -42.763761 -2.470554
-19.633559 -42.596961 -1.547180
-18.089433 -42.817448 -2.089677
-18.356435 -42.223637 -2.508662
-21.618847 -42.151629 -0.272171
-20.635535 -42.509522 -0.929000
-21.271427 -41.837769 -1.026899
-23.065247 -41.035922 2.059279
-22.496190 -41.487096 0.577883
-23.182739 -39.914334 6.104343
-23.312673 -40.492134 4.086162
-22.600799 -39.253639 8.056406
-21.404673 -38.297436 9.702292
-21.093570 -38.361659 9.481308
-19.145644 -37.717423 11.533430
-19.478298 -37.520572 11.775923
-18.257430 -38.514966 11.751735
-12.482257 -38.630941 11.555164
-11.405949 -37.691524 11.627642
-11.132062 -37.513691 11.992644
-9.782596 -38.505529 9.182461
-9.380565 -38.460298 9.341003
-8.714056 -39.657324 5.488511
-9.227340 -39.872942 5.276257
-8.911317 -40.536887 2.465446
-9.511826 -40.758515 2.073275
-9.612934 -41.048400 0.590336
-10.643412 -41.230964 -0.096246
-11.198357 -41.517315 -1.190536
-13.246842 -41.692147 -1.921674
-13.425248 -41.805131 -2.309003
-15.851307 -41.899969 -2.681481
-17.047737 -41.776770 -2.271641
-18.214693 -41.816525 -2.383741
-19.845517 -41.485901 -1.209795
-21.048586 -41.431612 -0.980126
-21.623548 -41.034926 0.407732
-22.590147 -40.715490 1.460512
-22.554681 -40.169848 3.342301
-22.701384 -39.305556 6.350467
-22.928586 -40.004810 3.974912
-22.187380 -39.160903 6.834889
-22.003839 -41.104094 1.828863
-22.345957 -40.261221 5.201494
-17.063533 -40.514632 6.117947
-21.698843 -39.624602 7.819489
-20.547479 -41.648458 -0.281800
-18.264840 -42.015834 -1.548420
-15.675785 -42.154560 -1.901220
-14.565941 -41.243228 3.817957
-13.129840 -42.072303 -1.431505
-10.751648 -41.678017 0.248192
-9.545510 -40.881500 3.615927
-9.913227 -41.326779 1.737979
-13.514747 -40.458278 6.310894
-10.258450 -39.303636 9.486281
-12.228431 -39.731907 8.553912
-11.287109 -38.820721 11.249718
-12.722278 -38.884360 10.440264
-17.694812 -38.833527 10.351709
-19.187011 -38.717930 11.277770
-20.914918 -39.146784 9.557444
-18.452445 -39.620503 8.713030
-16.465634 -40.779572 3.953642
-17.596926 -39.323227 8.554443
-12.927678 -39.450368 8.423797
-14.013971 -40.113081 6.160715
-16.824040 -39.977168 6.525396
-15.033245 -40.908285 3.400992
-14.942047 -38.673626 12.742088
-16.677940 -41.213807 3.796161
-15.583490 -41.503859 2.367086
-12.736983 -41.280785 3.021726
-9.676756 -39.956096 7.267922
-15.758632 -45.336088 1.185772
-14.067215 -44.911553 0.844874
-12.970748 -44.745497 1.108782
-11.941003 -44.522224 1.566445
-10.973578 -44.241628 2.126803
-10.150602 -43.901815 2.882446
-21.138086 -44.239029 2.849995
-21.961961 -43.773774 3.874298
-22.523550 -43.251996 5.075681
-22.760728 -42.589974 6.653000
-22.656995 -41.908345 8.234460
-22.119114 -41.157296 9.892336
-21.333450 -40.409243 11.546470
-19.677795 -39.284469 13.787822
-15.530701 -39.198842 13.531215
-13.696690 -38.950254 13.913763
-12.115068 -38.432556 14.143389
-10.778813 -38.836519 13.943373
-9.550981 -39.915780 11.620795
-9.062938 -40.696239 9.910852
-8.776112 -41.478304 8.198288
-8.782013 -42.209548 6.602593
-8.968076 -42.942395 5.005017
-9.431671 -43.449962 3.856453
28.717126 -37.095735 115.003543
28.886580 -36.394019 116.870700
28.898644 -35.113194 115.157098
28.696418 -36.009369 113.663097
28.885681 -35.208300 117.280307
28.492250 -38.324247 116.711116
28.645878 -34.880592 113.705272
28.481146 -33.679979 116.156525
28.539065 -19.343083 119.987216
28.722228 -25.867670 116.471038
28.521259 -30.582850 115.835823
28.503454 -38.372061 120.018224
28.635840 -37.012581 122.048866
28.170243 -16.551849 122.719134
28.303999 -32.916077 115.401755
28.064907 -39.686604 118.464710
27.923565 -34.169320 111.976192
28.422250 -38.265252 122.951840
28.260972 -19.837349 116.820154
28.448836 -26.373340 114.105247
28.161039 -31.245473 113.755131
28.178344 -38.001037 113.135920
27.910955 -39.395204 114.907518
28.177144 -36.646183 111.828483
28.084801 -39.938695 121.796454
27.921459 -35.387059 111.039217
28.048101 -33.415799 113.871167
27.912455 -16.377789 119.855175
27.129479 -42.317945 120.757921
27.466150 -41.868270 123.065030
27.376575 -40.843291 116.817155
27.948567 -21.095871 113.955195
28.073409 -27.247532 112.110575
27.553280 -31.469851 111.160244
27.416305 -33.112623 111.778242
27.313967 -15.569061 116.807531
27.228227 -38.942351 111.165259
26.742434 -40.693060 112.853912
27.296549 -37.421845 109.917839
27.147800 -35.892531 109.212608
26.703851 -42.395008 118.453705
27.492215 -23.187671 111.313311
27.564138 -28.275778 110.316975
27.698085 -11.646504 123.466386
27.134394 -9.543199 125.563090
26.652662 -43.578961 121.681914
27.222925 -18.617540 113.450029
26.894814 -34.328404 108.834476
26.408487 -41.941949 115.168012
26.517404 -43.242804 123.779899
27.126667 -12.066491 118.414690
26.787278 -8.996566 122.806161
27.102184 -16.118203 115.186611
25.926686 -44.417121 120.454398
26.795082 -29.536500 108.415336
26.797982 -26.018320 108.696436
26.571607 -31.772450 108.505370
26.412078 -33.281278 108.845275
26.649431 -21.138885 110.178928
25.761765 -43.296540 116.781124
26.518889 -9.412875 119.977210
26.073740 -36.633880 107.217936
26.158668 -38.292036 107.957183
26.010618 -39.978301 109.071562
25.163023 -45.396609 122.263804
26.562603 -18.672358 111.393339
25.858868 -35.163985 106.978858
26.305717 -7.648894 123.803497
26.448465 -13.755010 114.595409
26.016420 -10.686582 116.671109
25.394160 -33.519994 106.849756
25.904782 -22.983503 107.343978
25.763736 -28.107220 106.283625
25.717419 -30.880450 106.282625
25.594478 -32.213297 106.387656
26.022522 -7.378053 121.184616
24.482260 -45.782092 118.513829
25.507350 -44.496314 124.173624
24.746894 -46.047397 121.042875
25.630091 -16.138309 110.495036
25.440328 -6.006083 124.865850
25.570771 -8.331793 118.247634
25.184442 -12.928734 112.875831
25.124922 -5.658006 122.220966
25.149497 -39.535911 105.358358
25.136425 -38.194504 104.612067
25.317194 -40.641674 107.629947
25.021286 -36.689196 104.160912
24.812398 -45.590465 124.366659
24.713884 -5.803335 119.772147
24.691175 -10.041866 115.011549
24.276837 -26.880411 103.872813
24.313150 -21.504309 104.968182
24.431689 -30.234934 103.699759
24.312631 -34.442468 104.043548
24.567835 -31.654411 103.815795
24.502712 -33.038772 103.827800
24.163600 -16.662085 107.232941
25.179040 -4.900142 125.149949
24.046260 -7.291644 116.584075
24.937058 -4.594020 122.376017
24.939962 -41.155468 106.677365
24.404086 -46.560967 120.286030
23.394741 -12.652441 110.688101
24.530922 -4.472829 119.822160
23.503039 -48.865568 121.729392
23.436748 -48.529183 123.499814
23.834288 -46.109056 116.884178
23.844592 -5.462631 116.681107
23.016015 -9.974243 112.384669
23.324117 -48.048805 118.541732
23.400843 -32.058044 100.888819
23.085037 -28.054903 101.342966
23.536289 -33.188225 100.662738
22.847958 -24.147393 102.134232
22.410511 -19.844651 103.494688
22.361396 -48.255375 116.372006
23.043824 -49.382954 119.953208
21.785102 -15.984157 105.577387
22.842556 -7.542828 112.520716
22.011400 -49.894421 117.825290
22.608377 -49.856612 121.994892
22.171931 -50.664382 119.923199
21.703674 -14.486255 106.236605
20.951322 -51.199561 117.838501
21.629549 -10.614058 107.325974
21.531917 -4.811142 108.588398
21.436686 -51.064116 120.724462
20.381532 -50.278354 114.881508
20.332315 -18.505602 102.008190
20.750655 -22.611379 100.585716
19.714608 -51.554981 115.865839
19.432014 -52.310433 118.296654
20.181064 -13.291855 102.828465
20.065726 -5.731891 104.583051
18.472992 -52.078754 113.991210
18.298034 -52.519305 115.769806
16.930976 -52.853416 113.532057
15.458081 -53.017870 111.212279
14.276786 -53.174722 109.196604
13.455210 -53.082894 108.136243
12.550707 -53.053782 106.876826
10.172010 -51.877686 104.435006
7.307839 -50.106795 102.364312
24.736792 -39.159927 103.244604
24.449195 -38.319042 102.133232
23.545629 -35.917133 100.921789
23.604311 -34.343512 100.826794
21.242620 -28.316792 98.689275
21.013143 -25.102814 99.598683
18.585129 -26.108051 97.349631
18.170990 -24.364066 97.480076
17.930210 -21.126080 97.853698
17.743847 -15.626338 98.481808
17.443847 -6.283346 100.445670
15.486491 -23.790674 94.571402
15.452579 -20.601706 95.111981
15.080455 -16.685994 95.035455
14.616999 -5.718147 97.396644
12.166678 -21.897640 92.339353
12.365044 -16.470921 93.256454
13.513329 -53.760119 106.074555
11.898289 -3.606709 95.720781
12.360743 -53.126606 104.716098
11.169243 -52.249614 102.799456
10.778112 -51.907100 103.031536
9.492862 -50.353979 100.042535
9.578451 -19.081595 91.337514
8.970707 -12.588419 92.858524
9.463672 0.213840 96.006277
7.935750 -49.172583 100.249605
9.323020 -50.061545 100.560141
7.402241 -46.381948 96.176439
8.235820 -48.383817 98.278439
8.179672 1.817949 96.116017
6.780293 -4.743690 95.108180
6.834869 -47.555738 98.832138
5.452867 2.458004 94.920617
5.433601 -9.119476 94.442452
5.326396 -39.224947 93.827347
6.582356 -44.529726 95.263833
6.991343 -46.278814 96.781936
5.840218 -45.609186 96.357996
4.453763 -2.737778 94.621513
4.645977 -11.306889 94.481268
4.450352 -38.920745 93.579668
5.098699 -42.606581 94.708945
3.518079 -6.915178 94.464463
4.123502 -30.984186 93.699008
3.582721 -33.384691 93.708007
4.216923 -14.055811 94.544591
3.714925 -22.587370 94.645523
3.864695 -17.092929 94.649721
3.021213 -9.487820 94.738854
2.473609 -24.654563 94.862896
2.761196 -11.664810 95.250829
2.543373 -13.917665 95.812815
2.352869 -17.260386 96.549764
24.893674 -42.541706 110.028082
24.418339 -43.860580 112.504239
23.818284 -45.345800 115.179605
23.770270 -44.372604 107.552140
22.508574 -46.717097 113.621793
23.087275 -45.870519 108.937148
24.023097 -43.198950 105.859128
22.313940 -47.007806 110.788637
21.822515 -47.865745 114.436359
21.977967 -47.674778 109.124574
21.229016 -48.318594 111.629419
20.962627 -48.956908 110.068890
19.004171 -50.916965 112.144591
20.122818 -50.776235 108.221256
19.343783 -50.414099 111.217278
19.440716 -50.480421 110.299971
19.679797 -50.829735 109.241617
16.963386 -52.999263 111.566394
17.518771 -52.824106 108.784463
16.554949 -53.747213 109.013536
15.118067 -53.972890 108.191262
24.406017 -40.968760 103.145007
23.990640 -40.620316 100.665745
24.033311 -42.491011 103.946645
24.197911 -41.514815 103.762776
24.001144 -41.933855 101.935167
23.381137 -40.071231 98.778607
23.508980 -42.728223 99.442732
24.612377 -48.310336 103.086188
24.623953 -47.776714 101.567040
24.289126 -47.512660 99.466941
24.527768 -45.646628 103.257197
24.261281 -45.338744 101.580366
23.631906 -43.340035 101.187923
24.343078 -46.130914 105.245840
24.283839 -44.129591 104.153913
22.750826 -42.435324 96.255865
24.179304 -44.721391 105.005197
23.757463 -45.847768 105.830470
23.095741 -44.170406 98.711484
23.823310 -46.092815 98.937772
23.814083 -47.540436 105.964518
24.272836 -49.149676 104.753113
23.785972 -50.214631 105.950513
22.838756 -51.902498 107.114905
22.948791 -49.346542 106.585728
22.977901 -47.378681 106.969852
23.064930 -39.244252 97.871206
22.822950 -38.075563 97.122954
22.330784 -36.667991 96.587275
22.449724 -44.661870 95.603845
21.219412 -34.602498 96.393912
22.158554 -40.818819 95.226803
21.736085 -49.411261 107.295965
22.411412 -45.926095 95.114781
21.553325 -51.619501 107.244946
21.336751 -54.064821 107.838147
22.798852 -47.511114 94.760224
21.330449 -40.288204 94.035417
21.747940 -43.891943 93.686263
21.511710 -45.035694 93.146218
21.577715 -46.733815 92.841910
20.102138 -39.689702 93.011774
19.999803 -51.742341 107.634076
20.066443 -45.178473 91.062238
19.639483 -54.017205 107.743114
19.325478 -56.075497 108.132244
19.987443 -47.820754 90.250053
18.417773 -29.847004 95.299643
17.955619 -39.964594 91.505272
19.643184 -43.521088 91.228774
17.744248 -43.919720 89.842316
17.708336 -54.479862 107.747113
17.385027 -56.011274 107.879161
17.694831 -53.609567 107.833140
18.135618 -47.616725 88.579014
17.501466 -53.319771 108.103235
17.987429 -46.089450 88.990124
17.036010 -57.515078 107.433012
15.476387 -27.972175 92.849923
15.411266 -40.973534 90.125110
15.361049 -44.917655 88.412836
16.349606 -48.168756 87.293053
16.073587 -46.562108 87.805134
15.720069 -55.804505 107.522039
15.876558 -54.625537 107.620072
15.301128 -56.992102 107.529038
14.840174 -54.985929 107.973187
14.890991 -58.341855 106.480690
14.144841 -54.193763 106.736772
13.763658 -55.717257 106.971569
13.930669 -56.589169 107.049881
13.636671 -57.476765 106.420672
14.637660 -48.425739 86.656044
13.656677 -55.692167 107.207931
12.832001 -41.924453 89.236308
12.414161 -24.534222 91.487368
12.967746 -45.197850 88.056217
14.715332 -46.828295 87.309767
13.275050 -55.840616 107.233941
12.911628 -47.131596 87.147107
12.412660 -53.517438 104.382987
12.473481 -57.354524 105.417337
11.515360 -56.453424 104.881155
12.969957 -48.775038 86.520256
13.231935 -58.396473 105.416330
11.356706 -55.952355 105.600397
11.067210 -55.066557 105.840476
11.968098 -57.992911 104.330555
10.203320 -51.529872 100.958842
11.412658 -49.154724 86.871387
11.168643 -47.584850 87.419102
10.928063 -45.867375 88.141840
10.545235 -42.580373 88.734744
10.629863 -56.907273 102.933503
10.007954 -21.305441 90.788128
9.436663 -55.816007 101.132897
9.483338 -55.519608 102.286283
9.290894 -55.356453 103.142573
10.048554 -49.513464 87.671094
8.803751 -54.587495 103.628736
9.667150 -48.160742 88.159753
8.257358 -48.227965 97.279806
9.253251 -45.766042 88.227669
8.660713 -42.836158 88.714336
9.101131 -50.586795 88.846315
8.772471 -49.514296 88.849681
7.592615 -17.430243 91.699338
8.472120 -48.064610 88.671322
8.400035 -54.003800 99.023990
7.986467 -45.900086 88.807163
7.948454 -53.178923 99.498247
7.712025 -53.276757 100.640735
8.019576 -49.875509 89.811055
7.204154 -52.500397 101.283948
7.572835 -47.822189 89.563978
7.583830 -51.593950 95.450488
7.257433 -43.611816 89.359152
7.298610 -51.504835 98.152833
6.767688 -43.696046 94.881702
7.869232 -50.995456 91.206581
7.292884 -49.350129 91.090667
7.669208 -51.040232 92.353182
6.718272 -50.394390 98.257131
7.106927 -49.917660 93.211579
6.220005 -17.967023 92.325944
6.614067 -46.913624 91.475264
6.760847 -49.452882 95.491266
6.420642 -44.504018 90.507234
6.143149 -49.002925 98.868939
6.563502 -47.906629 93.042981
5.595976 -36.845850 93.869667
5.467022 -19.835849 92.738985
5.952899 -45.306022 92.141655
5.444625 -46.296817 95.586138
5.323594 -24.100478 93.015178
4.757935 -27.528527 93.316480
24.496208 -50.550902 102.144046
24.542927 -49.698959 100.661738
24.113229 -52.032100 99.404282
24.200447 -52.237377 101.148199
24.288573 -49.027450 98.969788
23.713692 -52.265317 97.295589
23.474858 -55.223111 99.273120
23.905327 -48.724980 97.713370
22.632699 -58.626511 96.080132
24.108482 -51.893992 103.702758
23.599020 -55.022513 101.876951
23.583804 -53.126606 104.751114
23.210779 -55.489298 103.375653
22.588471 -54.755352 105.802461
22.771945 -55.169538 94.398515
22.207744 -56.963593 104.310964
22.770719 -57.776373 101.577588
22.803002 -51.924226 94.743311
21.773745 -59.223483 102.391726
22.725557 -57.895943 94.944360
22.151319 -61.533599 95.758995
22.342698 -54.810898 93.232032
23.025904 -49.451947 95.198061
21.047254 -56.517345 106.549713
20.682933 -58.381469 104.990192
22.493366 -50.843938 92.671862
22.631252 -49.083896 93.897844
22.298875 -60.631624 97.379739
20.340567 -60.164193 103.310476
21.824990 -63.531090 91.853740
22.233296 -61.561345 93.853884
21.808610 -50.294556 91.551789
21.636219 -48.979891 91.982842
21.605251 -62.302628 97.838992
22.211308 -54.005551 92.449749
21.959560 -52.224505 91.438447
21.561514 -61.518548 91.046531
21.229915 -51.150846 90.325372
20.874539 -62.722580 98.993431
21.612930 -54.574853 90.549340
21.065584 -57.343626 89.554080
21.494954 -57.750642 90.521727
21.286382 -62.707717 89.317802
21.416371 -64.716211 94.687392
21.778756 -64.116446 92.478446
21.080441 -66.514703 89.473288
20.909325 -54.807200 88.830304
20.252588 -52.253014 88.869585
21.180513 -66.187796 92.861860
20.215432 -49.728338 89.866524
19.653888 -63.543298 99.669004
20.853790 -63.677143 87.968587
19.031279 -57.974533 106.734773
20.749459 -58.473327 87.906448
18.722676 -59.427618 105.224272
20.347194 -67.689161 93.923754
20.573790 -63.299781 86.816224
20.415899 -69.261626 86.294740
19.388779 -57.291824 85.572025
18.445163 -61.195030 103.466595
20.134812 -69.411693 84.409083
19.458022 -67.907565 95.576331
19.411507 -65.888181 97.712851
20.129403 -59.533817 85.691144
20.227281 -63.102552 85.919400
19.806472 -71.036864 81.585497
19.754380 -70.807432 80.901415
20.143451 -62.861768 84.882249
19.382418 -70.248231 80.091657
20.026349 -71.618113 85.191030
20.263492 -70.692197 87.786321
19.978296 -71.919209 83.878013
18.357153 -52.129373 87.234241
18.345930 -50.023900 88.134277
19.867459 -71.802265 82.892881
19.730013 -72.411569 88.567986
18.035613 -56.611905 84.514175
18.476164 -64.392822 80.479719
18.047950 -64.332163 99.999315
18.857820 -71.421240 92.660262
19.313660 -69.622968 79.797949
19.262155 -65.792156 81.020053
19.014073 -73.770729 89.311132
17.983048 -67.098563 97.616299
18.784697 -68.694427 78.886037
19.978096 -73.805736 84.419294
20.191340 -74.391603 82.692771
20.326805 -74.272278 81.417869
20.787834 -78.315617 77.770887
20.645914 -78.973599 80.273290
20.700925 -77.496717 78.665771
20.337847 -80.017902 80.998852
20.490682 -81.640241 79.186400
20.707453 -81.349914 78.094062
20.631375 -79.884526 75.977172
20.040380 -77.973065 74.748313
19.957495 -76.285060 76.211313
20.378569 -79.356158 81.787522
20.674185 -78.149836 81.251775
20.725918 -76.632589 79.670793
20.086088 -75.745748 76.654676
20.254788 -74.856992 77.648730
20.066210 -77.853083 82.941176
17.674736 -61.125923 81.453136
19.679597 -74.665827 85.539673
17.933110 -72.221305 92.822815
16.798943 -59.053805 106.257180
20.082964 -72.808767 79.708250
20.215804 -73.745795 78.628421
17.699154 -69.415769 77.194171
19.382996 -71.266090 78.744892
19.222742 -75.800210 86.286619
19.993384 -82.012757 80.244532
19.855639 -80.005538 82.529150
19.944956 -82.823957 79.065480
18.081561 -74.363128 90.352588
20.010108 -76.238650 83.505086
19.465682 -72.777567 77.523840
18.578600 -73.408737 75.323472
18.643549 -70.529339 77.697841
19.532319 -77.758035 83.966750
18.762591 -75.573113 74.651051
19.197778 -82.680209 80.829812
18.939171 -83.772700 79.236260
18.741450 -76.651195 73.574114
19.108755 -80.561281 83.190390
18.604336 -76.776337 86.863214
16.274977 -61.567317 103.627164
18.766388 -72.137163 76.456306
18.764800 -79.632709 84.121328
18.741282 -78.456816 85.047938
18.227908 -74.462016 74.308926
16.653951 -68.598684 76.744618
18.497045 -82.906122 81.364918
17.641449 -81.807747 83.647918
17.803567 -77.467868 87.386888
16.261184 -64.670480 100.027080
16.528440 -50.522843 86.896764
16.554549 -52.057449 86.218001
16.600165 -54.421641 84.739401
16.515835 -57.444555 82.738334
16.319271 -60.482671 80.944634
17.869448 -71.637850 75.538205
16.508133 -69.991057 95.439391
16.674790 -72.937144 92.729682
18.100589 -77.144288 72.025469
17.549923 -79.981589 85.227167
17.518331 -84.186047 80.658070
16.819637 -75.609640 90.030978
16.777342 -79.272458 86.411226
17.455936 -85.060707 79.061923
17.267762 -73.210490 73.898243
15.941443 -63.331427 79.243663
16.836505 -74.159554 72.812331
16.591991 -76.087232 71.127364
16.688461 -82.057533 83.980533
16.390662 -84.909609 80.328476
16.395195 -85.612298 79.018284
16.117257 -86.599125 76.075227
15.415545 -68.480419 76.207886
15.836219 -79.407155 86.615526
15.705864 -75.993771 89.898433
15.426071 -73.152418 92.553620
14.491051 -60.057865 104.829082
15.078654 -70.069987 95.190307
15.533558 -74.068947 71.979044
15.477307 -76.066237 70.397955
15.632522 -82.163282 84.232571
15.458818 -72.635460 73.524278
15.179017 -85.065980 80.491960
16.793623 -71.454065 74.785778
15.089258 -52.065852 85.765945
14.917465 -50.816830 86.289275
15.234006 -54.268991 84.262839
15.237007 -57.119044 82.400521
14.746942 -67.119398 97.552397
15.034939 -59.843560 80.839397
15.006145 -85.920568 79.077141
14.240867 -61.600073 102.886689
14.527670 -62.278176 79.516955
14.494659 -64.544835 99.591677
14.164948 -65.421525 77.932921
15.049138 -79.243327 86.692586
14.446209 -73.426474 91.878254
14.788309 -81.958997 84.441168
13.928417 -74.534237 71.660883
13.939832 -72.956964 73.505831
14.192563 -76.376628 70.077871
14.446519 -83.627327 82.239418
14.206129 -69.019632 75.949384
14.156369 -85.017594 80.570310
13.853244 -69.718467 94.766864
13.905715 -85.880020 79.165771
14.216376 -77.320289 87.924711
14.167600 -79.458655 85.997643
13.467314 -72.446684 91.856892
12.530606 -81.238090 84.033293
13.619265 -77.392037 87.225037
13.317264 -74.888199 89.122172
12.572288 -70.812195 91.910315
14.212964 -54.257085 84.171615
13.846027 -52.171631 85.698387
13.693846 -51.134578 86.166096
14.032404 -57.434580 82.097609
13.355905 -50.270359 86.255229
12.513047 -82.442046 82.472475
13.399791 -66.623130 96.993814
13.660979 -80.631625 84.980785
12.113120 -83.893193 80.701389
12.759377 -78.538928 85.649206
12.845906 -76.616882 86.859115
12.663344 -74.079533 88.602200
11.871448 -69.578405 91.412308
12.898823 -69.106560 94.184965
12.600123 -80.040126 84.844242
13.059221 -85.300739 79.319120
12.946639 -60.406546 81.030257
13.481619 -63.203184 79.339993
12.735253 -72.911546 74.449690
12.695147 -74.154341 73.601032
12.622331 -75.953955 71.501764
13.161011 -69.066446 76.580371
12.469950 -75.193813 72.100682
12.979410 -66.850158 77.928410
13.043272 -63.931928 98.910350
13.656025 -56.679131 82.648895
12.584380 -57.527632 82.749110
12.883828 -86.508061 75.760501
12.984852 -59.083303 104.438005
12.868314 -59.669300 104.080883
12.678623 -60.901848 102.154548
12.159976 -75.621447 86.226403
12.026931 -72.999871 87.869654
11.805657 -77.550590 85.074818
11.883240 -76.878841 72.218809
11.559274 -79.204145 84.338770
11.176173 -67.645285 91.280488
12.271002 -70.279507 77.056429
12.009095 -73.316528 75.442134
11.900276 -84.485448 79.706831
12.021921 -63.546641 97.831657
11.822663 -61.336957 81.521526
12.167578 -68.129235 78.293744
12.347238 -52.332642 86.078450
11.790933 -75.206177 74.879506
11.418545 -80.396607 83.622106
12.168140 -51.146759 86.492911
11.506356 -66.162176 80.108852
11.419064 -81.607996 81.967988
11.677820 -72.794716 77.024459
11.754940 -74.716541 75.902341
11.426130 -58.160993 83.632730
11.781871 -76.307750 73.152518
11.783686 -70.376647 78.255493
11.108223 -75.908446 83.943038
11.570165 -74.230714 85.304899
11.441135 -71.476960 87.042778
11.309878 -62.701570 97.148056
10.785015 -75.725081 77.424152
10.799556 -74.586325 78.322120
11.069207 -78.073280 73.734194
11.056988 -84.434604 77.582194
10.736699 -77.898707 83.179178
11.299987 -72.042748 79.644691
11.182848 -55.114073 85.459041
11.065952 -76.657805 76.068374
11.083734 -83.583069 79.836856
10.796821 -67.045589 90.359861
10.596852 -79.078507 82.559975
11.258734 -69.796878 80.767077
11.095119 -64.416191 94.647927
11.117727 -52.681858 86.737874
11.714361 -58.452350 103.333830
10.932006 -51.272156 87.189441
10.940361 -77.923037 75.246588
10.727238 -80.145622 81.313891
11.746837 -58.961161 103.383651
10.192309 -58.686086 85.149413
11.586370 -59.818848 101.563652
10.153904 -81.592549 75.978370
10.342267 -83.293520 77.727850
10.397385 -81.186911 80.520290
11.299320 -71.255077 84.908327
10.432774 -75.954505 80.942230
11.146136 -72.970060 82.057602
10.991385 -58.140589 102.638398
10.543297 -62.759031 94.352471
10.304284 -82.203197 79.427997
10.120551 -80.525984 77.626620
11.129330 -70.667584 82.999721
10.704719 -67.598830 86.663615
10.924661 -68.663617 88.202965
10.152931 -56.940857 101.341554
10.590952 -59.689444 97.939535
10.302346 -79.108547 78.737123
10.582609 -78.271039 79.120781
10.116775 -65.157872 86.008710
10.343167 -77.187271 80.183378
10.894434 -58.847052 100.634484
9.974573 -62.870472 84.874548
10.301812 -64.170755 90.750503
10.264830 -62.460934 93.097756
9.896867 -55.594734 86.791992
10.486314 -57.889501 100.136560
10.300978 -64.397928 88.702697
9.790272 -53.143713 88.010601
9.726657 -51.638997 88.458704
9.625694 -56.055288 100.377745
10.225127 -58.341553 97.249194
9.749652 -56.165630 98.407168
9.777212 -59.281161 91.940629
9.691364 -56.875223 95.664007
8.931188 -56.503127 88.391504
9.362215 -57.603883 91.470287
9.221351 -59.614681 88.858687
8.993717 -54.692683 98.780553
9.216509 -54.615405 96.484343
9.232275 -55.005337 93.196345
8.743830 -51.922173 90.251709
8.739520 -52.835600 90.170009
8.751854 -56.685099 90.412308
8.948254 -53.725237 94.107516
8.435113 -52.912911 92.388274
8.129482 -52.545040 95.851158
8.417147 -53.024498 94.590802
20.806973 -82.172944 75.103176
20.684433 -80.525694 74.127446
20.457256 -83.366039 75.759890
19.829833 -79.114378 72.777438
19.659389 -84.260641 76.143724
20.524280 -82.696122 72.806607
20.342319 -81.205815 72.151480
19.942485 -84.158205 73.397702
18.406980 -85.218451 76.309925
19.180228 -85.184856 73.821443
19.443317 -82.274777 69.940839
19.481530 -83.803487 70.348882
19.001568 -85.246071 70.694594
18.221833 -85.987722 74.182015
18.461487 -80.788477 69.278218
18.360953 -86.276721 70.952485
18.600087 -83.977923 66.849471
18.725488 -85.479953 67.206509
18.468652 -86.825481 67.511238
17.985729 -82.386913 66.308427
17.866949 -85.936885 60.022354
17.298172 -77.989977 69.793909
18.092364 -87.769416 67.746706
17.385895 -87.402648 71.305692
17.948025 -90.574762 62.096665
17.338888 -79.487038 68.588999
17.050103 -81.156497 65.638723
17.048546 -85.961132 57.698218
17.496095 -88.653631 67.808769
16.799383 -87.715268 71.852964
16.784469 -79.507347 67.073133
17.131772 -94.037600 57.732245
16.650776 -89.330135 67.914533
16.846299 -83.644361 60.340163
16.392490 -78.380810 67.784454
16.039781 -89.307560 68.637699
16.496635 -84.096951 58.162195
15.863479 -91.891670 63.473767
15.684439 -77.849641 67.903306
15.900950 -82.680827 59.694374
14.986921 -87.186228 75.025574
15.173015 -89.556858 68.493539
15.037794 -91.840849 63.775965
14.855723 -77.796393 67.878106
15.183162 -82.109247 60.472959
13.799362 -86.839936 75.974226
14.268182 -88.369616 71.345912
14.216711 -89.625950 67.971994
14.248783 -92.017949 63.148008
14.106110 -78.656964 67.098006
14.558111 -82.645224 60.206001
13.091830 -76.536235 70.648314
13.461330 -87.999581 71.073413
13.398968 -79.313671 67.568004
13.870149 -80.682545 64.793721
14.046978 -82.758482 61.583611
13.238983 -88.938738 67.765557
13.601288 -92.297095 61.851107
12.260346 -86.375570 74.754419
13.363933 -82.187345 65.167931
12.969942 -80.161955 67.995081
12.624624 -87.066460 70.666791
13.184044 -92.495823 60.593460
11.955007 -79.435324 70.287559
12.744175 -92.036082 59.851184
12.674748 -88.169056 67.159008
13.656978 -84.251842 61.902050
11.559675 -85.798961 73.953689
12.685752 -84.249041 65.553375
12.976149 -85.912700 62.223256
11.971213 -82.949502 68.791856
11.389418 -78.737290 71.972625
10.909557 -82.481648 71.872990
11.822562 -84.234830 69.330138
12.328833 -85.727136 66.177882
12.568682 -88.279742 60.974573
12.028431 -85.709728 70.043275
12.327531 -87.145306 66.783783
12.388752 -88.763455 63.462472
10.980480 -84.541734 72.915942
10.560040 -81.871138 73.924581
10.653570 -83.866909 75.537419
20.102832 -94.602830 46.739638
20.043318 -95.900140 48.379917
19.763124 -94.813678 49.097755
19.678919 -93.621330 47.229293
19.585365 -96.952197 49.771382
19.384297 -95.878435 50.542740
19.567958 -98.045062 48.502558
20.013208 -96.877373 47.547637
20.068527 -95.778204 46.453772
19.816289 -95.163275 45.258196
19.449919 -92.883733 45.167040
19.061590 -92.108876 45.813757
19.337376 -93.973858 44.501832
19.847467 -96.598708 45.771838
19.758566 -97.729939 46.278714
19.410211 -98.939145 46.830539
18.983164 -94.786569 51.150346
19.067537 -93.717913 49.233337
18.489493 -91.463907 46.663079
18.693466 -98.987776 49.460678
18.720075 -97.863605 50.866350
18.616941 -96.833955 51.704029
19.143917 -98.515923 44.747199
18.784924 -99.844577 44.251614
18.862401 -97.167853 44.249180
18.616040 -99.836464 48.029198
18.462478 -100.380462 46.377540
18.441881 -95.784707 52.457581
18.418579 -91.600183 44.545479
18.352085 -92.850137 43.683847
18.572479 -92.660826 50.201851
18.643149 -93.620376 52.031341
17.770366 -90.422039 45.901692
18.313738 -94.619017 53.418105
18.562122 -95.844625 43.739659
17.783985 -90.828669 48.622659
18.362856 -93.171328 55.187096
18.543115 -92.127681 53.953185
18.230611 -91.047218 52.300829
17.267957 -101.199104 46.686947
17.434043 -100.532697 48.590887
17.504467 -99.658800 50.181420
17.894597 -94.673235 43.256999
17.542980 -98.589342 51.570084
17.524373 -97.647430 52.511402
17.781660 -90.349787 51.605096
17.471757 -96.651796 53.458218
16.916585 -88.757403 49.878584
17.636111 -90.211137 48.113325
18.439181 -91.413239 57.718946
18.452285 -90.281557 56.544454
18.065854 -89.089363 55.084564
17.451049 -95.591237 54.592799
18.459886 -89.705467 60.557697
18.477493 -88.267386 59.683403
17.442721 -88.498222 54.174152
17.050650 -91.439844 43.958521
16.856022 -90.644190 44.533214
17.485633 -92.617584 43.431450
17.866901 -93.035883 57.658486
17.343347 -89.660744 51.083425
17.045100 -93.816380 43.057088
16.686293 -89.228104 47.391983
17.229576 -89.194393 50.510331
17.452049 -91.705535 61.639061
17.087226 -87.789122 54.290196
16.099896 -99.960102 50.573451
16.162318 -98.948365 51.957914
16.223845 -97.942023 53.147117
16.901064 -92.367859 43.382106
16.044278 -100.844798 48.926498
15.963912 -101.604719 46.637863
16.293513 -88.126447 50.065258
16.524704 -89.958291 45.306583
16.320370 -96.179134 55.183898
17.012002 -87.248345 54.020006
16.200052 -92.912253 43.095938
16.724106 -86.732272 53.694698
16.043582 -89.163591 46.849027
15.135658 -93.491358 42.792786
16.401389 -94.681447 57.704728
16.317761 -90.925755 42.644020
15.585224 -88.248680 49.337838
15.985796 -89.954330 43.596835
15.944262 -92.389686 42.032399
15.383356 -86.172087 53.298363
15.483738 -92.905453 43.027033
15.582938 -91.179693 42.482497
15.679553 -89.974638 43.477681
15.187633 -96.238579 55.732960
15.431705 -89.240216 46.554151
14.682233 -99.793657 50.808801
14.961709 -98.022304 53.304755
14.634505 -100.830793 48.806959
14.670228 -101.568422 46.494626
15.104069 -92.579348 43.117117
14.991532 -91.951871 43.414416
14.508246 -89.906447 45.956146
14.777919 -88.387414 49.761373
15.135520 -90.197263 44.639829
14.574567 -91.080310 44.291629
14.268582 -90.875163 44.582944
14.154514 -96.313349 55.293794
13.777244 -94.113202 42.774465
13.854072 -97.720612 53.252167
13.443234 -92.783174 43.204468
14.217246 -87.001260 54.017915
14.195958 -89.040442 50.239438
14.024800 -89.911438 47.761610
13.724701 -90.530145 45.969109
14.213610 -84.820682 57.810557
13.172526 -98.156977 52.195252
13.287504 -101.120144 46.035805
13.430302 -91.168558 44.943462
13.197124 -99.716521 49.747574
13.205527 -100.504688 48.021597
13.327967 -91.701337 44.210318
13.418280 -96.076087 54.833870
13.900960 -89.739780 50.782520
13.601959 -90.753418 48.346405
12.703983 -91.853289 45.865517
13.091588 -96.810952 53.344781
13.877551 -86.305127 58.454892
13.869849 -88.577686 54.634813
13.731444 -90.535244 51.465607
12.805974 -95.107287 43.098102
12.326193 -93.564961 43.928714
13.399071 -91.756890 49.231517
12.580644 -92.137900 53.551461
13.171415 -87.689693 58.914347
12.484685 -93.188133 51.158848
12.567912 -90.775528 56.279262
12.222397 -92.589536 44.983377
12.839904 -92.339849 47.556238
12.132696 -93.619461 49.383641
12.398429 -95.752011 53.019907
12.239496 -100.229052 45.711523
12.013162 -97.685734 50.937071
12.401723 -91.199872 58.828472
12.141522 -96.107706 43.565483
12.059242 -99.705416 47.278347
12.006124 -98.975977 48.884984
12.245104 -93.460228 54.675026
11.625382 -93.715326 47.720684
11.614118 -95.394172 44.559319
12.109758 -94.381938 52.561819
11.816961 -95.105875 51.342610
11.430231 -94.701038 49.078248
11.366224 -94.312816 46.705527
11.566577 -94.405941 45.181842
11.645324 -99.029347 45.051107
11.313874 -96.637287 49.618701
11.283345 -95.631869 45.312788
11.837863 -98.066294 43.354978
11.448538 -97.544093 44.848631
11.160241 -95.553924 48.173747
11.123315 -96.980443 46.071469
11.410324 -98.501819 46.562608
11.301988 -97.784278 48.081614
11.478148 -101.242934 37.289297
12.139169 -102.564376 37.370726
11.638901 -103.626736 34.859684
10.960774 -102.502359 35.156284
13.058176 -103.789785 37.075125
12.877757 -104.834188 34.539512
12.490901 -101.594676 39.849802
13.303558 -102.626401 39.668165
11.884084 -100.703752 38.859926
13.008960 -92.131779 35.743979
13.026153 -91.326723 35.303215
14.664658 -92.015972 35.669339
13.776253 -93.523023 35.990545
11.894587 -92.575532 35.716172
11.501312 -91.571800 35.210349
12.249506 -93.947490 35.982962
10.830030 -93.847053 35.423372
10.331616 -93.382374 34.817693
11.381115 -94.674631 35.850216
10.146124 -95.709768 35.047357
10.673778 -96.208349 35.905536
9.789560 -95.172693 34.387476
9.613370 -96.773403 34.046183
9.914417 -99.004696 34.940716
9.587660 -99.261336 33.570075
10.556838 -98.379372 36.300467
10.308655 -100.978846 35.296132
10.047868 -101.548037 32.793993
10.665275 -102.710429 32.417867
10.966676 -100.014022 36.867658
21.027048 -99.648902 35.748581
21.050455 -98.427392 35.398664
21.621247 -99.246362 33.997796
21.554225 -100.831793 33.730006
20.681920 -96.123504 35.058527
21.534800 -97.717079 33.986291
20.180564 -98.520823 37.043117
20.049521 -96.703113 36.425608
15.096592 -91.583027 35.122933
16.730091 -93.562778 36.035378
17.498579 -91.590972 35.153319
17.370223 -92.417176 35.803401
18.659254 -93.081301 35.756583
18.260921 -94.182271 36.026174
19.044887 -92.417191 35.153018
20.468195 -94.425463 34.756507
19.899170 -94.719851 35.390562
19.215440 -95.150896 36.182026
21.222359 -96.154704 34.338147
15.220013 -91.600725 34.652881
13.026090 -91.153615 35.000581
9.747563 -99.551167 32.212121
11.181011 -102.566208 30.634368
10.194116 -100.965841 31.306493
11.446136 -103.654746 32.095959
12.712163 -104.641565 31.935087
12.927335 -103.912561 30.324846
14.877253 -105.405073 31.937987
15.041047 -104.560521 30.281762
16.435108 -105.427335 31.980719
17.226945 -104.443027 30.331608
17.503866 -105.207260 31.970316
18.490798 -104.775116 32.142575
19.275986 -103.451148 30.657752
19.479929 -104.111900 32.354743
20.368827 -103.163576 32.802895
20.297703 -102.505358 31.094021
21.095270 -102.048204 33.248846
21.483746 -100.147612 31.712564
21.027749 -101.531033 31.533669
21.698473 -99.280874 32.944842
20.642119 -101.148901 36.011571
20.033515 -102.758441 35.843416
19.203237 -104.133902 35.397565
18.280627 -104.991192 35.040843
17.438645 -105.432342 34.845679
16.351281 -105.679419 34.808466
14.676921 -105.640259 34.608863
19.913174 -100.098553 37.641118
19.499236 -101.497017 38.025944
17.690229 -104.215931 37.680228
16.186126 -104.709100 37.662423
18.865824 -102.903494 38.087866
14.602894 -104.679083 37.234480
19.300598 -99.392560 39.258196
19.083696 -96.945992 38.220510
19.060989 -100.956835 39.637187
18.636446 -95.788507 37.821877
18.373556 -102.046708 40.200761
18.627274 -97.332367 40.062245
18.470228 -97.316020 41.646333
18.932446 -99.478946 40.753761
18.805299 -99.135546 42.727506
18.638737 -100.500780 41.800193
18.197000 -96.125122 39.567664
17.968122 -96.107416 41.287940
18.091740 -101.145451 43.367678
17.579329 -94.773755 37.442794
17.421140 -103.017531 39.977698
17.104330 -101.919247 43.537435
17.254183 -95.264230 39.027279
17.072522 -95.363560 41.011144
16.076989 -103.421666 39.979400
15.888623 -102.338096 43.402415
15.923438 -94.236786 37.216076
15.940442 -94.920312 39.119714
15.890026 -94.974537 41.037356
14.618700 -103.336638 39.777432
14.537373 -94.190369 37.185964
14.661806 -102.565399 42.254783
14.594292 -94.870696 39.031584
14.654912 -94.992441 40.790470
13.308661 -95.105280 38.856522
13.000685 -94.515345 37.280253
13.519831 -95.376069 40.742458
13.480618 -101.669003 43.700557
12.450173 -95.921853 39.327982
11.998121 -95.439788 37.607305
12.687452 -96.106309 41.012545
12.664372 -100.981952 42.862679
12.089333 -97.218254 39.703818
11.530765 -96.653093 37.820878
12.275598 -97.253766 41.354685
12.258534 -100.306448 41.286089
11.558785 -99.535918 38.569633
11.951360 -99.372083 40.193259
12.020607 -98.789567 41.646146
18.671858 -98.007948 43.324622
18.442091 -96.772480 42.877401
17.863087 -95.520114 42.615885
17.065519 -94.667427 42.388609
15.787917 -94.266169 42.343161
14.708830 -94.365530 42.196444
13.637771 -94.896210 42.094710
12.406236 -96.246196 42.575176
12.103394 -99.702783 43.126256
18.831820 -92.503478 34.863534
20.298288 -94.785501 34.437633
17.306777 -91.833912 34.763147
15.183343 -92.157743 34.222107
13.139551 -91.418512 34.693239
11.777759 -91.678594 34.898630
10.584581 -93.753607 34.450584
10.112778 -95.555313 33.989473
9.805295 -97.869855 32.867759
10.011828 -99.810974 31.516480
10.423869 -100.879615 30.830915
11.088988 -101.704858 30.297751
11.747920 -102.283192 29.925266
13.158859 -103.272057 29.712241
14.406904 -103.756037 29.736810
15.750487 -103.951010 29.742494
17.479329 -103.658905 29.792964
19.337374 -102.691410 30.135679
20.163041 -101.923903 30.430060
20.904813 -101.182008 30.937852
21.579775 -99.125304 32.479522
21.433845 -97.996248 33.359978
21.001458 -96.481160 33.998853
20.686635 -94.694642 33.960083
12.749413 -91.266377 34.386945
10.166107 -93.879863 33.954382
9.686076 -95.434888 33.161914
9.405813 -96.950900 31.905393
9.420717 -98.239631 30.914462
9.615443 -99.530461 29.920929
12.807062 -102.572008 27.634869
14.258379 -102.998520 27.504618
15.751007 -103.119303 27.425004
17.464254 -102.919499 27.624058
18.271849 -102.614129 27.589612
19.594168 -102.122227 28.281879
21.863728 -99.857567 30.156808
22.036687 -98.693679 31.113729
21.904942 -97.532187 32.069148
21.419979 -96.137921 33.256146
15.300221 -92.062443 33.889624
21.759494 -92.961823 30.021551
19.693279 -91.296363 31.750850
19.873988 -91.491176 32.118683
18.312483 -91.574700 32.811791
16.853610 -91.856800 32.722661
13.208327 -91.755753 32.839006
12.111359 -91.635901 32.683368
11.029215 -91.244000 32.340040
10.466342 -91.405080 31.874106
9.271460 -92.899058 30.132109
8.472470 -95.646858 27.326159
8.775351 -94.118690 28.647387
8.463250 -95.719614 26.445536
8.605067 -97.901024 23.873616
8.470309 -96.856462 25.767136
9.796999 -99.495064 21.710530
9.068516 -98.740363 22.704506
10.999060 -100.349072 21.105697
10.975434 -100.061821 20.685894
13.269157 -101.070734 20.129884
13.300536 -100.779873 19.653417
15.817934 -101.015258 19.340873
15.799102 -101.307943 19.811175
18.382063 -101.118869 20.091443
18.372010 -100.809516 19.581763
21.631850 -99.929292 21.642455
20.543286 -100.479678 20.916011
21.284508 -99.907587 20.825857
23.072595 -98.047207 23.418498
22.506250 -99.001323 22.197538
23.182876 -95.549833 26.792926
23.316455 -96.812257 25.115617
22.597019 -94.235397 28.378559
21.396372 -92.756790 29.572813
21.085667 -92.896936 29.389550
19.133914 -91.566610 31.075212
19.465736 -91.294814 31.230803
18.248119 -92.235894 31.565224
12.473469 -92.434142 31.425422
11.394026 -91.534839 31.156699
11.119295 -91.238849 31.433912
9.775514 -93.176647 29.166428
9.373101 -93.079218 29.298026
8.713938 -95.579606 26.131239
9.228105 -95.855272 26.010078
8.916709 -97.483671 23.624118
9.518392 -97.829276 23.337032
9.621555 -98.630784 22.056828
10.653306 -99.043894 21.480793
11.210133 -99.701615 20.561646
13.261683 -100.120617 19.940333
13.438482 -100.363542 19.619970
15.865099 -100.577580 19.305205
17.060125 -100.311889 19.643122
18.228278 -100.385164 19.552311
19.857049 -99.650130 20.529119
21.059742 -99.512900 20.723667
21.632468 -98.643041 21.877164
22.596880 -97.964446 22.744835
22.558045 -96.780486 24.306182
22.699159 -94.894699 26.804856
22.930785 -96.398407 24.837325
22.184167 -94.587574 27.205728
22.011360 -98.197388 23.227993
22.348071 -96.200350 26.074305
17.065599 -96.126298 27.022735
21.696437 -94.669472 28.290820
20.558698 -99.466796 21.453358
18.274033 -100.272211 20.402802
15.694011 -100.535979 20.124932
14.571853 -97.638203 25.139030
13.146355 -100.300357 20.534152
10.762662 -99.337342 21.962634
9.551014 -97.390943 24.821394
9.921851 -98.478427 23.227781
13.516564 -96.016313 27.184262
10.253736 -93.811252 29.735921
12.225987 -94.538584 29.018166
11.279226 -92.724881 31.208674
12.715173 -93.069624 30.475387
17.687344 -93.036876 30.372670
19.178467 -92.591933 31.195288
20.909560 -93.603304 29.742225
18.449278 -94.356639 29.124498
16.470599 -97.151238 25.097672
17.593152 -94.138548 28.870484
12.924354 -94.320387 28.795264
14.014570 -95.746066 26.920215
16.824065 -95.479123 27.210800
15.039005 -97.474467 24.628239
14.932417 -92.040288 32.547851
16.684366 -97.612445 25.106024
15.592107 -98.398910 23.876529
12.743296 -97.965476 24.409066
9.676266 -95.216836 27.899883
17.728343 -102.089218 23.821885
16.459617 -102.233264 23.662932
15.272019 -102.242270 23.590707
14.088422 -102.131232 23.677335
12.707218 -101.882316 24.261882
10.991385 -101.056875 24.635157
20.119745 -101.340967 24.659665
21.155191 -100.760770 25.305582
21.976665 -99.956401 26.094747
22.535553 -99.036697 27.029060
22.769232 -97.852500 28.264173
22.661896 -96.649697 29.496287
22.120014 -95.356058 30.775015
21.330550 -94.067426 32.051343
19.669192 -92.219608 33.722504
17.761553 -91.684234 33.739710
15.486594 -92.248876 33.520616
13.686987 -91.882596 33.723404
12.443771 -91.399135 33.739809
10.768709 -91.775764 33.714101
9.546399 -93.619980 31.948308
9.062417 -94.963226 30.631866
8.779643 -96.308083 29.313525
8.789326 -97.562700 28.086013
8.979179 -98.818820 26.857202
9.445446 -99.702821 25.966704
10.166707 -100.471680 25.219152
3 706 18 716
3 716 18 724
3 706 670 17
3 17 670 639
3 17 639 16
3 15 16 639
3 15 639 608
3 14 15 608
3 14 608 565
3 13 14 565
3 13 565 539
3 13 539 519
3 13 519 12
3 483 11 12
3 483 12 519
3 10 11 483
3 10 483 456
3 9 10 456
3 9 456 430
3 8 9 430
3 7 381 357
3 6 7 357
3 6 357 324
3 5 6 324
3 5 324 294
3 4 5 294
3 4 294 280
3 4 280 277
3 4 277 3
3 245 2 3
3 245 3 277
3 1 2 245
3 1 245 208
3 0 1 208
3 0 208 168
3 3552 839 3547
3 837 835 3541
3 3531 3524 832
3 828 826 835
3 831 833 832
3 794 787 784
3 790 778 788
3 4795 787 4800
3 781 4788 778
3 4775 4780 775
3 726 680 693
3 705 691 665
3 657 668 701
3 687 662 685
3 672 629 667
3 635 631 604
3 3409 3406 613
3 610 572 611
3 607 612 571
3 594 563 547
3 544 563 590
3 580 1081 1080
3 578 547 555
3 555 572 578
3 570 537 569
3 536 547 563
3 534 555 547
3 537 530 549
3 529 534 547
3 520 509 523
3 474 513 482
3 501 485 509
3 501 1033 1024
3 468 472 479
3 472 457 1015
3 448 3392 427
3 442 453 445
3 418 425 414
3 411 413 420
3 376 366 367
3 373 372 364
3 346 341 342
3 328 349 4749
3 320 935 336
3 332 318 320
3 284 272 299
3 281 268 899
3 253 228 272
3 248 249 278
3 274 276 270
3 262 272 222
3 256 202 258
3 258 202 242
3 874 871 239
3 4738 250 4742
3 221 217 248
3 242 201 200
3 201 242 202
3 232 172 202
3 173 212 146
3 194 211 190
3 205 127 172
3 142 202 172
3 144 146 200
3 4712 197 4727
3 160 179 136
3 167 175 162
3 129 173 125
3 124 153 130
3 128 91 132
3 104 106 129
3 70 88 69
3 26 25 46
3 30 36 28
3 890 883 259
3 854 653 651
3 854 651 671
3 648 650 852
3 648 852 853
3 851 852 650
3 851 650 653
3 849 850 853
3 849 853 852
3 849 852 851
3 849 851 848
3 850 847 3562
3 850 849 846
3 850 846 847
3 846 849 848
3 846 848 845
3 3562 847 842
3 3562 842 3557
3 847 846 843
3 847 843 842
3 844 843 846
3 844 846 845
3 841 840 843
3 841 843 844
3 842 843 840
3 842 840 839
3 3557 842 839
3 3557 839 3552
3 838 840 841
3 839 840 838
3 3547 839 838
3 3547 838 3530
3 3545 429 427
3 3545 427 3392
3 3545 3544 429
3 836 429 3544
3 3541 835 836
3 3541 836 3544
3 3538 834 837
3 3538 837 3541
3 3538 3532 833
3 3538 833 834
3 823 822 3530
3 823 3530 838
3 3532 3531 832
3 3532 832 833
3 822 821 3529
3 822 3529 3530
3 429 836 827
3 429 827 417
3 834 830 829
3 834 829 837
3 829 828 835
3 829 835 837
3 835 826 827
3 835 827 836
3 833 831 830
3 833 830 834
3 3528 3529 821
3 3528 821 802
3 819 3527 3528
3 819 3528 802
3 818 3527 819
3 815 3526 818
3 815 816 3525
3 815 3525 3526
3 816 817 3524
3 816 3524 3525
3 817 820 832
3 817 832 3524
3 417 827 409
3 831 832 820
3 831 820 824
3 830 831 824
3 830 824 825
3 829 830 825
3 829 825 806
3 828 829 806
3 828 806 805
3 805 804 826
3 805 826 828
3 804 409 827
3 804 827 826
3 825 824 813
3 825 813 814
3 814 806 825
3 824 820 812
3 824 812 813
3 793 796 822
3 793 822 823
3 822 796 797
3 822 797 821
3 802 821 797
3 819 802 792
3 820 817 811
3 820 811 812
3 818 819 792
3 818 792 808
3 815 818 808
3 815 808 809
3 816 810 811
3 816 811 817
3 815 809 810
3 815 810 816
3 804 387 409
3 806 814 807
3 801 807 814
3 801 814 813
3 804 803 387
3 800 801 813
3 800 813 812
3 799 800 812
3 799 812 811
3 810 798 799
3 810 799 811
3 809 795 798
3 809 798 810
3 795 809 808
3 792 795 808
3 786 792 802
3 791 789 806
3 791 806 807
3 794 791 807
3 794 807 801
3 789 790 805
3 789 805 806
3 804 805 790
3 804 790 788
3 803 804 788
3 803 788 785
3 785 387 803
3 783 786 802
3 783 802 797
3 785 386 387
3 787 794 801
3 787 801 800
3 800 799 4800
3 800 4800 787
3 799 798 4803
3 799 4803 4800
3 798 795 4802
3 798 4802 4803
3 796 782 783
3 796 783 797
3 4802 795 4801
3 796 793 779
3 796 779 782
3 4799 4801 795
3 4799 795 792
3 794 784 780
3 794 780 791
3 4799 792 786
3 4799 786 4793
3 791 780 781
3 791 781 789
3 790 789 781
3 790 781 778
3 788 778 777
3 788 777 785
3 4795 4791 784
3 4795 784 787
3 4789 4793 786
3 4789 786 783
3 777 389 386
3 777 386 785
3 4791 4792 780
3 4791 780 784
3 783 782 4783
3 783 4783 4789
3 782 779 776
3 782 776 4783
3 780 4792 4788
3 780 4788 781
3 778 4788 4782
3 778 4782 777
3 4782 4776 389
3 4782 389 777
3 389 4776 4749
3 389 4749 349
3 775 4780 4783
3 775 4783 776
3 774 773 775
3 773 4768 4775
3 773 4775 775
3 772 771 773
3 772 773 774
3 771 4764 4768
3 771 4768 773
3 770 769 771
3 770 771 772
3 769 4760 4764
3 769 4764 771
3 769 770 768
3 769 768 767
3 4760 769 767
3 4760 767 4740
3 206 207 767
3 206 767 768
3 207 4732 4740
3 207 4740 767
3 764 761 766
3 766 761 760
3 766 760 759
3 761 748 744
3 761 744 760
3 761 746 748
3 766 759 758
3 764 766 765
3 765 766 758
3 765 758 756
3 765 763 764
3 757 753 763
3 757 763 765
3 757 765 756
3 762 764 763
3 757 756 747
3 764 762 749
3 764 749 742
3 764 742 761
3 751 762 763
3 751 763 753
3 762 755 749
3 745 741 759
3 745 759 760
3 762 751 752
3 762 752 754
3 755 762 754
3 746 761 742
3 746 742 733
3 754 3523 755
3 754 3519 3513
3 754 3513 3523
3 760 744 735
3 760 735 745
3 741 758 759
3 756 758 741
3 756 741 740
3 756 740 750
3 3520 753 757
3 3520 757 3522
3 3515 3522 757
3 3515 757 747
3 755 3518 3511
3 750 740 739
3 739 737 750
3 750 743 747
3 750 747 756
3 3511 749 755
3 752 3519 754
3 746 736 727
3 746 727 748
3 3520 3519 751
3 3520 751 753
3 3519 752 751
3 743 750 737
3 743 737 732
3 725 742 749
3 725 749 3511
3 723 744 748
3 723 748 727
3 743 738 3515
3 743 3515 747
3 736 746 733
3 736 733 731
3 730 741 745
3 730 745 734
3 734 745 735
3 734 735 721
3 744 723 709
3 744 709 735
3 738 743 732
3 738 732 729
3 733 742 725
3 741 730 740
3 740 730 728
3 740 728 739
3 737 739 728
3 737 728 719
3 733 713 731
3 3507 738 729
3 3507 729 3496
3 719 732 737
3 717 736 731
3 717 731 718
3 709 674 721
3 709 721 735
3 680 726 734
3 680 734 721
3 726 722 730
3 726 730 734
3 736 717 715
3 736 715 727
3 713 733 725
3 713 725 707
3 722 676 730
3 719 720 729
3 719 729 732
3 676 714 730
3 713 718 731
3 714 728 730
3 720 3486 3496
3 720 3496 729
3 714 703 719
3 714 719 728
3 702 723 727
3 702 727 715
3 712 711 724
3 693 679 722
3 693 722 726
3 3473 3460 707
3 3473 707 725
3 698 682 715
3 698 715 717
3 711 710 716
3 711 716 724
3 723 702 681
3 723 681 709
3 679 676 722
3 654 680 721
3 654 721 674
3 676 672 714
3 3456 3484 3486
3 3456 3486 700
3 720 704 700
3 720 700 3486
3 703 688 719
3 720 719 688
3 720 688 704
3 701 717 718
3 701 718 666
3 713 677 666
3 713 666 718
3 698 717 701
3 705 706 716
3 705 716 710
3 682 669 702
3 682 702 715
3 703 714 672
3 703 672 667
3 677 713 707
3 677 707 675
3 708 684 694
3 708 694 712
3 699 711 712
3 699 712 694
3 711 699 691
3 711 691 710
3 691 705 710
3 681 658 674
3 681 674 709
3 675 707 3460
3 675 3460 3439
3 705 665 670
3 705 670 706
3 669 682 656
3 704 697 692
3 704 692 700
3 697 704 688
3 697 688 687
3 667 661 688
3 667 688 703
3 669 681 702
3 666 657 701
3 699 695 686
3 699 686 691
3 701 668 698
3 668 659 698
3 3456 700 692
3 3456 692 3455
3 699 694 689
3 699 689 695
3 682 698 659
3 682 659 655
3 696 697 687
3 696 687 685
3 695 696 685
3 695 685 686
3 692 697 696
3 692 696 690
3 696 695 689
3 696 689 690
3 684 683 689
3 684 689 694
3 637 679 693
3 637 693 643
3 693 680 640
3 693 640 643
3 3455 692 690
3 686 663 665
3 686 665 691
3 683 690 689
3 688 661 662
3 688 662 687
3 662 663 686
3 662 686 685
3 683 684 678
3 683 678 673
3 656 682 655
3 656 655 645
3 669 642 658
3 669 658 681
3 621 640 680
3 621 680 654
3 679 637 630
3 679 630 676
3 664 660 673
3 664 673 678
3 677 641 628
3 677 628 666
3 644 641 677
3 644 677 675
3 672 676 630
3 672 630 629
3 675 3439 3429
3 675 3429 644
3 634 654 674
3 634 674 658
3 656 645 633
3 652 671 651
3 665 636 639
3 665 639 670
3 656 642 669
3 657 627 668
3 668 627 638
3 638 632 659
3 638 659 668
3 629 631 661
3 629 661 667
3 618 657 666
3 618 666 628
3 636 665 663
3 636 663 635
3 660 664 652
3 660 652 646
3 635 663 662
3 662 661 631
3 662 631 635
3 644 3429 3424
3 632 626 655
3 632 655 659
3 620 634 658
3 620 658 642
3 657 618 625
3 657 625 627
3 642 656 633
3 642 633 624
3 655 626 623
3 655 623 645
3 590 621 654
3 590 654 634
3 653 650 649
3 653 649 651
3 649 646 652
3 649 652 651
3 647 649 650
3 647 650 648
3 646 649 647
3 616 633 645
3 616 645 623
3 3409 622 644
3 3409 644 3424
3 619 641 644
3 619 644 622
3 611 637 643
3 611 643 610
3 610 643 640
3 610 640 595
3 600 620 642
3 600 642 624
3 641 619 598
3 641 598 628
3 594 595 640
3 594 640 621
3 636 606 608
3 636 608 639
3 617 632 638
3 617 638 615
3 615 638 627
3 615 627 603
3 630 637 611
3 630 611 612
3 636 635 605
3 636 605 606
3 605 635 604
3 634 620 574
3 634 574 590
3 633 616 602
3 633 602 624
3 614 626 632
3 614 632 617
3 631 629 607
3 631 607 604
3 607 629 630
3 607 630 612
3 598 618 628
3 603 627 625
3 626 614 609
3 626 609 623
3 3409 613 597
3 3409 597 622
3 620 566 574
3 603 625 618
3 603 618 592
3 582 600 624
3 582 624 602
3 593 616 623
3 593 623 609
3 622 597 588
3 622 588 619
3 594 621 590
3 594 590 563
3 3402 583 613
3 3402 613 3406
3 566 620 600
3 566 600 560
3 619 588 575
3 619 575 598
3 598 581 592
3 598 592 618
3 601 617 615
3 601 615 596
3 614 617 601
3 614 601 599
3 616 593 586
3 616 586 602
3 603 585 596
3 603 596 615
3 591 609 614
3 591 614 599
3 583 573 597
3 583 597 613
3 611 572 571
3 611 571 612
3 572 610 595
3 572 595 578
3 589 593 609
3 589 609 591
3 606 564 565
3 606 565 608
3 570 604 607
3 570 607 571
3 564 606 605
3 564 605 569
3 604 570 569
3 604 569 605
3 576 585 603
3 576 603 592
3 602 586 567
3 602 567 582
3 587 599 601
3 587 601 596
3 587 596 584
3 560 600 582
3 560 582 554
3 591 599 587
3 591 587 580
3 581 598 575
3 581 575 559
3 557 588 597
3 557 597 573
3 584 596 585
3 584 585 568
3 547 578 595
3 547 595 594
3 593 589 579
3 593 579 586
3 576 592 581
3 576 581 561
3 3399 553 583
3 3399 583 3402
3 577 589 591
3 577 591 580
3 574 532 544
3 574 544 590
3 1079 1077 587
3 1079 587 584
3 589 577 562
3 589 562 579
3 551 575 588
3 551 588 557
3 1077 1081 580
3 1077 580 587
3 567 586 579
3 567 579 558
3 585 576 556
3 585 556 568
3 584 568 1082
3 573 583 553
3 573 553 542
3 554 582 567
3 554 567 545
3 561 581 559
3 561 559 550
3 1082 568 1078
3 562 552 558
3 562 558 579
3 577 1080 1069
3 577 1069 562
3 556 576 561
3 556 561 546
3 551 543 559
3 551 559 575
3 527 532 574
3 527 574 566
3 535 557 573
3 535 573 542
3 555 548 571
3 555 571 572
3 540 526 553
3 540 553 3399
3 537 570 571
3 537 571 548
3 549 564 569
3 549 569 537
3 1078 568 556
3 1078 556 1074
3 558 541 545
3 558 545 567
3 527 566 560
3 527 560 523
3 564 549 539
3 564 539 565
3 536 563 544
3 536 544 528
3 552 562 1069
3 533 546 561
3 533 561 550
3 523 560 554
3 543 538 550
3 543 550 559
3 531 541 558
3 531 558 552
3 557 535 525
3 557 525 551
3 546 1065 1074
3 546 1074 556
3 517 548 555
3 517 555 534
3 523 554 545
3 523 545 520
3 515 542 553
3 515 553 526
3 540 3397 524
3 531 552 1061
3 543 551 525
3 538 521 533
3 538 533 550
3 530 519 539
3 530 539 549
3 517 537 548
3 529 547 536
3 529 536 518
3 546 533 1060
3 546 1060 1065
3 520 545 541
3 520 541 514
3 532 513 528
3 532 528 544
3 538 543 525
3 538 525 522
3 535 542 515
3 535 515 511
3 514 541 531
3 526 540 524
3 526 524 512
3 538 522 521
3 499 530 537
3 499 537 517
3 518 536 528
3 518 528 508
3 535 511 507
3 535 507 525
3 500 517 534
3 500 534 529
3 524 3397 3396
3 524 3396 516
3 533 521 1054
3 533 1054 1060
3 513 532 527
3 513 527 510
3 514 531 1061
3 514 1061 1043
3 507 505 525
3 483 519 530
3 483 530 499
3 516 3396 3395
3 516 3395 506
3 500 529 518
3 513 474 508
3 513 508 528
3 510 527 523
3 510 523 509
3 515 526 512
3 515 512 498
3 505 503 522
3 505 522 525
3 524 516 502
3 524 502 512
3 506 3395 3394
3 503 504 521
3 503 521 522
3 504 1040 1054
3 504 1054 521
3 509 520 514
3 509 514 501
3 500 518 508
3 500 508 495
3 489 499 517
3 489 517 500
3 506 497 502
3 506 502 516
3 3394 3393 488
3 3394 488 506
3 511 515 498
3 511 498 494
3 1043 1033 501
3 1043 501 514
3 510 482 513
3 497 506 496
3 498 512 502
3 498 502 493
3 510 485 482
3 507 511 494
3 507 494 492
3 485 510 509
3 500 481 489
3 474 495 508
3 505 507 492
3 505 492 491
3 506 488 476
3 506 476 496
3 503 505 491
3 503 491 486
3 1040 504 487
3 1040 487 1027
3 504 503 486
3 504 486 487
3 497 490 493
3 497 493 502
3 475 481 500
3 475 500 495
3 489 456 483
3 489 483 499
3 484 494 498
3 484 498 493
3 490 497 496
3 490 496 478
3 466 482 485
3 3391 467 488
3 3391 488 3393
3 478 496 476
3 478 476 471
3 475 495 474
3 494 484 470
3 494 470 492
3 485 473 466
3 484 493 490
3 484 490 477
3 474 482 452
3 480 491 492
3 480 492 470
3 486 491 480
3 486 480 479
3 477 490 478
3 477 478 465
3 489 481 459
3 489 459 456
3 467 464 476
3 467 476 488
3 1027 487 472
3 1027 472 1015
3 487 486 479
3 487 479 472
3 473 485 1024
3 477 470 484
3 482 466 452
3 470 469 480
3 462 459 481
3 462 481 475
3 469 468 479
3 469 479 480
3 465 478 471
3 470 477 465
3 470 465 463
3 464 458 471
3 464 471 476
3 473 460 466
3 461 462 475
3 461 475 474
3 452 461 474
3 457 472 468
3 457 468 455
3 471 458 451
3 471 451 465
3 467 3391 3392
3 467 3392 448
3 469 470 463
3 469 463 454
3 455 468 469
3 455 469 454
3 450 452 466
3 446 464 467
3 446 467 448
3 453 454 463
3 460 447 450
3 460 450 466
3 451 449 465
3 444 1002 1015
3 444 1015 457
3 449 463 465
3 458 464 446
3 458 446 440
3 449 445 453
3 449 453 463
3 436 435 459
3 436 459 462
3 436 462 461
3 436 461 434
3 461 452 434
3 459 435 430
3 459 430 456
3 439 451 458
3 439 458 440
3 455 443 444
3 455 444 457
3 455 454 441
3 455 441 443
3 454 453 442
3 454 442 441
3 434 452 450
3 434 450 432
3 451 439 438
3 437 449 451
3 437 451 438
3 447 431 432
3 447 432 450
3 449 437 433
3 449 433 445
3 423 446 448
3 423 448 427
3 440 446 423
3 440 423 422
3 428 442 445
3 428 445 433
3 1002 444 426
3 1002 426 997
3 444 443 424
3 444 424 426
3 443 441 424
3 424 441 442
3 424 442 428
3 421 439 440
3 421 440 422
3 421 419 438
3 421 438 439
3 419 437 438
3 437 419 420
3 437 420 433
3 997 426 425
3 997 425 993
3 402 403 436
3 402 436 434
3 434 401 402
3 435 436 403
3 435 403 404
3 435 404 8
3 435 8 430
3 401 434 432
3 432 400 401
3 428 433 420
3 428 420 413
3 431 399 400
3 431 400 432
3 416 427 429
3 416 429 417
3 414 424 428
3 414 428 413
3 993 425 418
3 993 418 988
3 427 416 415
3 427 415 423
3 414 425 426
3 414 426 424
3 422 423 415
3 422 415 412
3 421 422 412
3 421 412 408
3 419 421 408
3 419 408 410
3 419 410 411
3 419 411 420
3 988 418 405
3 988 405 987
3 414 395 405
3 414 405 418
3 417 409 388
3 417 388 416
3 416 388 390
3 416 390 415
3 390 396 412
3 390 412 415
3 406 395 414
3 414 413 411
3 414 411 406
3 412 396 408
3 408 407 410
3 410 407 406
3 410 406 411
3 409 387 388
3 396 397 408
3 397 398 407
3 397 407 408
3 407 398 391
3 407 391 406
3 406 391 395
3 395 394 405
3 987 405 394
3 987 394 980
3 381 8 404
3 381 404 380
3 380 404 403
3 380 403 379
3 403 402 378
3 403 378 379
3 402 401 377
3 402 377 378
3 401 400 382
3 401 382 377
3 399 382 400
3 399 385 382
3 398 375 384
3 398 384 391
3 398 397 393
3 398 393 375
3 396 392 393
3 396 393 397
3 390 392 396
3 395 391 383
3 395 383 394
3 383 973 980
3 383 980 394
3 375 393 371
3 375 371 374
3 375 376 384
3 392 369 371
3 392 371 393
3 392 390 368
3 392 368 369
3 391 384 372
3 391 372 373
3 391 373 383
3 388 370 368
3 388 368 390
3 349 370 386
3 349 386 389
3 387 386 370
3 387 370 388
3 385 365 382
3 365 385 966
3 367 372 384
3 367 384 376
3 373 961 973
3 373 973 383
3 382 365 361
3 361 377 382
3 357 381 380
3 357 380 356
3 356 380 379
3 356 379 355
3 358 355 379
3 358 379 378
3 358 378 377
3 358 377 361
3 375 363 366
3 375 366 376
3 374 362 363
3 374 363 375
3 359 362 374
3 359 374 371
3 364 372 353
3 364 353 350
3 364 951 961
3 364 961 373
3 353 372 367
3 353 367 360
3 351 359 371
3 351 371 369
3 370 349 348
3 370 348 368
3 348 351 369
3 348 369 368
3 347 365 966
3 347 966 953
3 354 360 367
3 354 367 366
3 363 352 354
3 363 354 366
3 365 347 361
3 350 951 364
3 352 363 362
3 352 362 344
3 361 347 345
3 346 343 353
3 346 353 360
3 362 359 344
3 345 358 361
3 345 340 358
3 346 360 354
3 346 354 341
3 344 359 351
3 344 351 337
3 355 358 340
3 355 340 334
3 356 323 324
3 356 324 357
3 334 323 356
3 334 356 355
3 352 341 354
3 343 335 350
3 343 350 353
3 341 352 344
3 341 344 329
3 327 337 351
3 327 351 348
3 335 943 951
3 335 951 350
3 342 339 346
3 327 348 349
3 327 349 328
3 331 345 347
3 341 333 342
3 339 338 343
3 339 343 346
3 322 345 331
3 333 341 321
3 330 347 953
3 322 340 345
3 330 331 347
3 329 344 337
3 329 337 319
3 343 338 336
3 343 336 335
3 339 342 333
3 339 333 325
3 341 329 326
3 341 326 321
3 317 334 340
3 317 340 322
3 325 316 339
3 332 338 339
3 332 339 316
3 320 336 338
3 320 338 332
3 311 319 337
3 311 337 327
3 943 335 336
3 943 336 935
3 323 334 317
3 323 317 309
3 333 321 325
3 332 316 318
3 331 303 322
3 315 325 321
3 313 331 330
3 316 325 312
3 322 303 295
3 319 314 326
3 319 326 329
3 4748 310 328
3 4748 328 4749
3 311 327 328
3 311 328 310
3 303 331 313
3 306 321 326
3 306 326 314
3 325 315 304
3 325 304 312
3 323 309 294
3 323 294 324
3 317 322 295
3 317 295 302
3 306 315 321
3 305 923 935
3 305 935 320
3 300 305 320
3 300 320 318
3 319 311 308
3 319 308 314
3 296 300 318
3 296 318 316
3 299 313 927
3 309 317 302
3 309 302 297
3 296 316 312
3 296 312 292
3 293 304 315
3 293 315 306
3 301 306 314
3 301 314 308
3 303 313 299
3 303 299 262
3 304 285 292
3 304 292 312
3 310 4748 4747
3 310 4747 307
3 311 310 307
3 311 307 308
3 298 306 301
3 297 289 294
3 297 294 309
3 290 302 295
3 927 914 284
3 927 284 299
3 303 262 247
3 291 916 923
3 291 923 305
3 307 287 301
3 307 301 308
3 4747 4746 287
3 4747 287 307
3 306 298 286
3 306 286 293
3 288 291 305
3 288 305 300
3 285 304 293
3 285 293 275
3 295 303 247
3 297 302 290
3 297 290 283
3 4745 287 4746
3 287 298 301
3 282 288 300
3 282 300 296
3 299 272 262
3 298 287 279
3 298 279 286
3 297 283 276
3 297 276 289
3 273 282 296
3 273 296 292
3 290 295 247
3 290 247 257
3 294 289 280
3 916 291 281
3 916 281 899
3 269 275 293
3 269 293 286
3 914 901 267
3 914 267 284
3 266 273 292
3 266 292 285
3 291 288 271
3 291 271 281
3 257 283 290
3 280 289 276
3 280 276 274
3 288 282 264
3 288 264 271
3 4744 279 287
3 4744 287 4745
3 279 263 269
3 279 269 286
3 261 266 285
3 261 285 275
3 253 272 284
3 253 284 267
3 277 280 278
3 276 283 257
3 276 257 256
3 282 273 255
3 282 255 264
3 265 267 901
3 265 901 890
3 271 254 268
3 271 268 281
3 268 260 893
3 268 893 899
3 247 232 257
3 252 267 265
3 278 280 274
3 278 274 248
3 4743 263 279
3 4743 279 4744
3 277 278 249
3 277 249 245
3 270 276 256
3 270 256 258
3 251 261 275
3 251 275 269
3 248 274 270
3 248 270 243
3 266 244 255
3 266 255 273
3 222 272 228
3 237 254 271
3 237 271 264
3 260 246 884
3 260 884 893
3 243 270 258
3 243 258 242
3 259 265 890
3 250 251 269
3 250 269 263
3 268 254 238
3 268 238 260
3 214 253 267
3 214 267 252
3 233 244 266
3 233 266 261
3 884 246 877
3 241 259 883
3 241 883 881
3 252 265 259
3 252 259 230
3 231 237 264
3 231 264 255
3 4742 250 263
3 4742 263 4743
3 876 241 881
3 205 247 262
3 205 262 222
3 240 875 877
3 240 877 246
3 874 241 876
3 233 261 251
3 233 251 227
3 246 260 238
3 246 238 229
3 259 241 230
3 202 256 257
3 202 257 232
3 236 873 875
3 236 875 240
3 244 226 231
3 244 231 255
3 254 237 225
3 254 225 238
3 214 228 253
3 234 872 873
3 234 873 236
3 252 230 223
3 252 223 214
3 234 869 872
3 251 250 4738
3 251 4738 227
3 871 870 235
3 871 235 239
3 870 869 234
3 870 234 235
3 219 246 229
3 241 196 230
3 249 213 208
3 249 208 245
3 213 249 248
3 213 248 217
3 221 248 243
3 221 243 212
3 247 205 232
3 219 240 246
3 226 244 233
3 226 233 220
3 243 242 200
3 243 200 212
3 196 241 239
3 196 239 224
3 216 236 240
3 216 240 219
3 209 223 230
3 218 224 239
3 218 239 235
3 199 229 238
3 199 238 225
3 237 231 211
3 237 211 225
3 215 234 236
3 215 236 216
3 235 234 215
3 235 215 218
3 203 228 214
3 210 220 233
3 210 233 227
3 172 232 205
3 211 231 226
3 211 226 204
3 196 209 230
3 195 214 223
3 193 219 229
3 193 229 199
3 192 222 228
3 192 228 203
3 227 4738 4733
3 227 4733 210
3 204 226 220
3 204 220 198
3 196 224 191
3 219 193 182
3 194 199 225
3 194 225 211
3 191 224 218
3 191 218 185
3 209 170 195
3 209 195 223
3 205 222 192
3 205 192 177
3 221 179 184
3 221 184 217
3 179 221 212
3 179 212 173
3 220 210 197
3 220 197 198
3 216 219 182
3 183 185 218
3 183 218 215
3 176 213 217
3 176 217 184
3 216 182 181
3 216 181 215
3 183 215 181
3 186 203 214
3 186 214 195
3 213 176 168
3 213 168 208
3 200 146 212
3 204 188 190
3 204 190 211
3 210 4733 4727
3 210 4727 197
3 196 170 209
3 189 4732 207
3 206 178 180
3 180 189 207
3 180 207 206
3 205 177 127
3 198 187 188
3 198 188 204
3 171 192 203
3 171 203 186
3 201 202 142
3 201 142 143
3 144 200 201
3 144 201 143
3 199 194 175
3 199 175 193
3 197 4712 187
3 197 187 198
3 170 196 191
3 170 191 163
3 186 195 170
3 186 170 166
3 194 190 169
3 194 169 175
3 167 182 193
3 167 193 175
3 171 147 177
3 171 177 192
3 185 156 163
3 185 163 191
3 188 149 169
3 188 169 190
3 165 174 189
3 165 189 180
3 149 188 187
3 149 187 113
3 187 4712 113
3 152 182 167
3 171 186 166
3 171 166 161
3 156 185 183
3 156 183 155
3 157 138 176
3 157 176 184
3 157 184 179
3 157 179 160
3 155 183 181
3 155 181 182
3 155 182 152
3 165 180 178
3 165 178 139
3 129 136 179
3 129 179 173
3 170 158 166
3 147 98 127
3 147 127 177
3 176 138 131
3 176 131 168
3 162 175 169
3 162 169 150
3 174 165 164
3 125 173 146
3 125 146 115
3 101 142 172
3 101 172 127
3 147 171 161
3 147 161 123
3 158 170 163
3 158 163 137
3 113 4712 4694
3 149 150 169
3 162 151 152
3 162 152 167
3 135 161 166
3 135 166 158
3 126 164 165
3 126 165 139
3 103 115 146
3 4704 148 140
3 4704 140 154
3 164 126 121
3 164 121 159
3 156 134 137
3 156 137 163
3 154 140 141
3 154 141 153
3 151 162 150
3 151 150 128
3 161 135 110
3 161 110 123
3 109 130 160
3 109 160 136
3 145 157 160
3 145 160 130
3 118 148 159
3 118 159 121
3 102 135 158
3 102 158 137
3 114 138 157
3 114 157 145
3 152 132 155
3 156 155 133
3 156 133 134
3 155 132 133
3 117 4686 4704
3 117 4704 154
3 116 117 154
3 116 154 153
3 116 153 124
3 145 130 153
3 145 153 141
3 151 128 132
3 151 132 152
3 149 111 128
3 149 128 150
3 149 113 111
3 148 118 119
3 148 119 140
3 98 147 123
3 98 123 80
3 103 146 144
3 103 144 100
3 145 141 108
3 145 108 114
3 100 144 143
3 100 143 99
3 143 142 101
3 143 101 99
3 119 120 140
3 108 141 122
3 140 120 122
3 140 122 141
3 138 114 107
3 138 107 131
3 4683 113 4694
3 94 102 137
3 94 137 134
3 136 129 106
3 136 106 109
3 102 110 135
3 93 94 134
3 93 134 133
3 133 132 112
3 133 112 93
3 132 91 112
3 108 122 95
3 109 85 124
3 109 124 130
3 104 129 125
3 111 92 128
3 128 92 91
3 101 127 98
3 101 98 79
3 97 104 125
3 97 125 115
3 96 116 124
3 96 124 85
3 123 110 76
3 123 76 80
3 120 87 95
3 120 95 122
3 83 118 121
3 87 120 119
3 87 119 84
3 118 83 84
3 118 84 119
3 105 4673 4686
3 105 4686 117
3 116 96 105
3 116 105 117
3 86 113 4683
3 86 4683 4655
3 103 89 97
3 103 97 115
3 114 108 90
3 114 90 107
3 77 111 113
3 77 113 86
3 93 112 91
3 111 77 75
3 111 75 92
3 110 102 72
3 110 72 76
3 109 106 82
3 109 82 85
3 90 108 95
3 4657 4673 105
3 4657 105 4650
3 81 82 106
3 81 106 104
3 104 78 81
3 96 74 4650
3 96 4650 105
3 104 97 78
3 86 4655 57
3 89 103 100
3 89 100 88
3 102 94 68
3 102 68 72
3 99 101 79
3 99 79 69
3 69 88 100
3 69 100 99
3 79 98 80
3 79 80 59
3 97 89 71
3 97 71 78
3 64 74 96
3 64 96 85
3 67 92 75
3 94 93 66
3 94 66 68
3 93 91 67
3 93 67 66
3 67 91 92
3 89 88 70
3 89 70 71
3 56 77 86
3 56 86 57
3 85 82 62
3 85 62 64
3 4655 4635 57
3 82 81 61
3 82 61 62
3 81 78 53
3 81 53 61
3 4650 74 73
3 4650 73 4649
3 65 4649 73
3 80 76 43
3 80 43 59
3 69 79 59
3 69 59 47
3 78 71 53
3 77 56 54
3 77 54 75
3 4619 4633 65
3 72 40 43
3 72 43 76
3 4635 49 57
3 39 67 75
3 39 75 54
3 74 64 63
3 74 63 73
3 45 65 73
3 45 73 63
3 50 56 57
3 40 72 68
3 40 68 39
3 71 70 46
3 71 46 53
3 70 69 47
3 70 47 46
3 66 39 68
3 39 66 67
3 45 4619 65
3 64 62 60
3 64 60 63
3 41 45 63
3 41 63 60
3 58 60 62
3 58 62 61
3 53 37 58
3 53 58 61
3 60 58 41
3 59 43 27
3 59 27 47
3 41 58 37
3 49 50 57
3 56 50 33
3 56 33 54
3 36 45 41
3 25 37 53
3 49 4623 51
3 4618 51 4623
3 4620 4616 31
3 4620 31 48
3 4613 4620 48
3 51 4618 55
3 51 55 38
3 4613 48 52
3 48 44 52
3 44 38 52
3 4619 45 42
3 4619 42 4614
3 55 52 38
3 33 39 54
3 32 51 38
3 25 53 46
3 31 4616 4615
3 31 4615 34
3 4615 4614 42
3 4615 42 34
3 52 55 4610
3 4613 52 4610
3 4613 4610 4608
3 51 32 49
3 50 49 32
3 50 32 33
3 31 44 48
3 26 46 47
3 26 47 27
3 45 36 35
3 45 35 42
3 38 44 31
3 24 38 31
3 40 23 27
3 40 27 43
3 39 33 22
3 34 42 35
3 28 36 41
3 28 41 37
3 23 40 39
3 23 39 22
3 24 32 38
3 36 30 35
3 37 25 28
3 31 34 29
3 29 34 35
3 29 35 30
3 24 20 32
3 33 32 20
3 33 20 22
3 31 29 24
3 19 29 30
3 19 30 28
3 24 29 19
3 25 21 28
3 19 28 21
3 23 21 26
3 23 26 27
3 21 25 26
3 20 24 19
3 22 20 21
3 22 21 23
3 20 19 21
3 239 241 874
3 1080 577 580
3 1024 485 501
3 1056 1051 1059
3 1048 1036 1038
3 1029 1254 1038
3 1304 1031 1034
3 1009 1000 999
3 1000 990 991
3 956 965 959
3 954 960 956
3 930 922 917
3 1277 915 920
3 919 922 926
3 1079 584 1076
3 1076 584 1082
3 1076 1082 1075
3 1077 1063 1081
3 1078 1072 1075
3 1078 1075 1082
3 1063 1073 1080
3 1063 1080 1081
3 1080 1073 1057
3 1080 1057 1069
3 1079 1071 1067
3 1079 1067 1077
3 1071 1079 1076
3 1071 1076 1070
3 1066 1072 1078
3 1066 1078 1074
3 1063 1077 1067
3 1070 1076 1075
3 1070 1075 1068
3 552 1069 1062
3 1072 1064 1068
3 1072 1068 1075
3 1073 1063 1058
3 1066 1074 1065
3 1066 1065 1059
3 1073 1058 1057
3 1057 1055 1069
3 1066 1053 1064
3 1066 1064 1072
3 1071 867 868
3 1071 868 1067
3 867 1071 1070
3 867 1070 866
3 866 1070 1068
3 866 1068 865
3 1069 1055 1035
3 1069 1035 1062
3 865 1068 1064
3 865 1064 864
3 1067 868 1050
3 1067 1050 1063
3 1053 1066 1059
3 1065 1060 1056
3 1065 1056 1059
3 862 864 1064
3 862 1064 1053
3 1058 1063 1050
3 1058 1050 1084
3 863 862 1053
3 1043 1061 1052
3 1054 1042 1056
3 1054 1056 1060
3 1059 1051 1049
3 1059 1049 1053
3 1058 1047 1041
3 1058 1041 1057
3 1039 1055 1057
3 1039 1057 1041
3 1051 1056 1042
3 1051 1042 1045
3 1035 1055 1039
3 1054 1040 1042
3 863 1053 1049
3 863 1049 1046
3 1037 1043 1052
3 1037 1052 1044
3 1051 1045 1048
3 1051 1048 1049
3 1084 1050 1255
3 868 1272 1255
3 868 1255 1050
3 1048 1038 1046
3 1048 1046 1049
3 1045 1032 1036
3 1045 1036 1048
3 1257 1041 1047
3 1257 1047 1256
3 1038 1254 1262
3 1038 1262 1046
3 1273 863 1046
3 1273 1046 1262
3 1032 1045 1042
3 1032 1042 1028
3 1034 1031 1037
3 1034 1037 1044
3 1033 1043 1037
3 1033 1037 1030
3 1042 1040 1027
3 1042 1027 1028
3 1039 1041 1257
3 1035 1039 1244
3 1036 1025 1029
3 1036 1029 1038
3 1031 1026 1030
3 1031 1030 1037
3 1032 1023 1025
3 1032 1025 1036
3 1024 1033 1030
3 1024 1030 1022
3 1023 1032 1028
3 1023 1028 1019
3 1305 1026 1031
3 1305 1031 1304
3 1022 1030 1026
3 1029 1025 1018
3 1029 1018 1021
3 1254 1029 1021
3 1254 1021 1248
3 1028 1027 1015
3 1028 1015 1019
3 1303 1026 1305
3 1023 1014 1018
3 1023 1018 1025
3 473 1024 1022
3 473 1022 1016
3 1019 1011 1014
3 1019 1014 1023
3 1016 1022 1020
3 1016 1020 1013
3 1012 1017 1021
3 1012 1021 1018
3 1017 1242 1248
3 1017 1248 1021
3 1302 1013 1020
3 1302 1020 1303
3 1002 1011 1019
3 1002 1019 1015
3 460 473 1016
3 460 1016 1007
3 1014 1008 1012
3 1014 1012 1018
3 1017 1012 1005
3 1017 1005 1010
3 1242 1017 1010
3 1242 1010 1239
3 1007 1016 1013
3 1007 1013 1006
3 1011 1004 1008
3 1011 1008 1014
3 1300 1006 1013
3 1300 1013 1302
3 998 1005 1012
3 998 1012 1008
3 1011 1002 997
3 1011 997 1004
3 1000 1009 1010
3 1000 1010 1005
3 1239 1010 1009
3 1239 1009 1232
3 1232 1009 999
3 1232 999 1222
3 1008 1004 996
3 1008 996 998
3 1003 1085 1001
3 431 447 1003
3 431 1003 994
3 990 1000 1005
3 990 1005 998
3 993 996 1004
3 993 1004 997
3 994 1003 1001
3 994 1001 995
3 1001 1296 995
3 999 1000 991
3 999 991 992
3 999 992 1216
3 999 1216 1222
3 998 996 989
3 998 989 990
3 988 989 996
3 988 996 993
3 1296 1295 981
3 1296 981 995
3 982 994 995
3 982 995 981
3 399 431 994
3 399 994 982
3 991 984 983
3 991 983 992
3 983 1213 1216
3 983 1216 992
3 991 990 985
3 991 985 984
3 985 990 989
3 985 989 986
3 989 988 987
3 989 987 986
3 986 987 980
3 986 980 979
3 985 986 979
3 985 979 978
3 984 985 978
3 984 978 977
3 984 977 976
3 984 976 983
3 983 976 1206
3 983 1206 1213
3 385 399 982
3 385 982 975
3 975 982 981
3 975 981 974
3 981 1295 1292
3 981 1292 974
3 973 971 979
3 973 979 980
3 971 969 978
3 971 978 979
3 969 970 977
3 969 977 978
3 977 970 972
3 977 972 976
3 976 972 1195
3 976 1195 1206
3 966 385 975
3 966 975 967
3 967 975 974
3 967 974 968
3 1288 968 974
3 1288 974 1292
3 961 971 973
3 1288 1287 964
3 1288 964 968
3 970 965 963
3 970 963 972
3 1195 972 963
3 1195 963 1190
3 959 969 971
3 959 971 961
3 959 965 970
3 959 970 969
3 962 967 968
3 962 968 964
3 953 966 967
3 953 967 962
3 1287 957 964
3 961 951 958
3 956 960 963
3 956 963 965
3 955 962 964
3 955 964 957
3 963 960 1190
3 953 962 955
3 958 952 959
3 958 959 961
3 958 951 948
3 954 1178 1180
3 954 1180 960
3 956 959 952
3 956 952 949
3 948 945 952
3 948 952 958
3 955 957 946
3 954 956 949
3 954 949 947
3 947 1174 1178
3 947 1178 954
3 949 952 945
3 949 945 944
3 950 1284 1282
3 950 1282 942
3 943 940 948
3 943 948 951
3 938 946 950
3 938 950 942
3 944 941 947
3 944 947 949
3 948 940 939
3 948 939 945
3 941 1169 1174
3 941 1174 947
3 313 330 946
3 313 946 938
3 945 939 937
3 945 937 944
3 942 1282 1280
3 942 1280 936
3 941 944 937
3 941 937 934
3 940 943 935
3 940 935 933
3 931 938 942
3 931 942 936
3 1169 941 934
3 1169 934 1164
3 940 933 932
3 940 932 939
3 936 1278 928
3 939 932 929
3 939 929 937
3 927 313 938
3 927 938 931
3 929 930 934
3 929 934 937
3 921 931 936
3 921 936 928
3 928 1278 1277
3 928 1277 920
3 923 924 933
3 923 933 935
3 930 917 1164
3 930 1164 934
3 925 932 933
3 925 933 924
3 932 925 926
3 932 926 929
3 914 927 931
3 914 931 921
3 929 926 922
3 929 922 930
3 928 920 913
3 928 913 921
3 1277 912 915
3 925 918 919
3 925 919 926
3 918 925 924
3 918 924 910
3 916 910 924
3 916 924 923
3 911 912 1175
3 911 1175 1166
3 911 1166 908
3 922 919 909
3 922 909 917
3 901 914 921
3 901 921 913
3 920 915 907
3 920 907 913
3 918 904 909
3 918 909 919
3 916 899 910
3 904 918 910
3 905 861 917
3 905 917 909
3 861 1143 1156
3 861 1156 917
3 915 902 907
3 901 913 907
3 901 907 890
3 900 902 912
3 900 912 911
3 900 911 908
3 900 908 898
3 910 899 893
3 910 893 904
3 904 896 905
3 904 905 909
3 906 895 898
3 906 898 908
3 908 1166 1159
3 908 1159 906
3 1083 890 907
3 1083 907 902
3 906 903 892
3 906 892 895
3 1306 1153 903
3 1306 903 906
3 886 897 905
3 886 905 896
3 860 861 905
3 860 905 897
3 893 884 896
3 893 896 904
3 857 891 892
3 857 892 903
3 1136 857 903
3 1136 903 1153
3 900 881 883
3 900 883 902
3 898 876 881
3 898 881 900
3 895 882 876
3 895 876 898
3 897 886 885
3 897 885 894
3 859 860 897
3 859 897 894
3 877 886 896
3 877 896 884
3 895 892 880
3 894 885 879
3 894 879 889
3 889 858 859
3 889 859 894
3 870 880 892
3 870 892 891
3 887 869 870
3 887 870 891
3 855 887 891
3 855 891 857
3 869 887 888
3 869 888 878
3 878 888 889
3 878 889 879
3 888 856 858
3 888 858 889
3 887 855 856
3 887 856 888
3 885 886 877
3 885 877 875
3 882 874 876
3 885 875 873
3 885 873 879
3 880 871 874
3 880 870 871
3 872 878 879
3 872 879 873
3 869 878 872
3 868 867 1275
3 868 1275 1272
3 866 1275 867
3 1276 866 865
3 864 1267 1276
3 864 1276 865
3 862 1274 1267
3 862 1267 864
3 1274 862 863
3 1274 863 1273
3 860 1141 1143
3 860 1143 861
3 1141 860 859
3 1141 859 1140
3 1140 859 858
3 1140 858 1138
3 1133 1138 858
3 1133 858 856
3 855 857 1136
3 855 1133 856
3 1306 906 1159
3 895 880 882
3 882 880 874
3 1083 883 890
3 1083 902 883
3 915 912 902
3 936 1280 1278
3 330 953 955
3 330 955 946
3 957 1284 950
3 957 950 946
3 1058 1084 1047
3 1084 1255 1256
3 1084 1256 1047
3 1244 1034 1035
3 1044 1035 1034
3 1044 1052 1062
3 1044 1062 1035
3 1062 1052 1061
3 1062 1061 552
3 1022 1026 1020
3 1303 1020 1026
3 1300 1085 1006
3 1003 1007 1006
3 1003 1006 1085
3 447 460 1007
3 447 1007 1003
3 1303 1305 1304
3 1279 1277 1278
3 1229 1224 1227
3 1151 1153 1306
3 1536 1538 1131
3 1112 1502 1500
3 1346 1344 1107
3 1087 1307 1309
3 1085 1300 1299
3 1109 1087 1212
3 1109 1212 1205
3 1131 1109 1205
3 1131 1205 1194
3 1130 1131 1194
3 1130 1194 1189
3 1127 1130 1189
3 1127 1189 1185
3 1125 1127 1185
3 1125 1185 1179
3 1123 1125 1179
3 1123 1179 1177
3 1123 1177 1173
3 1121 1123 1173
3 1121 1173 1168
3 1120 1121 1168
3 1120 1168 1163
3 1118 1120 1163
3 1118 1163 1158
3 1115 1118 1158
3 1115 1158 1154
3 1111 1115 1154
3 1111 1154 1150
3 1112 1111 1150
3 1112 1150 1146
3 1113 1112 1146
3 1113 1146 1145
3 1114 1113 1145
3 1114 1145 1147
3 1116 1114 1147
3 1117 1116 1147
3 1117 1147 1148
3 1119 1117 1148
3 1119 1148 1149
3 1122 1119 1149
3 1122 1149 1152
3 1124 1122 1152
3 1124 1152 1170
3 1126 1124 1170
3 1126 1170 1181
3 1128 1126 1181
3 1128 1181 1188
3 1129 1128 1188
3 1132 1129 1199
3 1110 1132 1199
3 1110 1199 1203
3 1086 1110 1203
3 1086 1203 1207
3 1089 1086 1207
3 1090 1089 1219
3 1092 1090 1219
3 1092 1219 1224
3 1094 1092 1224
3 1094 1224 1229
3 1097 1094 1229
3 1097 1229 1238
3 1100 1097 1238
3 1100 1238 1251
3 1102 1100 1251
3 1102 1251 1258
3 1103 1102 1258
3 1103 1258 1263
3 1105 1103 1263
3 1105 1263 1268
3 1106 1105 1268
3 1106 1268 1269
3 1107 1106 1269
3 1107 1269 1271
3 1108 1107 1271
3 1108 1271 1265
3 1104 1108 1265
3 1104 1265 1261
3 1101 1104 1261
3 1101 1261 1253
3 1099 1101 1253
3 1099 1253 1247
3 1098 1099 1247
3 1098 1247 1241
3 1096 1098 1241
3 1096 1241 1235
3 1095 1096 1235
3 1093 1095 1226
3 1091 1093 1226
3 1091 1226 1221
3 1088 1091 1221
3 1088 1221 1215
3 1087 1088 1215
3 1087 1215 1212
3 1039 1243 1244
3 1039 1257 1243
3 1244 1304 1034
3 1244 1233 1234
3 1244 1234 1304
3 1234 1301 1302
3 1234 1302 1303
3 1234 1230 1301
3 1302 1299 1300
3 1301 1299 1302
3 1230 1225 1299
3 1230 1299 1301
3 1001 1085 1299
3 1001 1299 1298
3 1298 1299 1297
3 1297 1299 1220
3 1225 1220 1299
3 1296 1001 1298
3 1297 1220 1218
3 1297 1294 1298
3 1294 1297 1210
3 1298 1294 1295
3 1298 1295 1296
3 1210 1297 1218
3 1294 1291 1292
3 1294 1292 1295
3 1291 1294 1210
3 1291 1210 1293
3 1293 1210 1202
3 1289 1291 1293
3 1289 1293 1290
3 1290 1293 1202
3 1290 1202 1198
3 1291 1289 1288
3 1291 1288 1292
3 1286 1289 1290
3 1286 1290 1198
3 1286 1198 1192
3 1289 1286 1287
3 1289 1287 1288
3 1286 1192 1186
3 957 1287 1286
3 1285 1286 1186
3 1286 1285 1284
3 957 1286 1284
3 1186 1183 1285
3 1183 1184 1283
3 1183 1283 1285
3 1285 1283 1282
3 1285 1282 1284
3 1184 1281 1283
3 1283 1281 1280
3 1283 1280 1282
3 1175 1176 1279
3 1175 1279 1281
3 1277 1279 1176
3 1277 1176 912
3 1175 912 1176
3 1166 1175 1165
3 1274 1270 1267
3 1264 866 1276
3 1264 1276 1267
3 866 1264 1259
3 866 1259 1275
3 1250 1272 1275
3 1250 1275 1259
3 1270 1274 1273
3 1270 1273 1266
3 1260 1266 1273
3 1260 1273 1262
3 1272 1250 1249
3 1272 1249 1255
3 1269 1267 1270
3 1269 1270 1271
3 1271 1270 1266
3 1271 1266 1265
3 1267 1269 1268
3 1264 1267 1268
3 1264 1268 1263
3 1261 1265 1266
3 1261 1266 1260
3 1258 1259 1264
3 1258 1264 1263
3 1254 1252 1260
3 1254 1260 1262
3 1261 1260 1252
3 1261 1252 1253
3 1259 1258 1251
3 1259 1251 1250
3 1256 1245 1243
3 1256 1243 1257
3 1252 1254 1248
3 1252 1248 1246
3 1253 1252 1246
3 1253 1246 1247
3 1249 1250 1251
3 1249 1251 1238
3 1249 1238 1237
3 1249 1237 1245
3 1248 1242 1240
3 1248 1240 1246
3 1247 1246 1240
3 1247 1240 1241
3 1237 1236 1243
3 1237 1243 1245
3 1243 1233 1244
3 1243 1236 1233
3 1240 1242 1239
3 1240 1239 1235
3 1235 1241 1240
3 1239 1232 1231
3 1239 1231 1235
3 1238 1229 1227
3 1238 1227 1237
3 1236 1237 1227
3 1236 1227 1228
3 1228 1233 1236
3 1095 1235 1231
3 1228 1230 1234
3 1228 1234 1233
3 1232 1222 1226
3 1232 1226 1231
3 1226 1095 1231
3 1223 1225 1230
3 1223 1230 1228
3 1222 1221 1226
3 1227 1224 1223
3 1227 1223 1228
3 1225 1223 1219
3 1225 1219 1220
3 1219 1223 1224
3 1216 1214 1221
3 1216 1221 1222
3 1215 1221 1214
3 1218 1220 1217
3 1219 1217 1220
3 1219 1089 1217
3 1218 1209 1210
3 1209 1218 1217
3 1209 1217 1208
3 1217 1207 1208
3 1089 1207 1217
3 1216 1213 1211
3 1216 1211 1214
3 1215 1214 1211
3 1215 1211 1212
3 1213 1206 1204
3 1213 1204 1211
3 1212 1211 1204
3 1212 1204 1205
3 1209 1200 1202
3 1209 1202 1210
3 1200 1209 1208
3 1200 1208 1201
3 1208 1207 1203
3 1208 1203 1201
3 1206 1195 1193
3 1206 1193 1204
3 1193 1194 1205
3 1193 1205 1204
3 1203 1199 1197
3 1197 1201 1203
3 1200 1196 1198
3 1200 1198 1202
3 1196 1200 1201
3 1196 1201 1197
3 1199 1129 1191
3 1199 1191 1197
3 1196 1192 1198
3 1192 1196 1197
3 1192 1197 1191
3 1195 1190 1189
3 1195 1189 1193
3 1189 1194 1193
3 1129 1188 1191
3 1186 1192 1191
3 1186 1191 1187
3 1191 1188 1187
3 1189 1190 960
3 1189 960 1185
3 1182 1188 1181
3 1182 1183 1187
3 1182 1187 1188
3 1183 1186 1187
3 1185 960 1180
3 1185 1180 1179
3 1184 1171 1175
3 1184 1175 1281
3 1183 1182 1171
3 1183 1171 1184
3 1181 1170 1171
3 1181 1171 1182
3 1180 1178 1177
3 1180 1177 1179
3 1178 1174 1172
3 1178 1172 1177
3 1173 1177 1172
3 1175 1171 1165
3 1169 1167 1172
3 1169 1172 1174
3 1173 1172 1167
3 1173 1167 1168
3 1161 1165 1171
3 1161 1171 1170
3 1170 1152 1161
3 1169 1164 1162
3 1169 1162 1167
3 1162 1163 1168
3 1162 1168 1167
3 1160 1159 1166
3 1160 1166 1165
3 1165 1161 1160
3 917 1157 1162
3 917 1162 1164
3 1157 1158 1163
3 1157 1163 1162
3 1152 1151 1160
3 1152 1160 1161
3 1157 917 1156
3 1157 1156 1155
3 1155 1154 1158
3 1155 1158 1157
3 1144 1155 1156
3 1144 1156 1143
3 1150 1154 1155
3 1150 1155 1144
3 1137 1136 1153
3 1137 1153 1151
3 1137 1151 1152
3 1137 1152 1149
3 1142 1146 1150
3 1142 1150 1144
3 1148 1135 1137
3 1148 1137 1149
3 1135 1148 1147
3 1135 1147 1134
3 1139 1134 1147
3 1145 1139 1147
3 1139 1145 1146
3 1139 1146 1142
3 1141 1142 1144
3 1141 1144 1143
3 1142 1141 1140
3 1142 1140 1139
3 1139 1140 1138
3 1133 1134 1139
3 1133 1139 1138
3 1136 1137 1135
3 1136 1135 855
3 1134 1133 855
3 1134 855 1135
3 1536 1131 1130
3 1536 1130 1537
3 1535 1129 1132
3 1535 1132 1508
3 1535 1506 1128
3 1535 1128 1129
3 1127 1534 1537
3 1127 1537 1130
3 1126 1128 1506
3 1126 1506 1533
3 1125 1532 1534
3 1125 1534 1127
3 1531 1124 1126
3 1531 1126 1533
3 1530 1532 1125
3 1530 1125 1123
3 1123 1529 1530
3 1505 1122 1124
3 1505 1124 1531
3 1529 1123 1121
3 1529 1121 1528
3 1527 1528 1121
3 1527 1121 1120
3 1505 1526 1119
3 1505 1119 1122
3 1525 1527 1120
3 1525 1120 1118
3 1119 1526 1524
3 1119 1524 1117
3 1522 1116 1117
3 1522 1117 1524
3 1118 1115 1523
3 1118 1523 1525
3 1522 1114 1116
3 1114 1522 1521
3 1114 1521 1113
3 1113 1521 1502
3 1113 1502 1112
3 1500 1497 1111
3 1500 1111 1112
3 1115 1111 1497
3 1115 1497 1523
3 1109 1131 1538
3 1109 1538 1424
3 1425 1508 1132
3 1425 1132 1110
3 1110 1086 1425
3 1424 1307 1087
3 1424 1087 1109
3 1324 1349 1108
3 1324 1108 1104
3 1107 1108 1349
3 1107 1349 1346
3 1107 1344 1325
3 1107 1325 1106
3 1106 1325 1323
3 1106 1323 1105
3 1323 1103 1105
3 1321 1324 1104
3 1321 1104 1101
3 1322 1102 1103
3 1322 1103 1323
3 1102 1322 1320
3 1102 1320 1100
3 1101 1099 1319
3 1101 1319 1321
3 1097 1100 1320
3 1097 1320 1317
3 1099 1098 1318
3 1099 1318 1319
3 1318 1098 1096
3 1318 1096 1316
3 1314 1094 1097
3 1314 1097 1317
3 1315 1316 1096
3 1315 1096 1095
3 1095 1093 1313
3 1095 1313 1315
3 1312 1092 1094
3 1312 1094 1314
3 1091 1311 1313
3 1091 1313 1093
3 1312 1310 1090
3 1312 1090 1092
3 1088 1308 1311
3 1088 1311 1091
3 1089 1090 1310
3 1086 1089 1310
3 1308 1088 1087
3 1308 1087 1309
3 1306 1159 1160
3 1306 1160 1151
3 1281 1279 1278
3 1281 1278 1280
3 1256 1255 1249
3 1256 1249 1245
3 1304 1234 1303
3 1538 1510 1509
3 1501 1499 1502
3 2989 1476 2955
3 1485 1478 1472
3 1476 1472 1467
3 1468 2931 2888
3 1464 1468 2888
3 1382 1388 1386
3 1877 1379 1382
3 1877 1841 1379
3 1380 1374 1370
3 1374 1368 1361
3 1811 1370 1780
3 1344 1347 1345
3 1337 1336 1307
3 1520 1519 1527
3 1520 1527 1525
3 1525 1523 1518
3 1525 1518 1520
3 1528 1527 1519
3 1528 1519 1517
3 1517 1516 1529
3 1517 1529 1528
3 1530 1529 1516
3 1530 1516 1515
3 1532 1530 1515
3 1532 1515 1514
3 1534 1532 1514
3 1534 1514 1513
3 1537 1534 1513
3 1537 1513 1512
3 1536 1537 1512
3 1536 1512 1511
3 1538 1536 1511
3 1538 1511 1510
3 1535 1508 1507
3 1506 1535 1507
3 1531 1533 1506
3 1531 1506 1438
3 1505 1531 1438
3 1505 1504 1526
3 1524 1526 1504
3 1504 1456 1522
3 1504 1522 1524
3 1522 1456 1461
3 1461 1503 1521
3 1461 1521 1522
3 1503 1501 1502
3 1503 1502 1521
3 1499 1498 1500
3 1499 1500 1502
3 1497 1500 1498
3 1497 1498 1496
3 1496 1518 1523
3 1496 1523 1497
3 1489 1488 2990
3 1489 2990 2987
3 2987 2986 1484
3 2987 1484 1489
3 2986 1487 1484
3 1488 1489 1486
3 1488 1486 1485
3 1484 1486 1489
3 1518 1496 1483
3 1518 1483 1482
3 1481 1483 1496
3 1481 1496 1498
3 1480 1484 1487
3 1485 1486 1479
3 1485 1479 1478
3 1486 1484 1477
3 1486 1477 1479
3 1478 1479 1483
3 1478 1483 1481
3 1479 1477 1482
3 1479 1482 1483
3 2989 2990 1488
3 2989 1488 1476
3 1480 1475 1477
3 1480 1477 1484
3 1477 1475 1474
3 1477 1474 1482
3 1520 1518 1482
3 1520 1482 1474
3 1487 2959 1473
3 1487 1473 1480
3 1488 1485 1472
3 1488 1472 1476
3 2959 2931 1473
3 1480 1473 1471
3 1480 1471 1475
3 1498 1499 1470
3 1498 1470 1481
3 1469 1474 1475
3 1469 1475 1471
3 1465 1478 1481
3 1465 1481 1470
3 1468 1473 2931
3 2898 2955 1476
3 2898 1476 1467
3 1469 1519 1520
3 1469 1520 1474
3 1466 1470 1499
3 1466 1499 1501
3 1465 1472 1478
3 1471 1473 1468
3 1471 1468 1464
3 1466 1455 1465
3 1466 1465 1470
3 1460 1466 1501
3 1460 1501 1503
3 1463 1467 1472
3 1463 1472 1465
3 1471 1464 1462
3 1471 1462 1469
3 1467 1463 2836
3 1467 2836 2898
3 2829 1459 1464
3 2829 1464 2888
3 1469 1462 1517
3 1469 1517 1519
3 1461 1460 1503
3 1466 1460 1455
3 1459 1458 1462
3 1459 1462 1464
3 1457 1463 1465
3 1457 1465 1455
3 1459 2829 1453
3 1458 1516 1517
3 1458 1517 1462
3 2836 1463 1457
3 2836 1457 2803
3 1460 1461 1454
3 1453 1450 1459
3 1456 1504 1448
3 1454 1461 1456
3 1454 1456 1451
3 1449 1457 1455
3 1455 1460 1454
3 2775 1453 2829
3 1450 1452 1458
3 1450 1458 1459
3 1457 1449 2724
3 1457 2724 2803
3 1456 1448 1451
3 1516 1458 1452
3 1516 1452 1515
3 1454 1449 1455
3 1449 1454 1451
3 2775 1443 1453
3 1448 1504 1505
3 1448 1505 1445
3 1450 1447 1452
3 1446 1449 1451
3 1446 1451 1448
3 1447 1514 1515
3 1447 1515 1452
3 1449 1446 2693
3 1449 2693 2724
3 1443 1440 1450
3 1443 1450 1453
3 1448 1445 1444
3 1443 2775 2739
3 1440 1442 1447
3 1440 1447 1450
3 1446 1448 1444
3 1446 1444 1441
3 1442 1513 1514
3 1442 1514 1447
3 1438 1445 1505
3 2693 1446 1441
3 2693 1441 2626
3 2739 2699 1439
3 2739 1439 1443
3 1438 1437 1445
3 1437 1436 1444
3 1437 1444 1445
3 1435 1441 1444
3 1435 1444 1436
3 1435 2544 2626
3 1435 2626 1441
3 1440 1434 1442
3 1442 1434 1512
3 1442 1512 1513
3 1439 1433 1440
3 1439 1440 1443
3 1436 1437 1432
3 1436 1432 1431
3 1436 1431 1435
3 2544 1435 1431
3 2544 1431 2501
3 1438 1506 1507
3 1438 1507 1430
3 1437 1438 1430
3 1437 1430 1432
3 1433 1429 1434
3 1433 1434 1440
3 2625 1428 1439
3 2625 1439 2699
3 2625 2580 2469
3 2625 2469 1428
3 1429 1511 1512
3 1429 1512 1434
3 1439 1428 1427
3 1439 1427 1433
3 1495 3167 2501
3 1495 2501 1431
3 1432 1494 1495
3 1432 1495 1431
3 1433 1427 1426
3 1433 1426 1429
3 1494 1432 1430
3 1494 1430 1493
3 1507 1508 1493
3 1507 1493 1430
3 1510 1511 1429
3 1510 1429 1426
3 2469 3143 1490
3 2469 1490 1428
3 1428 1490 1491
3 1428 1491 1427
3 1427 1491 1492
3 1427 1492 1426
3 1509 1510 1426
3 1509 1426 1492
3 1416 1490 3143
3 1416 3143 2355
3 1417 1491 1490
3 1417 1490 1416
3 1418 1492 1491
3 1418 1491 1417
3 1423 1509 1492
3 1423 1492 1418
3 1419 1493 1508
3 1419 1508 1422
3 1420 1494 1493
3 1420 1493 1419
3 1421 1495 1494
3 1421 1494 1420
3 2376 3167 1495
3 2376 1495 1421
3 1422 1508 1425
3 1424 1538 1509
3 1424 1509 1423
3 1423 1337 1307
3 1423 1307 1424
3 1425 1086 1338
3 1425 1338 1422
3 1421 1351 1545
3 1421 1545 2376
3 1420 1352 1351
3 1420 1351 1421
3 1419 1353 1352
3 1419 1352 1420
3 1422 1338 1353
3 1422 1353 1419
3 1418 1354 1337
3 1418 1337 1423
3 1417 1355 1354
3 1417 1354 1418
3 1416 1356 1355
3 1416 1355 1417
3 2355 1580 1356
3 2355 1356 1416
3 1354 1415 1336
3 1354 1336 1337
3 1415 1354 1355
3 1415 1355 1414
3 1414 1355 1356
3 1414 1356 1413
3 1413 1356 1580
3 1415 1412 1335
3 1415 1335 1336
3 1411 1353 1338
3 1353 1411 1408
3 1353 1408 1352
3 1412 1415 1414
3 1412 1414 1403
3 1352 1408 1409
3 1410 1351 1352
3 1410 1352 1409
3 1410 2256 1545
3 1410 1545 1351
3 1403 1414 1413
3 1403 1413 1400
3 1407 1334 1335
3 1407 1335 1412
3 1413 1580 2184
3 1413 2184 2137
3 2073 1400 1413
3 2073 1413 2137
3 1403 1407 1412
3 1408 1411 1402
3 1408 1402 1404
3 1411 1338 1310
3 1411 1310 1402
3 2256 1410 1406
3 2256 1406 2220
3 1406 1410 1409
3 1406 1409 1405
3 1409 1408 1404
3 1409 1404 1405
3 1333 1334 1407
3 1333 1407 1397
3 1397 1407 1403
3 1397 1403 1395
3 1401 2136 2220
3 1401 2220 1406
3 1405 1399 1401
3 1405 1401 1406
3 1399 1405 1404
3 1396 1399 1404
3 1396 1404 1402
3 1402 1310 1339
3 1400 2073 1994
3 1395 1403 1400
3 1395 1400 1391
3 2136 1401 1398
3 2136 1398 2077
3 1339 1317 1396
3 1339 1396 1402
3 1397 1332 1333
3 1401 1399 1393
3 1401 1393 1398
3 1400 1994 1391
3 1998 2077 1398
3 1998 1398 1394
3 1392 1331 1332
3 1392 1332 1397
3 1399 1396 1340
3 1399 1340 1393
3 1393 1390 1394
3 1393 1394 1398
3 1388 1392 1397
3 1388 1397 1395
3 1396 1317 1340
3 1932 1391 1994
3 1394 1390 1387
3 1998 1394 1389
3 1386 1388 1395
3 1386 1395 1391
3 1387 1389 1394
3 1331 1392 1330
3 1390 1393 1340
3 1390 1340 1341
3 1954 1998 1389
3 1388 1330 1392
3 1932 1386 1391
3 1387 1383 1389
3 1390 1341 1342
3 1390 1342 1387
3 1387 1342 1384
3 1954 1389 1381
3 1954 1381 1925
3 1385 1329 1330
3 1386 1932 1903
3 1383 1381 1389
3 1382 1385 1330
3 1382 1330 1388
3 1383 1387 1384
3 1383 1384 1343
3 1343 1384 1342
3 1383 1378 1381
3 1327 1329 1385
3 1327 1385 1377
3 1877 1382 1386
3 1877 1386 1903
3 1866 1925 1381
3 1866 1381 1380
3 1377 1385 1382
3 1377 1382 1375
3 1381 1374 1380
3 1376 1378 1383
3 1376 1383 1343
3 1382 1379 1366
3 1382 1366 1375
3 1378 1368 1374
3 1378 1374 1381
3 1345 1347 1376
3 1345 1376 1343
3 1372 1326 1327
3 1372 1327 1377
3 1380 1370 1811
3 1380 1811 1866
3 1841 1373 1366
3 1841 1366 1379
3 1376 1365 1368
3 1376 1368 1378
3 1375 1371 1372
3 1375 1372 1377
3 1365 1376 1347
3 1365 1347 1348
3 1371 1375 1366
3 1373 1841 1791
3 1370 1374 1361
3 1370 1361 1358
3 1366 1373 1360
3 1372 1364 1328
3 1372 1328 1326
3 1364 1372 1371
3 1364 1371 1369
3 1362 1369 1371
3 1362 1371 1366
3 1370 1358 1780
3 1363 1364 1369
3 1363 1369 1367
3 1365 1363 1367
3 1365 1367 1368
3 1367 1369 1362
3 1367 1362 1357
3 1368 1367 1357
3 1368 1357 1361
3 1360 1359 1362
3 1360 1362 1366
3 1348 1350 1363
3 1348 1363 1365
3 1364 1363 1350
3 1364 1350 1328
3 1359 1357 1362
3 1361 1357 1358
3 1357 1359 1776
3 1776 1358 1357
3 1349 1324 1328
3 1349 1328 1350
3 1350 1348 1346
3 1350 1346 1349
3 1344 1346 1348
3 1344 1348 1347
3 1325 1344 1345
3 1325 1345 1343
3 1323 1325 1343
3 1323 1343 1342
3 1342 1341 1323
3 1322 1323 1341
3 1322 1341 1340
3 1340 1320 1322
3 1317 1320 1340
3 1317 1339 1314
3 1339 1310 1312
3 1339 1312 1314
3 1338 1086 1310
3 1336 1335 1309
3 1336 1309 1307
3 1335 1334 1308
3 1335 1308 1309
3 1334 1333 1311
3 1334 1311 1308
3 1333 1332 1313
3 1333 1313 1311
3 1332 1331 1315
3 1332 1315 1313
3 1331 1330 1316
3 1331 1316 1315
3 1318 1316 1330
3 1318 1330 1329
3 1329 1327 1319
3 1329 1319 1318
3 1326 1328 1324
3 1326 1324 1321
3 1321 1319 1327
3 1321 1327 1326
3 3080 3056 3096
3 3082 3067 3016
3 3051 3065 3061
3 3107 3047 3055
3 3028 3027 3073
3 3010 2974 3047
3 2974 3019 3055
3 2981 2995 2992
3 2994 3007 2979
3 2979 3007 2996
3 3002 2968 2972
3 2959 2996 2942
3 2914 3014 3019
3 2904 2926 2937
3 2902 2963 2945
3 2905 2863 2878
3 2397 2860 2396
3 2838 2830 2856
3 2824 2845 2851
3 2795 2780 2785
3 2810 2786 2706
3 2720 2735 2734
3 2763 2728 2751
3 2805 2818 2722
3 2653 2710 2735
3 2682 2662 2661
3 2618 2613 2684
3 2528 2700 2654
3 2737 2546 2572
3 2570 2540 2557
3 2538 2557 2540
3 2573 2517 2574
3 2520 2479 2381
3 3153 2562 2563
3 3150 2562 3153
3 2452 2467 2432
3 3149 2492 3150
3 2439 2426 2432
3 3157 2515 3158
3 2398 2395 2961
3 1617 2314 2311
3 2303 2235 1567
3 1559 2247 1560
3 2307 2230 2299
3 2291 2300 2277
3 1572 2264 1573
3 2299 2234 2282
3 2230 2267 2167
3 1569 2202 1572
3 2201 2202 1569
3 1551 2134 1552
3 2253 2265 2242
3 2190 2244 2191
3 2224 2211 2225
3 2211 2224 2194
3 2169 2155 2037
3 2096 2072 2217
3 2216 2217 2072
3 2180 2094 2109
3 2045 2037 2155
3 2003 2069 1944
3 2020 2046 1969
3 2039 2040 2041
3 1970 1948 1940
3 1967 1958 1963
3 1933 1913 1860
3 1926 1892 1876
3 1876 1895 1926
3 1878 1918 1915
3 1890 1898 1861
3 1822 1805 1863
3 1749 1812 1852
3 1749 1852 1765
3 1711 1693 1837
3 1813 1799 1750
3 1786 1775 1791
3 1787 3232 1798
3 1775 1757 1791
3 1791 1757 1360
3 1777 1764 1776
3 1759 1758 1757
3 1704 1738 1727
3 1694 1691 1730
3 1718 1696 1727
3 1707 1708 1680
3 1689 1690 1648
3 1645 1684 1670
3 2382 2383 2337
3 2382 2337 3131
3 2392 3127 3126
3 3125 3122 3109
3 3122 3125 3124
3 3127 3109 3122
3 3097 3123 3118
3 3122 3126 3127
3 3125 3109 3119
3 3123 3121 3119
3 3123 3119 3120
3 3118 3123 3120
3 3121 3125 3119
3 2388 3109 3127
3 3119 3108 3120
3 3102 3124 3125
3 3102 3125 3121
3 3123 3101 3102
3 3123 3102 3121
3 3101 3123 3097
3 3085 2392 3126
3 3122 3124 3095
3 3095 3126 3122
3 3118 3120 3093
3 3112 3111 3115
3 3112 3115 3117
3 3110 3112 3117
3 3110 3117 3116
3 3117 3115 3114
3 3117 3114 3113
3 3113 3116 3117
3 3097 3118 3078
3 3094 3109 2388
3 3094 2388 3107
3 3103 3110 3116
3 3103 3116 3105
3 3116 3113 3106
3 3116 3106 3105
3 3093 3078 3118
3 3109 3094 3119
3 3083 3108 3119
3 3083 3119 3094
3 3100 3110 3103
3 3083 3096 3108
3 3105 3096 3083
3 3114 3092 3104
3 3114 3104 3113
3 3106 3096 3105
3 3083 3103 3105
3 3089 3088 3111
3 3089 3111 3112
3 3110 3087 3089
3 3110 3089 3112
3 3113 3104 3080
3 3113 3080 3106
3 3087 3110 3100
3 3120 3108 3079
3 3120 3079 3093
3 3106 3080 3096
3 3055 3094 3107
3 3098 3099 3114
3 3098 3114 3115
3 3095 3124 3090
3 3108 3096 3079
3 3115 3111 3086
3 3115 3086 3098
3 3085 3126 3095
3 3097 3078 3081
3 3101 3097 3069
3 3055 3042 3094
3 3104 3092 3091
3 3099 3082 3092
3 3099 3092 3114
3 3042 3043 3094
3 3073 3087 3100
3 3103 3083 3100
3 3075 3083 3094
3 2392 3085 3018
3 3084 3080 3104
3 3084 3104 3091
3 3056 3079 3096
3 3055 3014 3042
3 3077 3086 3111
3 3077 3111 3088
3 3043 3075 3094
3 3063 3087 3073
3 3087 3063 3062
3 3087 3062 3089
3 3084 3064 3080
3 3083 3066 3100
3 3081 3078 3052
3 3081 3052 3038
3 3093 3060 3078
3 3076 3090 3124
3 3076 3124 3102
3 3062 3057 3088
3 3062 3088 3089
3 3100 3066 3073
3 3093 3050 3060
3 3066 3083 3075
3 3074 3067 3082
3 3074 3082 3099
3 3074 3099 3098
3 3074 3098 3072
3 3081 3017 3097
3 2997 3085 3095
3 3076 3102 3101
3 3076 3101 3054
3 3071 3068 3091
3 3070 3071 3091
3 3070 3091 3092
3 3080 3064 3056
3 2388 3065 3047
3 2388 3047 3107
3 3091 3068 3084
3 3090 2997 3095
3 3070 3092 3082
3 3070 3082 3016
3 3072 3098 3086
3 3072 3086 3059
3 2384 3061 3065
3 2384 3065 2388
3 3068 3064 3084
3 3055 3019 3014
3 3050 3093 3079
3 3063 3073 3027
3 3051 3061 3048
3 3060 3046 3078
3 3028 3073 3066
3 3079 3036 3050
3 3056 3036 3079
3 3043 3031 3075
3 3088 3057 3058
3 3088 3058 3077
3 3031 3066 3075
3 3049 3061 2384
3 3049 2384 2385
3 3048 3061 3049
3 3064 3036 3056
3 3069 3054 3101
3 3042 3014 2948
3 3077 3053 3059
3 3077 3059 3086
3 3068 3071 3026
3 3068 3026 3035
3 3052 3078 3046
3 3065 3051 3047
3 3064 3068 3035
3 3064 3035 3034
3 3071 3070 3020
3 3071 3020 3026
3 3016 3020 3070
3 3060 3045 3046
3 3036 3045 3060
3 3036 3060 3050
3 3077 3044 3053
3 3066 3022 3028
3 3013 3043 3042
3 3013 3042 2948
3 3036 3032 3045
3 3032 3041 3045
3 3027 3001 3040
3 3027 3040 3063
3 3062 3063 3040
3 3062 3040 3039
3 3023 3038 3052
3 3057 3037 3058
3 3036 3064 3034
3 3036 3034 3033
3 3090 3076 2982
3 3090 2982 3011
3 3055 3047 2974
3 3032 3036 3033
3 2997 3018 3085
3 3066 3031 3022
3 3034 3021 3033
3 3016 3067 2988
3 3017 3081 3038
3 3039 3030 3057
3 3039 3057 3062
3 3067 3029 2988
3 3032 3005 3041
3 3025 3044 3077
3 3025 3077 3058
3 3051 3010 3047
3 3010 3051 3048
3 3074 3024 3029
3 3074 3029 3067
3 3041 3006 3045
3 2997 3090 3011
3 3021 3032 3033
3 3017 3004 3069
3 3017 3069 3097
3 3002 3052 3046
3 3072 3015 3024
3 3072 3024 3074
3 2967 2982 3076
3 2967 3076 3054
3 2969 3046 3045
3 2969 3045 3006
3 3041 3005 3006
3 3005 3032 3021
3 3023 2946 3038
3 3058 3037 3012
3 3058 3012 3025
3 3054 3069 3009
3 2977 3028 3022
3 3031 3043 3013
3 3031 3013 2954
3 3059 3003 3015
3 3059 3015 3072
3 3057 3030 3008
3 3057 3008 3037
3 3035 3007 3000
3 3000 3034 3035
3 3000 2991 3021
3 3000 3021 3034
3 2937 3013 2948
3 2978 3006 3005
3 3040 2956 2957
3 3040 2957 3039
3 3001 2956 3040
3 2954 2934 3022
3 2954 3022 3031
3 3002 3046 2969
3 3007 2993 3000
3 3002 2972 3023
3 3002 3023 3052
3 3018 2997 2936
3 3000 2995 2981
3 3003 3059 3053
3 3003 3053 2999
3 2946 3017 3038
3 2386 2998 3049
3 2386 3049 2385
3 2920 3048 3049
3 2920 3049 2998
3 2920 2998 2971
3 2386 2387 2971
3 2386 2971 2998
3 2946 3023 2966
3 2996 3007 3035
3 2996 3035 3026
3 2995 3000 2990
3 2987 2990 3000
3 2987 3000 2993
3 2994 2993 3007
3 3054 2943 2967
3 3027 2953 3001
3 3027 3028 2933
3 3027 2933 2953
3 2991 3005 3021
3 2990 2989 2995
3 2980 2995 2989
3 2987 2993 2986
3 2994 1487 2986
3 2994 2986 2993
3 3012 3037 3008
3 3012 3008 2985
3 3039 2957 2984
3 3039 2984 3030
3 2999 3053 3044
3 2999 3044 2983
3 3010 2919 2974
3 2919 3010 3048
3 2919 3048 2920
3 2996 3026 3020
3 2996 3020 2942
3 3000 2981 2970
3 3000 2970 2991
3 2969 3006 2975
3 2995 2980 2992
3 3011 2922 2997
3 2398 2961 3018
3 2946 2966 2918
3 2970 2981 2992
3 2977 2933 3028
3 2983 3044 3025
3 2983 3025 2976
3 3029 2973 2988
3 2954 3013 2937
3 2992 2980 2917
3 2942 3020 3016
3 2975 3006 2978
3 2975 2978 2960
3 2975 2960 2965
3 2969 2975 2965
3 2968 3002 2969
3 2978 3005 2958
3 2958 3005 2991
3 2956 3001 2944
3 3030 2984 2939
3 3030 2939 3008
3 2969 2965 2951
3 2935 2977 3022
3 2935 3022 2934
3 2972 2966 3023
3 2963 2976 3025
3 2963 3025 3012
3 3017 2946 2923
3 2979 2959 1487
3 2979 1487 2994
3 3024 2962 2973
3 3024 2973 3029
3 3004 3017 2923
3 2960 2964 2965
3 2996 2959 2979
3 2936 2398 3018
3 2970 2958 2991
3 3001 2953 2944
3 2951 2968 2969
3 2984 2957 2929
3 2950 2960 2978
3 2950 2978 2958
3 2977 2887 2933
3 2906 2970 2992
3 2906 2992 2917
3 2960 2950 2964
3 3024 3015 2949
3 3024 2949 2962
3 2894 2936 2997
3 2954 2926 2934
3 2972 2927 2966
3 2947 2980 2989
3 2947 2989 2955
3 2963 3012 2985
3 2963 2985 2945
3 2943 3054 3009
3 2900 2922 3011
3 2900 3011 2982
3 3009 3069 3004
3 3009 3004 2925
3 2949 3015 2941
3 2942 3016 2988
3 2942 2988 2940
3 3008 2939 2912
3 3008 2912 2985
3 2968 2897 2927
3 2968 2927 2972
3 2951 2897 2968
3 2967 2943 2901
3 2937 2926 2954
3 3003 2932 2941
3 3003 2941 3015
3 2984 2929 2939
3 2970 2906 2938
3 2970 2938 2958
3 2997 2922 2885
3 2997 2885 2894
3 2890 2944 2953
3 2980 2947 2928
3 2974 2915 3019
3 2919 2915 2974
3 2920 2971 2891
3 2971 2387 2891
3 2934 2926 2876
3 3014 2914 2913
3 2933 2890 2953
3 2952 2964 2950
3 2952 2950 2892
3 3014 2913 2948
3 2942 2931 2959
3 2938 2892 2950
3 2938 2950 2958
3 2903 2936 2894
3 2929 2957 2930
3 2899 2930 2957
3 2899 2957 2956
3 2980 2928 2917
3 2966 2927 2918
3 2940 2988 2973
3 2940 2973 2924
3 2914 2398 2913
3 2932 3003 2999
3 2932 2999 2921
3 2398 2936 2903
3 3333 2952 2892
3 2895 2899 2956
3 2895 2956 2944
3 2891 2387 2396
3 2967 2889 2900
3 2967 2900 2982
3 2398 2903 2913
3 2890 2895 2944
3 2921 2999 2983
3 2921 2983 2916
3 2913 2904 2948
3 2869 2890 2933
3 2887 2869 2933
3 2935 2874 2887
3 2935 2887 2977
3 2935 2934 2882
3 2896 2918 2927
3 2942 2940 2911
3 2929 2910 2939
3 2904 2937 2948
3 2976 2909 2916
3 2976 2916 2983
3 2903 2904 2913
3 2962 2907 2924
3 2962 2924 2973
3 2870 2938 2906
3 2912 2905 2945
3 2912 2945 2985
3 2918 2877 2923
3 2918 2923 2946
3 2963 2902 2909
3 2963 2909 2976
3 2929 2930 2883
3 2929 2883 2879
3 2930 2899 2883
3 2923 2872 2925
3 2923 2925 3004
3 2896 2927 2897
3 2897 2951 2908
3 2894 2904 2903
3 2893 3333 2892
3 2926 2850 2876
3 2870 2892 2938
3 2920 2891 2867
3 2885 2873 2894
3 2901 2889 2967
3 2882 2934 2876
3 2882 2876 2851
3 2888 2931 2942
3 2888 2942 2911
3 2873 2926 2904
3 2854 2885 2922
3 2854 2922 2900
3 2886 2907 2962
3 2886 2962 2949
3 2874 2935 2882
3 2908 3318 2875
3 2904 2894 2873
3 3009 2925 2862
3 3009 2862 2943
3 2859 2887 2874
3 2920 2867 2866
3 2920 2866 2919
3 2911 2940 2924
3 2911 2924 2849
3 2923 2877 2844
3 2884 2955 2898
3 2929 2879 2910
3 2855 2899 2895
3 2899 2855 2883
3 2796 2900 2889
3 2939 2910 2881
3 2939 2881 2912
3 2941 2880 2886
3 2941 2886 2949
3 2842 2855 2895
3 2842 2895 2890
3 2945 2905 2878
3 2945 2878 2902
3 2893 2892 2870
3 2896 2877 2918
3 2869 2842 2890
3 2926 2873 2850
3 2880 2941 2932
3 2880 2932 2871
3 2870 2906 2861
3 2887 2859 2868
3 3019 2915 2864
3 3019 2864 2914
3 2915 2919 2866
3 2915 2866 2864
3 2858 2947 2955
3 2858 2955 2884
3 2877 2896 2897
3 2877 2897 2865
3 2875 2865 2897
3 2875 2897 2908
3 2912 2863 2905
3 2874 2882 2851
3 2796 2854 2900
3 2864 2860 2397
3 2864 2397 2914
3 2864 2866 2867
3 2864 2867 2860
3 2867 2891 2860
3 2891 2396 2860
3 2858 2928 2947
3 2871 2932 2857
3 2869 2887 2868
3 2869 2868 2856
3 2850 2817 2876
3 2873 2885 2854
3 2829 2888 2911
3 2829 2911 2849
3 2889 2901 2798
3 2883 2855 2846
3 2842 2869 2814
3 2850 2873 2854
3 2928 2858 2847
3 3318 2853 2875
3 2889 2843 2796
3 2921 2852 2857
3 2921 2857 2932
3 2851 2859 2874
3 2907 2849 2924
3 2859 2845 2868
3 2881 2910 2879
3 2881 2879 2848
3 2869 2830 2814
3 2928 2847 2917
3 2879 2883 2846
3 2834 2901 2943
3 2834 2943 2862
3 2854 2796 2823
3 2851 2876 2824
3 2856 2868 2845
3 2856 2845 2838
3 2906 2828 2861
3 2847 2828 2906
3 2847 2906 2917
3 2859 2851 2845
3 2869 2856 2830
3 2844 2815 2872
3 2844 2872 2923
3 2839 2875 2853
3 2817 2850 2854
3 2817 2854 2823
3 2916 2841 2852
3 2916 2852 2921
3 2840 3310 2893
3 2876 2817 2819
3 2876 2819 2824
3 2838 2845 2833
3 2837 2879 2846
3 2831 2855 2842
3 2872 2818 2862
3 2872 2862 2925
3 2835 2863 2912
3 2835 2912 2881
3 2879 2837 2816
3 2879 2816 2848
3 2845 2824 2833
3 2909 2832 2841
3 2909 2841 2916
3 2831 2846 2855
3 2821 2849 2907
3 2821 2907 2886
3 2827 2861 2828
3 2877 2865 2788
3 2877 2788 2844
3 2839 2788 2865
3 2839 2865 2875
3 2846 2831 2820
3 2840 2893 2870
3 2840 2870 2825
3 2836 2826 2884
3 2836 2884 2898
3 2825 2870 2861
3 2825 2861 2827
3 2804 2819 2817
3 2889 2798 2808
3 2889 2808 2843
3 2902 2822 2832
3 2902 2832 2909
3 2811 2830 2838
3 2811 2838 2794
3 2838 2833 2810
3 2838 2810 2794
3 2880 2821 2886
3 2820 2837 2846
3 2834 2798 2901
3 2812 2858 2884
3 2812 2884 2826
3 2786 2810 2833
3 2809 2842 2814
3 2822 2902 2878
3 2822 2878 2813
3 2842 2809 2831
3 2786 2833 2824
3 2835 2881 2848
3 2835 2848 2766
3 2821 2880 2871
3 2821 2871 2807
3 2818 2805 2834
3 2818 2834 2862
3 2858 2812 2769
3 2858 2769 2847
3 2786 2824 2782
3 2791 2814 2830
3 2791 2830 2811
3 2820 2831 2809
3 2820 2809 2792
3 2821 2775 2829
3 2821 2829 2849
3 2802 2784 2801
3 2813 2878 2863
3 2813 2863 2800
3 2820 2799 2816
3 2820 2816 2837
3 2814 2795 2790
3 2814 2790 2809
3 2819 2782 2824
3 2807 2871 2857
3 2807 2857 2797
3 2796 2843 2808
3 2801 2784 2785
3 2801 2785 2780
3 2781 2795 2814
3 2781 2814 2791
3 2785 2790 2795
3 2763 2828 2847
3 2763 2847 2769
3 2789 2839 2853
3 2789 2853 2806
3 2811 2794 2793
3 2772 2818 2872
3 2772 2872 2815
3 2816 2711 2766
3 2816 2766 2848
3 2815 2844 2788
3 2839 2789 2788
3 2784 2773 2768
3 2718 2804 2817
3 2836 2803 2787
3 2836 2787 2826
3 2800 2863 2835
3 2800 2835 2708
3 2773 2784 2802
3 2801 2780 2770
3 2761 2792 2809
3 2761 2809 2790
3 2852 2783 2797
3 2852 2797 2857
3 2781 2780 2795
3 2768 2761 2784
3 2798 2702 2808
3 2784 2761 2785
3 2733 2778 2779
3 2733 2779 2760
3 2770 2745 2802
3 2770 2802 2801
3 2761 2790 2785
3 2771 2812 2826
3 2771 2826 2787
3 2777 3310 2840
3 2791 2776 2781
3 2799 2820 2792
3 2799 2792 2765
3 2793 2764 2791
3 2793 2791 2811
3 2743 2742 2754
3 2743 2754 2779
3 2778 2743 2779
3 2819 2804 2694
3 2819 2694 2782
3 2711 2816 2752
3 2758 2768 2774
3 2773 2774 2768
3 2770 2780 2727
3 2780 2781 2704
3 2812 2771 2769
3 2754 2753 2779
3 2810 2706 2725
3 2810 2725 2794
3 2776 2756 2781
3 2747 2767 2768
3 2758 2747 2768
3 2708 2835 2766
3 2765 2792 2761
3 2764 2776 2791
3 2718 2817 2823
3 2718 2823 2663
3 2745 2746 2773
3 2745 2773 2802
3 2778 2744 2748
3 2762 2743 2778
3 2762 2778 2748
3 2767 2761 2768
3 2759 2793 2794
3 2759 2794 2725
3 2780 2704 2727
3 2747 2715 2767
3 2841 2757 2783
3 2841 2783 2852
3 2744 2778 2733
3 2764 2736 2756
3 2764 2756 2776
3 2777 2840 2825
3 2777 2825 2755
3 2774 2773 2730
3 2793 2759 2732
3 2793 2732 2764
3 2803 2724 2721
3 2803 2721 2787
3 2742 2743 2689
3 2752 2816 2799
3 2828 2763 2751
3 2750 2827 2828
3 2750 2828 2751
3 2727 2745 2770
3 2825 2749 2755
3 2749 2825 2827
3 2749 2827 2750
3 2704 2781 2756
3 2764 2732 2736
3 2694 2804 2718
3 2694 2718 2692
3 2779 2753 2760
3 2663 2823 2599
3 2796 2599 2823
3 2747 2758 2717
3 2736 2705 2704
3 2736 2704 2756
3 2805 2679 2798
3 2805 2798 2834
3 2744 2736 2748
3 2668 2796 2808
3 2668 2808 2702
3 2782 2675 2786
3 2713 2771 2787
3 2713 2787 2721
3 2832 2740 2757
3 2832 2757 2841
3 2775 2821 2807
3 2775 2807 2739
3 2815 2788 2738
3 2815 2738 2772
3 2788 2789 2737
3 2788 2737 2738
3 2737 2789 2607
3 2735 2774 2734
3 2655 2720 2734
3 2674 2761 2767
3 2748 2732 2762
3 2732 2748 2736
3 2771 2713 2712
3 2771 2712 2769
3 2686 2733 2760
3 2760 2723 2686
3 2744 2733 2705
3 2744 2705 2736
3 2773 2746 2730
3 2754 2742 2716
3 2754 2716 2753
3 2607 2789 2806
3 2607 2806 2729
3 2728 2763 2769
3 2728 2769 2712
3 2745 2727 2698
3 2799 2765 2726
3 2799 2726 2752
3 2747 2688 2672
3 2747 2672 2715
3 2688 2747 2717
3 2726 2765 2761
3 2726 2761 2674
3 2676 2689 2743
3 2695 2759 2725
3 2717 2758 2741
3 2696 2758 2774
3 2696 2774 2710
3 2696 2741 2758
3 2767 2715 2731
3 2745 2665 2746
3 2703 2767 2731
3 2723 2760 2753
3 2759 2695 2701
3 2759 2701 2732
3 2743 2762 2732
3 2743 2732 2701
3 2727 2670 2707
3 2714 2733 2686
3 2753 2719 2649
3 2720 2671 2735
3 2719 2753 2716
3 2730 2746 2665
3 2730 2665 2660
3 2742 2691 2681
3 2689 2691 2742
3 2742 2681 2690
3 2688 2717 2669
3 2742 2690 2716
3 2687 2741 2696
3 2710 2774 2735
3 2696 2710 2653
3 2696 2653 2560
3 2708 2766 2709
3 2707 2698 2727
3 2611 2696 2560
3 2705 2733 2714
3 2675 2706 2786
3 2704 2670 2727
3 2743 2701 2676
3 2665 2745 2698
3 2659 2774 2730
3 2659 2730 2683
3 2822 2700 2740
3 2822 2740 2832
3 2797 2699 2739
3 2797 2739 2807
3 2734 2774 2697
3 2734 2697 2651
3 2706 2631 2725
3 2774 2659 2697
3 2735 2671 2653
3 2701 2695 2652
3 2782 2694 2629
3 2782 2629 2675
3 2678 2690 2681
3 2690 2666 2716
3 2719 2716 2666
3 2672 2688 2585
3 2687 2717 2741
3 2722 2818 2772
3 2722 2772 2644
3 2686 2723 2619
3 2730 2684 2683
3 2684 2730 2660
3 2684 2660 2618
3 2682 2681 2662
3 2661 2657 2682
3 2702 2798 2679
3 2677 2664 2690
3 2677 2690 2678
3 2645 2678 2681
3 2645 2681 2682
3 2662 2680 2661
3 2624 2619 2723
3 2696 2593 2687
3 2700 2822 2813
3 2700 2813 2654
3 2649 2624 2723
3 2649 2723 2753
3 2674 2767 2703
3 2681 2691 2662
3 2714 2686 2667
3 2724 2693 2673
3 2724 2673 2721
3 2766 2711 2658
3 2766 2658 2709
3 2695 2725 2631
3 2646 2717 2687
3 2670 2704 2705
3 2670 2705 2667
3 2734 2651 2641
3 2734 2641 2655
3 2711 2752 2642
3 2701 2601 2676
3 2599 2796 2668
3 2622 2677 2678
3 2622 2678 2645
3 2714 2667 2705
3 2664 2666 2690
3 2659 2651 2697
3 2596 2726 2674
3 2662 2691 2689
3 2648 2713 2721
3 2648 2721 2673
3 2661 2559 2657
3 2642 2752 2726
3 2642 2726 2628
3 2628 2726 2596
3 2655 2656 2720
3 2620 2671 2720
3 2620 2720 2656
3 2800 2654 2813
3 2706 2675 2584
3 2706 2584 2631
3 2652 2601 2701
3 2652 2695 2631
3 2719 2666 2610
3 2719 2610 2649
3 2687 2593 2650
3 2630 2680 2662
3 2647 2654 2800
3 2647 2800 2708
3 2707 2643 2637
3 2707 2637 2698
3 2669 2717 2646
3 2713 2648 2582
3 2713 2582 2712
3 2645 2682 2657
3 2511 2560 2653
3 2597 2675 2629
3 2642 2658 2711
3 2715 2638 2639
3 2715 2639 2731
3 2664 2602 2666
3 2751 2634 2635
3 2751 2635 2750
3 2633 2749 2750
3 2633 2750 2635
3 2731 2639 2632
3 2665 2552 2660
3 2602 2664 2677
3 2602 2677 2622
3 2616 2640 2641
3 2616 2641 2651
3 2689 2676 2539
3 2689 2539 2662
3 2694 2692 2629
3 2755 2627 2685
3 2755 2685 2777
3 2749 2633 2627
3 2749 2627 2755
3 2668 2702 2545
3 2783 2625 2699
3 2783 2699 2797
3 2687 2650 2579
3 2687 2579 2646
3 2643 2707 2670
3 2643 2670 2617
3 2553 2624 2649
3 2636 2659 2683
3 2683 2684 2613
3 2683 2613 2513
3 2634 2751 2728
3 2634 2728 2623
3 2623 2728 2712
3 2623 2712 2582
3 2672 2604 2638
3 2672 2638 2715
3 2618 2549 2613
3 2558 2688 2669
3 2558 2669 2463
3 2585 2688 2558
3 2696 2611 2593
3 2647 2708 2709
3 2647 2709 2621
3 2632 2612 2703
3 2632 2703 2731
3 2637 2552 2665
3 2637 2665 2698
3 2631 2588 2652
3 2601 2652 2588
3 2660 2552 2618
3 2676 2601 2539
3 2617 2670 2667
3 2669 2646 2506
3 2613 2549 2537
3 2555 2692 2718
3 2685 2614 2615
3 2722 2535 2679
3 2722 2679 2805
3 2605 2667 2686
3 2605 2686 2619
3 2693 2626 2609
3 2693 2609 2673
3 2729 3282 2608
3 2729 2608 2607
3 3282 2615 2608
3 2656 2655 2606
3 2656 2606 2571
3 2589 2620 2656
3 2589 2656 2571
3 2646 2579 2577
3 2617 2667 2605
3 2611 2576 2593
3 2581 2645 2657
3 2581 2657 2559
3 2661 2680 2554
3 2661 2554 2603
3 2554 2680 2630
3 2559 2661 2603
3 2559 2603 2587
3 2612 2600 2674
3 2612 2674 2703
3 2621 2709 2658
3 2621 2658 2598
3 2675 2597 2584
3 2596 2674 2600
3 2602 2556 2610
3 2602 2610 2666
3 2611 2560 2504
3 2644 2772 2738
3 2644 2738 2572
3 2641 2595 2606
3 2641 2606 2655
3 2590 2651 2536
3 2598 2658 2594
3 2610 2553 2649
3 2536 2651 2659
3 2636 2536 2659
3 2683 2516 2636
3 2592 2648 2673
3 2592 2673 2609
3 2679 2498 2702
3 2591 2642 2628
3 2591 2628 2596
3 2591 2594 2658
3 2591 2658 2642
3 2616 2651 2590
3 2556 2622 2645
3 2556 2645 2581
3 2514 2653 2671
3 2514 2671 2620
3 2588 2631 2584
3 2653 2514 2511
3 2618 2552 2530
3 2586 2575 2630
3 2586 2630 2662
3 2604 2672 2585
3 2582 2648 2583
3 2648 2592 2583
3 2539 2586 2662
3 2576 2611 2504
3 2757 2580 2625
3 2757 2625 2783
3 2556 2602 2622
3 2650 2593 2579
3 2643 2578 2483
3 2643 2483 2637
3 2613 2537 2513
3 2516 2683 2513
3 2577 2506 2646
3 2556 2581 2610
3 2553 2522 2619
3 2553 2619 2624
3 2618 2530 2519
3 2618 2519 2549
3 2640 2574 2595
3 2640 2595 2641
3 2640 2616 2573
3 2640 2573 2574
3 2616 2548 2573
3 2738 2737 2572
3 2581 2559 2610
3 2571 2551 2589
3 2570 2571 2606
3 2569 2568 2570
3 2569 2570 2606
3 2567 2566 2568
3 2567 2568 2569
3 2564 2567 2569
3 2564 2569 2565
3 2565 2569 2606
3 2565 2606 2595
3 2563 2562 2566
3 2563 2566 2567
3 2561 2563 2567
3 2561 2567 2564
3 2537 2549 2431
3 2506 2463 2669
3 2579 2500 2577
3 2603 2522 2587
3 2554 2447 2522
3 2554 2522 2603
3 2643 2617 2578
3 2559 2553 2610
3 2617 2550 2578
3 2514 2620 2589
3 2585 2558 2503
3 2637 2483 2552
3 2593 2576 2527
3 2593 2527 2579
3 2557 2551 2571
3 2557 2571 2570
3 2619 2522 2447
3 2663 2555 2718
3 2502 2585 2503
3 2559 2587 2522
3 2579 2527 2500
3 2590 2548 2616
3 2692 2555 2510
3 2692 2510 2629
3 2740 2547 2580
3 2740 2580 2757
3 2547 2740 2700
3 2547 2700 2528
3 2546 2737 2607
3 2529 2619 2447
3 2566 2542 2543
3 2566 2543 2568
3 2562 2541 2542
3 2562 2542 2566
3 2568 2543 2540
3 2568 2540 2570
3 2527 2576 2473
3 2521 2551 2557
3 2521 2557 2538
3 2521 2538 2520
3 2605 2619 2529
3 2559 2522 2553
3 2504 2473 2576
3 2534 2638 2604
3 2533 2638 2534
3 2532 2584 2597
3 2638 2533 2531
3 2638 2531 2639
3 2530 2552 2470
3 2529 2550 2617
3 2529 2617 2605
3 2505 2516 2513
3 2500 2527 2453
3 2467 2539 2601
3 2467 2601 2588
3 2584 2467 2588
3 2589 2551 2521
3 2589 2521 2514
3 2599 2668 2526
3 2525 2565 2595
3 2525 2595 2574
3 2524 2564 2565
3 2524 2565 2525
3 2523 2561 2564
3 2523 2564 2524
3 2575 2478 2554
3 2575 2554 2630
3 2506 2577 2465
3 2632 2639 2531
3 2632 2531 2450
3 2449 2612 2632
3 2449 2632 2450
3 2536 2495 2548
3 2536 2548 2590
3 2381 2521 2520
3 2534 2604 2512
3 2626 2544 2507
3 2626 2507 2609
3 2612 2449 2444
3 2497 2636 2516
3 2517 2573 2548
3 2517 2548 2518
3 2504 2560 2511
3 2453 2527 2473
3 2722 2644 2515
3 2431 2549 2429
3 2549 2519 2429
3 2512 2604 2585
3 2499 2546 2607
3 2499 2607 2608
3 2585 2502 2512
3 2520 2538 2509
3 2520 2509 2479
3 2540 2508 2509
3 2540 2509 2538
3 2507 2592 2609
3 2487 2600 2612
3 2487 2612 2444
3 2504 2511 2443
3 2451 2513 2537
3 2503 2558 2482
3 2577 2500 2465
3 2500 2453 2465
3 2381 2514 2521
3 2487 2596 2600
3 2499 2608 2615
3 2427 2451 2537
3 2498 2545 2702
3 2485 2497 2516
3 2592 2507 2496
3 2592 2496 2583
3 2497 2495 2636
3 2636 2495 2536
3 2543 2494 2508
3 2543 2508 2540
3 2542 2493 2494
3 2542 2494 2543
3 2541 2492 2493
3 2541 2493 2542
3 2507 2544 2501
3 2507 2501 2491
3 2451 2505 2513
3 2431 2427 2537
3 2511 2514 2476
3 2481 2499 2615
3 2481 2615 2614
3 2627 2481 2614
3 2627 2614 2685
3 2518 2548 2471
3 2629 2510 2474
3 2629 2474 2597
3 2623 2489 2490
3 2623 2490 2634
3 2488 2489 2623
3 2488 2623 2582
3 2496 2488 2582
3 2496 2582 2583
3 2485 2516 2505
3 2484 2635 2634
3 2484 2634 2490
3 2483 2578 2472
3 2482 2558 2463
3 2633 2480 2481
3 2633 2481 2627
3 2480 2633 2635
3 2480 2635 2484
3 2443 2511 2476
3 2470 2552 2483
3 2492 2541 2562
3 2492 2562 3150
3 2505 2477 2485
3 2381 2476 2514
3 2644 2445 2515
3 2597 2475 2532
3 2561 3154 3153
3 2561 3153 2563
3 2597 2474 2475
3 2722 2515 3157
3 2722 3157 2535
3 2471 2548 2495
3 2578 2550 2464
3 2578 2464 2472
3 2434 2591 2596
3 2434 2596 2487
3 2555 2663 2599
3 2555 2599 2441
3 2468 2466 2495
3 2468 2495 2497
3 2467 2584 2532
3 2471 2495 2466
3 2529 2458 2464
3 2529 2464 2550
3 2530 2470 2433
3 2460 2468 2497
3 2460 2497 2485
3 2434 2594 2591
3 2519 2530 2433
3 2528 2654 2647
3 2528 2647 2462
3 2586 2539 2452
3 2586 2452 2461
3 2465 2453 2416
3 2473 2504 2443
3 2519 2433 2438
3 2505 2451 2477
3 2429 2519 2438
3 2486 2459 2547
3 2486 2547 2528
3 2580 2547 2459
3 2580 2459 2469
3 2478 2447 2554
3 2443 2453 2473
3 2430 2463 2506
3 2430 2506 2465
3 2458 2529 2447
3 2531 2533 2457
3 2531 2457 2422
3 2455 2457 2533
3 2455 2533 2534
3 2462 2647 2621
3 2462 2621 2456
3 2485 2477 2454
3 2485 2454 2460
3 2467 2452 2539
3 2446 2455 2534
3 2446 2534 2512
3 2450 2531 2422
3 2456 2621 2598
3 2456 2598 2448
3 2448 2598 2594
3 2448 2594 2434
3 2555 2441 2426
3 2555 2426 2510
3 2575 2586 2461
3 2575 2461 2440
3 2668 2545 2411
3 2668 2411 2526
3 2502 2413 2446
3 2502 2446 2512
3 2503 2415 2413
3 2503 2413 2502
3 2644 2572 2445
3 2443 2442 2453
3 2503 2482 2414
3 2503 2414 2415
3 2479 2509 3140
3 2479 3140 3136
3 2509 2508 3144
3 2509 3144 3140
3 2498 2679 2535
3 2498 2535 3155
3 2523 3152 3154
3 2523 3154 2561
3 2428 2454 2477
3 2428 2477 2451
3 2442 2423 2453
3 2444 2410 2487
3 2510 2426 2439
3 2510 2439 2474
3 2414 2482 2409
3 2441 2599 2526
3 2467 2532 2475
3 2467 2475 2432
3 2407 2487 2410
3 2440 2478 2575
3 3152 2523 2524
3 3152 2524 3151
3 3151 2524 2525
3 3151 2525 3147
3 3147 2525 2574
3 3147 2574 3145
3 2492 3149 3148
3 2492 3148 2493
3 3145 2574 2517
3 3145 2517 3142
3 2416 2453 2420
3 2494 3146 3144
3 2494 3144 2508
3 2493 3148 3146
3 2493 3146 2494
3 3159 2445 2572
3 3169 2491 2501
3 3169 2501 3167
3 3168 2507 2491
3 3168 2491 3169
3 2545 2498 2437
3 2409 2482 2463
3 2436 2483 2472
3 2436 2332 2470
3 2436 2470 2483
3 2435 2434 2487
3 2435 2487 2407
3 2443 3130 2442
3 2443 3131 3130
3 2431 2429 2405
3 2507 3168 3166
3 2507 3166 2496
3 3142 2517 2518
3 3142 2518 3139
3 2440 2339 2478
3 2472 2334 2436
3 2496 3166 3165
3 2496 3165 2488
3 3164 2489 2488
3 3164 2488 3165
3 2475 2474 2439
3 2475 2439 2432
3 2433 2470 2332
3 2430 2409 2463
3 2430 2465 2416
3 3160 3159 2572
3 3160 2572 2546
3 2490 2489 3164
3 2478 2339 2447
3 2451 2427 2428
3 3139 2518 2471
3 3139 2471 3137
3 2447 2339 2424
3 2447 2424 2458
3 2472 2464 2425
3 2472 2425 2334
3 2424 2425 2464
3 2420 2453 2423
3 2458 2424 2464
3 2480 3163 2481
3 2457 2421 2422
3 2419 2421 2457
3 2419 2457 2455
3 3157 3156 2535
3 2417 2416 2420
3 2429 2406 2405
3 2438 2406 2429
3 3161 3160 2546
3 3161 2546 2499
3 2499 2481 3163
3 2499 3163 3162
3 2499 3162 3161
3 2419 2455 2446
3 2422 2418 2450
3 3137 2471 2466
3 3137 2466 3135
3 2459 3143 2469
3 2412 2419 2446
3 2413 2412 2446
3 3135 2466 2468
3 3135 2468 3133
3 2418 2338 2449
3 2418 2449 2450
3 2437 2411 2545
3 3133 2468 2460
3 2449 2338 2444
3 3132 3133 2460
3 2460 2454 3170
3 2460 3170 3132
3 3170 2454 2428
3 3170 2428 3171
3 2338 2410 2444
3 2438 2433 1615
3 2438 1615 2406
3 3141 2459 2486
3 2410 2408 2407
3 2526 2411 2400
3 2526 2400 2441
3 2498 3155 2366
3 2333 2409 2430
3 2430 2416 2417
3 2430 2417 2333
3 2452 3134 2344
3 2452 2344 2461
3 3171 2428 2380
3 2420 2401 2417
3 2427 2431 2405
3 2380 2428 2427
3 2407 2404 2435
3 2435 2404 2403
3 2435 2403 2434
3 2403 2448 2434
3 2448 2403 2402
3 2448 2402 2456
3 3141 2486 2528
3 3141 2528 2351
3 2461 2344 2343
3 2461 2343 2440
3 2334 2331 2436
3 3158 2515 2445
3 3138 3134 2452
3 3138 2452 2432
3 2441 2400 2426
3 2423 2401 2420
3 2343 2341 2440
3 2423 2442 3129
3 2423 3129 2401
3 2417 2401 2399
3 2426 3138 2432
3 2341 2339 2440
3 2426 1578 3138
3 2426 2400 1578
3 2402 2351 2528
3 2402 2528 2462
3 2402 2462 2456
3 3128 2424 2339
3 2437 2498 2366
3 2437 2366 1565
3 2415 2414 1626
3 2333 1619 2409
3 2415 1626 1627
3 2415 1627 2413
3 3156 1562 3155
3 3156 3155 2535
3 2406 1614 1613
3 2406 1613 1612
3 2406 1612 2405
3 2411 2437 1565
3 2411 1565 1566
3 1609 1607 2422
3 1609 2422 2421
3 1611 1609 2421
3 1611 2421 2419
3 2413 1627 1625
3 2413 1625 2412
3 2419 1616 1611
3 2412 1616 2419
3 2412 1625 1616
3 2418 2422 1607
3 2418 1607 1605
3 1558 3158 2445
3 1614 2406 1615
3 2418 1605 1604
3 2418 1604 2338
3 2410 1597 2408
3 2410 2338 1597
3 2407 2408 2404
3 2411 1566 1567
3 2411 1567 2400
3 2403 2404 2347
3 2402 2403 2347
3 1556 1558 2445
3 1556 2445 3159
3 2914 2395 2398
3 2914 2397 2395
3 2396 2395 2397
3 2395 2393 2961
3 2395 2396 2394
3 2395 2394 2393
3 2961 2393 3018
3 2393 2390 2392
3 2393 2394 2391
3 2393 2391 2390
3 3018 2393 2392
3 2391 2389 2390
3 2392 2390 2389
3 2392 2389 3127
3 2389 2388 3127
3 2387 2394 2396
3 2386 2394 2387
3 2386 2391 2394
3 2385 2391 2386
3 2384 2389 2391
3 2384 2391 2385
3 2384 2388 2389
3 3129 2442 3130
3 3129 3130 2330
3 2330 3130 3131
3 2330 3131 2337
3 2383 2382 2381
3 2383 2381 2329
3 2329 2381 2479
3 2329 2479 3136
3 2381 2382 2476
3 2382 3131 2443
3 2382 2443 2476
3 2352 3140 3144
3 2352 3144 2327
3 2327 3144 3146
3 2327 3146 2357
3 2328 3136 3140
3 2328 3140 2352
3 2324 2383 2329
3 2329 3136 2328
3 2337 2383 2324
3 2336 3129 2330
3 1624 2332 2436
3 1626 2414 1622
3 1615 2433 2332
3 1615 2332 1620
3 1622 2414 2409
3 1622 2409 1619
3 2399 2314 2417
3 2334 2425 1610
3 2335 2399 2401
3 1610 2425 2424
3 2335 2401 1608
3 2427 2405 1612
3 1610 2424 3128
3 1608 2401 3129
3 1608 3129 2336
3 2340 3132 3170
3 2342 3133 3132
3 2342 3132 2340
3 1592 2408 1597
3 2344 3134 2345
3 2346 3135 3133
3 2346 3133 2342
3 1592 2404 2408
3 2347 2404 1592
3 2348 3137 3135
3 2348 3135 2346
3 2345 3134 3138
3 2345 3138 2349
3 3138 1578 2349
3 2350 3139 3137
3 2350 3137 2348
3 2354 3142 3139
3 2354 3139 2350
3 1585 2402 2347
3 2351 2402 1585
3 2353 3141 2351
3 2353 2459 3141
3 2356 3145 3142
3 2356 3142 2354
3 2355 3143 2459
3 2355 2459 2353
3 2358 3147 3145
3 2358 3145 2356
3 2357 3146 3148
3 2357 3148 2359
3 2362 3151 3147
3 2362 3147 2358
3 2359 3148 3149
3 2359 3149 2360
3 2360 3149 3150
3 2360 3150 2361
3 1578 2400 1567
3 2361 3150 3153
3 2361 3153 2364
3 2363 3152 3151
3 2363 3151 2362
3 2365 3154 3152
3 2365 3152 2363
3 2364 3153 3154
3 2364 3154 2365
3 2366 3155 1562
3 1562 3156 1561
3 1561 3156 3157
3 1561 3157 3158
3 1561 3158 2367
3 2367 3158 1558
3 1556 3159 3160
3 1556 3160 2368
3 2368 3160 3161
3 2368 3161 2369
3 2369 3161 3162
3 2369 3162 2370
3 2370 3162 3163
3 2370 3163 2371
3 2371 3163 2480
3 2371 2480 2484
3 2371 2484 2372
3 2372 2484 2490
3 2372 2490 3164
3 2372 3164 2373
3 2373 3164 3165
3 2373 3165 2374
3 2374 3165 3166
3 2374 3166 2375
3 2375 3166 3168
3 2375 3168 2377
3 2378 3169 3167
3 2378 3167 2376
3 2377 3168 3169
3 2377 3169 2378
3 2340 3170 3171
3 2340 3171 2379
3 2380 2427 1612
3 2379 3171 2380
3 2380 1539 1540
3 2380 1540 2379
3 1612 1541 1539
3 1612 1539 2380
3 2379 1540 1542
3 2379 1542 2340
3 2378 1543 1544
3 2378 1544 2377
3 2376 1545 1543
3 2376 1543 2378
3 2377 1544 1546
3 2377 1546 2375
3 2375 1546 1547
3 2375 1547 2374
3 2374 1547 1548
3 2374 1548 2373
3 2373 1548 1549
3 2373 1549 2372
3 2372 1549 1550
3 2372 1550 1551
3 2372 1551 2371
3 2371 1551 1552
3 2371 1552 2370
3 2370 1552 1553
3 2370 1553 1554
3 2370 1554 2369
3 2369 1554 1555
3 2369 1555 2368
3 2368 1555 1557
3 2368 1557 1556
3 1558 1559 2367
3 2367 1559 1560
3 2367 1560 1561
3 2366 1562 1564
3 2366 1564 1563
3 2366 1563 1565
3 2365 1568 1569
3 2365 1569 2364
3 2363 1570 1568
3 2363 1568 2365
3 2362 1571 1570
3 2362 1570 2363
3 2364 1569 1572
3 2364 1572 2361
3 2361 1572 1573
3 2361 1573 2360
3 2360 1573 1574
3 2360 1574 2359
3 2358 1575 1571
3 2358 1571 2362
3 2359 1574 1576
3 2359 1576 2357
3 2356 1577 1575
3 2356 1575 2358
3 2353 1581 1580
3 2353 1580 2355
3 2354 1582 1577
3 2354 1577 2356
3 2351 1584 1581
3 2351 1581 2353
3 1585 1584 2351
3 2347 2313 1585
3 2350 1586 1582
3 2350 1582 2354
3 2348 1587 1586
3 2348 1586 2350
3 2349 1578 1590
3 2349 1590 1589
3 2349 1589 1591
3 2349 1591 2345
3 2347 1592 2313
3 2346 1587 2348
3 2346 1594 1587
3 2342 1594 2346
3 2345 1591 1596
3 2345 1596 2344
3 1597 1595 1592
3 2344 1596 1598
3 2344 1598 2343
3 2342 1599 1594
3 2343 1598 1600
3 2343 1600 2341
3 2340 1599 2342
3 2340 1542 1599
3 2341 1600 1601
3 2341 1601 2339
3 2338 1602 1597
3 2339 1601 3128
3 1604 1602 2338
3 2336 1606 1608
3 1608 2312 2335
3 2335 2312 2399
3 1610 2304 2334
3 2334 2304 2331
3 2333 1617 1618
3 2333 1618 1619
3 2417 2314 1617
3 2417 1617 2333
3 1615 1620 1621
3 2331 2304 1623
3 2332 1624 1620
3 2331 1623 2436
3 2436 1623 1624
3 2330 2326 1606
3 2330 1606 2336
3 2337 2325 2326
3 2337 2326 2330
3 2324 2325 2337
3 2328 1593 2323
3 2328 2323 2329
3 2329 2323 2324
3 2352 1583 1588
3 2352 1588 2328
3 2328 1588 1593
3 2357 1576 1579
3 2357 1579 2327
3 2327 1579 1583
3 2327 1583 2352
3 2241 2245 1603
3 2241 1603 2273
3 1593 2273 2323
3 2323 2273 1603
3 2323 1603 2324
3 2325 1603 2245
3 2325 2245 2326
3 2326 2245 2289
3 2326 2289 1606
3 1593 1588 2251
3 1593 2251 2273
3 1719 2320 1674
3 2322 2320 1719
3 1773 2317 2320
3 1773 2320 2322
3 1796 2317 1773
3 1835 2315 2317
3 1835 2317 1796
3 1835 1823 2315
3 1631 1674 2320
3 1631 2320 2321
3 2321 2319 1630
3 2319 2321 2320
3 1630 2319 2318
3 1630 2318 1646
3 2319 2320 2317
3 2319 2317 2318
3 1646 2318 2316
3 1646 2316 1710
3 2318 2317 2316
3 2316 2317 2315
3 1710 2316 2315
3 1710 2315 1823
3 1557 1558 1556
3 1567 1590 1578
3 1592 2300 2313
3 1567 1566 2303
3 2300 1592 1595
3 1597 1602 2297
3 1595 1597 2297
3 1615 1621 2302
3 1615 2302 1614
3 1557 2247 1559
3 1557 1559 1558
3 1605 1607 2286
3 1616 1625 2310
3 2309 1616 2310
3 1611 1616 2309
3 2310 1625 1627
3 2310 1627 2293
3 2309 2308 1609
3 2309 1609 1611
3 2308 2286 1607
3 2308 1607 1609
3 1566 1565 2303
3 1541 1612 1613
3 1541 1613 2302
3 2302 1613 1614
3 2226 1564 1562
3 2226 1562 1561
3 2293 1627 1626
3 2293 1626 2294
3 1626 1622 2294
3 1618 2295 1619
3 2295 1622 1619
3 1565 1563 2135
3 1565 2135 2303
3 3128 2279 1610
3 3128 2306 2279
3 1610 2279 2276
3 2304 1610 2276
3 2306 3128 1601
3 2313 2288 2281
3 2313 2281 1585
3 2281 2217 1584
3 2281 1584 1585
3 2307 1590 2298
3 2307 1589 1590
3 1608 1606 2289
3 1608 2289 2301
3 2312 1608 2301
3 2299 1589 2307
3 2399 2312 2314
3 2258 2312 2301
3 2314 2312 2311
3 2298 1590 1567
3 2299 2282 1591
3 2299 1591 1589
3 1598 1596 2283
3 1584 2217 2216
3 1584 2216 1581
3 2288 2313 2291
3 2313 2300 2291
3 1541 2205 2305
3 1541 2305 1539
3 1539 2305 2296
3 1539 2296 1540
3 2283 1596 1591
3 2283 1591 2282
3 2311 2312 2258
3 2297 2300 1595
3 1563 1564 2175
3 1563 2175 2135
3 2298 1567 2235
3 2216 2284 1581
3 1540 2296 2275
3 1540 2275 1542
3 1599 1542 2275
3 1599 2275 2280
3 1602 1604 2240
3 2280 2278 1594
3 2280 1594 1599
3 2219 2235 2303
3 2132 2240 1604
3 2132 1604 1605
3 1594 2278 2260
3 1594 2260 2266
3 1594 2266 1587
3 2290 2310 2293
3 2290 2309 2310
3 2284 1580 1581
3 2294 1622 2295
3 2132 1605 2286
3 2290 2287 2309
3 2249 1554 1553
3 2249 1553 2149
3 1553 1552 2149
3 2249 2155 1555
3 2249 1555 1554
3 2150 2226 1561
3 2150 1561 1560
3 2287 2285 2308
3 2287 2308 2309
3 2286 2308 2285
3 2279 2306 2232
3 2304 2276 2271
3 2232 2306 2274
3 2292 2307 2298
3 1587 2266 2243
3 1587 2243 1586
3 2305 2205 2188
3 2274 2306 1601
3 1550 1549 2268
3 2188 2296 2305
3 1549 1548 2269
3 1549 2269 2268
3 2155 2169 1557
3 2155 1557 1555
3 2205 1541 2302
3 1617 2311 2218
3 1617 2218 2254
3 2254 1618 1617
3 1620 2210 1621
3 1620 1624 2210
3 2307 2267 2230
3 1547 2270 2269
3 1547 2269 1548
3 2270 1547 1546
3 2270 1546 2261
3 1623 2304 2271
3 2292 2298 2148
3 2164 2274 1601
3 2164 1601 1600
3 1586 2243 2244
3 1586 2244 1582
3 2301 2233 2258
3 2261 1546 1544
3 2261 1544 2253
3 2289 2245 2204
3 2300 2259 2277
3 2272 1624 1623
3 2302 1621 2189
3 2272 1623 2271
3 1618 2257 2295
3 2219 2303 2135
3 2302 2189 2205
3 1543 2265 2253
3 1543 2253 1544
3 2267 2307 2292
3 1545 2256 2265
3 1545 2265 1543
3 2259 2300 2297
3 2262 1576 1574
3 2262 1574 2263
3 2252 1579 1576
3 2252 1576 2262
3 1582 2244 2190
3 1582 2190 1577
3 2263 1574 1573
3 2263 1573 2264
3 1577 2190 2236
3 1577 2236 1575
3 1575 2236 2237
3 1575 2237 1571
3 1571 2237 2238
3 1571 2238 1570
3 1598 2181 2164
3 1598 2164 1600
3 2297 2255 2259
3 2299 2230 2234
3 2298 2235 2107
3 2298 2107 2148
3 2267 2292 2214
3 2151 2255 2297
3 2151 2297 1602
3 2289 2233 2301
3 2188 2275 2296
3 2203 1568 1570
3 2203 1570 2238
3 1564 2226 2030
3 1564 2030 2175
3 1583 1579 2252
3 1583 2252 2250
3 1588 1583 2250
3 1588 2250 2251
3 2294 2295 2257
3 2294 2257 2209
3 2240 2151 1602
3 2247 1557 2169
3 2247 2169 2080
3 2212 2293 2294
3 2212 2294 2209
3 2248 2290 2293
3 2248 2293 2212
3 2258 2218 2311
3 2290 2248 2228
3 2235 2219 2102
3 1598 2283 2180
3 1598 2180 2181
3 2214 2292 2148
3 2277 2166 2291
3 2291 2166 2068
3 2291 2068 2288
3 2132 2286 2231
3 2228 2287 2290
3 2234 2183 2282
3 2280 2275 2246
3 2287 2228 2229
3 2288 2068 2119
3 2288 2119 2281
3 2229 2285 2287
3 2286 2285 2229
3 2286 2229 2231
3 2254 2142 1618
3 2227 2233 2289
3 2227 2289 2204
3 2164 2206 2274
3 1580 2284 2215
3 1580 2215 2184
3 2216 2215 2284
3 2275 2188 2239
3 2189 1621 2146
3 2283 2282 2183
3 2283 2183 2180
3 2281 2119 2096
3 2281 2096 2217
3 2277 2176 2166
3 2246 2260 2278
3 2246 2278 2280
3 1618 2142 2257
3 1621 2210 2146
3 2208 2279 2232
3 2208 2276 2279
3 2260 2207 2266
3 2234 2230 2133
3 2259 2170 2176
3 2259 2176 2277
3 2271 2276 2208
3 2271 2208 2186
3 2266 2207 2117
3 2150 1560 2247
3 2150 2247 2053
3 2167 2267 2126
3 2201 1569 1568
3 2201 1568 2203
3 2205 2189 2179
3 2246 2275 2239
3 2246 2239 2173
3 1572 2202 2223
3 1572 2223 2264
3 2272 2187 2210
3 2272 2210 1624
3 2245 2241 2177
3 1550 2023 2011
3 1550 2011 1551
3 2134 1551 2011
3 2257 2142 2143
3 2271 2186 2187
3 2218 2159 2147
3 2218 2147 2254
3 2272 2271 2187
3 2268 2131 2023
3 2268 2023 1550
3 2225 2273 2251
3 2259 2097 2170
3 2182 2123 2270
3 2182 2270 2261
3 2123 2131 2269
3 2123 2269 2270
3 2131 2268 2269
3 2126 2267 2214
3 2126 2214 2076
3 2266 2117 2192
3 2266 2192 2243
3 2082 1552 2134
3 2082 2149 1552
3 2265 2256 2220
3 2265 2220 2242
3 2222 2263 2264
3 2222 2264 2223
3 2221 2262 2263
3 2221 2263 2222
3 2224 2252 2262
3 2224 2262 2221
3 2207 2260 2130
3 2182 2261 2253
3 2182 2253 2174
3 2246 2173 2260
3 2260 2173 2130
3 1982 2135 2175
3 2149 2154 2249
3 2255 2097 2259
3 2213 2177 2241
3 2274 2206 2172
3 2258 2233 2218
3 2209 2257 2143
3 2204 2245 2088
3 2188 2156 2239
3 2151 2097 2255
3 2147 2142 2254
3 2242 2098 2174
3 2242 2174 2253
3 2225 2250 2252
3 2225 2252 2224
3 2251 2250 2225
3 2164 2162 2206
3 2161 2248 2212
3 2154 2155 2249
3 2248 2161 2228
3 2247 2080 2053
3 2227 2185 2233
3 2245 2177 2088
3 2243 2192 2191
3 2243 2191 2244
3 2227 2204 2160
3 2241 2273 2225
3 2151 2240 2144
3 2098 2242 2220
3 2098 2220 2136
3 2130 2104 2207
3 2228 2161 2129
3 2225 2213 2241
3 2132 2144 2240
3 2132 2231 2128
3 2173 2239 2156
3 2088 2177 2127
3 2109 2164 2181
3 2237 2200 2203
3 2237 2203 2238
3 2236 2199 2200
3 2236 2200 2237
3 2190 2171 2199
3 2190 2199 2236
3 2107 2235 2102
3 2107 2102 1966
3 2177 2213 2115
3 2116 2234 2133
3 2116 2113 2183
3 2116 2183 2234
3 2233 2185 2218
3 2152 2140 2208
3 2152 2208 2232
3 2128 2231 2229
3 2128 2229 2044
3 2167 2070 2133
3 2167 2133 2230
3 2229 2129 2044
3 2228 2129 2229
3 2172 2206 2138
3 2232 2081 2152
3 2030 2226 2150
3 2141 2156 2188
3 2225 2211 2213
3 2211 2193 2213
3 2206 2162 2163
3 2227 2160 2185
3 2194 2224 2221
3 2194 2221 2196
3 2198 2222 2223
3 2198 2223 2202
3 2196 2221 2222
3 2196 2222 2198
3 2102 2219 2135
3 2102 2135 1982
3 2274 2081 2232
3 2159 2218 2185
3 2216 2072 1930
3 2216 1930 2215
3 2009 2184 2215
3 2009 2215 1930
3 2076 2214 2148
3 2076 2148 1995
3 2115 2213 2193
3 2206 2165 2138
3 2209 2062 2161
3 2209 2161 2212
3 1973 2148 2107
3 2274 2172 2081
3 2179 2189 2125
3 2194 2158 2193
3 2194 2193 2211
3 2185 2160 2118
3 2145 2210 2187
3 2145 2187 2120
3 2209 2143 2062
3 2115 2127 2177
3 2186 2208 2140
3 2153 2172 2138
3 2207 2104 2117
3 2186 2140 2121
3 2165 2206 2163
3 2159 2185 2122
3 2147 2063 2142
3 2205 2179 2141
3 2205 2141 2188
3 2204 2088 2160
3 2200 2197 2201
3 2200 2201 2203
3 2197 2198 2202
3 2197 2202 2201
3 2171 2157 2195
3 2171 2195 2199
3 2199 2195 2197
3 2199 2197 2200
3 2195 2196 2198
3 2195 2198 2197
3 2157 2194 2196
3 2157 2196 2195
3 2157 2158 2194
3 2115 2193 2158
3 2153 2138 2178
3 2169 2037 2036
3 2100 2191 2192
3 2100 2192 2117
3 2190 2191 2100
3 2190 2100 2099
3 2101 2171 2190
3 2101 2190 2099
3 2156 2071 2173
3 2125 2189 2146
3 2095 2081 2172
3 2118 2160 2088
3 2078 2178 2168
3 2159 2122 2147
3 2071 2111 2173
3 2120 2187 2121
3 2187 2186 2121
3 2122 2185 2118
3 2168 2105 2139
3 1980 2137 2184
3 1980 2184 2009
3 2094 2180 2183
3 2094 2183 2113
3 2182 2174 2110
3 2182 2110 2123
3 2109 2181 2180
3 2146 2210 2058
3 2165 2091 2138
3 2113 2116 2059
3 2125 2141 2179
3 2078 2153 2178
3 2115 2057 2127
3 2178 2124 2105
3 2178 2105 2168
3 2066 2166 2176
3 2170 2112 2066
3 2170 2066 2176
3 1982 2175 2030
3 2098 2110 2174
3 2130 2173 2111
3 2118 2088 2075
3 2156 2141 2083
3 2058 2210 2145
3 2058 2145 2027
3 2056 2095 2172
3 2056 2172 2153
3 2166 2066 2035
3 2104 2038 2117
3 2114 2157 2171
3 2114 2171 2101
3 2108 2112 2170
3 2108 2170 2097
3 2169 2036 1971
3 2169 1971 2080
3 2078 2168 2139
3 2070 2167 2126
3 2166 2035 2068
3 2107 1966 1938
3 2052 2097 2151
3 2165 2163 2091
3 2105 2106 2139
3 2109 2090 2162
3 2109 2162 2164
3 2163 2162 2090
3 2163 2090 2091
3 2129 2161 2062
3 2138 2086 2124
3 2138 2124 2178
3 2152 2103 2089
3 2152 2089 2140
3 2158 2041 2115
3 2158 2157 2114
3 2158 2114 2041
3 2071 2156 2083
3 2154 2149 3281
3 2155 2154 2045
3 2069 2133 2070
3 2098 2136 2077
3 2056 2153 2078
3 2081 2103 2152
3 2052 2151 2144
3 2053 2030 2150
3 3281 2149 2082
3 3281 2082 3280
3 1973 1995 2148
3 2063 2147 2122
3 2125 2146 2084
3 2084 2146 2058
3 2050 2116 2133
3 2054 2027 2145
3 2054 2145 2120
3 2029 2052 2144
3 2029 2144 2132
3 2068 1975 2119
3 2062 2143 2049
3 2142 2063 2049
3 2142 2049 2143
3 2124 2093 2105
3 2083 2141 2125
3 2083 2125 2084
3 2001 2129 2062
3 2123 2043 2046
3 2123 2046 2131
3 2131 2046 2020
3 2140 2089 2048
3 2140 2048 2121
3 2064 2078 2139
3 2064 2139 2106
3 2086 2138 2091
3 2079 2122 2118
3 1965 2073 2137
3 1965 2137 1980
3 1990 2082 2134
3 1990 2134 2011
3 2094 2113 2065
3 2094 2065 2018
3 2105 2093 2092
3 2105 2092 2106
3 2069 2050 2133
3 2029 2132 2128
3 2029 2128 2044
3 2021 2023 2131
3 2021 2131 2020
3 2113 2059 2065
3 2111 2104 2130
3 2001 2044 2129
3 2076 1964 2070
3 2076 2070 2126
3 2111 2071 2074
3 2086 2093 2124
3 2043 2123 2110
3 2043 2110 2033
3 2122 2079 2034
3 2122 2034 2063
3 2054 2120 2121
3 2054 2121 2048
3 1975 1960 2096
3 1975 2096 2119
3 2109 2094 2090
3 2079 2118 2075
3 2079 2075 2051
3 2117 2038 2042
3 2117 2042 2100
3 2056 2078 2017
3 2050 2031 2116
3 2059 2116 2031
3 1946 2096 1960
3 2041 2057 2115
3 2041 2114 2101
3 2088 2067 2075
3 2108 2047 2112
3 2112 2047 1997
3 2112 1997 2066
3 2104 2111 2074
3 2098 2016 2033
3 2098 2033 2110
3 2094 2018 2060
3 2097 2025 2047
3 2097 2047 2108
3 1938 1973 2107
3 2093 2085 2092
3 2032 2064 2106
3 2032 2106 2092
3 2085 2061 2092
3 2104 2074 2038
3 2089 2103 2055
3 2102 1982 1966
3 2041 2101 2099
3 2041 2099 2042
3 2042 2099 2100
3 2089 2055 2024
3 2089 2024 2048
3 2050 2069 2002
3 2068 2035 1949
3 2127 2057 2040
3 2016 2098 2077
3 2016 2077 1998
3 2103 2081 2007
3 2103 2007 2055
3 2085 2094 2060
3 2094 2085 2087
3 2154 3278 2045
3 2097 2052 2025
3 2026 2095 2056
3 2096 1946 1939
3 2096 1939 2072
3 2026 2007 2081
3 2026 2081 2095
3 1944 2070 1964
3 2087 2090 2094
3 2067 2088 2127
3 2086 2085 2093
3 2061 2032 2092
3 2030 1942 1982
3 2086 2091 2087
3 2091 2090 2087
3 2087 2085 2086
3 2084 2058 2013
3 2084 2013 2083
3 2071 2083 2013
3 2082 1990 3280
3 2080 1971 1927
3 2080 1927 2053
3 2051 2034 2079
3 2078 2064 2017
3 2085 2060 2061
3 2065 2059 2018
3 1964 2076 1995
3 2067 2051 2075
3 2002 2069 2003
3 2040 2067 2127
3 2038 2074 2012
3 1950 1994 2073
3 1950 2073 1965
3 1930 2072 1939
3 2071 2013 2012
3 2071 2012 2074
3 2027 2054 1988
3 2052 1993 2025
3 2024 1978 2048
3 2055 2028 2024
3 2055 2010 2028
3 1944 2069 2070
3 2067 2022 2051
3 2014 1988 2054
3 2014 2054 2048
3 1975 2068 1949
3 2067 2040 2022
3 2066 1997 1909
3 2066 1909 2035
3 2051 2022 2034
3 2017 2064 2032
3 2063 2034 2049
3 2001 2062 2049
3 2032 2061 2019
3 2018 2019 2060
3 2061 2060 2019
3 2018 2059 2031
3 2058 2027 1976
3 2058 1976 2013
3 2040 2057 2041
3 2026 2056 2017
3 2026 2017 1983
3 2007 2010 2055
3 2015 2006 2031
3 2015 2031 2050
3 2015 2050 2008
3 2029 1993 2052
3 2040 2012 2022
3 2002 2008 2050
3 2025 1977 2047
3 2047 1977 1961
3 2034 2000 2049
3 2001 2049 2000
3 2014 2048 1978
3 1997 2047 1961
3 2043 1999 1969
3 2043 1969 2046
3 2045 1951 2037
3 2017 2032 1986
3 2029 2044 2001
3 1999 2043 2033
3 1999 2033 1989
3 2019 2018 1985
3 2015 2004 2005
3 2015 2005 2006
3 1987 2006 2005
3 2039 2042 2038
3 2042 2039 2041
3 2039 2038 2012
3 2039 2012 2040
3 2036 2037 1951
3 2036 1951 1934
3 1971 2036 1934
3 1971 1934 1916
3 1994 1950 1931
3 1919 2009 1930
3 2035 1909 1949
3 2034 2022 1996
3 2016 1974 1989
3 2016 1989 2033
3 2019 1986 2032
3 1982 1937 1966
3 2031 2006 1985
3 2031 1985 2018
3 2010 2005 2004
3 2010 2004 2028
3 1978 2024 1981
3 1911 1942 2030
3 1911 2030 2053
3 1993 2029 2001
3 1993 2001 1955
3 1991 2024 2028
3 1991 2028 2004
3 1988 1976 2027
3 2010 2007 1984
3 2034 1996 2000
3 1966 1912 1938
3 2007 2026 1983
3 1973 1921 1995
3 2015 1992 2004
3 1977 2025 1993
3 1991 1981 2024
3 2021 1933 1935
3 2021 1935 2023
3 1935 2011 2023
3 1979 1988 2014
3 2012 1996 2022
3 2020 1933 2021
3 2020 1969 1913
3 2020 1913 1933
3 1948 2003 1944
3 1997 1961 1929
3 1985 1986 2019
3 1986 1983 2017
3 1974 2016 1998
3 1974 1998 1954
3 1992 2015 2008
3 1992 2008 1970
3 1978 1979 2014
3 2012 2013 1976
3 2012 1976 1996
3 2011 1935 1920
3 2011 1920 1990
3 1981 1991 1968
3 1984 2005 2010
3 1907 1980 2009
3 1907 2009 1919
3 2002 1970 2008
3 1993 1955 1977
3 1987 1985 2006
3 1987 2005 1984
3 1999 1947 1969
3 1957 1976 1988
3 1938 1914 1973
3 1952 1991 2004
3 1952 2004 1992
3 1977 1953 1961
3 1949 1928 1975
3 1970 2002 2003
3 1970 2003 1948
3 2001 2000 1972
3 2001 1972 1955
3 2000 1996 1972
3 1947 1999 1989
3 1984 2007 1983
3 1981 1958 1978
3 1947 1989 1943
3 1997 1929 1909
3 1996 1976 1972
3 1964 1995 1921
3 1931 1932 1994
3 1941 1952 1992
3 1941 1992 1970
3 1961 1953 1923
3 1952 1968 1991
3 1990 1920 3258
3 1974 1936 1943
3 1974 1943 1989
3 1959 1962 1977
3 1957 1988 1979
3 1984 1985 1987
3 1986 1985 1984
3 1986 1984 1983
3 1937 1982 1942
3 1937 1942 1875
3 1968 1963 1958
3 1968 1958 1981
3 1900 1965 1980
3 1900 1980 1907
3 1962 1945 1953
3 1962 1953 1977
3 1957 1979 1958
3 1979 1978 1958
3 1955 1959 1977
3 1957 1956 1972
3 1957 1972 1976
3 1975 1928 1898
3 1975 1898 1960
3 1936 1974 1954
3 1936 1954 1925
3 1914 1921 1973
3 1955 1972 1956
3 1934 1951 1917
3 1934 1891 1916
3 1916 1826 1927
3 1916 1927 1971
3 1923 1953 1910
3 1970 1940 1941
3 1951 1905 1917
3 1947 1899 1913
3 1947 1913 1969
3 1962 1967 1963
3 1962 1959 1967
3 1952 1918 1963
3 1952 1963 1968
3 1958 1967 1956
3 1956 1967 1959
3 1937 1906 1912
3 1937 1912 1966
3 1965 1900 1894
3 1965 1894 1950
3 1959 1955 1956
3 1892 1944 1964
3 1892 1964 1921
3 1918 1962 1963
3 1945 1962 1918
3 1923 1929 1961
3 1960 1898 1890
3 1960 1890 1946
3 1944 1940 1948
3 1957 1958 1956
3 1908 1932 1931
3 1953 1945 1924
3 1953 1924 1910
3 1941 1915 1918
3 1941 1918 1952
3 1944 1892 1926
3 1882 1911 2053
3 1882 2053 1927
3 1950 1894 1879
3 1950 1879 1931
3 1949 1909 1889
3 1949 1889 1928
3 1924 1945 1904
3 1899 1947 1943
3 1899 1943 1885
3 1946 1890 1863
3 1946 1863 1939
3 1918 1904 1945
3 1926 1922 1940
3 1926 1940 1944
3 1862 1916 1891
3 1929 1923 1886
3 1938 1912 1914
3 1936 1885 1943
3 1864 1875 1942
3 1864 1942 1911
3 1940 1922 1915
3 1940 1915 1941
3 1857 1930 1939
3 1857 1939 1863
3 1906 1937 1875
3 1914 1902 1921
3 1933 1860 1870
3 1933 1870 1935
3 1866 1885 1936
3 1866 1936 1925
3 1935 1870 1869
3 1935 1869 1920
3 1910 1924 1888
3 1906 1851 1912
3 1881 1897 1934
3 1881 1934 1917
3 1891 1934 1897
3 1884 1903 1932
3 1884 1932 1908
3 1879 1859 1908
3 1879 1908 1931
3 1887 1888 1924
3 1853 1919 1930
3 1853 1930 1857
3 1922 1926 1895
3 1909 1929 1886
3 1889 1829 1898
3 1889 1898 1928
3 1826 1882 1927
3 1874 1918 1878
3 1904 1887 1924
3 1910 1865 1886
3 1910 1886 1923
3 1922 1895 1901
3 1915 1922 1901
3 1892 1921 1902
3 1869 3245 3258
3 1869 3258 1920
3 1849 1907 1919
3 1849 1919 1853
3 1874 1904 1918
3 1912 1868 1893
3 1912 1893 1914
3 1905 1881 1917
3 1806 1826 1916
3 1806 1916 1862
3 1878 1915 1901
3 1895 1876 1880
3 1893 1846 1902
3 1893 1902 1914
3 1845 1816 1913
3 1845 1913 1899
3 1860 1913 1816
3 1868 1912 1851
3 1882 1824 1864
3 1882 1864 1911
3 1910 1888 1865
3 1909 1886 1843
3 1909 1843 1889
3 1895 1880 1867
3 1847 1884 1908
3 1847 1908 1859
3 1840 1900 1907
3 1840 1907 1849
3 1851 1906 1875
3 1880 1876 1854
3 1881 1905 3248
3 1845 1899 1821
3 1868 1873 1893
3 1904 1874 1871
3 1875 1864 1801
3 1887 1904 1871
3 1884 1856 1877
3 1884 1877 1903
3 1807 1892 1902
3 1807 1902 1846
3 1901 1895 1878
3 1900 1840 1827
3 1900 1827 1894
3 1885 1821 1899
3 1872 1823 1835
3 1872 1834 1883
3 1872 1883 1896
3 1848 1823 1872
3 1848 1872 1896
3 1825 1868 1851
3 1829 1861 1898
3 1838 1830 1897
3 1838 1897 1881
3 1897 1830 1855
3 1897 1855 1891
3 1885 1811 1821
3 1896 1883 1785
3 1896 1785 1833
3 1848 1896 1833
3 1848 1833 1711
3 1878 1895 1867
3 1878 1867 1815
3 1860 1831 1870
3 1894 1827 1879
3 1846 1893 1858
3 1873 1858 1893
3 1867 1880 1836
3 1807 1876 1892
3 1793 1862 1891
3 1793 1891 1855
3 1870 1850 1869
3 1863 1890 1861
3 1863 1861 1822
3 1865 1888 1842
3 1871 1844 1887
3 1817 1879 1827
3 1829 1889 1843
3 1829 1843 1803
3 1842 1888 1887
3 1842 1887 1844
3 1843 1886 1865
3 1866 1811 1885
3 1884 1847 1828
3 1884 1828 1856
3 1785 1883 1834
3 1824 1882 1826
3 1824 1826 1724
3 1881 3248 1838
3 1880 1854 1836
3 1817 1808 1859
3 1817 1859 1879
3 1825 1790 1868
3 1852 1846 1858
3 1874 1878 1815
3 1874 1815 1778
3 1856 1797 1841
3 1856 1841 1877
3 1876 1807 1854
3 1801 1851 1875
3 1871 1874 1778
3 1871 1778 1832
3 1819 1858 1873
3 1819 1873 1868
3 1872 1835 1772
3 1834 1872 1772
3 1831 1839 1870
3 1844 1871 1832
3 1818 1852 1858
3 1870 1839 1814
3 1870 1814 1850
3 1850 3235 3245
3 1850 3245 1869
3 1819 1868 1790
3 1815 1867 1836
3 1830 1820 1855
3 1746 1826 1806
3 1865 1842 1843
3 1812 1846 1852
3 1864 1824 1748
3 1864 1748 1801
3 1794 1857 1863
3 1794 1863 1805
3 1753 1806 1862
3 1753 1862 1793
3 1782 1822 1861
3 1782 1861 1829
3 1860 1816 1831
3 1795 1847 1859
3 1795 1859 1808
3 1818 1858 1819
3 1845 1789 1816
3 1784 1853 1857
3 1784 1857 1794
3 1803 1843 1783
3 1856 1828 1797
3 1820 1793 1855
3 3248 1810 1838
3 1854 1807 1762
3 1854 1762 1836
3 1755 1815 1836
3 1852 1809 1837
3 1765 1852 1837
3 1807 1846 1745
3 1853 1784 1769
3 1853 1769 1849
3 1832 1802 1844
3 1809 1852 1818
3 1737 1825 1851
3 1737 1851 1801
3 1802 1761 1844
3 1809 1823 1848
3 1850 1814 3235
3 1809 1818 1792
3 1849 1769 1756
3 1849 1756 1840
3 1809 1848 1837
3 1847 1795 1740
3 1847 1740 1828
3 1793 1820 1774
3 1846 1812 1745
3 1789 1845 1821
3 1761 1760 1842
3 1761 1842 1844
3 1843 1842 1760
3 1843 1760 1783
3 1799 1813 1839
3 1799 1839 1831
3 1786 1791 1841
3 1786 1841 1797
3 1765 1837 1693
3 1840 1756 1827
3 1839 1813 1814
3 1766 1832 1778
3 1837 1848 1711
3 1755 1836 1762
3 1772 1835 1796
3 1772 1771 1834
3 1785 1834 1771
3 1738 1833 1785
3 1711 1833 1738
3 1789 1821 1781
3 1766 1802 1832
3 1819 1790 1706
3 1799 1831 1816
3 1799 1816 1804
3 1804 1816 1768
3 1747 1827 1756
3 1788 1830 1838
3 1788 1838 1810
3 1763 1820 1830
3 1763 1830 1788
3 1782 1829 1803
3 1782 1803 1741
3 1828 1740 1751
3 1828 1751 1797
3 1827 1747 1817
3 1826 1746 1677
3 1826 1677 1724
3 1737 1714 1790
3 1737 1790 1825
3 1824 1724 1748
3 1823 1809 1710
3 1822 1782 1754
3 1822 1754 1805
3 1811 1780 1781
3 1811 1781 1821
3 1726 1774 1820
3 1726 1820 1763
3 1706 1818 1819
3 1792 1818 1706
3 1808 1817 1747
3 1808 1747 1742
3 1789 1768 1816
3 1778 1815 1755
3 1813 3231 1814
3 1750 1779 1798
3 1750 1798 1813
3 1812 1749 1745
3 1800 1788 1810
3 1802 1766 1732
3 1809 1792 1710
3 1804 1759 1799
3 1806 1699 1746
3 1742 1795 1808
3 1360 1373 1791
3 1762 1807 1745
3 1806 1753 1699
3 1754 1744 1794
3 1754 1794 1805
3 3231 1813 1798
3 1733 1774 1726
3 1762 1729 1755
3 1759 1804 1768
3 1759 1768 1758
3 1741 1803 1783
3 1761 1802 1732
3 1748 1737 1801
3 1788 1690 1763
3 3232 1787 1788
3 3232 1788 1800
3 1759 1750 1799
3 1798 1779 1752
3 1798 1752 1787
3 1797 1751 1728
3 1797 1728 1786
3 1768 1789 1767
3 1749 1695 1745
3 1773 1772 1796
3 1740 1795 1742
3 1794 1744 1725
3 1794 1725 1784
3 1720 1778 1755
3 1793 1774 1753
3 1709 1710 1792
3 1706 1790 1714
3 1767 1789 1781
3 1787 1691 1690
3 1787 1690 1788
3 1787 1752 1691
3 1786 1728 1743
3 1786 1743 1775
3 1771 1718 1727
3 1771 1727 1785
3 1738 1785 1727
3 1784 1725 1769
3 1741 1783 1760
3 1741 1760 1731
3 1782 1741 1734
3 1782 1734 1754
3 1777 1359 1360
3 1776 1359 1777
3 1358 1776 1764
3 1740 1707 1751
3 1780 1767 1781
3 1767 1780 1358
3 1767 1358 1764
3 1759 1739 1730
3 1759 1730 1750
3 1766 1778 1720
3 1766 1720 1716
3 1701 1748 1724
3 1757 1764 1777
3 1757 1777 1360
3 1743 1736 1757
3 1743 1757 1775
3 1774 1733 1753
3 1706 1700 1792
3 1770 1772 1773
3 1770 1773 2322
3 1772 1770 1771
3 1770 1722 1718
3 1770 1718 1771
3 2322 1722 1770
3 1753 1733 1699
3 1769 1725 1712
3 1769 1712 1756
3 1767 1758 1768
3 1767 1764 1758
3 1792 1700 1709
3 1716 1732 1766
3 1757 1758 1764
3 1690 1726 1763
3 1685 1729 1762
3 1685 1762 1745
3 1731 1761 1732
3 1731 1760 1761
3 1750 1730 1752
3 1750 1752 1779
3 1736 1739 1759
3 1736 1759 1757
3 1734 1741 1692
3 1698 1747 1756
3 1698 1756 1712
3 1729 1720 1755
3 1744 1754 1734
3 1744 1734 1721
3 1730 1691 1752
3 1728 1751 1707
3 1689 1699 1733
3 1695 1749 1765
3 1701 1667 1737
3 1701 1737 1748
3 1697 1742 1747
3 1697 1747 1698
3 1641 1677 1746
3 1641 1746 1699
3 1743 1728 1703
3 1733 1726 1689
3 1695 1685 1745
3 1721 1686 1725
3 1721 1725 1744
3 1743 1703 1702
3 1743 1702 1736
3 1720 1668 1716
3 1708 1740 1742
3 1708 1742 1697
3 1717 1692 1741
3 1717 1741 1731
3 1699 1689 1658
3 1735 1739 1723
3 1707 1740 1708
3 1705 1723 1739
3 1705 1739 1736
3 1729 1685 1681
3 1700 1642 1709
3 1735 1715 1739
3 1676 1738 1704
3 1714 1737 1667
3 1714 1667 1644
3 1736 1702 1705
3 1765 1693 1676
3 1723 1715 1735
3 1721 1734 1692
3 1731 1687 1717
3 1687 1731 1732
3 1687 1732 1716
3 1694 1730 1739
3 1694 1739 1715
3 1720 1729 1681
3 1684 1715 1723
3 1703 1728 1707
3 1722 2322 1719
3 1695 1765 1664
3 1676 1711 1738
3 1696 1704 1727
3 1690 1689 1726
3 1675 1712 1725
3 1675 1725 1686
3 1640 1701 1724
3 1640 1724 1677
3 1688 1684 1723
3 1722 1713 1718
3 1719 1713 1722
3 1682 1692 1717
3 1686 1721 1692
3 1686 1692 1665
3 1684 1669 1715
3 1681 1668 1720
3 1718 1713 1696
3 1687 1682 1717
3 1716 1668 1687
3 1669 1694 1715
3 1689 1648 1658
3 1693 1711 1676
3 1683 1723 1705
3 1723 1683 1688
3 1664 1765 1676
3 1673 1706 1714
3 1673 1714 1644
3 1674 1696 1713
3 1674 1713 1719
3 1712 1675 1671
3 1712 1671 1698
3 1710 1642 1646
3 1709 1642 1710
3 1659 1685 1695
3 1697 1680 1708
3 1707 1680 1678
3 1707 1678 1703
3 1673 1700 1706
3 1683 1705 1702
3 1683 1702 1679
3 1643 1704 1696
3 1643 1696 1674
3 1684 1688 1670
3 1664 1659 1695
3 1678 1679 1702
3 1678 1702 1703
3 1701 1640 1667
3 1673 1642 1700
3 1658 1641 1699
3 1698 1671 1672
3 1698 1672 1697
3 1672 1680 1697
3 1647 1691 1694
3 1647 1694 1669
3 1676 1704 1643
3 1682 1665 1692
3 1648 1690 1691
3 1648 1691 1647
3 1670 1688 1683
3 1682 1687 1666
3 1668 1666 1687
3 1681 1685 1637
3 1659 1637 1685
3 1655 1678 1680
3 1665 1652 1675
3 1665 1675 1686
3 1683 1657 1670
3 1645 1669 1684
3 1679 1657 1683
3 1682 1666 1651
3 1651 1665 1682
3 1668 1681 1661
3 1655 1680 1672
3 1679 1656 1657
3 1679 1678 1655
3 1679 1655 1656
3 1681 1663 1661
3 1677 1641 1640
3 1676 1643 1664
3 1631 1643 1674
3 1673 1629 1642
3 1671 1675 1652
3 1671 1652 1649
3 1641 1658 1636
3 1649 1655 1672
3 1649 1672 1671
3 1662 1670 1657
3 1662 1645 1670
3 1647 1669 1645
3 1647 1645 1638
3 1668 1661 1654
3 1668 1654 1666
3 1637 1663 1681
3 1667 1640 1639
3 1639 1633 1644
3 1639 1644 1667
3 1651 1666 1654
3 1651 1652 1665
3 1643 1659 1664
3 1663 1660 1661
3 1660 1663 1662
3 1637 1662 1663
3 1637 1645 1662
3 1637 1659 1631
3 1645 1637 1638
3 1660 1662 1657
3 1660 1657 1653
3 1653 1654 1661
3 1653 1661 1660
3 1631 1659 1643
3 1648 1636 1658
3 1650 1653 1657
3 1650 1657 1656
3 1656 1655 1649
3 1656 1649 1650
3 1653 1650 1651
3 1653 1651 1654
3 1650 1649 1652
3 1650 1652 1651
3 1647 1638 1636
3 1647 1636 1648
3 1634 1629 1673
3 1630 1646 1642
3 1673 1644 1634
3 1644 1633 1634
3 1629 1630 1642
3 1641 1636 1635
3 1641 1635 1640
3 1639 1640 1635
3 1637 1632 1639
3 1638 1635 1636
3 1638 1637 1639
3 1638 1639 1635
3 1637 1631 1632
3 1639 1632 1633
3 1634 1628 1629
3 1634 1631 1628
3 1631 2321 1628
3 1632 1631 1634
3 1632 1634 1633
3 1630 1628 2321
3 1629 1628 1630
3 1603 2325 2324
3 3270 3271 3273
3 3238 3215 3243
3 3195 3209 3187
3 2154 3281 3278
3 3280 1990 3269
3 3281 3280 3277
3 3281 3277 3279
3 3279 3278 3281
3 2045 3278 3276
3 3280 3269 3277
3 1951 2045 3276
3 1951 3276 3265
3 3267 3274 3279
3 3267 3279 3277
3 3275 3278 3279
3 3275 3279 3274
3 3275 3276 3278
3 3257 3267 3277
3 3257 3277 3269
3 3276 3275 3268
3 3276 3268 3265
3 1990 3258 3244
3 1990 3244 3269
3 3275 3274 3272
3 3275 3272 3268
3 3272 3274 3262
3 3268 3272 3263
3 3274 3267 3253
3 3274 3253 3262
3 3267 3257 3242
3 3269 3244 3241
3 1905 1951 3265
3 1905 3265 3255
3 3273 3271 3256
3 3273 3256 3251
3 3264 3273 3251
3 3264 3251 3255
3 3273 3264 3266
3 3273 3266 3270
3 3262 3259 3272
3 3272 3259 3263
3 3270 3261 3254
3 3270 3254 3271
3 3271 3254 3246
3 3271 3246 3256
3 3270 3266 3261
3 3269 3241 3257
3 3268 3266 3264
3 3268 3264 3265
3 3263 3260 3266
3 3263 3266 3268
3 3259 3262 3250
3 3259 3249 3263
3 3267 3242 3253
3 3260 3261 3266
3 3264 3255 3265
3 3260 3263 3249
3 3260 3249 3234
3 3260 3252 3261
3 3247 3250 3262
3 3247 3262 3253
3 3254 3261 3252
3 3254 3252 3240
3 3246 3254 3229
3 3234 3252 3260
3 3259 3250 3239
3 3259 3239 3249
3 3242 3228 3253
3 3258 3245 3244
3 3257 3241 3224
3 3257 3224 3242
3 3238 3256 3246
3 3238 3246 3225
3 3251 3256 3238
3 3251 3238 3243
3 3248 1905 3255
3 3252 3234 3237
3 3247 3230 3250
3 3219 3239 3250
3 3251 3248 3255
3 3254 3240 3229
3 3228 3247 3253
3 3240 3252 3237
3 3240 3237 3227
3 3248 3251 3243
3 3250 3230 3219
3 3239 3208 3249
3 3240 3216 3229
3 3249 3208 3234
3 3214 3224 3241
3 3214 3241 3233
3 3243 3236 1810
3 3243 1810 3248
3 3230 3247 3228
3 3230 3228 3213
3 3229 3207 3225
3 3229 3225 3246
3 3245 3235 3226
3 3245 3226 3244
3 3241 3244 3226
3 3243 3215 3222
3 3243 3222 3236
3 3230 3217 3219
3 3234 3218 3237
3 3242 3224 3201
3 3242 3201 3228
3 3233 3241 3226
3 3240 3227 3216
3 3239 3219 3211
3 3211 3208 3239
3 1800 1810 3236
3 1800 3236 3220
3 3234 3208 3218
3 3238 3225 3215
3 3227 3237 3218
3 3227 3218 3209
3 3236 3222 3210
3 3236 3210 3220
3 3235 1814 3223
3 3235 3223 3226
3 3220 3232 1800
3 3232 3220 3221
3 3214 3233 3226
3 3214 3226 3196
3 3216 3227 3206
3 1814 3231 3223
3 3231 1798 3232
3 3223 3231 3232
3 3223 3232 3221
3 3213 3217 3230
3 3207 3229 3216
3 3207 3216 3194
3 3222 3215 3198
3 3228 3201 3213
3 3217 3204 3219
3 3227 3209 3206
3 3223 3203 3196
3 3223 3196 3226
3 3199 3217 3213
3 3215 3225 3207
3 3215 3207 3192
3 3201 3224 3214
3 3201 3214 3200
3 3211 3219 3204
3 3209 3218 3212
3 3203 3223 3221
3 3203 3221 3197
3 3210 3222 3198
3 3220 3197 3221
3 3197 3220 3210
3 3218 3208 3212
3 3204 3217 3199
3 3206 3194 3216
3 3213 3201 3189
3 3209 3195 3206
3 3194 3206 3193
3 3192 3198 3215
3 3208 3205 3212
3 3200 3214 3196
3 3200 3191 3201
3 3213 3189 3199
3 3209 3212 3205
3 3209 3205 3187
3 3208 3202 3205
3 3211 3202 3208
3 3211 3204 3202
3 3210 3198 3197
3 3188 3204 3199
3 3194 3179 3192
3 3194 3192 3207
3 3181 3200 3196
3 3203 3184 3196
3 3193 3206 3195
3 3202 3204 3188
3 3202 3188 3190
3 3198 3192 3183
3 3199 3189 3188
3 3184 3203 3197
3 3202 3190 3185
3 3187 3205 3202
3 3187 3202 3185
3 3191 3189 3201
3 3191 3200 3181
3 3195 3187 3178
3 3197 3182 3184
3 3182 3197 3198
3 3182 3198 3183
3 3179 3194 3178
3 3196 3184 3181
3 3193 3195 3178
3 3194 3193 3178
3 3191 3181 3173
3 3183 3192 3179
3 3189 3191 3173
3 3177 3189 3173
3 3186 3190 3188
3 3177 3186 3188
3 3177 3188 3189
3 3185 3190 3186
3 3181 3184 3180
3 3174 3178 3187
3 3174 3187 3185
3 3183 3179 3175
3 3177 3176 3186
3 3174 3185 3186
3 3174 3186 3176
3 3182 3180 3184
3 3180 3182 3183
3 3180 3183 3175
3 3180 3175 3172
3 3172 3173 3181
3 3172 3181 3180
3 3175 3179 3178
3 3175 3178 3174
3 3173 3172 3176
3 3173 3176 3177
3 3174 3176 3172
3 3175 3174 3172
3 3370 3350 3363
3 3326 3342 3330
3 3294 3296 3297
3 3289 3290 3285
3 3387 3390 3386
3 3390 3389 3384
3 3389 3390 3388
3 3387 3388 3390
3 3389 3382 3383
3 3389 3383 3384
3 3385 3386 3390
3 3390 3384 3385
3 3384 3379 3380
3 3384 3380 3385
3 3372 3385 3380
3 3388 3378 3381
3 3388 3381 3389
3 3378 3388 3387
3 3384 3383 3374
3 3384 3374 3379
3 3381 3368 3382
3 3381 3382 3389
3 3386 3385 3372
3 3386 3372 3371
3 3378 3368 3381
3 3369 3373 3378
3 3369 3378 3387
3 3373 3377 3378
3 3387 3376 3369
3 3387 3386 3376
3 3366 3368 3378
3 3366 3378 3377
3 3383 3382 3375
3 3382 3363 3375
3 3383 3375 3367
3 3379 3349 3360
3 3379 3360 3380
3 3360 3372 3380
3 3382 3368 3363
3 3368 3370 3363
3 3386 3371 3361
3 3386 3361 3376
3 3352 3369 3376
3 3372 3360 3359
3 3374 3383 3367
3 3362 3373 3369
3 3379 3374 3357
3 3379 3357 3349
3 3377 3373 3366
3 3368 3365 3370
3 3366 3364 3368
3 3363 3358 3375
3 3355 3371 3372
3 3355 3372 3359
3 3356 3374 3367
3 3362 3351 3366
3 3362 3366 3373
3 3329 3365 3368
3 3329 3368 3364
3 3370 3365 3354
3 3370 3354 3350
3 3362 3369 3353
3 3352 3376 3361
3 3371 3355 3347
3 3371 3347 3361
3 3351 3334 3364
3 3351 3364 3366
3 3329 3354 3365
3 3357 3374 3356
3 3358 3363 3350
3 3353 3369 3352
3 3364 3334 3328
3 3328 3329 3364
3 3346 3367 3375
3 3346 3375 3358
3 3354 3329 3343
3 3349 3348 3360
3 3352 3344 3353
3 3360 3348 3338
3 3360 3338 3359
3 3350 3354 3343
3 3361 3347 3335
3 3361 3335 3352
3 3357 3356 3345
3 3353 3341 3351
3 3353 3351 3362
3 3337 3355 3359
3 3337 3359 3338
3 3358 3350 3336
3 3349 3357 3342
3 3349 3342 3332
3 3367 3346 3331
3 3367 3331 3356
3 3348 3339 3338
3 3339 3348 3340
3 3349 3340 3348
3 3339 2965 2964
3 3338 3339 2964
3 3338 2964 2952
3 3358 3336 3346
3 3355 3337 3325
3 3355 3325 3347
3 2965 3339 3340
3 2965 3340 2951
3 3341 3334 3351
3 3344 3352 3327
3 3337 3338 2952
3 3337 2952 3333
3 3340 3349 3332
3 3350 3343 3324
3 3350 3324 3336
3 3342 3357 3345
3 3342 3345 3330
3 3341 3353 3344
3 3341 3344 3322
3 3343 3329 3314
3 3340 3332 2951
3 3346 3336 3321
3 3327 3352 3335
3 3324 3343 3314
3 3320 3334 3341
3 3332 3342 3326
3 3325 3337 3333
3 3325 3333 2893
3 3323 3345 3356
3 3323 3356 3331
3 2908 2951 3332
3 2908 3332 3326
3 3325 3317 3335
3 3325 3335 3347
3 3314 3329 3305
3 3321 3331 3346
3 3305 3329 3328
3 3305 3328 3308
3 3328 3334 3320
3 3328 3320 3308
3 3320 3341 3322
3 3335 3311 3327
3 2908 3326 3319
3 2908 3319 3318
3 3336 3324 3313
3 3336 3313 3321
3 3327 3309 3322
3 3327 3322 3344
3 3331 3321 3307
3 3315 3316 3319
3 3306 3320 3322
3 3310 3317 3325
3 3324 3314 3313
3 3319 3316 2853
3 3319 2853 3318
3 3326 3330 3312
3 3326 3312 3319
3 3345 3323 3312
3 3345 3312 3330
3 3311 3335 3317
3 3310 3325 2893
3 3308 3320 3306
3 3304 3313 3314
3 3331 3307 3323
3 3321 3313 3301
3 3321 3301 3307
3 3309 3306 3322
3 3301 3313 3304
3 3314 3305 3304
3 3302 3316 3315
3 3302 3315 3303
3 3299 3301 3304
3 3309 3327 3311
3 3309 3311 3292
3 3304 3305 3300
3 3295 3305 3308
3 3308 3306 3295
3 3300 3299 3304
3 3291 3306 3309
3 3302 3303 3298
3 3302 3298 3299
3 3311 3317 3293
3 3301 3299 3298
3 3301 3298 3297
3 3312 3323 3307
3 3312 3307 3296
3 3296 3307 3301
3 3296 3301 3297
3 3300 3305 3295
3 3295 3306 3291
3 3297 3298 3303
3 3297 3303 3294
3 3315 3319 3294
3 3315 3294 3303
3 3319 3312 3296
3 3319 3296 3294
3 3316 3302 2806
3 3316 2806 2853
3 3293 3317 3310
3 3291 3309 3292
3 3300 3295 3290
3 3291 3290 3295
3 3299 3300 3290
3 3299 3290 3289
3 3288 3291 3292
3 3290 3291 3288
3 3290 3288 3285
3 3293 3310 2777
3 3302 3299 3289
3 3302 3289 3287
3 3293 3286 3292
3 3293 3292 3311
3 3285 3287 3289
3 3288 3283 3285
3 3286 3283 3288
3 3286 3288 3292
3 3302 3287 2729
3 3302 2729 2806
3 3286 3293 3284
3 3287 3285 3282
3 3287 3282 2729
3 3283 3282 3285
3 3283 3286 3284
3 3284 3293 2777
3 3284 2777 2685
3 3283 3284 2685
3 3283 2685 2615
3 3282 3283 2615
3 3420 3568 3570
3 3568 3565 3569
3 3574 3663 3561
3 3642 3561 3663
3 3564 3563 3558
3 3560 3556 3553
3 3554 3550 3556
3 3555 3601 3631
3 3549 3601 3555
3 3554 3548 3551
3 3541 3544 3550
3 3536 3543 3548
3 3538 3541 3546
3 3478 3454 3457
3 3435 3457 3428
3 3586 3434 3433
3 3434 3586 3421
3 3411 3415 3417
3 3404 3402 3406
3 3593 3453 3482
3 3593 3482 3594
3 3594 3482 3474
3 3594 3474 3715
3 3709 3715 3474
3 3709 3474 3469
3 3466 3573 3469
3 3446 3572 3573
3 3446 3573 3466
3 3444 3447 3572
3 3444 3572 3446
3 3573 3708 3709
3 3573 3709 3469
3 3573 3705 3708
3 3572 3703 3705
3 3572 3705 3573
3 3696 3703 3572
3 3696 3572 3447
3 3688 3696 3447
3 3688 3447 3445
3 3571 3688 3445
3 3571 3445 3442
3 3442 3437 3570
3 3442 3570 3571
3 3570 3437 3419
3 3570 3419 3420
3 3571 3569 3679
3 3571 3679 3688
3 3570 3568 3569
3 3570 3569 3571
3 3420 3415 3567
3 3420 3567 3568
3 3567 3415 3414
3 3567 3414 3566
3 3566 3414 853
3 3566 853 850
3 3659 3679 3569
3 3659 3569 3565
3 3564 3565 3568
3 3564 3568 3567
3 3563 3564 3567
3 3563 3567 3566
3 3562 3563 3566
3 3562 3566 850
3 3574 3561 3394
3 3574 3394 3395
3 3559 3643 3659
3 3559 3659 3565
3 3558 3559 3565
3 3558 3565 3564
3 3561 3560 3393
3 3561 3393 3394
3 3558 3563 3562
3 3558 3562 3557
3 3561 3642 3556
3 3561 3556 3560
3 3391 3393 3560
3 3391 3560 3553
3 3559 3555 3631
3 3559 3631 3643
3 3554 3556 3642
3 3554 3642 3627
3 3555 3559 3558
3 3555 3558 3549
3 3557 3552 3549
3 3557 3549 3558
3 3545 3553 3556
3 3545 3556 3550
3 3548 3554 3627
3 3548 3627 3607
3 3550 3554 3551
3 3553 3545 3392
3 3553 3392 3391
3 3550 3544 3545
3 3547 3542 3549
3 3547 3549 3552
3 3551 3548 3543
3 3551 3543 3546
3 3550 3551 3546
3 3550 3546 3541
3 3540 3601 3549
3 3540 3549 3542
3 3548 3607 3599
3 3548 3599 3536
3 3540 3539 3600
3 3540 3600 3601
3 3530 3529 3542
3 3530 3542 3547
3 3543 3532 3538
3 3543 3538 3546
3 3537 3598 3600
3 3537 3600 3539
3 3535 3536 3599
3 3535 3599 3597
3 3537 3534 3596
3 3537 3596 3598
3 3533 3535 3597
3 3533 3597 3595
3 3533 3595 3596
3 3533 3596 3534
3 3536 3531 3532
3 3536 3532 3543
3 3528 3540 3542
3 3528 3542 3529
3 3527 3539 3540
3 3527 3540 3528
3 3537 3539 3527
3 3537 3527 818
3 3537 818 3526
3 3537 3526 3534
3 3535 3524 3531
3 3535 3531 3536
3 3533 3525 3524
3 3533 3524 3535
3 3525 3533 3534
3 3525 3534 3526
3 3523 3521 755
3 3521 3503 3518
3 3521 3518 755
3 3516 3508 3521
3 3516 3521 3523
3 3516 3523 3513
3 3516 3513 3517
3 3517 3513 3501
3 3510 3520 3522
3 3510 3522 3514
3 3512 3514 3522
3 3512 3522 3515
3 3495 3503 3521
3 3495 3521 3508
3 3513 3519 3509
3 3509 3519 3520
3 3509 3520 3510
3 3518 3503 3493
3 3518 3493 3511
3 3517 3501 3497
3 3517 3497 3504
3 3516 3517 3504
3 3516 3504 3498
3 3508 3516 3498
3 3508 3498 3477
3 738 3507 3512
3 738 3512 3515
3 3500 3510 3514
3 3500 3514 3506
3 3512 3505 3506
3 3512 3506 3514
3 3509 3499 3501
3 3509 3501 3513
3 3507 3502 3505
3 3507 3505 3512
3 3485 3503 3495
3 3473 725 3511
3 3473 3511 3493
3 3499 3509 3510
3 3499 3510 3500
3 3501 3487 3497
3 3495 3508 3477
3 3502 3507 3496
3 3502 3496 3490
3 3488 3500 3506
3 3488 3506 3492
3 3505 3494 3492
3 3505 3492 3506
3 3502 3491 3494
3 3502 3494 3505
3 3476 3480 3504
3 3476 3504 3497
3 3498 3504 3480
3 3498 3480 3479
3 3503 3485 3478
3 3503 3478 3493
3 3491 3502 3489
3 3489 3502 3490
3 3489 3490 3483
3 3501 3499 3464
3 3501 3464 3487
3 3500 3488 3464
3 3500 3464 3499
3 3498 3479 3452
3 3498 3452 3477
3 3487 3467 3476
3 3487 3476 3497
3 3486 3484 3490
3 3486 3490 3496
3 3485 3495 3477
3 3485 3477 3461
3 3491 3471 3472
3 3491 3472 3494
3 3470 3492 3494
3 3470 3494 3472
3 3457 3473 3493
3 3457 3493 3478
3 3463 3488 3492
3 3463 3492 3470
3 3471 3491 3489
3 3484 3451 3483
3 3484 3483 3490
3 3471 3489 3483
3 3471 3483 3459
3 3488 3463 3464
3 3464 3467 3487
3 3485 3461 3454
3 3485 3454 3478
3 3484 3456 3451
3 3451 3450 3459
3 3451 3459 3483
3 3482 3481 3475
3 3482 3475 3474
3 3476 3475 3481
3 3476 3481 3480
3 3453 3458 3481
3 3453 3481 3482
3 3479 3480 3481
3 3479 3481 3458
3 3479 3458 3452
3 3461 3477 3452
3 3461 3452 3433
3 3467 3468 3475
3 3467 3475 3476
3 3469 3474 3475
3 3469 3475 3468
3 3473 3457 3460
3 3471 3440 3443
3 3471 3443 3472
3 3470 3472 3443
3 3470 3443 3446
3 3440 3471 3459
3 3440 3459 3438
3 3470 3446 3462
3 3470 3462 3463
3 3450 3451 3436
3 3465 3466 3469
3 3465 3469 3468
3 3468 3467 3464
3 3468 3464 3465
3 3462 3446 3466
3 3462 3466 3465
3 3463 3462 3465
3 3463 3465 3464
3 3434 3454 3461
3 3434 3461 3433
3 3460 3457 3435
3 3460 3435 3439
3 3450 3427 3438
3 3450 3438 3459
3 3592 3452 3458
3 3592 3458 3453
3 3428 3457 3454
3 3456 3455 3449
3 3456 3449 3451
3 3432 3433 3452
3 3449 3455 690
3 3449 690 3448
3 690 683 673
3 690 673 3448
3 3428 3454 3434
3 3592 3432 3452
3 3436 3451 3449
3 3436 3449 3431
3 3427 3450 3436
3 3427 3436 3426
3 3431 3449 3448
3 3431 3448 3430
3 660 3430 3448
3 660 3448 673
3 3447 3444 3445
3 3444 3446 3443
3 3445 3444 3441
3 3445 3441 3442
3 3444 3443 3440
3 3444 3440 3441
3 3442 3441 3437
3 3441 3440 3438
3 3441 3438 3437
3 3428 3434 3408
3 3439 3435 3422
3 3439 3422 3429
3 3427 3418 3437
3 3427 3437 3438
3 3437 3418 3419
3 3436 3431 3425
3 3436 3425 3426
3 3435 3428 3423
3 3435 3423 3422
3 3434 3421 3408
3 3432 3586 3433
3 3425 3431 3430
3 3425 3430 3413
3 3430 660 646
3 3430 646 3413
3 3422 3424 3429
3 3408 3423 3428
3 3418 3427 3426
3 3418 3426 3416
3 3422 3423 3407
3 3416 3426 3425
3 3416 3425 3410
3 3410 3425 3413
3 647 3413 646
3 3424 3422 3406
3 3424 3406 3409
3 3403 3408 3421
3 3423 3408 3405
3 3423 3405 3407
3 3404 3406 3422
3 3404 3422 3407
3 3421 3586 3578
3 3421 3578 3403
3 3419 3417 3415
3 3419 3415 3420
3 3419 3418 3416
3 3419 3416 3417
3 3417 3416 3410
3 3417 3410 3411
3 3412 3414 3415
3 3412 3415 3411
3 3414 3412 648
3 3414 648 853
3 647 648 3412
3 647 3412 3413
3 3411 3410 3413
3 3411 3413 3412
3 3403 3400 3405
3 3403 3405 3408
3 3401 3404 3407
3 3401 3407 3405
3 3400 3398 3401
3 3400 3401 3405
3 3402 3404 3401
3 3402 3401 3399
3 3400 3403 3578
3 3400 3578 3576
3 3398 540 3399
3 3398 3399 3401
3 3398 3400 3576
3 3398 3576 3575
3 540 3398 3397
3 3575 3396 3397
3 3575 3397 3398
3 3395 3396 3575
3 3395 3575 3574
3 3694 3698 3697
3 3686 3685 3693
3 3673 3665 3666
3 3636 3648 3655
3 3606 3596 3603
3 3581 3579 3582
3 3718 3594 3715
3 4063 3726 3710
3 4063 3710 4060
3 4062 3723 3726
3 4062 3726 4063
3 3594 3718 3721
3 3724 3716 3710
3 3724 3710 3726
3 3724 3726 3723
3 3720 3721 3718
3 3720 3718 3725
3 3716 3724 3725
3 3716 3725 3717
3 3725 3718 3717
3 3591 3594 3721
3 3724 3719 3720
3 3724 3720 3725
3 3723 3719 3724
3 3723 3722 3719
3 3722 3723 4062
3 3722 4062 4061
3 3711 3714 3719
3 3711 3719 3722
3 4061 4058 3711
3 4061 3711 3722
3 3721 3720 3713
3 3721 3713 3591
3 3719 3714 3713
3 3719 3713 3720
3 3717 3718 3715
3 3717 3715 3712
3 3707 3715 3709
3 3706 3716 3717
3 3706 3717 3712
3 4054 4060 3710
3 3716 3706 3710
3 3707 3712 3715
3 3704 3713 3714
3 3714 3711 3702
3 3714 3702 3704
3 3704 3587 3591
3 3704 3591 3713
3 3706 3712 3700
3 3711 4058 4041
3 3711 4041 3702
3 4054 3710 3701
3 3706 3701 3710
3 3708 3698 3707
3 3708 3707 3709
3 4046 4054 3701
3 3697 3698 3708
3 3697 3708 3705
3 3707 3698 3699
3 3707 3699 3712
3 3699 3700 3712
3 3701 3706 3700
3 3703 3697 3705
3 3704 3691 3588
3 3704 3588 3587
3 4046 3701 3695
3 4046 3695 4023
3 3704 3690 3691
3 3690 3704 3702
3 3690 3702 3689
3 3692 3697 3703
3 3692 3703 3696
3 4001 3689 3702
3 4001 3702 4041
3 3695 3701 3700
3 3699 3694 3695
3 3699 3695 3700
3 3698 3694 3699
3 3697 3692 3693
3 3697 3693 3694
3 3692 3696 3688
3 3692 3688 3686
3 3691 3684 3589
3 3691 3589 3588
3 4023 3695 3687
3 4023 3687 3963
3 3694 3693 3685
3 3695 3694 3685
3 3695 3685 3687
3 3693 3692 3686
3 3684 3691 3690
3 3684 3690 3683
3 3689 3682 3683
3 3689 3683 3690
3 4001 3931 3682
3 4001 3682 3689
3 3688 3679 3676
3 3688 3676 3686
3 3687 3681 3963
3 3687 3680 3681
3 3675 3686 3676
3 3680 3687 3685
3 3680 3685 3677
3 3677 3685 3686
3 3677 3686 3675
3 3678 3585 3589
3 3684 3674 3678
3 3684 3678 3589
3 3581 3582 3585
3 3581 3585 3678
3 3674 3684 3683
3 3674 3683 3670
3 3682 3669 3670
3 3682 3670 3683
3 3669 3682 3931
3 3674 3664 3671
3 3674 3671 3678
3 3681 3680 3672
3 3672 3680 3677
3 3672 3677 3673
3 3660 3676 3679
3 3660 3679 3659
3 3671 3668 3581
3 3671 3581 3678
3 3673 3677 3675
3 3673 3675 3665
3 3665 3675 3676
3 3665 3676 3660
3 3668 3662 3577
3 3668 3577 3581
3 3664 3674 3670
3 3673 3666 3667
3 3673 3667 3672
3 3662 3663 3574
3 3662 3574 3577
3 3671 3664 3657
3 3671 3657 3656
3 3671 3656 3654
3 3668 3671 3654
3 3668 3654 3655
3 3661 3664 3670
3 3661 3670 3669
3 3661 3669 3837
3 3662 3668 3655
3 3662 3655 3648
3 3667 3651 3820
3 3666 3650 3651
3 3666 3651 3667
3 3649 3650 3666
3 3649 3666 3665
3 3660 3647 3649
3 3660 3649 3665
3 3661 3658 3657
3 3661 3657 3664
3 3663 3662 3648
3 3663 3648 3642
3 3837 3658 3661
3 3647 3660 3659
3 3647 3659 3643
3 3653 3657 3658
3 3653 3658 3652
3 3657 3653 3641
3 3657 3641 3656
3 3820 3651 3646
3 3638 3654 3656
3 3638 3656 3641
3 3651 3645 3646
3 3654 3638 3636
3 3654 3636 3655
3 3653 3652 3644
3 3653 3644 3641
3 3776 3763 3644
3 3776 3644 3652
3 3645 3651 3650
3 3645 3650 3639
3 3649 3635 3639
3 3649 3639 3650
3 3649 3647 3630
3 3649 3630 3635
3 3636 3627 3642
3 3636 3642 3648
3 3630 3647 3643
3 3630 3643 3631
3 3632 3640 3646
3 3632 3646 3645
3 3632 3645 3639
3 3637 3644 3763
3 3637 3629 3641
3 3637 3641 3644
3 3640 3634 3741
3 3638 3641 3629
3 3638 3629 3624
3 3640 3632 3634
3 3616 3634 3632
3 3621 3632 3639
3 3621 3639 3635
3 3638 3624 3620
3 3638 3620 3636
3 3634 3628 3741
3 3629 3637 3633
3 3629 3633 3619
3 3607 3627 3636
3 3607 3636 3620
3 3727 3626 3623
3 3617 3621 3635
3 3617 3635 3630
3 3634 3613 3628
3 3623 3625 3727
3 3613 3634 3616
3 3625 3615 3619
3 3625 3619 3633
3 3616 3632 3621
3 3617 3630 3631
3 3617 3631 3601
3 3619 3609 3624
3 3619 3624 3629
3 3628 3613 3618
3 3628 3618 3626
3 3626 3618 3623
3 3623 3622 3615
3 3623 3615 3625
3 3612 3620 3624
3 3612 3624 3609
3 3623 3618 3610
3 3622 3623 3610
3 3622 3610 3614
3 3615 3622 3614
3 3617 3611 3616
3 3617 3616 3621
3 3607 3620 3612
3 3607 3612 3599
3 3609 3619 3615
3 3613 3606 3618
3 3618 3606 3610
3 3611 3617 3601
3 3611 3601 3600
3 3605 3613 3616
3 3605 3616 3611
3 3608 3609 3615
3 3608 3615 3614
3 3608 3614 3610
3 3604 3612 3609
3 3605 3606 3613
3 3606 3603 3610
3 3599 3612 3604
3 3599 3604 3597
3 3605 3611 3600
3 3605 3600 3598
3 3603 3602 3608
3 3603 3608 3610
3 3602 3604 3609
3 3602 3609 3608
3 3605 3598 3596
3 3605 3596 3606
3 3602 3595 3597
3 3602 3597 3604
3 3595 3602 3603
3 3595 3603 3596
3 3594 3591 3593
3 3591 3592 3453
3 3591 3453 3593
3 3592 3590 3432
3 3590 3592 3591
3 3590 3591 3587
3 3590 3584 3586
3 3590 3586 3432
3 3584 3590 3587
3 3584 3587 3583
3 3588 3589 3585
3 3588 3585 3583
3 3587 3588 3583
3 3586 3584 3580
3 3586 3580 3578
3 3583 3585 3582
3 3584 3583 3582
3 3584 3582 3580
3 3580 3582 3579
3 3576 3579 3581
3 3576 3581 3577
3 3580 3579 3576
3 3580 3576 3578
3 3576 3577 3574
3 3576 3574 3575
3 4002 4025 4036
3 4027 3971 4031
3 3979 4031 3971
3 3964 3969 4019
3 4002 4017 3983
3 4010 3991 3999
3 3962 3947 3939
3 3859 3871 3890
3 3871 3814 3851
3 3835 3805 3810
3 3829 3756 3771
3 3766 3769 3796
3 4063 4059 4062
3 4055 4059 4063
3 4057 4055 4063
3 4057 4063 4060
3 4061 4062 4059
3 4061 4059 4049
3 4058 4061 4049
3 4058 4049 4048
3 4054 4053 4057
3 4054 4057 4060
3 4055 4051 4059
3 4051 4049 4059
3 4056 4050 4053
3 4056 4053 4054
3 4058 4048 4039
3 4058 4039 4041
3 4053 4040 4052
3 4053 4052 4057
3 4057 4052 4045
3 4057 4045 4055
3 4056 4054 4046
3 4056 4046 4043
3 4043 4050 4056
3 4055 4045 4051
3 4034 4048 4049
3 4053 4050 4033
3 4053 4033 4040
3 4048 4024 4039
3 4047 4033 4050
3 4051 4045 4037
3 4040 4036 4052
3 4036 4025 4045
3 4036 4045 4052
3 4049 4051 4037
3 4050 4043 4032
3 4050 4032 4042
3 4050 4042 4044
3 4050 4044 4047
3 4033 4047 4016
3 4027 4043 4046
3 4027 4046 4023
3 4049 4037 4034
3 4042 4028 4044
3 4048 4034 4024
3 4047 4044 4029
3 4047 4029 4016
3 4044 4028 4038
3 4025 4037 4045
3 4038 4029 4044
3 4040 4035 4036
3 4031 4032 4043
3 4031 4043 4027
3 4040 4017 4035
3 4020 4030 4042
3 4020 4042 4032
3 4028 4042 4030
3 4039 3981 4001
3 4039 4001 4041
3 4040 4033 4017
3 4013 3994 4034
3 4013 4034 4037
3 4034 4021 4024
3 4029 4038 4026
3 4025 4013 4037
3 4024 3981 4039
3 4038 4028 4008
3 4028 4030 4018
3 4008 4026 4038
3 4035 4017 4002
3 4035 4002 4036
3 3994 4019 4021
3 3994 4021 4034
3 4033 4016 4017
3 4029 4015 4016
3 4020 4032 4031
3 4020 4031 3979
3 3989 4018 4030
3 3989 4030 4020
3 3981 4024 3978
3 4015 4029 4026
3 4015 4026 4014
3 4028 4022 4008
3 4022 4028 4018
3 3971 4027 4023
3 3971 4023 3963
3 4026 4008 4014
3 4013 4025 4002
3 4013 4002 3985
3 4024 4021 3970
3 4024 3970 3978
3 4020 3979 3977
3 4022 4000 4008
3 4000 4022 4018
3 4000 4018 3988
3 3970 4021 4019
3 3970 4019 3969
3 4020 3977 3957
3 4020 3957 3989
3 3999 4016 4015
3 3999 4015 4010
3 4015 4009 4010
3 3994 3964 4019
3 4018 3989 3954
3 4018 3954 3988
3 4016 3999 3983
3 4016 3983 4017
3 4014 4009 4015
3 4009 4014 3998
3 3998 4014 4008
3 3961 3994 4013
3 3961 4013 3985
3 4007 3997 4005
3 4005 3993 4003
3 4006 4005 4003
3 3992 4007 4005
3 3992 4005 4006
3 4004 4009 4012
3 4012 4009 3998
3 4012 3998 3995
3 3989 3957 3949
3 3995 4011 4012
3 4004 4012 4011
3 4004 4011 4003
3 4011 3995 3987
3 4003 4011 4006
3 4011 3987 3973
3 4011 3973 4006
3 4010 4009 4004
3 4010 4004 3991
3 3998 4008 4000
3 4000 3988 3967
3 3986 3997 4007
3 3986 4007 3996
3 3996 4007 3992
3 3996 3992 3980
3 3968 4006 3973
3 3968 3992 4006
3 3997 3984 3982
3 3997 3982 4005
3 4005 3982 3993
3 3997 3972 3984
3 3993 3990 4003
3 4004 3990 3991
3 3990 4004 4003
3 3992 3968 3956
3 3983 3966 3985
3 3983 3985 4002
3 3931 4001 3981
3 3931 3981 3927
3 4000 3967 3998
3 3993 3982 3974
3 3999 3991 3976
3 3999 3976 3983
3 3995 3998 3967
3 3995 3967 3934
3 3997 3986 3965
3 3997 3965 3972
3 4146 3986 3996
3 4146 3996 4148
3 4148 3996 3980
3 4148 3980 4143
3 3935 3987 3995
3 3935 3995 3934
3 3994 3961 3962
3 3994 3962 3964
3 3990 3993 3974
3 3992 3956 3980
3 3991 3990 3975
3 3991 3975 3976
3 3990 3974 3975
3 3981 3926 3927
3 3949 3943 3954
3 3949 3954 3989
3 3984 3950 3951
3 3984 3951 3982
3 3941 3967 3988
3 3941 3988 3954
3 3987 3935 3942
3 3987 3942 3973
3 3986 4146 4133
3 3986 4133 3965
3 3955 3961 3985
3 3955 3985 3966
3 3984 3972 3950
3 3966 3983 3976
3 3966 3976 3960
3 3974 3982 3951
3 3974 3951 3958
3 3978 3926 3981
3 3950 3972 3948
3 3980 3956 4135
3 3980 4135 4143
3 3979 3932 3938
3 3979 3938 3977
3 3932 3979 3971
3 3932 3971 3920
3 3978 3970 3924
3 3978 3924 3926
3 3930 3957 3977
3 3930 3977 3938
3 3976 3975 3959
3 3976 3959 3960
3 3975 3974 3958
3 3975 3958 3959
3 3946 3968 3973
3 3946 3973 3942
3 3948 3972 3965
3 3971 3963 3920
3 3969 3925 3924
3 3969 3924 3970
3 3969 3964 3928
3 3969 3928 3925
3 3968 3946 3940
3 3968 3940 3956
3 3963 3681 3920
3 3934 3967 3941
3 3955 3966 3960
3 3955 3960 3953
3 3965 4133 3948
3 3928 3964 3962
3 3928 3962 3939
3 3958 3951 3952
3 3961 3955 3947
3 3961 3947 3962
3 3960 3959 3953
3 3959 3958 3952
3 3959 3952 3953
3 3933 3950 3948
3 3957 3930 3921
3 3957 3921 3949
3 3940 4135 3956
3 3948 4133 4119
3 3945 3947 3955
3 3945 3955 3953
3 3952 3951 3937
3 3952 3937 3944
3 3941 3954 3943
3 3941 3943 3923
3 3944 3945 3953
3 3944 3953 3952
3 3950 3937 3951
3 3950 3933 3937
3 3933 3948 3929
3 3949 3921 3916
3 3949 3916 3943
3 3948 4119 3929
3 3905 3939 3947
3 3905 3947 3915
3 3915 3947 3945
3 3915 3945 3919
3 3946 3918 3917
3 3918 3946 3942
3 3914 3919 3945
3 3914 3945 3944
3 3946 3917 3940
3 3914 3944 3937
3 3943 3916 3912
3 3943 3912 3923
3 3918 3942 3913
3 3935 3913 3942
3 3922 3934 3941
3 3922 3941 3923
3 3940 3917 3936
3 3928 3939 3905
3 3928 3905 3892
3 3938 3908 3906
3 3938 3906 3930
3 3938 3932 3907
3 3938 3907 3908
3 3933 3910 3914
3 3933 3914 3937
3 3934 3922 3913
3 3934 3913 3935
3 3910 3933 3929
3 3910 3929 4113
3 3920 3902 3907
3 3920 3907 3932
3 3927 3874 3669
3 3927 3669 3931
3 3901 3921 3930
3 3901 3930 3906
3 4113 3929 4119
3 3885 3925 3928
3 3885 3928 3892
3 3874 3927 3926
3 3874 3926 3875
3 3913 3922 3911
3 3926 3924 3882
3 3926 3882 3875
3 3882 3924 3925
3 3882 3925 3885
3 3912 3911 3922
3 3912 3922 3923
3 3916 3921 3901
3 3916 3901 3894
3 3902 3920 3681
3 3902 3681 3672
3 3919 3909 3903
3 3903 3915 3919
3 3919 3914 3909
3 3895 3896 3917
3 3895 3917 3918
3 3904 3909 3914
3 3895 3918 3913
3 3895 3913 3899
3 4107 3917 3896
3 3914 3900 3904
3 3894 3912 3916
3 3903 3881 3905
3 3903 3905 3915
3 3912 3894 3893
3 3910 3900 3914
3 3899 3913 3911
3 3893 3911 3912
3 3911 3893 3899
3 3900 3910 4113
3 3900 4113 3898
3 3909 3897 3903
3 3903 3897 3886
3 3891 3897 3909
3 3891 3909 3904
3 3891 3904 3888
3 3890 3906 3908
3 3890 3908 3889
3 3889 3908 3907
3 3889 3907 3887
3 3887 3907 3902
3 3887 3902 3872
3 3890 3901 3906
3 3863 3892 3905
3 3863 3905 3881
3 3886 3897 3879
3 3900 3884 3888
3 3900 3888 3904
3 3886 3869 3881
3 3886 3881 3903
3 3879 3897 3876
3 3879 3876 3865
3 3667 3872 3902
3 3667 3902 3672
3 3890 3871 3894
3 3890 3894 3901
3 3899 3877 3870
3 3868 4099 4107
3 3868 4107 3896
3 3884 3900 3898
3 3884 3898 3883
3 3877 3899 3893
3 3867 3895 3899
3 3867 3899 3870
3 3897 3891 3856
3 3897 3856 3876
3 3888 3884 3847
3 3867 3868 3896
3 3867 3896 3895
3 3871 3851 3894
3 3877 3893 3894
3 3877 3894 3851
3 3863 3848 3885
3 3863 3885 3892
3 3891 3888 3854
3 3891 3854 3856
3 3884 3861 3847
3 3890 3880 3859
3 3880 3890 3889
3 3880 3889 3873
3 3873 3889 3887
3 3888 3847 3854
3 3872 3842 3873
3 3872 3873 3887
3 3879 3860 3869
3 3879 3869 3886
3 3883 4090 3878
3 3885 3848 3844
3 3885 3844 3882
3 3878 3861 3884
3 3878 3884 3883
3 3872 3820 3842
3 3838 3875 3882
3 3838 3882 3844
3 3846 3865 3864
3 3876 3862 3864
3 3876 3864 3865
3 3869 3845 3863
3 3869 3863 3881
3 3866 3877 3828
3 3873 3850 3859
3 3873 3859 3880
3 3843 3860 3879
3 3843 3879 3865
3 3858 3870 3877
3 3858 3877 3866
3 3856 3862 3876
3 3868 3857 4099
3 3838 3837 3874
3 3838 3874 3875
3 3837 3669 3874
3 3873 3842 3850
3 3872 3667 3820
3 3851 3828 3877
3 3814 3871 3859
3 3857 3868 3853
3 3855 3867 3870
3 3855 3870 3858
3 3866 3824 3827
3 3866 3827 3858
3 3824 3866 3849
3 3852 3867 3855
3 3836 3845 3869
3 3836 3869 3860
3 3852 3853 3868
3 3852 3868 3867
3 3849 3866 3828
3 3865 3846 3823
3 3865 3823 3843
3 3859 3812 3814
3 3827 3824 3825
3 3827 3825 3826
3 3861 3840 3847
3 3841 3797 3846
3 3841 3846 3864
3 3864 3862 3833
3 3864 3833 3841
3 3845 3830 3848
3 3845 3848 3863
3 4090 4072 3839
3 4090 3839 3878
3 4073 3857 3834
3 3862 3856 3822
3 3862 3822 3833
3 3804 3824 3849
3 3840 3861 3878
3 3840 3878 3839
3 3836 3860 3843
3 3836 3843 3778
3 3850 3799 3812
3 3850 3812 3859
3 3831 3855 3858
3 3831 3858 3827
3 3849 3828 3829
3 3799 3850 3798
3 3853 3832 3834
3 3853 3834 3857
3 3819 3822 3856
3 3819 3856 3854
3 3831 3852 3855
3 3819 3854 3847
3 3831 3832 3853
3 3831 3853 3852
3 3851 3814 3774
3 3851 3774 3828
3 3842 3779 3798
3 3842 3798 3850
3 3849 3829 3771
3 3849 3771 3804
3 3848 3830 3821
3 3848 3821 3844
3 3847 3813 3819
3 3847 3840 3813
3 3797 3823 3846
3 3845 3836 3818
3 3845 3818 3830
3 3816 3838 3844
3 3816 3844 3821
3 3778 3843 3823
3 3778 3823 3777
3 3840 3809 3813
3 3838 3816 3815
3 3820 3646 3779
3 3820 3779 3842
3 4073 3834 3785
3 4073 3785 4064
3 3841 3835 3796
3 3841 3796 3797
3 3833 3805 3835
3 3833 3835 3841
3 4067 3808 3839
3 4067 3839 4072
3 3808 3807 3839
3 3807 3809 3840
3 3807 3840 3839
3 3815 3817 3837
3 3815 3837 3838
3 3837 3817 3658
3 3818 3836 3778
3 3810 3773 3796
3 3810 3796 3835
3 3785 3834 3832
3 3786 3831 3827
3 3774 3814 3764
3 3832 3784 3785
3 3793 3805 3833
3 3793 3833 3822
3 3784 3832 3831
3 3784 3831 3786
3 3811 3821 3830
3 3811 3830 3818
3 3829 3828 3774
3 3829 3774 3756
3 3786 3827 3826
3 3786 3826 3790
3 3769 3797 3796
3 3806 3824 3804
3 3806 3804 3802
3 3790 3826 3825
3 3825 3824 3806
3 3825 3806 3790
3 3652 3658 3817
3 3652 3817 3801
3 3777 3823 3797
3 3777 3797 3768
3 3793 3822 3819
3 3793 3819 3792
3 3795 3792 3819
3 3811 3800 3816
3 3811 3816 3821
3 3813 3795 3819
3 3778 3811 3818
3 3801 3817 3815
3 3801 3815 3800
3 3800 3815 3816
3 3812 3762 3764
3 3812 3764 3814
3 3776 3652 3801
3 4066 3788 3808
3 4066 3808 4067
3 3809 3780 3795
3 3809 3795 3813
3 3799 3760 3762
3 3799 3762 3812
3 3778 3775 3800
3 3778 3800 3811
3 4066 4065 3787
3 4066 3787 3788
3 4065 4064 3785
3 4065 3785 3787
3 3789 3806 3802
3 3789 3802 3803
3 3810 3805 3789
3 3810 3789 3803
3 3773 3810 3803
3 3773 3803 3772
3 3780 3809 3807
3 3780 3807 3783
3 3783 3807 3808
3 3783 3808 3788
3 3789 3790 3806
3 3789 3805 3793
3 3771 3770 3802
3 3771 3802 3804
3 3803 3802 3770
3 3803 3770 3772
3 3775 3776 3801
3 3775 3801 3800
3 3799 3798 3758
3 3799 3758 3760
3 3779 3759 3758
3 3779 3758 3798
3 3781 3786 3794
3 3795 3781 3794
3 3768 3797 3769
3 3773 3761 3766
3 3773 3766 3796
3 3794 3786 3790
3 3794 3790 3791
3 3795 3794 3791
3 3795 3791 3792
3 3792 3791 3789
3 3792 3789 3793
3 3790 3789 3791
3 3765 3778 3777
3 3785 3782 3787
3 3788 3787 3782
3 3788 3782 3783
3 3780 3781 3795
3 3781 3784 3786
3 3784 3781 3782
3 3784 3782 3785
3 3781 3780 3783
3 3781 3783 3782
3 3646 3759 3779
3 3775 3778 3765
3 3767 3763 3776
3 3765 3777 3768
3 3775 3753 3767
3 3775 3767 3776
3 3753 3775 3765
3 3768 3769 3757
3 3749 3756 3774
3 3749 3774 3764
3 3759 3646 3640
3 3761 3773 3772
3 3761 3772 3754
3 3755 3754 3772
3 3755 3772 3770
3 3755 3770 3771
3 3755 3771 3756
3 3761 3748 3766
3 3769 3766 3757
3 3751 3765 3768
3 3751 3768 3757
3 3751 3753 3765
3 3753 3734 3767
3 3734 3637 3763
3 3734 3763 3767
3 3766 3748 3752
3 3766 3752 3757
3 3749 3764 3762
3 3749 3762 3746
3 3757 3752 3751
3 3746 3762 3760
3 3746 3760 3745
3 3752 3748 3739
3 3748 3761 3754
3 3748 3754 3747
3 3640 3741 3759
3 3744 3745 3760
3 3744 3760 3758
3 3744 3758 3759
3 3744 3759 3741
3 3749 3742 3755
3 3749 3755 3756
3 3747 3754 3755
3 3747 3755 3742
3 3751 3743 3753
3 3751 3752 3750
3 3750 3752 3737
3 3734 3753 3743
3 3737 3752 3739
3 3743 3751 3750
3 3743 3750 3737
3 3743 3737 3733
3 3749 3746 3742
3 3637 3734 3633
3 3747 3738 3739
3 3747 3739 3748
3 3747 3742 3738
3 3734 3743 3731
3 3745 3740 3742
3 3745 3742 3746
3 3735 3740 3745
3 3735 3745 3744
3 3741 3730 3735
3 3741 3735 3744
3 3730 3741 3628
3 3731 3743 3733
3 3733 3728 3731
3 3738 3742 3740
3 3735 3736 3738
3 3735 3738 3740
3 3738 3736 3737
3 3738 3737 3739
3 3736 3732 3733
3 3736 3733 3737
3 3736 3735 3730
3 3736 3730 3732
3 3633 3734 3731
3 3633 3731 3625
3 3732 3729 3728
3 3732 3728 3733
3 3730 3729 3732
3 3731 3727 3625
3 3727 3731 3728
3 3628 3626 3729
3 3628 3729 3730
3 3727 3728 3729
3 3727 3729 3626
3 4144 4274 4136
3 4273 4270 4262
3 4243 4121 4126
3 4254 4242 4243
3 4234 4226 4223
3 4181 4188 4203
3 4176 4197 4171
3 4101 4090 3883
3 4074 4069 4077
3 4303 4302 4300
3 4305 4304 4303
3 4305 4303 4300
3 4303 4304 4299
3 4303 4299 4295
3 4297 4296 4304
3 4297 4304 4305
3 4300 4301 4305
3 4297 4305 4301
3 4297 4301 4293
3 4304 4296 4292
3 4304 4292 4299
3 4300 4302 4294
3 4294 4301 4300
3 4303 4287 4283
3 4303 4283 4302
3 4287 4303 4295
3 4287 4295 4284
3 4302 4283 4294
3 4301 4294 4291
3 4301 4291 4298
3 4301 4298 4290
3 4301 4290 4293
3 4282 4295 4299
3 4282 4299 4288
3 4289 4288 4299
3 4289 4299 4292
3 4273 4295 4282
3 4280 4294 4283
3 4276 4271 4296
3 4276 4296 4297
3 4293 4269 4276
3 4293 4276 4297
3 4291 4443 4298
3 4296 4271 4292
3 4273 4284 4295
3 4291 4294 4280
3 4269 4293 4290
3 4269 4290 4265
3 4266 4289 4292
3 4266 4292 4271
3 4443 4291 4280
3 4266 4267 4286
3 4266 4286 4289
3 4281 4288 4289
3 4281 4289 4286
3 4288 4281 4277
3 4288 4277 4282
3 4283 4287 4272
3 4283 4272 4259
3 4272 4287 4284
3 4272 4284 4256
3 4267 4268 4286
3 4286 4279 4281
3 4268 4285 4286
3 4279 4286 4285
3 4285 4268 4274
3 4274 4144 4142
3 4274 4142 4285
3 4285 4278 4279
3 4142 4132 4278
3 4142 4278 4285
3 4273 4256 4284
3 4259 4280 4283
3 4282 4277 4270
3 4282 4270 4273
3 4277 4281 4279
3 4277 4279 4275
3 4259 4260 4280
3 4280 4260 4442
3 4280 4442 4443
3 4279 4263 4275
3 4279 4278 4258
3 4279 4258 4263
3 4278 4132 4123
3 4278 4123 4258
3 4264 4270 4277
3 4264 4277 4275
3 4276 4245 4271
3 4269 4240 4245
3 4269 4245 4276
3 4136 4274 4128
3 4271 4245 4244
3 4263 4264 4275
3 4274 4268 4254
3 4274 4254 4128
3 4252 4256 4273
3 4252 4273 4262
3 4259 4272 4255
3 4259 4255 4247
3 4255 4272 4256
3 4255 4256 4251
3 4244 4266 4271
3 4270 4264 4257
3 4270 4257 4262
3 4269 4265 4240
3 4267 4242 4254
3 4267 4254 4268
3 4266 4244 4242
3 4266 4242 4267
3 4261 4264 4263
3 4265 4407 4240
3 4257 4264 4261
3 4257 4261 4253
3 4258 4261 4263
3 4256 4236 4251
3 4249 4259 4247
3 4262 4257 4248
3 4262 4248 4252
3 4261 4258 4253
3 4260 4249 4441
3 4260 4441 4442
3 4259 4249 4260
3 4123 4120 4253
3 4123 4253 4258
3 4241 4248 4257
3 4241 4257 4253
3 4252 4236 4256
3 4255 4251 4250
3 4247 4255 4250
3 4243 4126 4128
3 4243 4128 4254
3 4236 4246 4251
3 4250 4251 4237
3 4116 4241 4253
3 4116 4253 4120
3 4252 4248 4232
3 4252 4232 4236
3 4247 4250 4239
3 4251 4246 4237
3 4233 4249 4247
3 4250 4237 4239
3 4215 4249 4233
3 4440 4441 4249
3 4440 4249 4215
3 4247 4239 4238
3 4241 4231 4232
3 4241 4232 4248
3 4229 4117 4121
3 4229 4121 4243
3 4234 4246 4236
3 4233 4247 4238
3 4220 4222 4245
3 4245 4222 4244
3 4246 4234 4237
3 4220 4245 4240
3 4220 4240 4221
3 4225 4244 4222
3 4225 4242 4244
3 4243 4242 4225
3 4243 4225 4229
3 4241 4116 4111
3 4241 4111 4231
3 4407 4411 4221
3 4407 4221 4240
3 4238 4239 4235
3 4235 4239 4237
3 4235 4237 4230
3 4224 4233 4238
3 4234 4230 4237
3 4234 4236 4232
3 4234 4232 4226
3 4227 4114 4117
3 4227 4117 4229
3 4213 4224 4238
3 4234 4223 4230
3 4215 4233 4224
3 4226 4232 4231
3 4226 4231 4108
3 4219 4218 4235
3 4219 4235 4230
3 4228 4213 4238
3 4218 4228 4235
3 4228 4238 4235
3 4108 4231 4111
3 4223 4219 4230
3 4214 4110 4114
3 4214 4114 4227
3 4225 4214 4227
3 4225 4227 4229
3 4218 4213 4228
3 4213 4215 4224
3 4215 4439 4440
3 4225 4202 4214
3 4226 4108 4217
3 4226 4217 4216
3 4211 4223 4226
3 4211 4226 4216
3 4202 4225 4222
3 4211 4219 4223
3 4222 4200 4202
3 4417 4199 4221
3 4417 4221 4411
3 4108 4105 4217
3 4200 4222 4220
3 4200 4220 4221
3 4200 4221 4199
3 4219 4211 4190
3 4219 4190 4218
3 4209 4213 4218
3 4209 4218 4190
3 4110 4214 4204
3 4110 4204 4103
3 4217 4207 4212
3 4217 4212 4216
3 4217 4105 4207
3 4105 4097 4207
3 4201 4211 4216
3 4201 4216 4212
3 4212 4207 4208
3 4212 4208 4210
3 4208 4207 4205
3 4210 4208 4206
3 4438 4439 4215
3 4438 4215 4194
3 4213 4194 4215
3 4194 4213 4189
3 4201 4191 4211
3 4214 4202 4197
3 4214 4197 4204
3 4203 4100 4103
3 4203 4103 4204
3 4209 4189 4213
3 4196 4201 4212
3 4196 4212 4210
3 4211 4191 4190
3 4196 4210 4206
3 4196 4206 4186
3 4209 4190 4189
3 4193 4195 4208
3 4193 4208 4205
3 4195 4206 4208
3 4207 4097 4094
3 4207 4094 4205
3 4188 4198 4100
3 4188 4100 4203
3 4198 4092 4100
3 4195 4186 4206
3 4205 4094 4087
3 4205 4087 4193
3 4181 4203 4204
3 4181 4204 4197
3 4417 4177 4169
3 4417 4169 4199
3 4200 4171 4197
3 4200 4197 4202
3 4170 4171 4200
3 4183 4191 4201
3 4183 4201 4196
3 4170 4200 4199
3 4170 4199 4169
3 4198 4088 4092
3 4088 4198 4188
3 4181 4197 4176
3 4437 4438 4194
3 4437 4194 4187
3 4187 4194 4180
3 4167 4088 4188
3 4183 4196 4186
3 4183 4186 4182
3 4175 4186 4195
3 4175 4195 4185
3 4195 4193 4192
3 4195 4192 4185
3 4186 4172 4182
3 4191 4183 4178
3 4180 4194 4189
3 4192 4193 4087
3 4192 4087 4086
3 4184 4085 4088
3 4185 4192 4085
3 4185 4085 4184
3 4085 4192 4086
3 4436 4437 4187
3 4436 4187 4168
3 4178 4190 4191
3 4189 4179 4180
3 4179 4189 4190
3 4179 4190 4178
3 4184 4088 4167
3 4181 4167 4188
3 4187 4180 4168
3 4166 4172 4186
3 4166 4186 4175
3 4184 4165 4175
3 4184 4175 4185
3 4165 4184 4167
3 4154 4177 4426
3 4183 4182 4174
3 4183 4174 4178
3 4172 4164 4174
3 4172 4174 4182
3 4167 4181 4176
3 4167 4176 4160
3 4168 4180 4173
3 4163 4178 4174
3 4179 4162 4173
3 4179 4173 4180
3 4179 4178 4163
3 4179 4163 4162
3 4154 4169 4177
3 4171 4156 4160
3 4171 4160 4176
3 4166 4175 4165
3 4163 4174 4164
3 4168 4173 4161
3 4173 4162 4161
3 4172 4166 4159
3 4172 4159 4164
3 4153 4156 4171
3 4153 4171 4170
3 4150 4154 4426
3 4150 4426 4435
3 4153 4170 4169
3 4153 4169 4154
3 4168 4149 4434
3 4168 4434 4436
3 4149 4150 4435
3 4149 4435 4434
3 4149 4168 4161
3 4165 4167 4160
3 4165 4160 4158
3 4166 4165 4158
3 4166 4158 4159
3 4157 4163 4164
3 4157 4164 4159
3 4151 4162 4163
3 4151 4163 4157
3 4162 4151 4161
3 4149 4161 4151
3 4156 4155 4158
3 4156 4158 4160
3 4155 4157 4159
3 4155 4159 4158
3 4155 4152 4151
3 4155 4151 4157
3 4152 4155 4156
3 4152 4156 4153
3 4152 4153 4154
3 4152 4154 4150
3 4151 4152 4150
3 4150 4149 4151
3 4141 4146 4148
3 4141 4148 4147
3 4147 4148 4143
3 4147 4143 4138
3 4137 4141 4147
3 4137 4147 4145
3 4138 4139 4145
3 4138 4145 4147
3 4146 4141 4134
3 4146 4134 4133
3 4136 4137 4145
3 4136 4145 4144
3 4139 4140 4144
3 4139 4144 4145
3 4140 4142 4144
3 4130 4138 4143
3 4130 4143 4135
3 4132 4142 4140
3 4141 4137 4127
3 4141 4127 4134
3 4132 4140 4139
3 4132 4139 4131
3 4138 4130 4131
3 4138 4131 4139
3 4134 4125 4133
3 4136 4128 4129
3 4137 4136 4129
3 4137 4129 4127
3 3940 4124 4130
3 3940 4130 4135
3 4134 4127 4125
3 4133 4125 4119
3 4122 4123 4132
3 4122 4132 4131
3 4131 4130 4124
3 4131 4124 4122
3 3936 4124 3940
3 4129 4126 4127
3 4129 4128 4126
3 4125 4127 4118
3 4121 4118 4127
3 4121 4127 4126
3 4118 4119 4125
3 4124 3936 4115
3 4124 4115 4122
3 4122 4115 4120
3 4122 4120 4123
3 4117 4118 4121
3 4116 4120 4115
3 3936 3917 4115
3 4119 4118 4112
3 4119 4112 4113
3 4117 4114 4112
3 4118 4117 4112
3 4111 4116 4115
3 4111 4115 4107
3 4115 3917 4107
3 4112 4114 4110
3 4112 4110 4109
3 4109 4106 4112
3 4113 4106 3898
3 4113 4112 4106
3 4108 4111 4104
3 4104 4111 4107
3 4104 4107 4099
3 4098 4109 4110
3 4098 4110 4103
3 4098 4102 4106
3 4098 4106 4109
3 4108 4104 4095
3 4108 4095 4105
3 4106 4101 3883
3 4106 3883 3898
3 4101 4106 4102
3 4102 4098 4084
3 4105 4095 4096
3 4105 4096 4097
3 4104 4099 3857
3 4104 3857 4095
3 4098 4103 4100
3 4098 4100 4092
3 4095 4089 4096
3 4101 4102 4084
3 4101 4084 4093
3 4090 4101 4093
3 4091 4097 4096
3 4084 4098 4092
3 4091 4094 4097
3 4091 4096 4089
3 4091 4089 4075
3 4073 4089 4095
3 4073 4095 3857
3 4092 4078 4084
3 4084 4079 4093
3 4083 4087 4094
3 4083 4094 4091
3 4092 4088 4082
3 4079 4072 4090
3 4079 4090 4093
3 4092 4082 4078
3 4091 4075 4074
3 4091 4074 4083
3 4073 4068 4075
3 4073 4075 4089
3 4080 4082 4088
3 4080 4088 4085
3 4083 4081 4086
3 4083 4086 4087
3 4080 4085 4086
3 4080 4086 4081
3 4078 4071 4079
3 4078 4079 4084
3 4074 4077 4081
3 4074 4081 4083
3 4076 4078 4082
3 4076 4082 4080
3 4076 4080 4081
3 4076 4081 4077
3 4073 4064 4068
3 4071 4067 4072
3 4071 4072 4079
3 4070 4071 4078
3 4070 4078 4076
3 4070 4076 4077
3 4070 4077 4069
3 4069 4074 4075
3 4069 4075 4068
3 4067 4071 4070
3 4067 4070 4066
3 4065 4066 4070
3 4065 4070 4069
3 4068 4064 4065
3 4068 4065 4069
3 4385 4312 4310
3 4383 4384 4391
3 4388 4380 4381
3 4330 4331 4328
3 4329 4328 4325
3 4443 4398 4399
3 4443 4399 4298
3 4401 4290 4298
3 4401 4298 4399
3 4290 4401 4404
3 4290 4404 4265
3 4398 4443 4442
3 4398 4442 4402
3 4265 4404 4407
3 4442 4441 4408
3 4442 4408 4402
3 4408 4441 4440
3 4408 4440 4413
3 4418 4413 4440
3 4418 4440 4439
3 4418 4439 4438
3 4418 4438 4420
3 4437 4423 4420
3 4437 4420 4438
3 4437 4436 4427
3 4437 4427 4423
3 4426 4430 4435
3 4435 4430 4434
3 4434 4427 4436
3 4334 4330 4433
3 4429 4330 4329
3 4330 4432 4433
3 4434 4430 4432
3 4428 4432 4330
3 4428 4330 4429
3 4427 4434 4432
3 4427 4432 4428
3 4307 4334 4433
3 4429 4329 4323
3 4429 4323 4425
3 4431 4307 4433
3 4431 4433 4432
3 4430 4431 4432
3 4306 4307 4431
3 4430 4426 4306
3 4430 4306 4431
3 4428 4429 4425
3 4428 4425 4424
3 4423 4427 4428
3 4423 4428 4424
3 4422 4425 4323
3 4422 4323 4320
3 4426 4177 4309
3 4426 4309 4306
3 4424 4425 4422
3 4424 4422 4421
3 4420 4423 4424
3 4420 4424 4421
3 4314 4422 4320
3 4309 4415 4391
3 4309 4391 4310
3 4417 4415 4309
3 4177 4417 4309
3 4314 4416 4422
3 4416 4419 4421
3 4416 4421 4422
3 4418 4420 4421
3 4418 4421 4419
3 4414 4419 4416
3 4414 4416 4412
3 4413 4418 4419
3 4413 4419 4414
3 4417 4411 4410
3 4410 4415 4417
3 4344 4412 4416
3 4344 4416 4314
3 4410 4389 4391
3 4410 4391 4415
3 4414 4412 4405
3 4414 4405 4409
3 4408 4413 4414
3 4408 4414 4409
3 4405 4412 4344
3 4411 4407 4410
3 4407 4406 4410
3 4388 4389 4410
3 4388 4410 4406
3 4405 4344 4349
3 4396 4403 4409
3 4396 4409 4405
3 4402 4408 4409
3 4402 4409 4403
3 4407 4404 4397
3 4407 4397 4406
3 4406 4397 4390
3 4406 4390 4388
3 4349 4350 4396
3 4349 4396 4405
3 4404 4401 4395
3 4395 4397 4404
3 4403 4396 4392
3 4403 4392 4400
3 4398 4402 4403
3 4398 4403 4400
3 4401 4399 4394
3 4401 4394 4395
3 4399 4400 4394
3 4400 4393 4394
3 4400 4392 4393
3 4399 4398 4400
3 4390 4397 4395
3 4390 4395 4387
3 4396 4350 4340
3 4396 4340 4392
3 4387 4395 4394
3 4387 4394 4386
3 4386 4394 4393
3 4386 4393 4338
3 4392 4340 4338
3 4392 4338 4393
3 4310 4391 4384
3 4310 4384 4385
3 4382 4383 4391
3 4382 4391 4389
3 4390 4387 4378
3 4390 4378 4379
3 4379 4380 4388
3 4379 4388 4390
3 4381 4382 4389
3 4381 4389 4388
3 4386 4338 4337
3 4386 4337 4377
3 4377 4378 4387
3 4377 4387 4386
3 4362 4361 4311
3 4362 4311 4312
3 4361 4336 4313
3 4361 4313 4311
3 4365 4364 4385
3 4365 4385 4384
3 4364 4362 4312
3 4364 4312 4385
3 4367 4383 4382
3 4367 4365 4384
3 4367 4384 4383
3 4370 4369 4381
3 4370 4381 4380
3 4369 4367 4382
3 4369 4382 4381
3 4373 4372 4379
3 4373 4379 4378
3 4372 4370 4380
3 4372 4380 4379
3 4343 4376 4377
3 4343 4377 4337
3 4376 4373 4378
3 4376 4378 4377
3 4466 4465 4342
3 4466 4342 4353
3 4444 4466 4353
3 4444 4353 4352
3 4341 4374 4343
3 4464 4374 4341
3 4465 4464 4341
3 4465 4341 4342
3 4374 4375 4376
3 4374 4376 4343
3 4375 4371 4373
3 4375 4373 4376
3 4463 4462 4371
3 4463 4371 4375
3 4374 4463 4375
3 4371 4372 4373
3 4371 4368 4370
3 4371 4370 4372
3 4461 4368 4371
3 4462 4461 4371
3 4368 4369 4370
3 4368 4366 4367
3 4368 4367 4369
3 4460 4459 4366
3 4460 4366 4368
3 4461 4460 4368
3 4366 4363 4365
3 4366 4365 4367
3 4459 4458 4363
3 4459 4363 4366
3 4363 4364 4365
3 4363 4360 4362
3 4363 4362 4364
3 4457 4360 4363
3 4458 4457 4363
3 4360 4361 4362
3 4360 4358 4336
3 4360 4336 4361
3 4456 4455 4358
3 4456 4358 4360
3 4457 4456 4360
3 4358 4359 4335
3 4358 4335 4336
3 4359 4357 4332
3 4359 4332 4335
3 4454 4453 4357
3 4454 4357 4359
3 4455 4454 4359
3 4455 4359 4358
3 4357 4356 4327
3 4357 4327 4332
3 4453 4452 4356
3 4453 4356 4357
3 4356 4326 4327
3 4451 4450 4324
3 4451 4324 4326
3 4452 4451 4326
3 4452 4326 4356
3 4449 4321 4324
3 4449 4324 4450
3 4321 4449 4448
3 4321 4448 4317
3 4317 4355 4318
3 4447 4355 4317
3 4447 4317 4448
3 4355 4354 4346
3 4355 4346 4318
3 4354 4355 4447
3 4354 4447 4446
3 4346 4354 4347
3 4445 4347 4354
3 4445 4354 4446
3 4444 4352 4347
3 4444 4347 4445
3 4353 4342 4339
3 4352 4353 4339
3 4352 4339 4351
3 4351 4339 4340
3 4351 4340 4350
3 4347 4352 4351
3 4347 4351 4348
3 4348 4351 4350
3 4348 4350 4349
3 4348 4349 4344
3 4348 4344 4345
3 4347 4348 4345
3 4347 4345 4346
3 4345 4315 4318
3 4345 4318 4346
3 4344 4315 4345
3 4344 4314 4315
3 4341 4343 4337
3 4341 4337 4338
3 4342 4341 4338
3 4342 4338 4339
3 4339 4338 4340
3 4335 4332 4331
3 4335 4331 4333
3 4336 4335 4333
3 4336 4333 4313
3 4334 4307 4313
3 4334 4313 4333
3 4333 4331 4330
3 4333 4330 4334
3 4332 4327 4328
3 4332 4328 4331
3 4329 4330 4328
3 4325 4322 4323
3 4325 4323 4329
3 4326 4324 4322
3 4326 4322 4325
3 4326 4325 4328
3 4326 4328 4327
3 4321 4319 4322
3 4321 4322 4324
3 4320 4323 4322
3 4320 4322 4319
3 4319 4321 4317
3 4319 4317 4316
3 4320 4319 4316
3 4320 4316 4314
3 4317 4318 4315
3 4317 4315 4316
3 4315 4314 4316
3 4311 4313 4307
3 4311 4307 4308
3 4312 4311 4308
3 4312 4308 4310
3 4306 4309 4310
3 4306 4310 4308
3 4307 4306 4308
3 4570 4568 4524
3 4568 4570 4569
3 4553 4552 4578
3 4581 4564 4563
3 4563 4564 4565
3 4484 4446 4447
3 4484 4447 4485
3 4485 4447 4448
3 4485 4448 4468
3 4483 4467 4594
3 4483 4594 4593
3 4593 4592 4482
3 4593 4482 4483
3 4592 4591 4464
3 4592 4464 4482
3 4591 4590 4481
3 4591 4481 4464
3 4463 4481 4590
3 4463 4590 4589
3 4589 4588 4462
3 4589 4462 4463
3 4588 4513 4480
3 4588 4480 4462
3 4513 4509 4479
3 4513 4479 4480
3 4479 4509 4510
3 4478 4479 4510
3 4478 4510 4582
3 4582 4583 4477
3 4582 4477 4478
3 4583 4584 4476
3 4583 4476 4477
3 4584 4585 4475
3 4584 4475 4476
3 4456 4475 4585
3 4456 4585 4586
3 4455 4456 4586
3 4455 4586 4587
3 4454 4455 4587
3 4454 4587 4605
3 4605 4604 4474
3 4605 4474 4454
3 4473 4474 4604
3 4473 4604 4603
3 4472 4473 4603
3 4472 4603 4602
3 4471 4472 4602
3 4471 4602 4601
3 4601 4600 4470
3 4601 4470 4471
3 4600 4599 4469
3 4600 4469 4470
3 4469 4599 4598
3 4469 4598 4468
3 4485 4468 4598
3 4485 4598 4597
3 4485 4597 4596
3 4596 4484 4485
3 4595 4445 4446
3 4467 4445 4595
3 4467 4595 4594
3 4483 4482 4465
3 4483 4465 4466
3 4467 4483 4466
3 4467 4466 4444
3 4464 4481 4374
3 4482 4464 4465
3 4481 4463 4374
3 4480 4479 4461
3 4462 4480 4461
3 4479 4478 4459
3 4479 4459 4460
3 4460 4461 4479
3 4478 4477 4458
3 4478 4458 4459
3 4476 4475 4457
3 4457 4458 4477
3 4457 4477 4476
3 4456 4457 4475
3 4454 4474 4453
3 4473 4472 4452
3 4473 4452 4453
3 4473 4453 4474
3 4471 4470 4450
3 4471 4450 4451
3 4472 4471 4451
3 4472 4451 4452
3 4470 4469 4449
3 4470 4449 4450
3 4449 4469 4468
3 4449 4468 4448
3 4467 4444 4445
3 4564 4573 4566
3 4564 4566 4565
3 4557 4576 4574
3 4572 4566 4573
3 4572 4567 4566
3 4572 4574 4575
3 4570 4572 4575
3 4570 4575 4552
3 4552 4553 4570
3 4549 4521 4569
3 4549 4569 4553
3 4549 4553 4551
3 4521 4522 4568
3 4521 4568 4569
3 4522 4524 4568
3 4524 4577 4567
3 4525 4526 4565
3 4566 4525 4565
3 4526 4528 4563
3 4526 4563 4565
3 4528 4531 4581
3 4528 4581 4563
3 4581 4560 4580
3 4531 4533 4560
3 4531 4560 4581
3 4561 4580 4560
3 4580 4561 4559
3 4533 4535 4559
3 4533 4559 4561
3 4533 4561 4560
3 4558 4580 4559
3 4535 4537 4558
3 4535 4558 4559
3 4557 4558 4579
3 4537 4540 4556
3 4537 4556 4558
3 4579 4555 4578
3 4540 4542 4555
3 4540 4555 4556
3 4542 4544 4554
3 4542 4554 4555
3 4544 4546 4550
3 4544 4550 4554
3 4551 4578 4550
3 4546 4549 4551
3 4546 4551 4550
3 4519 4486 4520
3 4519 4520 4547
3 4519 4547 4517
3 4547 4520 4521
3 4547 4521 4549
3 4518 4517 4547
3 4518 4547 4548
3 4515 4518 4548
3 4515 4548 4545
3 4545 4548 4546
3 4548 4547 4549
3 4548 4549 4546
3 4516 4515 4545
3 4516 4545 4543
3 4516 4543 4514
3 4543 4545 4544
3 4545 4546 4544
3 4511 4514 4543
3 4511 4543 4541
3 4541 4543 4542
3 4543 4544 4542
3 4511 4541 4539
3 4511 4539 4507
3 4539 4541 4540
3 4541 4542 4540
3 4539 4538 4506
3 4539 4506 4507
3 4538 4539 4540
3 4538 4540 4537
3 4506 4538 4536
3 4506 4536 4504
3 4536 4538 4537
3 4501 4504 4536
3 4501 4536 4534
3 4534 4536 4535
3 4536 4537 4535
3 4502 4501 4534
3 4502 4534 4532
3 4502 4532 4499
3 4532 4534 4533
3 4534 4535 4533
3 4498 4499 4532
3 4498 4532 4530
3 4530 4532 4533
3 4530 4533 4531
3 4497 4498 4530
3 4497 4530 4529
3 4497 4529 4495
3 4529 4530 4531
3 4529 4531 4528
3 4494 4495 4529
3 4494 4529 4527
3 4527 4529 4528
3 4527 4528 4526
3 4494 4527 4493
3 4527 4492 4493
3 4525 4492 4527
3 4525 4527 4526
3 4492 4525 4577
3 4490 4577 4524
3 4489 4490 4524
3 4522 4523 4489
3 4522 4489 4524
3 4523 4487 4489
3 4486 4487 4523
3 4486 4523 4520
3 4520 4523 4522
3 4520 4522 4521
3 4593 4594 4486
3 4593 4486 4519
3 4519 4517 4592
3 4519 4592 4593
3 4591 4592 4517
3 4591 4517 4518
3 4518 4515 4590
3 4518 4590 4591
3 4589 4590 4515
3 4589 4515 4516
3 4516 4512 4588
3 4516 4588 4589
3 4512 4516 4514
3 4513 4588 4512
3 4509 4513 4514
3 4509 4514 4511
3 4513 4512 4514
3 4510 4508 4582
3 4508 4510 4511
3 4508 4511 4507
3 4510 4509 4511
3 4583 4582 4508
3 4583 4508 4505
3 4507 4506 4505
3 4507 4505 4508
3 4584 4583 4505
3 4505 4503 4585
3 4505 4585 4584
3 4503 4505 4506
3 4503 4506 4504
3 4586 4585 4503
3 4587 4586 4503
3 4587 4503 4501
3 4501 4503 4504
3 4605 4587 4501
3 4605 4501 4502
3 4502 4499 4604
3 4502 4604 4605
3 4603 4604 4499
3 4603 4499 4500
3 4602 4603 4500
3 4602 4500 4496
3 4496 4500 4498
3 4500 4499 4498
3 4601 4602 4496
3 4601 4496 4497
3 4497 4495 4600
3 4497 4600 4601
3 4497 4496 4498
3 4495 4494 4599
3 4495 4599 4600
3 4599 4494 4493
3 4599 4493 4598
3 4493 4492 4598
3 4598 4492 4491
3 4598 4491 4597
3 4491 4492 4577
3 4577 4596 4597
3 4577 4597 4491
3 4577 4490 4596
3 4596 4490 4489
3 4596 4489 4484
3 4489 4487 4488
3 4488 4446 4484
3 4488 4484 4489
3 4488 4595 4446
3 4594 4595 4488
3 4594 4488 4486
3 4486 4488 4487
3 4571 4578 4552
3 4571 4552 4575
3 4573 4564 4562
3 4573 4562 4574
3 4572 4570 4524
3 4572 4524 4567
3 4574 4572 4573
3 4575 4574 4576
3 4567 4577 4566
3 4562 4557 4574
3 4571 4576 4579
3 4557 4579 4576
3 4579 4578 4571
3 4576 4571 4575
3 4577 4525 4566
3 4578 4555 4554
3 4579 4558 4556
3 4580 4557 4562
3 4569 4570 4553
3 4551 4553 4578
3 4550 4578 4554
3 4579 4556 4555
3 4580 4558 4557
3 4580 4562 4581
3 4581 4562 4564
3 4792 4787 4788
3 4788 4777 4782
3 4785 4778 4786
3 4772 4779 4778
3 4774 4773 4931
3 4773 4919 4931
3 4772 4770 4777
3 4769 4771 4770
3 4905 4893 4767
3 4824 4767 4893
3 4762 4766 4763
3 4757 4756 4761
3 4736 4755 4757
3 4729 4724 4735
3 4734 4722 4726
3 4728 4727 4733
3 4682 4713 4806
3 4806 4665 4682
3 4671 4664 4677
3 4803 4797 4794
3 4803 4794 4800
3 4797 4803 4802
3 4797 4802 4798
3 4801 4796 4798
3 4801 4798 4802
3 4790 4796 4801
3 4790 4801 4799
3 4800 4794 4785
3 4800 4785 4795
3 4790 4799 4793
3 4790 4793 4784
3 4798 4796 4956
3 4798 4956 4959
3 4960 4797 4798
3 4960 4798 4959
3 4794 4797 4960
3 4794 4960 4955
3 4956 4796 4790
3 4956 4790 4949
3 4795 4785 4786
3 4795 4786 4791
3 4785 4794 4955
3 4785 4955 4943
3 4784 4793 4789
3 4784 4789 4781
3 4791 4786 4787
3 4791 4787 4792
3 4790 4784 4931
3 4790 4931 4949
3 4789 4783 4780
3 4789 4780 4781
3 4779 4777 4788
3 4779 4788 4787
3 4778 4779 4787
3 4778 4787 4786
3 4926 4778 4785
3 4926 4785 4943
3 4931 4784 4781
3 4931 4781 4774
3 4777 4776 4782
3 4781 4780 4775
3 4781 4775 4774
3 4777 4779 4772
3 4772 4778 4926
3 4772 4926 4913
3 4776 4771 4748
3 4776 4748 4749
3 4771 4776 4777
3 4771 4777 4770
3 4775 4768 4766
3 4775 4766 4774
3 4765 4773 4774
3 4765 4774 4766
3 4773 4765 4900
3 4773 4900 4919
3 4770 4772 4913
3 4770 4913 4905
3 4747 4748 4771
3 4747 4771 4769
3 4905 4767 4769
3 4905 4769 4770
3 4769 4767 4746
3 4769 4746 4747
3 4763 4766 4768
3 4763 4768 4764
3 4767 4824 4745
3 4767 4745 4746
3 4765 4766 4762
3 4765 4762 4761
3 4900 4765 4761
3 4900 4761 4883
3 4763 4764 4760
3 4763 4760 4759
3 4762 4763 4759
3 4762 4759 4758
3 4761 4762 4758
3 4761 4758 4757
3 4872 4883 4761
3 4872 4761 4756
3 4739 4759 4760
3 4739 4760 4740
3 4735 4758 4759
3 4735 4759 4739
3 4735 4736 4757
3 4735 4757 4758
3 4757 4755 4754
3 4757 4754 4756
3 4756 4754 4855
3 4756 4855 4872
3 4720 4755 4736
3 4720 4736 4721
3 4720 4718 4754
3 4720 4754 4755
3 4855 4754 4718
3 4855 4718 4717
3 4853 4855 4717
3 4853 4717 4719
3 4852 4853 4719
3 4852 4719 4753
3 4852 4753 4752
3 4852 4752 4851
3 4752 4830 4851
3 4830 4752 4751
3 4830 4751 4826
3 4753 4702 4700
3 4753 4700 4752
3 4719 4701 4702
3 4719 4702 4753
3 4825 4826 4751
3 4825 4751 4750
3 4690 4825 4750
3 4707 4825 4690
3 4752 4700 4693
3 4752 4693 4751
3 4693 4691 4750
3 4693 4750 4751
3 4690 4750 4691
3 4692 4707 4690
3 4744 4745 4824
3 4744 4824 4821
3 4744 4821 4741
3 4744 4741 4743
3 4737 4742 4743
3 4737 4743 4741
3 4734 4741 4821
3 4734 4821 4816
3 4742 4737 4730
3 4742 4730 4738
3 4726 4737 4741
3 4726 4741 4734
3 4731 4739 4740
3 4731 4740 4732
3 4739 4731 4729
3 4739 4729 4735
3 4728 4733 4738
3 4728 4738 4730
3 4737 4726 4730
3 4724 4721 4736
3 4724 4736 4735
3 4722 4734 4816
3 4722 4816 4812
3 4732 189 4725
3 4732 4725 4731
3 4715 4729 4731
3 4715 4731 4725
3 4728 4730 4726
3 4728 4726 4723
3 4709 4724 4729
3 4709 4729 4715
3 4726 4722 4716
3 4727 4728 4723
3 4727 4723 4711
3 4725 189 174
3 4725 174 4714
3 4711 4712 4727
3 4806 4713 4722
3 4806 4722 4812
3 4716 4708 4723
3 4716 4723 4726
3 4705 4715 4725
3 4705 4725 4714
3 4703 4721 4724
3 4703 4724 4709
3 4708 4711 4723
3 4716 4722 4713
3 4716 4713 4682
3 4698 4720 4721
3 4698 4721 4703
3 4697 4718 4720
3 4697 4720 4698
3 4701 4719 4717
3 4701 4717 4699
3 4699 4717 4718
3 4699 4718 4697
3 4712 4711 4694
3 4716 4682 4708
3 164 4710 4714
3 164 4714 174
3 4696 4709 4715
3 4696 4715 4705
3 4695 4705 4714
3 4695 4714 4710
3 4708 4684 4711
3 4710 164 159
3 4710 159 4706
3 4684 4694 4711
3 4689 4695 4710
3 4689 4710 4706
3 4682 4684 4708
3 148 4704 4706
3 148 4706 159
3 4688 4703 4709
3 4688 4709 4696
3 4707 4692 4804
3 4686 4689 4706
3 4686 4706 4704
3 4695 4687 4696
3 4695 4696 4705
3 4805 4654 4665
3 4805 4665 4806
3 4702 4680 4676
3 4702 4676 4700
3 4670 4683 4694
3 4670 4694 4684
3 4703 4688 4685
3 4703 4685 4698
3 4680 4702 4701
3 4680 4701 4679
3 4679 4701 4699
3 4679 4699 4678
3 4700 4676 4672
3 4700 4672 4693
3 4678 4699 4697
3 4678 4697 4677
3 4677 4697 4698
3 4677 4698 4685
3 4659 4684 4682
3 4805 4804 4643
3 4805 4643 4654
3 4643 4804 4692
3 4643 4692 4669
3 4675 4688 4696
3 4675 4696 4687
3 4681 4687 4695
3 4681 4695 4689
3 4691 4693 4672
3 4691 4672 4667
3 4669 4692 4690
3 4669 4690 4668
3 4668 4690 4691
3 4668 4691 4667
3 4670 4655 4683
3 4686 4673 4681
3 4686 4681 4689
3 4688 4675 4674
3 4688 4674 4685
3 4666 4675 4687
3 4666 4687 4681
3 4671 4677 4685
3 4671 4685 4674
3 4680 4662 4663
3 4680 4663 4676
3 4670 4684 4659
3 4670 4659 4651
3 4659 4682 4665
3 4659 4665 4646
3 4673 4657 4666
3 4673 4666 4681
3 4679 4660 4662
3 4679 4662 4680
3 4661 4660 4679
3 4661 4679 4678
3 4677 4664 4661
3 4677 4661 4678
3 4653 4672 4676
3 4653 4676 4663
3 4675 4666 4656
3 4675 4656 4674
3 4658 4671 4674
3 4658 4674 4656
3 4651 4659 4634
3 4672 4653 4645
3 4672 4645 4667
3 4652 4664 4671
3 4652 4671 4658
3 4669 4642 4643
3 4651 4635 4655
3 4651 4655 4670
3 4662 4639 4640
3 4662 4640 4663
3 4644 4642 4669
3 4644 4669 4668
3 4667 4645 4644
3 4667 4644 4668
3 4666 4657 4656
3 4636 4646 4665
3 4636 4665 4654
3 4641 4658 4656
3 4664 4652 4647
3 4664 4647 4661
3 4653 4663 4640
3 4653 4640 4622
3 4639 4662 4660
3 4639 4660 4648
3 4648 4660 4661
3 4648 4661 4647
3 4646 4634 4659
3 4641 4652 4658
3 4657 4650 4649
3 4657 4649 4656
3 65 4641 4656
3 65 4656 4649
3 4628 4636 4654
3 4628 4654 4643
3 4633 4641 65
3 4653 4622 4631
3 4653 4631 4645
3 4652 4641 4637
3 4652 4637 4647
3 4635 4651 4634
3 4635 4634 4630
3 4639 4648 4638
3 4647 4637 4638
3 4647 4638 4648
3 4621 4634 4646
3 4621 4646 4636
3 4632 4640 4620
3 4620 4640 4639
3 4620 4639 4626
3 4644 4645 4631
3 4644 4631 4629
3 4629 4627 4642
3 4629 4642 4644
3 4642 4627 4628
3 4642 4628 4643
3 4641 4633 4624
3 4641 4624 4637
3 4640 4632 4612
3 4640 4612 4622
3 49 4635 4623
3 4622 4612 4631
3 4626 4639 4638
3 4626 4638 4625
3 4637 4624 4625
3 4637 4625 4638
3 4611 4621 4636
3 4611 4636 4628
3 4630 4623 4635
3 4630 4634 4621
3 4630 4621 4617
3 4613 4632 4620
3 4620 4626 4616
3 4633 4619 4614
3 4633 4614 4624
3 4630 4618 4623
3 4613 4612 4632
3 4612 4609 4629
3 4612 4629 4631
3 4618 4630 4617
3 4609 4606 4627
3 4609 4627 4629
3 4606 4611 4628
3 4606 4628 4627
3 4616 4626 4625
3 4616 4625 4615
3 4625 4624 4614
3 4625 4614 4615
3 4617 4621 4611
3 4617 4611 4607
3 4617 4607 55
3 4617 55 4618
3 4612 4613 4608
3 4608 4609 4612
3 4611 4606 4607
3 4607 4610 55
3 4607 4608 4610
3 4607 4606 4609
3 4607 4609 4608
3 4911 4898 4903
3 4895 4906 4896
3 4887 4902 4885
3 4863 4856 4840
3 4822 4819 4818
3 4960 4958 4953
3 4960 4953 4955
3 4958 4960 4959
3 4958 4959 4957
3 4956 4952 4957
3 4956 4957 4959
3 4957 4950 4954
3 4958 4957 4954
3 4958 4954 4951
3 4953 4958 4951
3 4953 4951 4947
3 4957 4952 4939
3 4957 4939 4950
3 4941 4952 4956
3 4941 4956 4949
3 4938 4943 4955
3 4938 4955 4953
3 4950 4945 4954
3 4947 4951 4942
3 4945 4948 4954
3 4948 4951 4954
3 4938 4953 4947
3 4938 4947 4936
3 4939 4952 4941
3 4939 4941 4934
3 4948 4942 4951
3 4950 4939 4945
3 4937 4945 4939
3 4928 4941 4949
3 4928 4949 4931
3 4948 4946 4940
3 4948 4940 4942
3 4945 4944 4946
3 4945 4946 4948
3 4935 4936 4947
3 4935 4947 4942
3 4940 4946 5284
3 4937 4944 4945
3 4944 4937 5279
3 4924 4926 4943
3 4924 4943 4938
3 4942 4940 4933
3 4942 4933 4935
3 4941 4928 4927
3 4941 4927 4934
3 4934 4932 4939
3 4933 4940 5284
3 4933 5284 5276
3 4930 4937 4939
3 4930 4939 4932
3 4924 4938 4936
3 4924 4936 4922
3 4930 4929 4937
3 4937 4929 5279
3 4936 4935 4921
3 4936 4921 4922
3 4920 4921 4935
3 4920 4935 4933
3 4932 4934 4927
3 4932 4927 4925
3 5276 5268 4920
3 5276 4920 4933
3 4930 4932 4925
3 4930 4925 4923
3 4917 4928 4931
3 4917 4931 4919
3 4923 4929 4930
3 4927 4928 4917
3 4927 4917 4916
3 4925 4927 4916
3 4925 4916 4915
3 4913 4926 4924
3 4913 4924 4911
3 4918 4920 5268
3 4918 5268 5253
3 4923 4925 4915
3 4923 4915 4914
3 4922 4910 4911
3 4922 4911 4924
3 4907 4910 4922
3 4907 4922 4921
3 4921 4920 4918
3 4921 4918 4907
3 5253 5233 4912
3 5253 4912 4918
3 4909 4912 5233
3 4909 5233 5189
3 4899 4917 4919
3 4899 4919 4900
3 4912 4906 4907
3 4912 4907 4918
3 4899 4901 4916
3 4899 4916 4917
3 4916 4901 4904
3 4916 4904 4915
3 4908 4914 4915
3 4908 4915 4904
3 4908 5165 4914
3 4913 4911 4903
3 4913 4903 4905
3 4896 4906 4912
3 4896 4912 4909
3 5189 5124 4892
3 5189 4892 4909
3 4910 4894 4898
3 4910 4898 4911
3 4894 4910 4907
3 4909 4892 4890
3 4909 4890 4896
3 4904 4902 4897
3 4904 4897 4908
3 4908 4897 5133
3 4908 5133 5165
3 4906 4895 4894
3 4906 4894 4907
3 4891 4893 4905
3 4891 4905 4903
3 4904 4901 4885
3 4904 4885 4902
3 4889 4891 4903
3 4889 4903 4898
3 4902 4887 4886
3 4902 4886 4897
3 4899 4884 4885
3 4899 4885 4901
3 4884 4899 4900
3 4884 4900 4883
3 4889 4898 4894
3 4897 4886 5133
3 4896 4890 4888
3 4896 4888 4895
3 4888 4889 4894
3 4888 4894 4895
3 4893 4891 4823
3 4893 4823 4824
3 4882 4892 5124
3 4882 5124 5067
3 4890 4892 4882
3 4890 4882 4877
3 4891 4889 4822
3 4891 4822 4823
3 4889 4880 4822
3 4876 4888 4890
3 4876 4890 4877
3 4889 4878 4880
3 4888 4876 4878
3 4888 4878 4889
3 4879 4886 4887
3 4879 4887 4881
3 4881 4887 4885
3 4881 4885 4875
3 4875 4885 4884
3 4875 4884 4873
3 4873 4884 4883
3 4873 4883 4872
3 4870 4882 5067
3 4870 5067 5013
3 4882 4870 4869
3 4882 4869 4877
3 4819 4822 4880
3 4819 4880 4820
3 4871 4879 4881
3 4871 4881 4868
3 4868 4881 4875
3 4868 4875 4874
3 4820 4880 4878
3 4820 4878 4817
3 4876 4867 4817
3 4876 4817 4878
3 4867 4876 4877
3 4867 4877 4869
3 4874 4875 4873
3 4874 4873 4866
3 4820 4817 4815
3 4862 4868 4874
3 4862 4874 4866
3 4868 4863 4864
3 4864 4865 4871
3 4864 4871 4868
3 4872 4855 4866
3 4872 4866 4873
3 4865 4993 4871
3 5013 4984 4860
3 5013 4860 4870
3 4870 4860 4859
3 4870 4859 4869
3 4857 4867 4869
3 4857 4869 4859
3 4862 4856 4863
3 4862 4863 4868
3 4867 4857 4813
3 4867 4813 4817
3 4861 4865 4858
3 4864 4854 4858
3 4864 4858 4865
3 4853 4862 4866
3 4853 4866 4855
3 4861 4987 4993
3 4861 4993 4865
3 4968 4987 4861
3 4863 4840 4854
3 4863 4854 4864
3 4844 4861 4858
3 4844 4858 4837
3 4856 4862 4853
3 4856 4853 4852
3 4861 4844 4834
3 4968 4861 4834
3 4859 4849 4850
3 4859 4850 4857
3 4860 4984 4974
3 4860 4974 4848
3 4849 4859 4860
3 4849 4860 4848
3 4856 4852 4851
3 4858 4854 4843
3 4858 4843 4837
3 4857 4850 4809
3 4857 4809 4813
3 4840 4856 4851
3 4840 4851 4830
3 4965 4968 4834
3 4840 4831 4843
3 4840 4843 4854
3 4842 4850 4849
3 4842 4849 4845
3 4809 4850 4842
3 4809 4842 4807
3 4972 4847 4848
3 4972 4848 4974
3 4847 4845 4849
3 4847 4849 4848
3 4972 4970 4846
3 4972 4846 4847
3 4845 4847 4846
3 4845 4846 4838
3 4832 4846 4970
3 4832 4970 4961
3 4846 4832 4838
3 4845 4838 4841
3 4845 4841 4842
3 4836 4844 4837
3 4836 4837 4827
3 4844 4836 4834
3 4843 4831 4829
3 4843 4829 4837
3 4841 4810 4807
3 4841 4807 4842
3 4838 4835 4839
3 4838 4839 4841
3 4827 4839 4836
3 4810 4841 4839
3 4810 4839 4827
3 4840 4830 4826
3 4840 4826 4831
3 4835 4836 4839
3 4832 4835 4838
3 4828 4827 4837
3 4828 4837 4829
3 4836 4835 4833
3 4836 4833 4834
3 4835 4832 4833
3 4833 4962 4965
3 4833 4965 4834
3 4832 4961 4962
3 4832 4962 4833
3 4829 4831 4826
3 4829 4826 4825
3 4825 4828 4829
3 4707 4827 4828
3 4707 4828 4825
3 4827 4707 4810
3 4823 4816 4821
3 4823 4821 4824
3 4818 4816 4823
3 4818 4823 4822
3 4819 4820 4815
3 4819 4815 4814
3 4814 4808 4818
3 4814 4818 4819
3 4818 4808 4812
3 4818 4812 4816
3 4817 4813 4811
3 4817 4811 4815
3 4815 4811 4814
3 4811 4808 4814
3 4813 4809 4811
3 4811 4809 4805
3 4808 4806 4812
3 4805 4808 4811
3 4807 4810 4707
3 4807 4805 4809
3 4808 4805 4806
3 4804 4807 4707
3 4804 4805 4807
3 5252 5217 5228
3 5203 5214 5208
3 5211 5199 5205
3 5140 5142 5178
3 5164 5137 5140
3 5040 5066 5076
3 5041 5029 5071
3 5005 5031 5006
3 5022 4999 5023
3 4992 4998 5010
3 5008 5010 4998
3 4995 5000 4996
3 5285 5284 4946
3 5285 4946 4944
3 5285 4944 5283
3 4944 5279 5283
3 5284 5285 5276
3 5283 5282 5285
3 5279 5280 5283
3 5277 5276 5285
3 5277 5285 5282
3 5283 5278 5282
3 5283 5281 5274
3 5283 5274 5278
3 5283 5280 5273
3 5283 5273 5281
3 5272 5277 5282
3 5272 5282 5278
3 5270 5276 5277
3 5271 5278 5274
3 5275 5274 5281
3 5273 5275 5281
3 5280 5267 5266
3 5273 5280 5266
3 5273 5266 5263
3 5267 5280 5279
3 5267 5279 4929
3 5271 5272 5278
3 5273 5263 5238
3 5272 5270 5277
3 5270 5268 5276
3 5275 5257 5265
3 5275 5265 5274
3 5260 5257 5275
3 5260 5275 5273
3 5262 5272 5271
3 5270 5272 5269
3 5265 5271 5274
3 5238 5260 5273
3 5261 5262 5271
3 5272 5262 5247
3 5272 5247 5269
3 5265 5261 5271
3 5270 5269 5254
3 5270 5254 5264
3 5268 5270 5264
3 5268 5264 5253
3 4929 4923 5234
3 4929 5234 5267
3 5251 5265 5257
3 5257 5260 5230
3 5254 5269 5247
3 5261 5228 5262
3 5232 5266 5267
3 5232 5267 5234
3 5263 5266 5232
3 5263 5232 5225
3 5265 5251 5252
3 5265 5252 5261
3 5264 5259 5246
3 5264 5246 5253
3 5259 5264 5254
3 5212 5238 5263
3 5212 5263 5225
3 5231 5254 5247
3 5218 5259 5254
3 5197 5247 5262
3 5197 5262 5228
3 5246 5259 5239
3 5246 5239 5237
3 5228 5261 5252
3 5260 5238 5208
3 5260 5208 5230
3 5259 5218 5201
3 5259 5201 5239
3 5202 5238 5212
3 5249 5255 5235
3 5248 5242 5255
3 5248 5255 5249
3 5255 5242 5236
3 5235 5255 5226
3 5226 5256 5258
3 5226 5258 5219
3 5256 5236 5229
3 5256 5229 5258
3 5258 5229 5223
3 5258 5223 5244
3 5244 5220 5219
3 5244 5219 5258
3 5243 5251 5257
3 5243 5257 5250
3 5257 5230 5250
3 5249 5235 5221
3 5226 5255 5256
3 5255 5236 5256
3 5218 5254 5231
3 5253 5246 5233
3 5240 5241 5248
3 5240 5248 5249
3 5227 5248 5241
3 5227 5241 5222
3 5251 5243 5217
3 5251 5217 5252
3 5216 5243 5250
3 5216 5250 5245
3 5224 5245 5250
3 5224 5250 5230
3 5249 5221 5240
3 5207 5234 4923
3 5207 4923 4914
3 5209 5242 5248
3 5209 5248 5227
3 5173 5231 5247
3 5173 5247 5197
3 5190 5237 5239
3 5190 5239 5191
3 5233 5246 5237
3 5220 5244 5245
3 5220 5245 5224
3 5215 5216 5245
3 5215 5245 5244
3 5244 5223 5215
3 5243 5216 5217
3 5242 5209 5236
3 5241 5367 5222
3 5366 5367 5241
3 5366 5241 5240
3 5357 5366 5240
3 5357 5240 5221
3 5239 5201 5185
3 5239 5185 5191
3 5230 5208 5214
3 5208 5238 5202
3 5208 5202 5184
3 5236 5209 5206
3 5189 5233 5237
3 5189 5237 5190
3 5213 5235 5226
3 5229 5236 5206
3 5235 5213 5195
3 5235 5195 5221
3 5234 5207 5204
3 5234 5204 5232
3 5213 5226 5205
3 5204 5187 5225
3 5204 5225 5232
3 5160 5218 5231
3 5160 5231 5173
3 5230 5214 5224
3 5196 5223 5229
3 5196 5229 5206
3 5227 5222 5200
3 5227 5200 5169
3 5185 5201 5167
3 5197 5228 5217
3 5197 5217 5193
3 5169 5209 5227
3 5205 5226 5219
3 5205 5219 5211
3 5225 5187 5212
3 5210 5220 5224
3 5210 5224 5214
3 5203 5198 5214
3 5215 5223 5196
3 5215 5196 5194
3 5222 5344 5200
3 5195 5357 5221
3 5211 5219 5220
3 5211 5220 5210
3 5169 5166 5209
3 5174 5201 5218
3 5174 5218 5160
3 5216 5192 5193
3 5216 5193 5217
3 5215 5194 5192
3 5215 5192 5216
3 5210 5214 5198
3 5183 5213 5205
3 5183 5205 5180
3 5213 5183 5181
3 5213 5181 5195
3 5212 5187 5177
3 5212 5177 5202
3 5210 5198 5199
3 5199 5211 5210
3 5166 5157 5206
3 5166 5206 5209
3 5184 5203 5208
3 5165 5207 4914
3 5207 5165 5163
3 5207 5163 5162
3 5207 5162 5204
3 5195 5181 5337
3 5196 5206 5157
3 5196 5157 5175
3 5180 5205 5199
3 5180 5199 5179
3 5186 5187 5204
3 5186 5204 5162
3 5182 5198 5203
3 5182 5203 5184
3 5178 5184 5202
3 5178 5202 5177
3 5174 5152 5167
3 5174 5167 5201
3 5344 5188 5200
3 5200 5188 5176
3 5169 5200 5176
3 5179 5199 5198
3 5179 5198 5182
3 5197 5193 5172
3 5197 5172 5173
3 5175 5170 5194
3 5175 5194 5196
3 5190 5191 5139
3 5190 5139 5124
3 5170 5171 5192
3 5170 5192 5194
3 5193 5192 5171
3 5193 5171 5172
3 5139 5191 5185
3 5139 5185 5141
3 5124 5189 5190
3 5156 5174 5160
3 5331 5176 5188
3 5187 5186 5164
3 5187 5164 5177
3 5186 5162 5161
3 5186 5161 5164
3 5167 5136 5141
3 5167 5141 5185
3 5178 5142 5184
3 5183 5146 5181
3 5157 5168 5175
3 5184 5142 5150
3 5184 5150 5182
3 5146 5183 5180
3 5331 5153 5176
3 5150 5179 5182
3 5148 5337 5181
3 5148 5181 5146
3 5150 5147 5179
3 5146 5180 5147
3 5179 5147 5180
3 5178 5177 5164
3 5178 5164 5140
3 5169 5176 5153
3 5169 5153 5151
3 5170 5175 5168
3 5170 5168 5155
3 5152 5174 5156
3 5152 5156 5144
3 5172 5159 5160
3 5172 5160 5173
3 5159 5172 5171
3 5159 5171 5158
3 5170 5155 5158
3 5170 5158 5171
3 5145 5168 5157
3 5169 5151 5149
3 5169 5149 5166
3 5145 5155 5168
3 5167 5152 5125
3 5167 5125 5136
3 5149 5145 5157
3 5149 5157 5166
3 5165 5133 5163
3 5164 5135 5137
3 5135 5164 5161
3 5135 5161 5134
3 5163 5133 5132
3 5163 5132 5162
3 5134 5161 5162
3 5134 5162 5132
3 5156 5160 5159
3 5156 5159 5154
3 5155 5154 5158
3 5154 5159 5158
3 5155 5145 5143
3 5153 5331 5326
3 5153 5326 5138
3 5156 5154 5144
3 5143 5154 5155
3 5143 5144 5154
3 5130 5151 5153
3 5130 5153 5138
3 5129 5147 5150
3 5129 5150 5120
3 5152 5144 5123
3 5152 5123 5125
3 5151 5130 5149
3 5120 5150 5142
3 5149 5130 5128
3 5149 5128 5145
3 5146 5127 5148
3 5126 5146 5147
3 5126 5147 5129
3 5146 5126 5127
3 5143 5145 5128
3 5143 5128 5121
3 5144 5122 5123
3 5143 5121 5122
3 5143 5122 5144
3 5142 5140 5113
3 5142 5113 5120
3 5133 4886 5098
3 5088 5139 5141
3 5088 5141 5097
3 5136 5097 5141
3 5131 5129 5120
3 5131 5120 5093
3 5140 5137 5102
3 5140 5102 5113
3 5124 5139 5088
3 5124 5088 5067
3 5138 5326 5119
3 5138 5119 5118
3 5117 5130 5138
3 5117 5138 5118
3 5137 5135 5101
3 5137 5101 5102
3 5136 5125 5104
3 5136 5104 5097
3 5101 5135 5134
3 5101 5134 5100
3 5100 5134 5132
3 5100 5132 5099
3 5099 5132 5133
3 5099 5133 5098
3 5130 5117 5116
3 5103 5112 5131
3 5112 5129 5131
3 5116 5128 5130
3 5114 5126 5129
3 5114 5129 5112
3 5116 5110 5121
3 5116 5121 5128
3 5127 5114 5115
3 5127 5126 5114
3 5104 5125 5123
3 5104 5123 5105
3 5131 5093 5070
3 5131 5070 5103
3 5123 5122 5109
3 5123 5109 5105
3 5122 5121 5110
3 5122 5110 5109
3 5093 5120 5113
3 5093 5113 5064
3 5111 5119 5315
3 5119 5111 5118
3 5108 5117 5118
3 5108 5118 5111
3 5117 5108 5116
3 5116 5108 5095
3 5115 5085 5106
3 5116 5095 5107
3 5110 5116 5107
3 5114 5085 5115
3 5114 5082 5085
3 5082 5114 5092
3 5110 5107 5096
3 5092 5114 5112
3 5112 5079 5092
3 5294 5084 5111
3 5294 5111 5315
3 5064 5113 5102
3 5103 5089 5079
3 5103 5079 5112
3 5108 5111 5084
3 5076 5109 5110
3 5076 5110 5096
3 5107 5095 5086
3 5107 5086 5090
3 5107 5090 5091
3 5066 5105 5109
3 5066 5109 5076
3 5094 5095 5108
3 5096 5107 5091
3 5096 5091 5087
3 5066 5044 5104
3 5066 5104 5105
3 5044 5097 5104
3 5034 5098 4886
3 5034 4886 4879
3 5089 5103 5070
3 5089 5070 5080
3 5064 5102 5101
3 5064 5101 5037
3 5039 5097 5044
3 5100 5037 5101
3 5082 5092 5061
3 5033 5037 5100
3 5033 5100 5099
3 5098 5034 5033
3 5098 5033 5099
3 5039 5020 5088
3 5039 5088 5097
3 5091 5072 5087
3 5083 5108 5084
3 5076 5096 5087
3 5076 5087 5043
3 5045 5080 5070
3 5083 5094 5108
3 5083 5086 5095
3 5083 5095 5094
3 5064 5038 5070
3 5064 5070 5093
3 5106 5085 5056
3 5106 5056 5289
3 5092 5079 5061
3 5078 5079 5089
3 5290 5075 5084
3 5290 5084 5294
3 5081 5065 5072
3 5081 5072 5091
3 5081 5091 5090
3 5081 5090 5086
3 5081 5086 5074
3 5071 5078 5089
3 5071 5089 5080
3 5015 5067 5088
3 5015 5088 5020
3 5036 5043 5087
3 5036 5087 5072
3 5083 5074 5086
3 5082 5056 5085
3 5073 5083 5084
3 5073 5084 5075
3 5083 5073 5074
3 5288 5053 5075
3 5288 5075 5290
3 5056 5082 5057
3 5057 5082 5061
3 5077 5046 5065
3 5077 5065 5081
3 5063 5077 5081
3 5063 5081 5074
3 5056 5055 5287
3 5056 5287 5289
3 5045 5041 5071
3 5045 5071 5080
3 5053 5288 5286
3 5053 5286 5054
3 5054 5286 5287
3 5054 5287 5055
3 5079 5062 5061
3 5062 5079 5078
3 5062 5078 5069
3 5068 5069 5078
3 5068 5078 5071
3 5067 5015 5013
3 5077 5047 5046
3 5077 5063 5059
3 5077 5059 5047
3 5058 5063 5074
3 5048 5047 5059
3 5048 5059 5060
3 5048 5060 5069
3 5048 5069 5068
3 5074 5052 5058
3 5043 5016 5040
3 5043 5040 5076
3 5053 5073 5075
3 5053 5052 5073
3 5073 5052 5074
3 5031 5036 5072
3 5031 5072 5065
3 5071 5029 5027
3 5071 5027 5068
3 5042 5045 5070
3 5042 5070 5038
3 5069 5060 5062
3 5068 5027 5026
3 5035 5048 5068
3 5035 5068 5026
3 5022 5044 5066
3 5022 5066 5040
3 5046 5030 5031
3 5046 5031 5065
3 5037 5019 5038
3 5037 5038 5064
3 5056 5049 5055
3 5063 5058 5059
3 5062 5060 5061
3 5051 5057 5061
3 5051 5061 5060
3 5059 5050 5051
3 5059 5051 5060
3 5058 5050 5059
3 5052 5050 5058
3 5049 5056 5057
3 5049 5057 5051
3 5049 5050 5054
3 5049 5054 5055
3 5050 5053 5054
3 5052 5053 5050
3 5050 5049 5051
3 5022 5023 5044
3 5032 5047 5048
3 5032 5048 5035
3 5032 5030 5046
3 5032 5046 5047
3 5041 5045 5042
3 5044 5023 5011
3 5044 5011 5039
3 5038 5024 5042
3 5016 5043 5036
3 5016 5036 5009
3 4879 4871 5010
3 4879 5010 5034
3 5024 5028 5041
3 5024 5041 5042
3 5025 5029 5041
3 5025 5041 5028
3 5016 5022 5040
3 5021 5035 5026
3 5011 4989 5020
3 5011 5020 5039
3 5024 5038 5019
3 5033 5008 5019
3 5033 5019 5037
3 5036 5031 5005
3 5036 5005 5009
3 5035 5021 5032
3 5008 5033 5034
3 5008 5034 5010
3 5032 5021 5018
3 5032 5018 5030
3 5030 5018 5006
3 5030 5006 5031
3 5029 5025 5017
3 5029 5017 5027
3 5014 5028 5024
3 5016 5009 5004
3 5001 5025 5028
3 5001 5028 5014
3 5017 5026 5027
3 5019 5007 5024
3 5012 5021 5026
3 5012 5026 5017
3 5025 5001 5002
3 5025 5002 5017
3 5014 5024 5007
3 4999 5011 5023
3 5016 4994 4999
3 5016 4999 5022
3 5003 5021 5012
3 5021 5003 5018
3 4997 5018 5003
3 5020 4989 4985
3 5020 4985 5015
3 5008 5007 5019
3 5018 4997 5006
3 5006 4990 5005
3 5002 5012 5017
3 4994 5016 5004
3 4984 5013 5015
3 4984 5015 4985
3 5014 5007 5000
3 5001 5014 5000
3 5004 5009 4981
3 5003 5012 5002
3 4999 4979 4989
3 4999 4989 5011
3 4993 5010 4871
3 4992 5010 4993
3 5009 5005 4991
3 5009 4991 4981
3 5003 5002 4995
3 5000 5007 4996
3 4996 5007 5008
3 4996 5008 4998
3 4994 5004 4988
3 5006 4997 4990
3 4991 5005 4990
3 4995 4982 5003
3 4981 4988 5004
3 4982 4997 5003
3 5001 4995 5002
3 5000 4995 5001
3 4994 4977 4979
3 4994 4979 4999
3 4981 4991 4969
3 4996 4998 4992
3 4996 4992 4986
3 4990 4997 4982
3 4990 4982 4975
3 4986 4978 4995
3 4986 4995 4996
3 4995 4978 4982
3 4988 4971 4977
3 4988 4977 4994
3 4980 4969 4991
3 4986 4992 4993
3 4986 4993 4987
3 4991 4990 4980
3 4990 4975 4980
3 4989 4979 4976
3 4989 4976 4985
3 4967 4971 4988
3 4967 4988 4981
3 4968 4983 4987
3 4983 4986 4987
3 4978 4986 4983
3 4985 4976 4974
3 4985 4974 4984
3 4978 4983 4968
3 4978 4975 4982
3 4969 4967 4981
3 4975 4966 4980
3 4980 4963 4969
3 4980 4966 4963
3 4975 4978 4968
3 4977 4973 4976
3 4977 4976 4979
3 4977 4971 4973
3 4973 4972 4974
3 4973 4974 4976
3 4971 4967 4964
3 4975 4968 4966
3 4970 4972 4973
3 4970 4973 4971
3 4961 4970 4971
3 4961 4971 4964
3 4963 4967 4969
3 4965 4966 4968
3 4967 4963 4964
3 4965 4962 4963
3 4965 4963 4966
3 4964 4963 4962
3 4964 4962 4961
3 5446 5458 5450
3 5427 5317 5420
3 5303 5304 5421
3 5386 5416 5403
3 5356 5359 5358
3 5526 5524 5525
3 5526 5519 5523
3 5526 5523 5524
3 5520 5524 5523
3 5520 5523 5516
3 5509 5526 5525
3 5509 5525 5508
3 5519 5526 5509
3 5519 5509 5505
3 5518 5504 5508
3 5518 5508 5525
3 5522 5518 5525
3 5522 5525 5524
3 5517 5512 5520
3 5520 5516 5517
3 5512 5522 5524
3 5512 5524 5520
3 5523 5519 5515
3 5516 5523 5515
3 5516 5515 5511
3 5507 5521 5522
3 5507 5522 5512
3 5522 5521 5518
3 5521 5507 5661
3 5518 5521 5662
3 5503 5514 5519
3 5503 5519 5505
3 5514 5502 5515
3 5514 5515 5519
3 5504 5518 5662
3 5504 5662 5646
3 5517 5494 5512
3 5500 5494 5517
3 5500 5517 5516
3 5500 5516 5511
3 5500 5511 5488
3 5502 5511 5515
3 5511 5502 5501
3 5498 5502 5514
3 5498 5514 5513
3 5513 5514 5503
3 5513 5510 5496
3 5513 5496 5498
3 5510 5513 5503
3 5510 5503 5350
3 5493 5507 5512
3 5493 5512 5494
3 5501 5488 5511
3 5499 5496 5510
3 5499 5510 5506
3 5506 5510 5350
3 5505 5509 5482
3 5505 5482 5479
3 5482 5509 5508
3 5482 5508 5483
3 5504 5480 5483
3 5504 5483 5508
3 5661 5507 5493
3 5361 5499 5506
3 5364 5506 5350
3 5361 5506 5364
3 5489 5503 5505
3 5489 5505 5479
3 5480 5504 5646
3 5480 5646 5642
3 5503 5489 5485
3 5502 5498 5495
3 5503 5485 5348
3 5503 5348 5350
3 5497 5361 5355
3 5497 5496 5499
3 5497 5499 5361
3 5495 5501 5502
3 5487 5488 5501
3 5487 5501 5495
3 5473 5494 5500
3 5473 5500 5484
3 5484 5500 5488
3 5484 5488 5481
3 5495 5498 5496
3 5495 5496 5492
3 5472 5489 5479
3 5488 5477 5481
3 5352 5490 5497
3 5352 5497 5355
3 5496 5497 5490
3 5496 5490 5491
3 5348 5485 5343
3 5492 5496 5491
3 5486 5487 5495
3 5486 5495 5492
3 5660 5661 5493
3 5660 5493 5471
3 5471 5493 5494
3 5471 5494 5473
3 5474 5486 5492
3 5474 5492 5491
3 5478 5474 5491
3 5478 5491 5490
3 5341 5478 5490
3 5341 5490 5352
3 5485 5489 5472
3 5485 5472 5470
3 5477 5488 5487
3 5477 5487 5476
3 5476 5487 5486
3 5476 5486 5475
3 5474 5475 5486
3 5485 5470 5334
3 5343 5485 5334
3 5468 5463 5473
3 5468 5473 5484
3 5468 5484 5481
3 5468 5481 5469
3 5480 5462 5461
3 5480 5461 5483
3 5459 5482 5483
3 5459 5483 5461
3 5341 5336 5478
3 5479 5482 5459
3 5477 5465 5469
3 5477 5469 5481
3 5642 5462 5480
3 5479 5459 5460
3 5479 5460 5472
3 5336 5466 5474
3 5336 5474 5478
3 5477 5476 5465
3 5465 5476 5475
3 5465 5475 5466
3 5474 5466 5475
3 5463 5471 5473
3 5460 5457 5470
3 5460 5470 5472
3 5471 5463 5447
3 5659 5660 5471
3 5659 5471 5447
3 5457 5334 5470
3 5457 5328 5334
3 5465 5467 5468
3 5465 5468 5469
3 5468 5467 5464
3 5463 5468 5464
3 5336 5330 5453
3 5336 5453 5466
3 5467 5465 5458
3 5447 5463 5454
3 5447 5658 5659
3 5467 5456 5455
3 5464 5467 5455
3 5453 5450 5466
3 5458 5465 5466
3 5458 5466 5450
3 5467 5458 5456
3 5463 5464 5455
3 5463 5455 5452
3 5328 5457 5323
3 5454 5463 5452
3 5439 5462 5630
3 5460 5436 5442
3 5460 5442 5457
3 5457 5442 5448
3 5462 5439 5438
3 5462 5438 5461
3 5434 5459 5461
3 5434 5461 5438
3 5458 5446 5451
3 5458 5451 5456
3 5449 5456 5451
3 5459 5435 5436
3 5459 5436 5460
3 5459 5434 5435
3 5444 5454 5452
3 5323 5457 5448
3 5449 5455 5456
3 5325 5440 5453
3 5325 5453 5330
3 5455 5449 5452
3 5447 5454 5444
3 5437 5444 5452
3 5440 5450 5453
3 5446 5441 5451
3 5318 5323 5448
3 5437 5452 5449
3 5424 5437 5449
3 5441 5425 5449
3 5441 5449 5451
3 5430 5446 5450
3 5430 5450 5440
3 5322 5445 5440
3 5322 5440 5325
3 5425 5424 5449
3 5317 5318 5448
3 5657 5658 5447
3 5657 5447 5429
3 5440 5445 5415
3 5429 5447 5444
3 5441 5446 5430
3 5441 5430 5400
3 5319 5443 5445
3 5319 5445 5322
3 5432 5314 5317
3 5319 5312 5313
3 5313 5433 5443
3 5313 5443 5319
3 5420 5317 5448
3 5420 5448 5442
3 5630 5626 5407
3 5630 5407 5439
3 5415 5445 5443
3 5415 5443 5431
3 5429 5444 5437
3 5429 5437 5426
3 5428 5431 5443
3 5428 5443 5433
3 5442 5436 5414
3 5442 5414 5420
3 5441 5400 5425
3 5415 5430 5440
3 5433 5313 5423
3 5414 5436 5412
3 5432 5317 5427
3 5432 5427 5310
3 5439 5407 5408
3 5439 5408 5438
3 5409 5434 5438
3 5409 5438 5408
3 5424 5426 5437
3 5435 5411 5412
3 5435 5412 5436
3 5435 5434 5409
3 5435 5409 5411
3 5428 5433 5423
3 5310 5314 5432
3 5431 5416 5415
3 5428 5403 5416
3 5428 5416 5431
3 5428 5423 5413
3 5429 5397 5410
3 5429 5410 5656
3 5429 5656 5657
3 5430 5415 5400
3 5421 5304 5310
3 5417 5421 5310
3 5417 5310 5427
3 5397 5429 5426
3 5427 5404 5417
3 5400 5396 5425
3 5306 5419 5423
3 5306 5423 5313
3 5403 5428 5413
3 5403 5413 5398
3 5420 5401 5404
3 5420 5404 5427
3 5396 5397 5426
3 5396 5426 5424
3 5396 5424 5425
3 5419 5406 5413
3 5419 5413 5423
3 5422 5418 5419
3 5422 5419 5306
3 5418 5422 5421
3 5418 5421 5417
3 5306 5302 5422
3 5303 5421 5422
3 5303 5422 5302
3 5414 5395 5401
3 5414 5401 5420
3 5626 5623 5394
3 5626 5394 5407
3 5410 5402 5655
3 5410 5655 5656
3 5406 5419 5418
3 5406 5418 5405
3 5417 5404 5405
3 5417 5405 5418
3 5400 5415 5416
3 5400 5416 5386
3 5395 5414 5412
3 5395 5412 5389
3 5398 5413 5406
3 5411 5388 5389
3 5411 5389 5412
3 5409 5387 5388
3 5409 5388 5411
3 5410 5397 5380
3 5410 5380 5402
3 5408 5393 5387
3 5408 5387 5409
3 5407 5394 5393
3 5407 5393 5408
3 5405 5399 5398
3 5405 5398 5406
3 5404 5401 5399
3 5404 5399 5405
3 5655 5402 5392
3 5398 5385 5386
3 5398 5386 5403
3 5377 5392 5402
3 5377 5402 5380
3 5655 5392 5654
3 5623 5391 5394
3 5401 5395 5384
3 5401 5384 5399
3 5400 5386 5379
3 5400 5379 5396
3 5381 5392 5377
3 5385 5398 5399
3 5385 5399 5384
3 5390 5391 5619
3 5619 5654 5392
3 5619 5392 5390
3 5378 5380 5397
3 5378 5397 5396
3 5378 5396 5379
3 5383 5394 5391
3 5384 5395 5389
3 5384 5389 5373
3 5394 5383 5393
3 5393 5383 5374
3 5393 5374 5387
3 5381 5382 5390
3 5381 5390 5392
3 5390 5382 5383
3 5390 5383 5391
3 5388 5372 5373
3 5388 5373 5389
3 5388 5387 5374
3 5388 5374 5372
3 5386 5371 5379
3 5371 5386 5385
3 5376 5381 5377
3 5371 5385 5370
3 5385 5384 5373
3 5385 5373 5370
3 5375 5374 5383
3 5375 5383 5382
3 5382 5381 5376
3 5382 5376 5375
3 5378 5368 5377
3 5378 5377 5380
3 5368 5378 5379
3 5368 5379 5371
3 5377 5368 5376
3 5369 5375 5376
3 5369 5376 5368
3 5372 5374 5375
3 5372 5375 5369
3 5372 5369 5370
3 5372 5370 5373
3 5369 5368 5371
3 5369 5371 5370
3 5353 5222 5367
3 5353 5367 5365
3 5367 5366 5358
3 5367 5358 5365
3 5357 5349 5358
3 5357 5358 5366
3 5362 5365 5358
3 5362 5358 5359
3 5353 5365 5362
3 5353 5362 5347
3 5364 5363 5360
3 5364 5360 5361
3 5363 5362 5359
3 5363 5359 5360
3 5351 5363 5364
3 5351 5364 5350
3 5347 5362 5363
3 5347 5363 5351
3 5360 5354 5355
3 5360 5355 5361
3 5359 5356 5354
3 5359 5354 5360
3 5222 5353 5344
3 5356 5358 5349
3 5356 5349 5346
3 5357 5195 5339
3 5357 5339 5349
3 5346 5345 5354
3 5346 5354 5356
3 5355 5354 5345
3 5355 5345 5352
3 5353 5347 5338
3 5353 5338 5344
3 5352 5345 5341
3 5351 5342 5347
3 5348 5342 5351
3 5348 5351 5350
3 5349 5339 5346
3 5342 5348 5343
3 5347 5342 5338
3 5337 5339 5195
3 5341 5345 5340
3 5340 5345 5346
3 5340 5346 5339
3 5344 5338 5188
3 5334 5333 5342
3 5334 5342 5343
3 5333 5338 5342
3 5339 5337 5335
3 5335 5336 5341
3 5335 5341 5340
3 5339 5335 5340
3 5332 5331 5188
3 5332 5188 5338
3 5333 5332 5338
3 5337 5148 5329
3 5329 5335 5337
3 5329 5330 5336
3 5329 5336 5335
3 5327 5333 5334
3 5327 5334 5328
3 5332 5333 5327
3 5326 5331 5332
3 5326 5332 5327
3 5324 5329 5148
3 5324 5148 5127
3 5325 5330 5329
3 5325 5329 5324
3 5323 5321 5327
3 5323 5327 5328
3 5321 5119 5326
3 5321 5326 5327
3 5320 5322 5325
3 5320 5325 5324
3 5127 5115 5320
3 5127 5320 5324
3 5318 5321 5323
3 5319 5322 5320
3 5319 5320 5316
3 5318 5315 5321
3 5315 5119 5321
3 5320 5307 5316
3 5307 5320 5115
3 5307 5115 5106
3 5318 5317 5314
3 5316 5312 5319
3 5316 5311 5312
3 5315 5318 5314
3 5315 5314 5309
3 5307 5311 5316
3 5315 5309 5299
3 5299 5294 5315
3 5310 5308 5314
3 5314 5308 5301
3 5314 5301 5309
3 5313 5312 5305
3 5313 5305 5306
3 5312 5311 5300
3 5312 5300 5305
3 5289 5300 5311
3 5289 5311 5307
3 5304 5308 5310
3 5301 5295 5299
3 5301 5299 5309
3 5304 5298 5301
3 5304 5301 5308
3 5307 5106 5289
3 5306 5305 5302
3 5302 5305 5300
3 5302 5300 5296
3 5298 5304 5303
3 5298 5303 5297
3 5302 5296 5297
3 5302 5297 5303
3 5298 5293 5295
3 5298 5295 5301
3 5289 5292 5296
3 5289 5296 5300
3 5299 5295 5290
3 5299 5290 5294
3 5293 5298 5297
3 5293 5297 5291
3 5296 5292 5291
3 5296 5291 5297
3 5293 5288 5290
3 5293 5290 5295
3 5292 5289 5287
3 5288 5293 5291
3 5288 5291 5286
3 5286 5291 5292
3 5286 5292 5287
3 5602 5601 5607
3 5565 5537 5538
3 5563 5557 5558
3 5653 5662 5521
3 5653 5521 5661
3 5653 5661 5649
3 5662 5653 5650
3 5646 5662 5650
3 5661 5645 5649
3 5645 5661 5660
3 5645 5660 5641
3 5636 5462 5642
3 5659 5638 5641
3 5659 5641 5660
3 5633 5638 5659
3 5633 5659 5658
3 5630 5462 5636
3 5657 5628 5633
3 5657 5633 5658
3 5657 5656 5622
3 5657 5622 5628
3 5655 5617 5622
3 5655 5622 5656
3 5620 5391 5623
3 5617 5655 5654
3 5391 5620 5619
3 5654 5619 5617
3 5651 5552 5556
3 5547 5552 5651
3 5547 5651 5648
3 5647 5652 5653
3 5647 5653 5649
3 5648 5651 5652
3 5648 5652 5647
3 5535 5651 5556
3 5535 5556 5527
3 5644 5545 5547
3 5644 5547 5648
3 5652 5650 5653
3 5652 5651 5535
3 5652 5535 5650
3 5650 5533 5646
3 5650 5535 5533
3 5643 5647 5649
3 5643 5649 5645
3 5643 5644 5648
3 5643 5648 5647
3 5542 5545 5644
3 5542 5644 5640
3 5533 5534 5642
3 5533 5642 5646
3 5639 5643 5645
3 5639 5645 5641
3 5639 5640 5644
3 5639 5644 5643
3 5542 5640 5539
3 5531 5610 5634
3 5531 5634 5534
3 5534 5636 5642
3 5534 5634 5636
3 5640 5635 5539
3 5637 5639 5641
3 5637 5641 5638
3 5640 5639 5637
3 5640 5637 5635
3 5632 5637 5638
3 5632 5638 5633
3 5631 5635 5637
3 5631 5637 5632
3 5636 5634 5629
3 5636 5629 5630
3 5539 5635 5631
3 5539 5631 5566
3 5634 5610 5608
3 5634 5608 5629
3 5627 5632 5633
3 5627 5633 5628
3 5627 5624 5631
3 5627 5631 5632
3 5566 5631 5624
3 5630 5629 5625
3 5630 5625 5626
3 5625 5629 5608
3 5625 5608 5607
3 5624 5570 5566
3 5621 5627 5628
3 5621 5628 5622
3 5624 5627 5621
3 5624 5621 5614
3 5626 5615 5623
3 5625 5615 5626
3 5607 5609 5615
3 5607 5615 5625
3 5624 5614 5574
3 5624 5574 5570
3 5615 5620 5623
3 5615 5613 5620
3 5616 5621 5622
3 5616 5622 5617
3 5616 5612 5614
3 5616 5614 5621
3 5620 5618 5619
3 5620 5613 5611
3 5620 5611 5618
3 5618 5616 5617
3 5618 5617 5619
3 5618 5611 5616
3 5616 5611 5612
3 5606 5613 5615
3 5606 5615 5609
3 5612 5564 5574
3 5612 5574 5614
3 5605 5611 5613
3 5605 5613 5606
3 5611 5563 5564
3 5611 5564 5612
3 5563 5611 5605
3 5532 5604 5610
3 5532 5610 5531
3 5608 5610 5604
3 5608 5604 5603
3 5609 5607 5601
3 5609 5601 5600
3 5600 5599 5606
3 5600 5606 5609
3 5607 5608 5603
3 5607 5603 5602
3 5605 5606 5599
3 5605 5599 5598
3 5598 5557 5563
3 5598 5563 5605
3 5529 5530 5555
3 5529 5555 5581
3 5532 5529 5581
3 5532 5581 5582
3 5604 5532 5582
3 5604 5582 5584
3 5603 5604 5584
3 5603 5584 5586
3 5602 5603 5586
3 5602 5586 5588
3 5601 5602 5588
3 5601 5588 5589
3 5600 5601 5589
3 5600 5589 5591
3 5599 5600 5591
3 5599 5591 5592
3 5598 5599 5592
3 5598 5592 5594
3 5557 5598 5594
3 5557 5594 5560
3 5572 5575 5685
3 5572 5685 5664
3 5575 5562 5684
3 5575 5684 5685
3 5562 5597 5683
3 5562 5683 5684
3 5597 5595 5683
3 5559 5560 5595
3 5559 5595 5597
3 5562 5559 5597
3 5595 5596 5682
3 5596 5593 5681
3 5596 5681 5682
3 5594 5592 5593
3 5594 5593 5596
3 5560 5594 5596
3 5560 5596 5595
3 5593 5590 5680
3 5593 5680 5681
3 5590 5679 5680
3 5591 5589 5590
3 5592 5591 5590
3 5592 5590 5593
3 5590 5587 5679
3 5587 5678 5679
3 5588 5586 5587
3 5589 5588 5587
3 5589 5587 5590
3 5587 5585 5678
3 5585 5677 5678
3 5586 5584 5585
3 5586 5585 5587
3 5585 5583 5676
3 5585 5676 5677
3 5584 5582 5583
3 5584 5583 5585
3 5583 5579 5675
3 5583 5675 5676
3 5579 5674 5675
3 5581 5555 5579
3 5582 5581 5579
3 5582 5579 5583
3 5579 5580 5673
3 5579 5673 5674
3 5580 5578 5672
3 5580 5672 5673
3 5554 5551 5578
3 5554 5578 5580
3 5555 5554 5580
3 5555 5580 5579
3 5578 5671 5672
3 5578 5549 5671
3 5551 5549 5578
3 5549 5548 5670
3 5549 5670 5671
3 5548 5544 5669
3 5548 5669 5670
3 5544 5541 5668
3 5544 5668 5669
3 5541 5537 5577
3 5667 5668 5541
3 5667 5541 5577
3 5577 5537 5565
3 5577 5565 5576
3 5576 5666 5667
3 5576 5667 5577
3 5665 5666 5576
3 5665 5576 5567
3 5565 5567 5576
3 5665 5567 5571
3 5665 5571 5663
3 5571 5572 5664
3 5571 5664 5663
3 5574 5564 5561
3 5574 5561 5573
3 5573 5561 5575
3 5573 5575 5572
3 5561 5562 5575
3 5570 5574 5573
3 5570 5573 5569
3 5569 5573 5572
3 5569 5572 5571
3 5568 5569 5571
3 5568 5571 5567
3 5568 5566 5570
3 5568 5570 5569
3 5568 5538 5566
3 5567 5565 5538
3 5567 5538 5568
3 5538 5539 5566
3 5564 5563 5558
3 5564 5558 5561
3 5561 5558 5559
3 5561 5559 5562
3 5558 5557 5560
3 5558 5560 5559
3 5556 5552 5550
3 5556 5550 5553
3 5553 5530 5527
3 5553 5527 5556
3 5530 5553 5554
3 5530 5554 5555
3 5553 5550 5551
3 5553 5551 5554
3 5546 5550 5552
3 5546 5552 5547
3 5550 5546 5549
3 5550 5549 5551
3 5549 5546 5548
3 5546 5543 5544
3 5546 5544 5548
3 5547 5545 5543
3 5547 5543 5546
3 5543 5545 5542
3 5543 5542 5540
3 5543 5540 5541
3 5543 5541 5544
3 5539 5536 5540
3 5539 5540 5542
3 5536 5537 5541
3 5536 5541 5540
3 5536 5539 5538
3 5536 5538 5537
3 5527 5528 5533
3 5527 5533 5535
3 5528 5531 5534
3 5528 5534 5533
3 5531 5528 5529
3 5531 5529 5532
3 5528 5527 5530
3 5528 5530 5529
3 5785 5787 5741
3 5787 5785 5786
3 5769 5770 5795
3 5781 5798 5780
3 5781 5780 5782
3 5703 5666 5665
3 5703 5667 5666
3 5667 5703 5687
3 5702 5701 5810
3 5702 5810 5811
3 5811 5812 5686
3 5811 5686 5702
3 5700 5699 5808
3 5700 5808 5809
3 5701 5700 5809
3 5701 5809 5810
3 5682 5681 5806
3 5682 5806 5807
3 5807 5808 5699
3 5807 5699 5682
3 5698 5697 5805
3 5681 5698 5805
3 5681 5805 5806
3 5800 5799 5696
3 5800 5696 5695
3 5799 5697 5696
3 5695 5694 5802
3 5695 5802 5801
3 5801 5800 5695
3 5694 5693 5803
3 5694 5803 5802
3 5825 5804 5675
3 5825 5675 5674
3 5804 5803 5693
3 5804 5693 5675
3 5673 5692 5823
3 5673 5823 5824
3 5824 5825 5674
3 5824 5674 5673
3 5821 5822 5691
3 5821 5691 5690
3 5822 5823 5692
3 5822 5692 5691
3 5689 5688 5819
3 5689 5819 5820
3 5820 5821 5690
3 5820 5690 5689
3 5688 5668 5818
3 5688 5818 5819
3 5687 5818 5668
3 5816 5817 5687
3 5816 5687 5703
3 5816 5703 5815
3 5703 5665 5814
3 5703 5814 5815
3 5665 5663 5813
3 5812 5813 5663
3 5812 5663 5686
3 5664 5685 5702
3 5664 5702 5686
3 5685 5684 5701
3 5685 5701 5702
3 5684 5683 5700
3 5684 5700 5701
3 5683 5595 5699
3 5683 5699 5700
3 5595 5682 5699
3 5681 5680 5698
3 5680 5679 5697
3 5680 5697 5698
3 5696 5697 5679
3 5679 5678 5695
3 5679 5695 5696
3 5678 5677 5694
3 5678 5694 5695
3 5693 5694 5677
3 5693 5677 5676
3 5693 5676 5675
3 5673 5672 5692
3 5692 5672 5671
3 5692 5671 5691
3 5671 5690 5691
3 5671 5670 5689
3 5671 5689 5690
3 5670 5669 5688
3 5670 5688 5689
3 5669 5668 5688
3 5687 5668 5667
3 5663 5664 5686
3 5783 5790 5781
3 5783 5781 5782
3 5793 5774 5791
3 5783 5789 5790
3 5784 5789 5783
3 5791 5789 5792
3 5792 5789 5787
3 5792 5787 5769
3 5787 5770 5769
3 5786 5738 5766
3 5786 5766 5770
3 5770 5766 5768
3 5785 5739 5738
3 5785 5738 5786
3 5741 5739 5785
3 5784 5794 5741
3 5743 5742 5782
3 5782 5742 5783
3 5780 5745 5743
3 5780 5743 5782
3 5798 5748 5745
3 5798 5745 5780
3 5777 5798 5797
3 5777 5750 5748
3 5777 5748 5798
3 5797 5778 5777
3 5776 5778 5797
3 5776 5752 5750
3 5776 5750 5778
3 5778 5750 5777
3 5797 5775 5776
3 5775 5754 5752
3 5775 5752 5776
3 5775 5774 5796
3 5773 5757 5754
3 5773 5754 5775
3 5772 5796 5795
3 5772 5759 5757
3 5772 5757 5773
3 5771 5761 5759
3 5771 5759 5772
3 5767 5763 5761
3 5767 5761 5771
3 5795 5768 5767
3 5768 5766 5763
3 5768 5763 5767
3 5737 5704 5736
3 5737 5736 5764
3 5764 5736 5734
3 5738 5737 5764
3 5738 5764 5766
3 5764 5734 5735
3 5764 5735 5765
3 5765 5735 5732
3 5765 5732 5762
3 5763 5765 5762
3 5766 5764 5765
3 5766 5765 5763
3 5762 5732 5733
3 5760 5762 5733
3 5760 5733 5731
3 5761 5762 5760
3 5763 5762 5761
3 5760 5731 5728
3 5760 5728 5758
3 5759 5760 5758
3 5761 5760 5759
3 5756 5758 5728
3 5756 5728 5725
3 5757 5758 5756
3 5759 5758 5757
3 5724 5755 5756
3 5724 5756 5725
3 5757 5756 5755
3 5757 5755 5754
3 5753 5755 5724
3 5753 5724 5722
3 5754 5755 5753
3 5753 5722 5719
3 5753 5719 5751
3 5752 5753 5751
3 5754 5753 5752
3 5751 5719 5720
3 5749 5751 5720
3 5749 5720 5717
3 5750 5751 5749
3 5752 5751 5750
3 5749 5717 5716
3 5749 5716 5747
3 5750 5749 5747
3 5750 5747 5748
3 5747 5716 5715
3 5747 5715 5746
3 5746 5715 5713
3 5748 5747 5746
3 5748 5746 5745
3 5746 5713 5712
3 5746 5712 5744
3 5745 5746 5744
3 5745 5744 5743
3 5744 5712 5711
3 5710 5744 5711
3 5744 5710 5742
3 5744 5742 5743
3 5794 5742 5710
3 5794 5708 5741
3 5741 5708 5707
3 5707 5740 5739
3 5707 5739 5741
3 5707 5705 5740
3 5740 5705 5704
3 5740 5704 5737
3 5739 5740 5737
3 5739 5737 5738
3 5704 5812 5811
3 5704 5811 5736
3 5810 5734 5736
3 5810 5736 5811
3 5734 5810 5809
3 5734 5809 5735
3 5808 5732 5735
3 5808 5735 5809
3 5732 5808 5807
3 5732 5807 5733
3 5806 5729 5733
3 5806 5733 5807
3 5733 5729 5731
3 5729 5806 5805
3 5729 5805 5730
3 5697 5727 5730
3 5697 5730 5805
3 5731 5730 5727
3 5731 5727 5728
3 5731 5729 5730
3 5727 5697 5799
3 5800 5726 5727
3 5800 5727 5799
3 5728 5727 5726
3 5728 5726 5725
3 5726 5800 5801
3 5726 5801 5802
3 5726 5802 5723
3 5723 5724 5725
3 5723 5725 5726
3 5723 5802 5803
3 5803 5721 5723
3 5724 5723 5721
3 5724 5721 5722
3 5721 5803 5804
3 5721 5804 5825
3 5721 5825 5719
3 5722 5721 5719
3 5719 5825 5824
3 5719 5824 5720
3 5823 5717 5720
3 5823 5720 5824
3 5717 5823 5822
3 5717 5822 5718
3 5718 5822 5821
3 5718 5821 5714
3 5716 5718 5714
3 5717 5718 5716
3 5714 5821 5820
3 5714 5820 5715
3 5819 5713 5715
3 5819 5715 5820
3 5716 5714 5715
3 5818 5712 5713
3 5818 5713 5819
3 5711 5712 5818
3 5711 5818 5687
3 5817 5710 5711
3 5817 5711 5687
3 5709 5710 5817
3 5709 5817 5816
3 5794 5710 5709
3 5816 5815 5794
3 5816 5794 5709
3 5815 5708 5794
3 5707 5708 5815
3 5707 5815 5814
3 5705 5707 5706
3 5814 5665 5706
3 5814 5706 5707
3 5665 5813 5706
3 5706 5813 5812
3 5706 5812 5704
3 5705 5706 5704
3 5769 5795 5788
3 5769 5788 5792
3 5779 5781 5790
3 5779 5790 5791
3 5741 5787 5789
3 5741 5789 5784
3 5790 5789 5791
3 5791 5792 5793
3 5794 5784 5783
3 5791 5774 5779
3 5796 5793 5788
3 5796 5774 5793
3 5788 5795 5796
3 5792 5788 5793
3 5783 5742 5794
3 5771 5772 5795
3 5773 5775 5796
3 5779 5774 5797
3 5770 5787 5786
3 5795 5770 5768
3 5795 5767 5771
3 5772 5773 5796
3 5775 5797 5774
3 5779 5797 5798
3 5781 5779 5798
