OFF
5499 10896 0
-24.936180 -8.955071 91.608228
-20.739027 -8.923826 91.364983
-20.486356 -9.125869 92.080676
-20.837189 -9.687111 93.197407
-22.079690 -9.267027 92.065116
-23.690258 -9.361993 92.388558
-21.287636 -8.453985 89.595533
-22.918039 -8.547273 89.224868
-22.772637 -8.708782 90.594897
-23.890848 -8.655544 90.386518
-24.630455 -8.759187 90.967667
-22.919816 -8.974732 91.369048
-21.059891 -8.586829 90.472214
-19.224681 -8.073214 89.323035
-32.237647 4.257706 94.845677
-31.327958 5.418308 94.868972
-30.213216 6.392193 97.267717
-31.155099 5.671069 97.394092
-32.137572 4.635768 97.319204
-28.450324 7.327206 96.853117
-27.228806 7.669417 96.506792
-25.869820 7.794448 96.129781
-24.628407 7.664749 95.741474
-23.593347 7.468224 95.312473
-21.468053 -8.379259 88.438474
-22.910505 7.259712 95.053431
-29.382308 6.899995 97.089658
-26.168462 -8.315662 89.787345
-29.272535 -7.563542 90.509376
-25.015325 -8.518891 90.151213
-27.619181 -8.081753 89.826665
-28.479507 -7.931319 90.492740
-26.763605 -8.364642 90.859347
-25.974580 -8.705019 91.527757
-19.400566 -9.317514 93.019584
-18.828057 -8.778858 91.760468
-17.947397 -9.011139 92.570599
-17.273019 -8.359103 91.418872
-15.938623 -7.737859 90.972442
-17.659655 -7.655151 88.999525
-17.131813 -7.640120 89.833034
-16.158525 -7.166426 89.270733
-15.266818 -6.971212 89.781670
-16.717436 -7.783885 90.495586
-18.335165 -8.319426 90.792590
-20.968124 -8.769591 91.011702
-18.764126 -8.157082 90.177979
-12.827436 8.143498 91.187023
-12.531104 8.743509 93.184165
-16.549674 9.712425 94.833084
-17.659717 9.529128 95.068023
-18.866439 9.121302 95.183802
-20.033270 8.535337 95.120714
-21.001246 7.959331 94.962250
-19.036181 -7.927207 88.130646
-21.605405 7.506955 94.877072
-15.627088 9.708836 94.578443
-14.477030 -6.164386 88.425126
-15.288427 -6.653817 88.717402
-12.354458 -4.440064 87.639396
-11.415427 -2.850198 87.170236
-12.863784 -5.050746 88.006415
-13.660242 -5.514385 87.528772
-14.426596 -6.411348 89.569705
-11.852460 -3.681859 87.364405
-22.241659 7.228879 94.868873
-13.815767 -2.919832 119.154573
-19.614466 5.838870 107.324192
-20.840983 6.838579 103.524068
-12.954651 -4.714731 120.184822
-15.977370 1.101447 115.533919
-19.009652 5.241697 108.888551
-14.926588 -0.752126 117.399683
-17.059158 2.809551 113.403789
-14.217001 -13.040633 104.951602
-12.473694 -7.282022 121.419140
-17.669214 3.670216 112.095398
-16.546129 -14.530700 115.907238
-17.701309 -14.115937 116.828999
-17.683458 -13.910576 117.827319
-19.327232 -12.228873 120.830073
-19.340830 -11.671302 121.581899
-19.836920 -10.306744 122.514720
-18.706877 -9.951810 122.798620
-17.971819 -8.760674 122.882036
-17.264970 -7.359522 122.636396
-13.398430 -13.323964 108.641103
-25.299130 -9.064951 92.145923
-24.442951 -9.600531 93.359418
-25.512402 -9.292582 93.171664
-26.372568 -9.236289 94.150800
-24.874151 -9.766653 94.188328
-25.114101 -10.115943 95.133704
-21.809059 -9.809813 93.286635
-20.178489 -10.151686 94.318181
-22.756341 -9.636253 92.921920
-26.233585 -9.071411 93.044549
-21.727854 -11.875251 119.621765
-21.563816 -12.185983 118.780544
-22.478039 -12.038957 118.916758
-23.833612 -12.373937 118.914684
-23.667322 -11.755416 120.321295
-22.955994 -11.113831 121.203988
-22.111190 -11.206409 121.102006
-22.990660 -10.437198 122.133216
-22.974096 -9.457205 122.861388
-16.673078 -14.374433 114.723643
-18.712619 -13.846131 116.232038
-19.305404 -13.160694 118.370765
-19.950850 -12.411463 119.928396
-20.174437 -11.822067 120.906052
-20.089656 -11.238202 121.694871
-19.854546 -9.129260 123.021355
-15.189097 -13.426773 105.770551
-15.987340 -13.073896 103.336909
-17.528404 -13.544817 102.901829
-16.686443 -12.544301 101.146619
-17.419375 -12.860627 101.119625
-17.116146 -12.135813 99.900120
-17.590134 -11.450554 98.301978
-18.695586 -11.381690 97.293971
-17.748799 -10.977107 97.144813
-19.744782 -11.058329 96.034581
-19.328784 -10.683972 95.600378
-25.710957 -7.180190 123.127539
-24.552326 -6.948934 123.125540
-24.973228 -10.550362 122.261742
-24.797668 -11.310886 121.606894
-23.997253 -10.424191 122.276738
-23.850788 -11.092436 121.417935
-25.176581 -9.586384 122.841610
-24.138021 -9.510002 122.933584
-25.417724 -8.421364 123.114541
-24.312980 -8.309879 123.211519
-24.683038 -12.331963 119.917839
-14.682777 -13.455354 106.826978
-20.432474 -11.688858 96.552169
-33.517552 1.722472 103.169155
-23.340505 -6.721296 123.042559
-22.565253 -8.224644 123.205112
-29.991767 5.270592 104.468850
-28.720462 6.097241 103.943977
-27.879855 5.716259 106.358420
-31.482824 4.369370 103.907982
-27.003759 6.841009 103.328114
-26.273426 6.317050 105.697570
-25.402130 4.875213 109.398718
-23.173442 3.769851 112.722481
-22.538721 2.825914 114.602860
-21.970923 2.153540 115.813418
-21.401866 1.262047 117.230228
-25.838928 7.084592 102.935208
-25.065606 6.601574 105.316661
-24.178581 4.651194 110.355367
-20.149043 1.639211 116.670032
-24.696091 7.159665 102.418329
-23.945265 6.721326 104.863763
-22.958093 5.505287 108.784853
-21.391656 4.228023 112.303045
-19.933892 3.638509 113.371798
-19.574276 2.811170 114.732484
-19.188964 1.789906 116.209140
-23.822295 7.091901 102.011425
-22.966791 6.768365 104.581830
-21.988217 5.710770 108.430939
-20.669077 5.176155 110.029004
-20.292311 4.436505 111.794160
-18.605000 2.883094 114.253591
-18.102816 1.870738 115.645267
-22.904506 7.075114 101.579518
-22.193669 6.845158 104.199915
-21.242551 6.283245 106.567188
-19.849353 5.118361 109.791678
-19.540283 4.501392 111.273910
-18.878472 3.706561 112.867154
-17.406612 2.713262 113.654402
-16.699460 1.660591 114.960077
-32.652453 3.070450 103.772012
-19.407050 -13.034709 99.490737
-18.290984 -12.644023 99.659918
-19.451019 -13.519732 100.509850
-18.516218 -13.320974 100.878737
-19.826199 -12.121929 97.580610
-20.717414 -13.058123 98.670713
-20.985233 -13.680753 99.879578
-22.834621 -12.524740 118.221629
-20.191756 -10.655590 95.213108
-29.775899 -8.802521 101.438323
-21.161117 -11.308035 95.891273
-21.384214 -10.668147 95.092790
-32.926891 2.900579 94.815182
-33.378809 1.459192 94.378065
-33.518052 1.840305 96.901103
-33.640425 2.128448 99.725248
-29.607756 6.380345 100.586751
-30.747494 5.676828 100.792705
-31.939818 4.729147 100.592747
-27.852363 7.191958 100.088865
-26.661738 7.484850 99.711252
-25.372536 7.542237 99.237065
-24.146620 7.438291 98.733077
-23.255424 7.265131 98.434951
-32.970178 3.292279 97.043572
-32.940186 3.520096 100.236834
-21.095208 -10.142368 94.049543
-21.811649 -10.489180 94.815067
-22.830878 -10.499204 94.915935
-23.337715 -10.898463 95.600790
-24.085680 -10.593059 95.463843
-24.352880 -10.932305 95.964902
-25.269109 -10.536796 96.021385
-26.339217 -9.918301 95.794959
-26.198050 -10.478131 96.622969
-27.126932 -9.985785 96.858990
-27.190626 -10.258626 97.316282
-28.505075 -9.046771 97.000826
-28.184621 -9.640796 97.739753
-29.804903 -8.284283 98.308576
-29.447307 -8.964521 99.270375
-28.966863 -9.556051 99.485459
-30.476955 -7.819177 99.534352
-22.261054 -10.135157 93.946288
-23.315742 -9.877110 93.559094
-22.655257 -11.040582 95.546969
-27.507993 -10.533376 97.933297
-20.866400 -10.870044 121.824083
-21.127471 -11.534821 120.917303
-20.888728 -9.859438 122.647196
-22.193271 -6.652542 123.068554
-20.822850 -5.303030 122.719697
-21.109621 -6.911252 123.086548
-19.437408 -5.404001 122.633657
-19.963485 -7.373416 123.066556
-18.306268 -6.524912 122.702642
-18.930124 -8.018906 123.017564
-21.372660 -8.460214 123.135540
-17.958646 -2.096504 120.427022
-18.331431 -0.971683 119.504696
-17.828778 -5.392074 122.265739
-16.820865 -6.093293 122.153719
-17.701408 -4.243329 121.740858
-16.978761 -4.638889 121.647992
-14.869703 -4.855532 120.801302
-13.793649 -4.661124 120.306513
-17.455019 -3.262702 121.116781
-14.870892 -3.610706 119.999798
-14.089322 -3.538426 119.616418
-19.812411 0.720978 117.919400
-18.621951 -0.009910 118.501098
-17.642921 0.767277 116.996960
-16.112269 0.692912 116.080302
-15.638881 -0.263237 117.039827
-15.096809 -13.770560 108.150356
-14.646925 -13.986313 110.282935
-13.273169 -12.996696 110.782294
-13.967329 -13.550645 109.760420
-14.681274 -13.889979 109.473270
-13.714533 -14.020883 113.258673
-18.956674 -13.910051 115.599967
-14.277924 -14.007319 111.938551
-17.698029 -14.165052 114.845960
-16.343451 -14.397089 113.606233
-19.737334 -13.643209 116.166448
-19.410943 -13.354766 117.523693
-20.903469 -12.785445 117.663805
-20.693188 -12.316763 119.160171
-13.306052 -6.934412 121.286046
-13.721425 -6.204299 121.070168
-15.023700 -7.366690 121.797089
-14.888888 -6.475863 121.508963
-15.893246 -8.753239 122.291245
-17.725788 -10.689937 122.538114
-18.369554 -11.266795 122.170759
-18.511121 -11.977931 121.441932
-18.425614 -12.673932 120.490011
-19.227444 -12.586529 120.167103
-16.791102 -14.388532 117.738465
-17.713214 -12.878627 120.623090
-17.392823 -11.943338 121.998016
-14.682794 -8.151020 121.852123
-16.217071 -10.191561 122.393738
-17.139441 -13.896985 118.614910
-17.530873 -12.484044 121.351575
-14.162012 -10.577084 122.349429
-14.404455 -9.922541 122.171545
-13.145161 -8.076410 121.698090
-15.080114 -11.397666 122.416705
-15.547706 -10.877486 122.318728
-16.382574 -11.643852 122.281024
-15.122530 -9.357962 122.172834
-14.018247 -8.580612 121.829385
-14.137770 -7.117924 121.470825
-15.217188 -1.286888 117.988758
-14.514645 -2.461441 118.892518
-15.134802 -2.424250 119.138463
-17.275924 -0.009941 117.793803
-16.235393 -1.158663 118.577375
-18.956819 -0.867753 119.589355
-19.311937 -0.024605 118.747555
-16.276069 -2.378871 119.776362
-18.479081 -2.850689 121.134752
-18.629294 -1.897311 120.449157
-18.486026 -3.628731 121.639884
-18.735570 -4.490802 122.143765
-21.811990 5.168578 110.069316
-20.966502 3.435679 113.893246
-16.331026 -0.144307 117.408860
-22.090994 6.900045 101.222606
-22.471906 6.999612 98.218097
-18.049129 3.596799 112.359032
-19.265046 4.967116 109.697301
-19.903542 5.525670 108.289294
-21.520325 6.773974 103.849997
-22.846583 4.795102 110.634607
-20.841082 6.322878 105.920518
-22.135284 6.297584 106.635356
-22.987786 6.210375 106.927289
-23.890863 6.038058 107.279083
-26.040572 5.532988 107.815343
-20.207930 6.402650 105.645580
-24.829943 3.951451 111.696191
-26.791888 4.350619 109.857748
-27.100437 6.047852 105.987503
-27.867760 6.519583 103.609055
-28.759353 6.822943 100.359806
-18.002505 -13.396055 118.996635
-20.597521 -13.258408 116.773485
-17.408589 -14.258300 115.795036
-16.560334 -14.599988 117.061078
-13.993509 -13.506833 108.846790
-33.807185 -0.993977 101.849460
-33.816383 -0.932543 99.009212
-33.454037 -2.225040 98.711689
-32.135482 -5.178132 95.672367
-31.582916 -5.822488 99.776895
-32.920892 -3.340918 93.528484
-32.978683 -3.178782 95.289407
-29.284825 -8.336257 96.840234
-30.459440 -7.209372 97.119947
-28.816412 -8.617490 96.273120
-31.417310 -6.113934 98.229851
-33.247698 -2.366114 94.736999
-30.461110 -7.465234 98.168144
-30.904339 -6.856362 98.473859
-31.987947 -5.542932 97.618436
-32.235252 -5.065934 98.365425
-32.454809 -4.513538 94.175613
-31.501210 -6.010846 94.820666
-31.154422 -6.546082 97.024052
-30.632393 -6.921808 96.393491
-32.099751 -5.184477 93.714065
-28.577183 -8.413675 94.941648
-29.486213 -7.830097 94.581967
-30.098819 -7.409539 94.031130
-31.263737 -6.370941 95.095276
-32.600695 -4.314941 92.997174
-30.532987 -7.101765 95.340398
-31.881930 -5.714135 96.468395
-33.323867 -2.463080 96.458593
-32.425073 -4.858012 96.683326
-32.743237 -4.224533 96.930652
-32.537588 -4.239604 95.043912
-32.965189 -3.595265 98.387835
-32.765681 -3.864344 98.960708
-31.408903 -6.263718 96.418975
-32.070220 -5.095220 99.249772
-31.200043 -6.737740 100.456151
-32.287917 -4.593383 99.879044
-30.834630 -7.368103 100.755299
-33.501507 -1.189973 94.808653
-33.646722 -1.127519 96.730740
-31.857293 -5.480814 100.725086
-32.771024 -3.297098 101.285587
-33.013869 -3.131666 99.315744
-27.500405 -9.234854 95.635968
-28.037919 -8.092680 91.093546
-28.801143 -7.976436 92.183092
-27.578646 -8.494564 92.686218
-30.134173 -7.201995 91.716190
-29.378410 -7.687593 91.976444
-27.612449 -8.278391 91.467102
-27.464683 -8.825477 94.153477
-28.903416 -8.063725 93.644356
-30.682773 -6.866803 93.071780
-31.499620 -5.954494 92.666882
-33.275909 -2.171608 92.018435
-33.418274 -1.992759 101.335579
-29.884023 -7.579620 95.705418
-33.545683 0.040083 94.232141
-33.769496 0.376114 96.788526
-33.930359 0.292620 102.459320
-33.958852 0.580507 99.192275
-13.646938 -13.355940 112.137251
-14.237652 -13.764960 110.100017
-13.844725 -13.376098 111.276618
-22.810827 -11.515239 120.416168
-24.709089 -11.782876 120.938050
-7.472234 -11.256546 112.997945
-6.397652 -10.326644 114.139252
-6.177002 -10.026099 114.876524
-5.094754 -8.151610 117.407059
-4.623651 -7.365348 117.828768
-4.484560 -6.435649 118.325327
-5.644848 -6.431292 119.542621
-6.264082 -5.360561 119.735325
-8.021673 -5.381317 120.285461
-14.756142 -6.880887 90.220533
-15.081015 -7.456187 91.292002
-14.058933 -6.598997 90.694453
-13.399082 -6.187042 91.135574
-14.184741 -7.068511 91.652773
-16.861272 -8.477691 91.889703
-17.653383 -9.517593 93.766283
-3.637085 -7.521594 114.596056
-4.334551 -8.186403 113.695080
-3.470314 -7.648075 113.481423
-2.274032 -7.603028 112.716958
-1.958466 -6.959745 114.080001
-2.274724 -6.485391 115.207372
-2.916216 -6.757778 115.560288
-2.056491 -5.791236 116.051881
-1.936077 -4.804395 116.707628
-5.774739 -9.567865 113.931026
-4.465481 -8.144322 114.908079
-4.358823 -7.964803 115.753442
-3.892346 -7.435807 116.148950
-4.605806 -5.565494 118.705564
-13.445692 -12.930111 104.877759
-14.744316 -12.704471 102.950867
-13.580727 -12.414182 101.829987
-15.533110 -12.215177 100.836694
-14.851667 -12.128196 100.429790
-16.016647 -11.824303 99.609095
-16.855763 -11.137469 97.842085
-16.486925 -10.753759 96.704867
-17.280594 -10.121427 95.110890
-16.483165 -10.131013 95.163071
-0.541549 -1.902980 115.968198
-1.494621 -1.790238 116.480104
-0.389395 -5.316611 115.178380
-0.596959 -6.136092 114.610510
-1.174599 -5.492330 115.646266
-1.499603 -6.248596 114.917439
-0.271121 -4.312573 115.697257
-1.050117 -4.542460 116.250131
-0.349447 -3.141744 115.957199
-1.197963 -3.366622 116.561056
-1.258088 -7.250532 113.209261
-18.397813 -10.171106 94.932975
-13.767538 -13.201886 106.677095
-15.412957 -10.264230 95.214275
-8.990122 7.963110 96.443407
-2.902610 -2.314018 117.252035
-2.164479 -3.633950 117.130062
-12.762550 9.811153 99.720451
-14.270102 9.841545 100.054877
-13.807908 9.614828 102.405331
-11.406164 9.541885 98.463844
-16.129573 9.602191 100.502771
-15.250613 9.375972 102.569760
-13.953575 8.175730 106.230443
-13.552515 6.543652 110.035533
-12.593189 5.765248 111.646192
-11.930597 4.973712 113.057090
-11.810470 3.979290 114.470543
-17.283906 9.225537 100.772705
-16.767325 8.885056 102.990195
-14.452417 7.435782 107.709571
-14.324715 5.423649 111.902114
-12.681969 3.750893 114.574516
-18.389649 8.695100 100.901681
-17.861472 8.391710 103.161153
-16.330126 7.411377 106.947281
-15.151598 6.015920 110.568445
-15.403140 4.934489 112.110089
-14.603425 4.227863 113.344804
-13.671040 3.353235 114.662500
-19.182967 8.187478 100.962664
-18.743167 7.928997 103.403102
-17.302700 7.058978 107.133235
-17.230230 6.165812 109.074253
-16.292934 5.583840 110.683417
-15.568501 3.750933 113.407785
-14.763987 2.820238 114.712484
-20.015374 7.711788 101.016652
-19.527187 7.576659 103.457090
-18.460234 6.461017 107.394176
-17.909412 5.678137 109.252931
-17.123926 5.194537 110.602289
-16.452700 4.401526 112.187898
-16.627914 2.923266 113.462231
-15.984039 1.838054 114.803078
-10.017585 8.908561 97.570946
-14.088254 -11.523789 98.075766
-15.018104 -11.713706 98.787576
-13.315206 -11.776192 98.872540
-13.929829 -12.015755 99.651695
-15.147061 -10.793895 96.333950
-13.502163 -11.015000 96.763523
-12.420205 -11.255059 97.617383
-3.359487 -7.992567 112.776767
-16.486647 -9.603671 94.221714
-8.014705 -2.718471 95.006132
-15.369606 -9.659357 94.334382
-15.827509 -9.094178 93.583869
-11.782677 7.159655 90.695338
-11.012558 5.932628 89.833789
-10.492275 6.592476 91.792786
-9.926476 7.392831 93.873902
-14.550937 9.790277 97.192135
-13.324620 9.666805 96.718245
-12.058313 9.268828 95.848345
-16.366317 9.715474 97.706214
-17.512653 9.430760 97.972953
-18.632692 8.904662 98.125521
-20.421807 7.801153 98.088572
-11.429858 7.769734 92.378146
-10.887083 8.511323 94.880268
-17.171614 -9.049576 92.926298
-15.595403 -8.823802 93.294331
-15.233773 -8.402458 92.800274
-14.233105 -8.339451 93.088332
-13.711734 -7.783333 92.778833
-12.720612 -7.105614 92.641437
-12.777872 -6.204471 91.812046
-11.856157 -6.488287 92.660002
-12.048363 -5.343724 91.637656
-11.270146 -5.853855 92.672351
-11.050827 -4.410971 91.909916
-10.652238 -5.210095 92.783440
-10.098521 -4.581570 92.937290
-9.417445 -2.710698 92.859671
-9.367951 -4.212411 93.520620
-8.717303 -1.567367 93.437273
-8.615187 -3.507920 94.303261
-16.431001 -8.578087 92.346057
-15.861636 -8.095353 91.817614
-13.955052 -8.804489 93.461216
-10.613163 -6.171046 93.103297
-9.698372 -5.223910 93.483718
-8.803938 -4.440216 94.230425
-3.639139 -6.729386 116.852332
-3.530094 -5.674393 117.628215
-5.356354 -1.643690 118.304679
-4.276611 -2.980891 118.225672
-6.511375 -2.126239 118.973500
-5.032057 -3.679539 118.783542
-6.897896 -3.486334 119.475383
-5.594987 -4.558646 119.215441
-3.606395 -4.388626 118.038192
-10.605302 -0.081096 118.381543
-8.069804 -2.712333 119.535375
-8.502815 -3.738046 119.836300
-9.152587 -1.929846 119.365881
-10.131458 -3.088406 119.671337
-11.273746 -3.774895 119.792052
-12.377609 -4.233956 119.914872
-10.040183 -1.188612 119.043217
-12.323091 -2.867259 119.280123
-13.095726 -3.253813 119.342067
-11.801532 2.951511 115.675396
-12.193705 1.883505 116.548737
-13.902687 1.822569 115.945201
-15.377340 0.864175 115.935216
-13.945245 0.595539 116.839022
-12.931977 -13.122146 107.460575
-11.759408 -13.055337 110.334041
-13.155543 -13.229709 109.532613
-12.713861 -13.246439 108.673879
-10.563425 -12.942962 112.235975
-7.123340 -10.892815 111.867736
-10.909544 -12.958082 111.232797
-6.558464 -10.337020 112.789619
-5.868140 -9.779359 112.742328
-8.695450 -11.993417 111.647389
-11.589151 -6.544129 120.955197
-11.581527 -5.451310 120.491933
-10.514886 -5.522296 120.481544
-9.302942 -4.846815 120.241937
-6.856865 -6.042613 120.135234
-5.381506 -7.117205 119.086473
-5.237469 -7.687733 118.347646
-5.692727 -9.226307 115.948794
-5.191631 -8.628032 116.143252
-6.335039 -10.496938 115.779407
-5.842383 -8.640714 118.402671
-5.907123 -7.633150 119.589264
-7.508632 -6.852573 120.521025
-6.147634 -9.892886 116.092651
-6.001737 -9.297168 117.372026
-8.875491 -6.982830 120.859646
-6.611374 -7.393498 120.258360
-5.846282 -8.200939 119.014545
-9.837035 -8.624480 121.712659
-9.396736 -7.876951 121.247930
-8.348304 -8.562099 121.485218
-10.620125 -8.256135 121.543234
-8.093019 -7.887807 121.013030
-7.248548 -8.341338 120.902338
-10.533055 -7.211120 121.067468
-14.192839 -1.010368 117.711509
-13.467526 -2.091386 118.606970
-11.412469 0.824116 117.605965
-11.111911 1.771151 116.932270
-12.143149 -1.277096 118.584278
-9.503375 -0.269138 118.583766
-10.126859 0.383020 118.139693
-8.748088 -0.994201 118.949504
-7.823372 -1.592282 119.101469
-16.379114 6.727296 108.567740
-13.575863 4.612244 113.219833
-13.360012 -0.415462 117.727786
-14.894958 -0.040971 116.805003
-20.648727 7.179631 101.015653
-21.094425 7.260592 98.032044
-17.231718 3.832604 112.133079
-18.304048 5.246316 109.427542
-18.840866 5.900527 107.839599
-20.156941 7.147518 103.471087
-15.182496 6.996186 108.510060
-19.576475 6.682845 105.570600
-19.019903 7.024906 105.661575
-18.280176 7.393841 105.564597
-17.472961 7.776472 105.393639
-16.541837 8.150835 105.179547
-14.519370 8.818451 104.589176
-12.894650 7.429111 108.311955
-12.466173 8.493394 105.873585
-15.223482 9.760194 100.266826
-15.446030 9.799315 97.463770
-12.135251 -12.817920 110.875252
-5.462469 -9.557710 112.377071
-6.927198 -10.768272 113.183747
-6.625744 -10.836783 114.719868
-8.073424 5.221573 94.646626
-8.832729 4.383867 92.613695
-8.735685 3.150796 92.417230
-9.529337 -0.468493 90.626926
-8.864042 -0.240394 93.159406
-9.905351 1.320905 88.941242
-9.461911 1.792485 90.301478
-10.557961 -3.737980 92.057015
-10.001237 -2.313008 91.781925
-9.755888 2.437123 89.481217
-9.491639 -1.829776 92.415079
-9.874405 -2.520419 92.140377
-9.060082 -0.351618 91.959732
-8.163185 2.218307 94.110496
-9.862474 0.206552 89.127371
-9.903094 -1.025506 89.892720
-10.742443 -3.243524 91.070961
-9.681734 -1.678236 91.608045
-10.148426 -2.281380 91.334366
-11.683799 -4.496901 90.940681
-11.217023 -3.804031 90.434610
-10.747533 -3.172592 90.246383
-10.164077 -2.058894 90.130359
-9.473368 -0.970974 91.059473
-9.317309 2.708658 90.700128
-9.255569 -0.023878 91.064195
-9.584862 0.495622 90.148231
-8.773072 1.485941 92.180628
-9.079174 0.851955 91.334961
-9.709745 -1.539601 91.174788
-8.533175 1.548628 93.105326
-8.171341 0.615680 94.245222
-8.986111 -0.255893 92.606723
-8.058232 -0.722344 94.449231
-9.112591 2.833831 91.363404
-9.933444 3.427630 89.347558
-9.361396 3.924353 91.154727
-8.282755 1.512210 94.187031
-13.206659 -5.367955 88.720750
-12.041071 -4.426327 88.831824
-12.991043 -5.437921 89.797459
-11.343880 -3.477255 88.416667
-12.705841 -5.500825 90.794726
-11.823150 -4.388931 89.965343
-10.763172 -2.858325 89.243144
-10.176229 -0.424253 88.337996
-10.713867 -1.591783 87.580450
-8.069075 3.551259 94.084554
-8.871426 0.410031 92.152566
-10.418392 4.588509 89.293959
-9.855996 5.296580 91.185535
-8.313909 6.680386 95.394050
-9.216270 5.884420 92.974909
-11.469874 -12.888487 111.212446
-12.234870 -13.191859 109.467183
-5.364296 -8.570998 117.024251
-2.642319 -6.951063 114.601510
-0.848516 -6.672728 114.036645
-16.644853 -11.865057 99.592581
-15.706108 -12.686153 102.131514
-21.758370 6.924040 98.019344
-21.332868 6.833501 101.042647
-12.406221 -13.078761 124.278236
-12.080756 -8.622706 121.835365
-11.843831 -9.329951 122.155977
-13.025625 -14.666404 114.528071
-13.789672 -14.616972 114.182051
-14.686963 -14.559331 113.914466
-16.027784 -14.630064 115.440831
-15.594111 -14.394810 113.812797
-13.340118 -12.992192 111.644117
-13.029378 -13.379041 113.004116
-14.049762 -14.163359 112.989562
-15.445609 -14.654898 114.749219
-12.367933 -14.666689 114.502404
-12.309680 -13.577668 113.352081
-13.769260 -15.328005 115.319552
-14.965736 -15.143857 115.591355
-15.869537 -14.965063 116.569370
-10.450884 -15.058237 114.485989
-13.459686 -11.193825 122.799452
-13.550782 -17.689343 120.462833
-14.790503 -16.263630 120.146653
-14.073203 -16.903613 121.164858
-11.514692 -18.638520 118.212164
-12.865540 -18.367543 119.200209
-13.826552 -17.196051 122.045262
-14.528113 -15.878266 122.178623
-15.390387 -13.618736 122.265334
-14.334427 -14.523250 122.973880
-13.791903 -13.533020 123.285828
-12.881023 -12.054862 123.337459
-12.887079 -12.631445 123.544000
-12.054675 -11.202599 123.252754
-9.159368 -16.333530 115.384311
-10.757742 -17.098526 116.830921
-10.363104 -18.091949 117.641647
-11.378616 -17.786104 117.468180
-12.195823 -17.958673 117.786168
-14.255457 -15.866367 116.267468
-15.169652 -15.566650 116.893743
-10.065257 -15.841632 115.098305
-11.231592 -16.004590 115.893089
-12.729152 -16.231991 116.309664
-15.685082 -15.342134 117.510048
-13.935396 -17.370895 118.848293
-15.701794 -15.244965 118.882793
-15.918394 -14.310642 120.532092
-15.629117 -14.422691 121.340476
-15.758059 -13.884494 121.757006
-16.041893 -12.854329 121.918819
-15.777753 -12.174586 122.302733
-15.249760 -12.735902 122.463020
-14.577230 -11.941439 122.688645
-12.126892 -12.504030 124.052664
-13.135864 -13.440393 123.681412
-13.788013 -14.435563 123.433468
-14.104240 -15.406639 123.130537
-13.938990 -16.477238 122.991592
-13.913317 -16.882866 122.523217
-13.661154 -17.536796 121.563562
-13.309353 -18.024660 121.074951
-12.727158 -18.617996 120.432163
-11.959735 -19.084088 119.604359
-10.592376 -19.120033 118.557871
-9.480612 -18.111416 117.582396
-8.472613 -18.081110 117.414664
-8.815966 -17.190120 116.331495
-7.877195 -17.148697 116.223243
-7.816465 -16.792132 115.908809
-13.256536 -14.066648 123.854376
-13.685937 -15.267571 123.665417
-13.814307 -16.288435 123.397481
-13.206147 -18.336862 122.069785
-12.707646 -18.946217 121.519863
-11.916746 -19.378822 120.685103
-10.863289 -19.758033 119.855300
-9.612189 -19.743636 119.268430
-14.551291 -15.209331 122.575009
-8.994541 -19.417911 118.887522
-14.171624 -12.554398 122.974574
-8.519642 -18.947035 118.419360
-6.543161 -17.397611 116.718521
-13.190672 -10.056861 122.302138
-13.348432 -9.386533 122.036910
-15.940035 -14.589794 119.571018
-16.569969 -13.053683 121.393938
-16.562340 -13.394393 120.877845
-16.510785 -12.469518 121.883831
-14.749700 -15.607433 116.302426
-11.693320 -14.842419 114.464594
-13.589086 -15.974786 116.152039
-11.667927 -11.555598 123.637057
-7.051061 -16.603689 116.109279
-6.103139 -16.777576 116.657683
-9.679836 -16.698235 115.969434
-7.875075 -16.260596 115.567053
-16.837945 -13.481533 120.250679
-16.445635 -14.185717 118.989366
-16.241153 -14.694586 118.112013
-14.487994 -16.784115 119.429709
-14.500290 -16.653747 118.153194
-11.835625 -15.968788 116.071232
-12.559621 -15.367851 115.404463
-11.717689 -14.196623 113.876046
-11.795000 -12.906186 112.661666
-8.662528 -15.917256 115.204337
-13.154992 -13.100203 112.347110
-14.205660 -14.650189 114.111991
-14.633888 -14.316680 113.133511
-13.762299 -17.301551 118.074195
-13.246045 -17.468403 117.754971
-12.082969 -18.708019 118.757814
-12.552811 -12.806917 112.123712
-14.529117 -15.026550 114.951854
-10.340910 -19.822018 119.589355
-11.064243 -19.252649 118.913517
-14.886964 -15.709318 121.218839
-10.103634 -13.262218 113.608888
-9.874350 -13.032258 113.046861
-8.323768 -12.140200 113.108012
-7.572105 -11.608416 113.613281
-8.851181 -12.145713 112.243214
-11.727614 -12.735218 111.797203
-12.430828 -12.727733 111.248365
-9.935958 -12.780160 112.083743
-6.824731 -11.268792 114.761049
-11.068832 -13.925642 113.769198
-11.570992 -13.316919 113.195600
-8.207876 -13.406963 115.048703
-7.874063 -12.240935 113.907212
-9.660236 -13.482680 114.066264
-10.128650 -13.935616 114.124874
-9.779363 -9.727225 122.649866
-6.598935 -10.303190 120.885885
-6.267421 -10.733632 118.947284
-5.999323 -12.047416 118.901518
-6.065170 -11.133442 119.407863
-7.013616 -10.048623 121.440170
-6.959732 -9.606450 120.919218
-7.436567 -9.972329 122.068198
-7.207011 -9.219389 121.095782
-7.840943 -9.988839 122.516383
-8.335254 -10.074946 122.971241
-9.470229 -10.782654 123.911835
-10.080018 -10.768737 123.639445
-10.940361 -11.173949 123.669520
-11.307433 -10.229251 122.833448
-7.553769 -15.747797 115.561485
-7.500977 -15.132261 115.634138
-6.701229 -14.175751 116.887801
-6.825033 -13.483322 116.917487
-6.326942 -12.637570 117.445823
-6.787130 -12.456448 115.846217
-6.366614 -12.158549 116.723097
-8.540720 -14.893413 115.074331
-9.610399 -14.303880 114.479353
-7.636665 -14.023059 115.929206
-7.145229 -13.084178 115.881556
-6.775614 -13.060557 116.616745
-6.321454 -11.214233 117.178345
-6.023690 -11.525573 118.355357
-6.391433 -10.703541 117.140436
-6.495250 -10.111287 119.076542
-6.626949 -9.076040 119.971614
-6.735472 -9.728644 120.333698
-6.799149 -8.821711 120.593129
-7.761792 -9.326874 121.853396
-11.513041 -12.254378 124.357212
-10.772179 -11.760154 124.443130
-9.285056 -10.786319 124.119665
-8.622497 -10.468762 123.659642
-8.544004 -10.548152 123.804514
-7.379634 -10.243038 122.402838
-6.848368 -10.366376 121.673293
-6.236287 -11.159683 120.303462
-6.063999 -11.747485 119.699330
-6.048599 -12.226700 119.451204
-6.116143 -12.761944 118.554637
-5.960262 -12.660673 119.175488
-6.229919 -13.588850 117.932222
-6.035599 -14.323909 117.583090
-6.139472 -15.536789 116.659818
-5.804261 -15.958569 116.786315
-6.465685 -15.990036 116.264127
-10.298719 -11.496843 124.611197
-7.146323 -10.508585 122.398154
-6.830194 -10.823109 121.797654
-6.348726 -11.349993 120.761898
-10.777409 -10.209993 122.918183
-6.634053 -10.004450 120.187827
-8.697650 -9.715445 122.647654
-5.781878 -13.143550 118.824441
-5.696574 -15.262675 117.081382
-6.464250 -9.973723 118.075553
-6.312811 -8.814903 119.720329
-6.239558 -9.208251 119.280429
-6.568402 -8.410216 120.212212
-6.744910 -12.059477 115.822678
-8.752667 -13.675291 114.840666
-6.443892 -11.335148 116.426840
-8.933805 -10.175548 123.229520
-6.426170 -10.430263 120.066586
-6.062720 -12.140067 118.168167
-6.303716 -13.072445 117.921894
-6.923982 -15.303005 116.035169
-6.120900 -9.348202 118.095079
-6.273388 -10.521360 116.666782
-6.802784 -11.532548 115.398399
-7.325489 -12.401312 114.886242
-6.359920 -11.004956 116.120164
-7.294818 -11.817454 114.480619
-6.283944 -11.711749 117.056211
-9.370499 -13.251693 113.871011
-7.797526 -13.677441 115.726334
-7.113295 -14.584506 116.205173
-8.523884 -14.135546 115.202468
-9.207503 -15.211171 114.838790
-11.878807 -12.777044 112.254983
-7.144051 -13.747028 116.515572
-9.083117 -12.747640 113.028601
-8.273243 -12.738587 113.887541
-7.404751 -12.779420 115.047055
-6.026124 -11.551111 119.259903
-6.416277 -9.435329 118.767547
-6.514204 -9.669385 119.202451
-8.132706 -10.466794 123.567470
-5.682560 -16.463772 116.758421
-10.549462 -20.567346 122.243748
-11.317284 -20.317703 122.848604
-9.426147 -20.683909 121.690333
-4.664278 -17.959058 116.860746
-5.482733 -17.643846 116.950584
-5.528519 -17.035634 116.809366
-5.995875 -17.857553 117.194180
-6.880003 -19.274314 118.726632
-11.974632 -19.955688 123.177530
-12.589525 -19.365815 123.316292
-13.056212 -18.498454 123.964031
-12.805242 -19.058760 123.695546
-13.056464 -18.067056 124.903717
-13.249238 -15.719667 125.085087
-13.187563 -16.949173 125.081723
-4.951197 -16.426938 116.847885
-11.543847 -20.481678 124.842604
-10.920303 -20.783852 124.269800
-12.367397 -19.612927 125.235893
-12.041981 -20.012636 124.946607
-12.628332 -19.098525 125.629257
-8.562792 -20.583194 121.220219
-10.289314 -20.754614 122.876224
-8.792436 -21.357605 123.553245
-5.424254 -18.974679 117.879034
-7.628241 -10.503070 123.027289
-6.654669 -10.876824 122.546863
-4.052761 -16.220086 116.794866
-4.707799 -15.325614 117.125501
-4.648345 -14.046247 118.027994
-5.330093 -13.405606 118.565613
-4.778774 -13.021292 119.242748
-8.782353 -10.454103 124.516126
-9.375640 -10.648172 124.962549
-10.219656 -11.363368 125.076589
-10.790942 -11.829168 125.814700
-11.654108 -12.872604 125.352710
-11.446875 -12.681217 126.005116
-7.933533 -10.449886 125.378674
-9.849121 -10.855286 125.889542
-10.398302 -11.202459 126.649911
-5.909973 -11.345477 122.079975
-7.372191 -10.573280 123.839517
-5.813252 -10.975686 124.519094
-5.220140 -14.318196 117.767732
-5.601714 -12.589648 119.421036
-5.897497 -11.862759 120.399173
-11.027851 -12.192382 125.246053
-12.426092 -13.452775 124.889613
-12.965203 -14.068348 124.566209
-13.351814 -15.127603 124.373253
-13.472186 -16.327126 124.155301
-13.459389 -17.355789 123.820380
-12.417730 -19.421712 122.432700
-11.943739 -19.759433 121.964806
-11.030551 -20.172238 121.390941
-9.821900 -20.383489 120.791081
-8.892565 -20.230923 120.243211
-8.194775 -19.873306 119.655342
-7.226481 -18.688729 118.136902
-1.298760 -18.225203 115.470106
-0.278110 -18.967538 115.929450
0.362534 -18.452341 115.824562
0.824742 -18.386537 116.461126
-0.040290 -17.257255 115.466361
0.368961 -18.915090 116.415010
-12.566123 -14.923883 126.935535
-6.280858 -17.826080 138.745931
5.151768 -20.636715 133.725591
2.707404 -20.183436 136.373478
-12.781899 -15.033748 128.384861
0.607648 -21.010881 119.774386
2.290360 -19.830618 120.362225
2.653163 -20.198842 121.599633
-7.730008 -23.431766 125.052906
-8.973726 -24.226698 127.944487
-8.495729 -24.590407 129.058747
-8.007257 -24.736100 129.361442
-7.077724 -24.693885 129.391586
-7.335376 -24.470885 129.237752
2.236939 -20.796970 122.121615
2.878197 -20.405316 123.018723
0.183329 -23.546731 123.708589
1.467279 -21.874932 122.527153
4.676516 -23.005945 128.525103
4.678661 -23.293004 129.611430
3.189666 -23.841434 127.394878
3.393744 -24.123996 128.993500
5.202132 -22.536488 131.307739
4.034720 -23.573382 132.176450
3.420066 -24.194081 131.204034
2.246289 -21.010254 123.080598
0.704847 -23.042657 123.167492
-0.951535 -24.298053 125.733641
2.894216 -23.765938 126.023095
0.170331 -21.007496 119.237188
-0.035194 -23.290670 122.920502
-0.545100 -23.385880 122.854874
-3.686894 -23.566660 123.875299
-2.879014 -24.030270 124.910826
-3.687712 -24.043393 125.915743
-2.514669 -23.690764 123.610948
-1.651067 -20.666145 117.977301
-0.723116 -22.189262 120.633296
1.011562 -21.142786 120.734118
-2.415988 -20.663038 117.688504
-3.193798 -21.665748 119.152643
-1.868914 -22.154942 120.193059
-2.302544 -20.103607 116.941522
-1.669830 -18.965328 115.650973
-0.789719 -19.756666 117.181617
-1.542543 -19.303827 115.998297
-1.245119 -19.760522 116.840052
-3.052485 -20.273018 117.191808
-4.189677 -21.485116 118.913867
-4.552544 -21.895520 119.718949
-3.391081 -17.898796 116.323715
-4.342500 -17.227437 116.703975
-6.168427 -19.256148 118.458269
-3.124056 -18.940303 116.275653
-7.886629 -20.446619 120.734125
-7.335325 -19.921436 119.605846
-0.165405 -20.465574 118.500122
1.095254 -18.827037 117.498072
0.955806 -18.484140 117.263706
0.615657 -19.483351 117.771736
-0.669109 -21.406622 119.344279
-0.030787 -21.985439 120.829791
2.115561 -20.245696 121.132059
2.186752 -19.387782 118.807950
0.377165 -19.120418 117.174546
4.151608 -20.451379 124.801682
3.753175 -23.142678 125.940609
-5.054794 -24.164541 128.799087
-6.706891 -24.042685 130.958653
-8.858297 -23.340079 131.204491
-7.526049 -23.650545 128.906972
-4.673917 -24.473410 130.820135
-3.820456 -24.727099 132.487032
-3.339165 -24.476951 134.498347
-1.841017 -24.771578 133.855719
-2.154614 -24.955282 131.498964
-8.310813 -23.483223 133.226317
-6.621092 -24.095360 132.061212
-3.667455 -24.528283 129.938747
-12.850643 -18.353695 126.090042
-12.471318 -16.573770 132.868291
-12.799641 -16.202254 131.198679
-12.906916 -15.899925 129.662032
-12.988274 -16.115931 128.264680
-12.681269 -15.459327 126.857680
-13.176255 -14.396473 125.013105
-6.953571 -23.852149 128.945004
-5.013021 -20.844883 138.462991
-7.068786 -20.182036 138.143073
-8.258921 -19.748836 137.612190
1.245756 -23.182767 135.643346
-0.153977 -22.882479 136.497823
-4.044303 -22.084840 137.813956
-5.322410 -21.749873 137.926113
-7.321098 -21.109321 137.651182
-8.408636 -20.763801 137.137309
-0.250871 -23.729701 135.660508
-3.696753 -23.075479 136.951729
-5.661362 -22.559885 137.286261
-7.487490 -21.948727 136.996335
-8.547594 -21.636799 136.533445
-1.077414 -24.493713 134.755596
-4.252858 -23.826017 135.966056
-5.741522 -23.434920 136.231772
-7.796578 -22.728746 135.941586
-9.013854 -22.296825 135.392092
-5.374604 -23.976924 135.076811
-6.853858 -23.568691 135.200836
-8.121323 -23.159247 134.868821
-8.970647 -22.814427 134.517904
-9.374366 -23.088831 132.503767
-10.045395 -22.393405 133.636851
-10.482705 -21.726284 134.158627
-10.624204 -20.933728 134.916753
-9.477109 -21.329070 135.956582
-10.940971 -19.833615 135.146756
-9.494765 -20.406183 136.479456
-10.968265 -18.702876 135.638647
-9.404156 -19.283444 136.930356
-6.085083 -23.039873 125.000046
-7.293446 -20.713413 120.890500
-7.833283 -21.494688 123.450150
-9.850866 -21.309020 124.245490
-10.407494 -21.974920 127.342568
-9.953486 -22.601265 129.157037
-9.156896 -22.892517 128.574637
-9.008464 -22.556645 126.444300
-9.490826 -23.015779 130.436846
-9.761064 -21.933197 125.809239
-10.756645 -21.290777 125.662475
-7.600897 -21.127094 122.193566
-7.458978 -21.684216 123.538973
-12.576393 -17.706908 132.600348
-12.896719 -17.292603 130.916747
-13.005894 -16.920489 129.394088
-12.851006 -16.304034 126.702816
-12.010424 -19.229656 133.687102
-12.529304 -18.821450 132.234435
-12.859628 -18.391450 130.596813
-13.013392 -17.998239 129.065170
-13.036487 -17.651020 127.822453
-12.902962 -17.345097 126.460074
-11.844662 -20.203229 133.233212
-12.359643 -19.793225 131.841521
-12.742654 -19.388118 130.255889
-12.905117 -19.016505 128.716251
-12.961204 -18.679883 127.502527
-11.534359 -21.136398 132.824387
-12.105802 -20.656425 131.394633
-12.461620 -20.243021 129.845995
-12.649876 -19.829216 128.388324
-12.755339 -19.369129 127.049644
-11.135143 -21.836923 132.340810
-11.746585 -21.336869 130.930736
-12.112001 -20.873376 129.445087
-12.415654 -20.178051 127.335352
-10.182468 -22.711774 131.413580
-11.007565 -22.022866 129.483225
-11.464425 -21.145890 126.928105
-5.672003 -21.718176 120.062718
-6.617008 -22.003926 122.460319
-4.774270 -22.689896 122.237219
-0.164024 -24.696896 134.020826
4.116975 -22.654222 133.540835
3.709070 -23.343367 133.157470
2.808855 -24.223352 132.566237
1.806187 -24.712821 132.045773
-0.173942 -25.028427 132.231308
-4.412001 -24.078381 127.350539
-2.625325 -24.255538 126.000494
-1.423868 -24.648542 128.023799
-0.682470 -24.621434 127.365977
0.579469 -24.851138 132.869069
1.528922 -24.490368 133.249414
2.035791 -24.127735 133.722296
3.007945 -23.784202 133.370754
3.031272 -23.198657 134.181968
3.554456 -22.622958 134.233180
0.693697 -24.054014 134.914022
2.224214 -24.669444 129.451753
-2.199635 -22.547098 120.910827
-4.379770 -19.879133 117.470895
-5.770784 -21.434274 119.697210
-5.530548 -20.810208 118.873708
-6.523834 -21.127864 120.166614
-8.782399 -22.367230 125.617961
-8.648586 -21.941801 124.716855
-8.224403 -23.170395 127.935723
-7.629705 -21.980605 124.328090
3.994022 -23.182249 127.152030
1.640832 -24.227560 125.881533
1.526332 -24.431016 127.369951
0.717457 -22.489436 122.405042
2.803698 -20.162894 120.358541
4.329621 -22.302182 125.536162
1.996557 -18.281551 118.491899
2.279074 -18.379232 118.476827
1.703148 -19.175868 118.611798
1.443068 -19.871792 118.781253
0.402902 -20.023711 118.394716
1.399743 -19.159996 118.746883
1.789330 -19.006454 118.395928
1.804272 -18.602529 117.638482
1.496718 -19.388923 118.348363
1.274178 -19.249356 117.762492
1.970478 -17.865904 117.652288
-6.153732 -23.591366 126.646043
-6.848031 -23.452192 125.555323
-6.949024 -23.130747 126.078006
-6.891978 -23.822952 126.600483
-6.648871 -23.711665 127.047043
-6.881356 -23.395468 126.872912
-7.315669 -22.972639 124.257817
-7.868388 -22.791847 124.362193
-7.038638 -23.015714 124.433245
-7.842082 -22.756251 125.546619
-7.565171 -23.660720 125.608991
-8.230100 -23.875045 126.476206
-7.102449 -23.769353 127.744102
-6.768455 -24.564089 128.538680
-6.715745 -24.839331 128.934859
-7.601081 -25.062033 129.359627
-8.256225 -24.930046 129.063522
-8.318249 -22.958780 127.016105
-7.241474 -23.912722 128.336593
-7.252841 -24.307006 128.296335
-7.369566 -22.453749 124.361606
-6.352683 -23.778150 127.728038
-6.780548 -24.396907 129.521195
-7.126504 -23.385199 125.243780
-8.601977 -23.814396 128.118199
-8.481889 -23.582377 127.354879
-8.254169 -23.728679 128.335922
-7.957912 -24.107547 129.128845
-7.013856 -24.249207 129.302953
-7.714433 -23.852008 128.863998
-9.099170 -23.760465 127.895846
-9.226243 -24.393637 128.227808
-8.699229 -24.125642 126.974207
-8.254503 -24.269365 127.856587
-8.292730 -23.689265 127.314758
-9.220874 -24.102995 128.268204
-8.925361 -24.655857 128.313436
-8.321014 -24.436555 128.064745
-8.475950 -24.254442 129.428718
-8.236634 -24.674511 129.697454
-8.356670 -24.924531 129.414103
-7.711872 -24.417797 128.640005
-8.031370 -23.827561 127.868425
-6.836561 -24.712615 129.606991
-6.935835 -24.935015 129.486184
-6.325457 -24.418199 129.031364
-6.772585 -24.505118 128.998229
-6.292637 -24.337682 128.473296
-6.509628 -24.406699 128.227961
-7.031420 -23.690817 127.406854
-7.831457 -23.547257 127.354879
-7.665214 -23.316089 127.095624
-7.157570 -22.524991 124.467134
-8.119499 -23.056784 125.521997
-8.759927 -23.592916 125.284725
-8.798128 -23.429208 126.214022
-9.067582 -23.520307 126.235661
-8.533233 -23.593529 126.788711
-8.892750 -23.913267 126.344805
-7.815611 -23.210995 126.587059
-9.130895 -23.718412 125.950373
-9.190392 -24.207965 127.012391
1.890562 -23.759161 125.250461
-0.086959 -23.980997 125.067932
1.030076 -22.965002 123.974664
1.121068 -23.294251 124.852490
0.583624 -23.661218 124.984295
1.822488 -21.869800 123.587790
2.889923 -23.244475 125.239119
1.703781 -22.739577 124.300310
1.544849 -22.987786 124.598627
1.517159 -22.828994 124.865724
2.139524 -22.432065 124.782697
2.227455 -22.918081 124.902008
2.133752 -23.179953 124.931985
2.517716 -21.702572 124.855991
2.963148 -21.683141 124.951046
2.778901 -21.842365 124.752674
2.674847 -20.924599 124.767487
3.411431 -22.237168 125.061731
2.398390 -21.093980 124.731172
2.402918 -20.687462 124.458545
3.144888 -20.513556 124.697649
2.466539 -20.484403 124.087926
2.087311 -20.843495 124.503510
2.046775 -21.704044 124.083540
2.177305 -21.754997 123.952513
1.798221 -22.373931 123.935168
1.394370 -19.047157 118.786417
0.337450 -20.095020 118.897415
0.950620 -19.332968 118.789651
1.593970 -18.217164 118.777333
-12.061512 -18.121811 134.065006
-3.674528 -21.206827 138.349370
-0.835170 -21.832968 137.468852
0.716133 -22.150022 136.677805
2.289152 -22.273361 135.648685
4.726236 -23.242198 130.871667
3.951939 -19.961735 122.818208
2.761742 -20.492364 122.422822
4.516302 -19.615579 120.348961
3.067518 -18.984967 120.118820
6.028208 -20.722778 131.419011
5.446077 -22.203507 129.632009
5.280018 -21.700873 132.558304
2.830721 -19.706058 120.400806
3.947759 -19.570023 120.111596
4.498235 -19.873075 120.768778
4.136781 -19.982783 121.130411
6.036529 -20.573732 129.171361
4.874000 -22.107885 127.312431
5.469976 -20.644659 127.143098
5.594347 -21.199036 128.130998
5.851636 -21.426080 130.656522
5.634007 -21.725739 131.497514
5.250856 -22.588882 130.374330
4.816899 -21.299534 125.391191
-9.155614 -18.134608 137.293263
-10.785307 -17.490058 135.954568
-11.926843 -16.935586 134.339951
1.031143 -21.110788 137.060331
-0.389324 -20.698675 137.829471
-2.848631 -20.062362 138.663949
-4.666311 -19.630263 138.818912
-3.988642 -18.508671 139.013798
-6.668968 -19.049796 138.511991
-7.936396 -18.602300 138.007103
4.678250 -21.691981 133.728017
4.069685 -21.608636 134.528659
2.325563 -21.352364 136.185518
4.942793 -21.524739 125.872228
3.595469 -19.299935 120.209672
3.187401 -19.253166 120.362500
3.553518 -19.529549 120.294103
4.006672 -20.237420 124.636475
-12.246969 -15.580899 132.994254
-12.745054 -15.142100 129.807002
-12.775110 -13.871387 125.437590
3.638804 -20.375028 135.568305
-12.610085 -15.323958 131.348638
-10.491275 -16.376016 136.133528
-11.684699 -15.879030 134.468919
-0.123590 -19.527709 138.067590
1.418183 -19.895302 137.257642
-7.541297 -17.417874 138.243041
-13.129266 -14.208516 125.659958
-13.154859 -14.976738 125.774930
-13.091375 -16.083082 125.810917
2.447483 -24.666916 130.483146
-0.113798 -25.050791 130.314316
-1.584574 -23.458529 122.842815
-0.074535 -24.585296 127.124700
-0.486462 -23.829398 123.911301
3.424923 -20.163030 122.310894
-5.189504 -22.082874 120.550681
-1.462019 -24.778031 129.339535
-5.373450 -23.701057 126.379976
-4.585914 -23.426562 124.211601
-1.749105 -24.132457 124.796160
-5.789672 -24.292780 133.057975
-2.958116 -24.097969 135.589312
-2.158743 -23.371277 136.480204
-2.596738 -22.404263 137.458859
-2.177854 -21.564750 137.954076
-1.974383 -20.289973 138.427797
-1.705662 -19.127922 138.651394
-7.083558 -22.131220 124.103807
-6.444583 -22.634136 124.280211
-1.366574 -22.645465 137.036319
-5.800265 -24.296237 131.417226
-4.802660 -22.798930 137.194287
-3.761940 -19.821918 138.793924
-6.872211 -23.067369 136.189515
-6.495799 -22.283050 137.241273
-6.247376 -21.458141 137.884130
-5.951984 -20.554650 138.401009
-5.561544 -19.383120 138.751926
-0.849780 -24.942734 133.197210
2.111528 -23.228119 134.996995
1.253660 -24.118744 134.458744
3.081398 -21.485533 135.546673
4.568484 -20.547350 134.544906
-2.961807 -24.813951 133.185174
-1.328511 -25.060425 132.041319
-8.463006 -23.318634 133.938860
-11.948319 -20.852898 127.654622
-11.714692 -21.324670 129.118151
-11.352476 -21.777866 130.428853
-10.689266 -22.310849 131.848508
-9.866318 -22.741261 132.894057
-7.041041 -23.796675 134.132510
-5.310843 -24.290797 133.879944
-10.347708 -20.082457 135.772619
-10.322114 -18.944722 136.244510
-10.128559 -17.741499 136.607433
-9.828998 -16.627457 136.796384
-11.381770 -20.496062 133.970042
-11.527636 -19.519988 134.427928
-11.546132 -18.410145 134.893824
-11.361474 -17.222120 135.220744
-11.078239 -16.138671 135.391710
-0.638979 -18.663653 115.407727
2.766305 -20.332445 120.501780
2.981441 -20.379920 120.851934
3.478866 -20.011898 120.369120
-3.960647 -20.171441 117.398249
-4.323810 -18.331878 116.891409
-2.544002 -19.243124 116.144328
-2.383013 -18.297494 115.810199
1.229582 -24.752494 128.659090
4.212086 -23.714154 129.402646
0.143584 -24.219170 125.780132
2.122368 -24.081708 125.814326
2.171826 -24.228592 127.282211
4.652497 -22.093532 125.999129
-6.938076 -21.500096 121.641486
-6.378180 -19.958333 119.144947
-6.878157 -20.393918 119.982598
-5.037128 -21.389845 119.082156
0.581571 -25.049975 131.181746
4.701667 -22.770784 132.385340
0.744463 -25.004890 129.977297
-5.742116 -22.466813 122.471357
3.065042 -20.150765 124.222996
0.806575 -20.399178 119.079677
0.277556 -20.224064 118.901572
2.548690 -19.174048 119.316690
-1.768640 -16.868597 115.855088
2.800798 -23.619470 125.527833
3.412873 -24.283568 130.060011
4.174142 -23.792532 130.623952
5.272806 -22.205319 128.731293
2.662008 -18.705626 118.826371
-7.792826 -23.620546 127.778472
-6.670151 -24.273349 128.604155
-6.994456 -22.526364 126.618370
-7.183330 -22.925325 126.517129
-7.192363 -23.223770 126.840426
-7.545967 -23.672848 126.077609
-7.437515 -23.140869 126.107899
-7.740551 -24.419143 129.737530
-6.582696 -22.938664 124.905868
-9.305199 -23.945151 126.989043
-8.513959 -24.068610 127.014389
-8.532865 -23.145651 124.921520
-8.191821 -22.795777 124.788418
-7.053378 -23.666002 126.386452
-7.179568 -24.952399 129.196014
-7.621719 -24.826474 129.814096
-8.841986 -24.578731 129.129150
-8.132551 -24.562203 128.818934
-6.329690 -23.943431 128.499199
4.620472 -19.069502 120.278184
4.002715 -19.051991 119.985557
4.293953 -19.771587 124.297038
4.569366 -19.376619 122.813761
4.386730 -21.491088 125.049977
4.059920 -19.946541 124.061840
4.420708 -19.721865 122.300818
1.589459 -24.919413 130.231541
1.089452 -21.785524 124.742514
1.158010 -21.508332 124.719387
1.204116 -21.189415 124.722378
1.419920 -20.598379 124.853741
1.618331 -20.356722 124.887775
1.580064 -20.565807 125.195893
1.721038 -20.758960 125.336951
1.659989 -20.777319 125.188388
1.629782 -21.191103 125.598472
1.553382 -21.636587 125.679386
1.322432 -22.297891 125.593430
1.272896 -22.443913 125.432007
1.021754 -22.816101 125.079564
1.186016 -22.540290 125.301040
1.100847 -22.625012 125.048840
1.053512 -22.315416 124.908225
2.367195 -21.114913 124.961618
2.450287 -21.780488 125.055903
2.040009 -22.591912 124.965340
3.526966 -19.769614 120.913977
3.662932 -19.224867 120.889416
2.908099 -18.954967 121.190052
2.851343 -18.989849 120.872048
2.393097 -19.125744 121.669601
2.241117 -19.402717 121.699730
2.428226 -19.591612 120.934862
2.573181 -19.643470 121.387836
1.745760 -22.561222 125.287173
1.583641 -20.255383 124.872627
3.585100 -19.110138 120.539026
2.930420 -19.809981 120.449432
1.912011 -18.463594 120.099766
0.231872 -19.910571 118.936331
1.442568 -19.350088 119.584207
1.318244 -19.551441 120.123465
0.708953 -20.143450 120.078264
0.163721 -20.263459 119.869213
-0.325380 -19.699962 118.752856
0.219276 -19.394367 118.389933
0.374561 -18.906744 118.186779
0.812018 -18.888969 118.375906
1.895296 -18.456006 119.523964
1.686769 -19.071440 120.105189
1.687382 -18.958940 119.531973
0.714973 -18.229830 118.078154
1.243943 -17.964439 118.342611
-0.866748 -20.087181 119.412059
-0.306589 -20.408394 120.343781
-1.244278 -20.474661 120.993770
-1.611184 -20.124341 119.728758
-2.137255 -20.338515 121.100717
-2.618578 -17.403011 118.895279
-2.615944 -18.050492 118.701423
-2.598196 -18.466227 118.835753
-2.900300 -18.931183 119.528830
-2.295222 -19.778561 119.757834
-3.174226 -19.180271 120.186759
-1.355841 -19.849143 122.450571
-1.717759 -20.182593 122.108487
-1.174574 -19.281239 122.876186
0.247174 -18.948917 122.202284
-0.072128 -19.477935 122.060357
1.066161 -19.266970 121.230837
0.433124 -18.264859 122.366675
1.375404 -18.412713 121.409834
-1.168811 -18.707842 123.113306
-1.948346 -19.414000 122.889961
-2.306197 -19.957288 122.314731
-1.962471 -20.353080 121.581967
-3.281418 -19.385736 120.858174
-2.597890 -19.938789 120.609551
-3.649252 -18.325957 119.694792
-3.613226 -17.955858 119.571957
-0.642757 -18.855871 122.836491
-0.615507 -20.076666 121.750721
-0.923782 -20.346596 121.435929
-1.767972 -19.625307 119.248248
-1.901723 -18.553016 118.425920
-1.810563 -18.035005 118.238654
-1.488731 -16.929254 118.301605
0.169582 -20.224985 120.783255
-0.767531 -18.956171 118.321994
-0.551425 -18.605252 117.967072
-0.424414 -17.916198 117.798769
-3.647871 -17.148006 119.966648
-4.120856 -18.411924 120.145150
-2.766416 -19.951935 121.738944
-2.717290 -19.635074 122.346576
-2.672534 -19.153480 122.748087
-2.250544 -18.165780 123.212442
-1.994941 -17.241586 123.313584
-3.960632 -16.787526 120.143419
-4.269496 -17.894452 119.790961
-4.492018 -18.178440 120.317901
-3.319533 -19.236480 121.758341
-2.967250 -17.969394 122.996100
-4.503744 -18.231908 121.081610
-3.772661 -18.366250 122.264892
-3.706068 -17.730571 122.590180
-4.625512 -17.765086 119.683450
-4.742863 -17.812693 121.333848
-4.590731 -16.962104 121.740324
-4.592029 -16.519482 119.463385
-4.732718 -17.112008 119.408916
-4.789659 -17.597217 119.342746
-5.018810 -17.647536 119.487137
-5.334137 -17.556071 119.690437
-5.617763 -17.386095 119.840274
-5.744821 -17.141927 119.931035
-5.731361 -16.664554 120.002056
-5.635137 -16.272539 120.025259
0.030098 -20.044651 119.334692
0.587001 -19.796978 119.061500
-3.391656 -22.691279 121.410185
-1.187945 -22.897023 121.738730
-4.029908 -22.207168 120.261434
-6.848764 -22.691008 126.822600
1.231157 -17.523374 117.242303
1.053507 -16.459500 117.373284
-0.744749 -17.109641 115.561661
0.499707 -16.349750 115.887978
0.467795 -16.651135 115.675961
-0.570570 -15.868552 115.916483
0.993976 -17.831360 116.347063
1.039115 -16.642333 116.629117
0.144136 -18.012387 115.479252
4.254843 -18.136229 120.819372
3.418689 -17.301207 120.939118
-3.895648 -10.060704 126.294516
-4.674652 -9.236717 129.338178
-4.131335 -9.374843 130.472681
-3.656042 -9.561382 130.770494
-3.066138 -9.984306 130.807885
3.595787 -17.559830 120.583686
2.917545 -17.323230 120.820844
3.036014 -17.271195 121.562631
-1.925170 -11.267078 127.639893
3.591828 -17.548409 123.009875
3.400227 -16.955615 123.459074
2.791752 -13.810895 124.146789
3.199604 -15.550045 123.197690
6.346669 -17.477024 130.151146
5.478706 -15.859323 128.136277
5.723039 -16.004258 129.748331
5.986896 -18.478126 132.713817
6.078995 -17.384280 132.001106
5.837137 -17.430620 132.804982
5.673895 -16.335381 131.933601
1.820006 -12.702729 127.044839
1.029075 -12.317690 125.852686
3.124955 -14.083205 125.419566
2.751382 -13.557438 125.241041
5.255114 -15.533604 126.786132
2.619958 -14.470104 122.844180
1.764941 -15.124592 119.819374
0.092832 -14.324874 118.499367
1.402316 -14.715441 119.780717
2.310164 -13.514932 123.785735
-0.335110 -11.872940 124.961847
0.872141 -12.382861 124.790256
0.271247 -15.218210 117.539132
-2.473666 -13.520687 118.011641
3.328832 -17.046481 122.434706
2.246982 -15.077736 121.274726
-0.495184 -14.013975 118.113073
-0.407144 -15.012243 116.633610
0.627007 -16.019218 116.599186
-1.200451 -13.478589 118.344976
-0.673770 -12.964565 119.854148
-1.640415 -12.057240 120.922322
-3.668118 -15.529617 116.936389
-3.700972 -14.288987 117.747198
-0.851609 -14.547696 116.912041
-1.728504 -15.544791 116.308688
-3.201174 -14.987306 117.109246
-5.102753 -12.268726 120.328526
-5.387264 -11.730462 121.544378
2.829375 -17.857618 119.032332
2.409207 -16.973090 119.014011
1.696339 -15.745465 119.386140
3.165230 -14.555668 123.934153
-2.351897 -11.110352 130.257902
-8.672645 -10.471170 125.972241
-3.034368 -11.203294 132.968061
-5.202581 -10.591409 132.389779
-3.772156 -10.690916 130.694172
-1.034424 -11.781712 132.002036
-0.253690 -12.303898 133.640025
-0.081558 -13.105726 135.555597
1.378375 -13.538914 134.899865
1.326386 -12.820413 132.625321
-4.761609 -11.104060 134.375435
-0.875726 -11.754925 130.545678
-10.952189 -11.745712 127.087241
-11.909347 -14.614122 133.051248
-12.301957 -14.466656 131.359637
-12.477016 -14.400672 129.800992
-12.568337 -14.426446 128.445150
-12.380039 -14.408970 126.955656
-3.603107 -15.928618 138.919886
-5.681797 -15.345653 138.591959
-6.894356 -14.990635 138.054089
3.079888 -16.791737 136.237142
1.696769 -16.452168 137.091680
-2.089058 -15.296054 138.443190
-3.363802 -14.920252 138.559969
-5.384525 -14.356582 138.279043
-6.464606 -13.985068 137.767153
2.098415 -15.552577 136.418115
-1.229819 -14.506384 137.745536
-3.194512 -13.958174 138.085088
-5.052452 -13.457790 137.784147
-6.094151 -13.081676 137.328259
1.843616 -14.327115 135.697593
-1.262548 -13.420136 136.930478
-2.748662 -13.007410 137.199993
-4.853338 -12.465819 136.895360
-6.087353 -12.091889 136.339657
-2.095148 -12.552262 136.136777
-3.571712 -12.135852 136.262374
-4.850399 -11.753583 135.928589
-5.735794 -11.534634 135.565666
-5.838366 -10.749787 133.647149
-6.830395 -11.169022 134.675582
-7.579306 -11.584055 135.096551
-8.144921 -12.301113 135.721758
-7.017108 -12.751153 136.753395
-9.006978 -13.089875 135.772619
-7.542887 -13.600056 137.112305
-9.648720 -14.101740 136.066557
-8.078282 -14.660211 137.359258
-4.922673 -11.347769 124.393116
-6.866483 -10.583954 125.037101
-7.046981 -10.257030 128.431313
-6.420694 -10.282663 130.301044
-5.563289 -10.359533 129.741390
-5.509574 -10.354711 127.578170
-5.872393 -10.398396 131.608588
-6.445461 -10.370534 126.882965
-7.620525 -10.357316 126.678026
-4.510326 -11.401854 124.493190
-11.389667 -13.568764 132.984262
-11.797273 -13.458989 131.272652
-12.011324 -13.452490 129.716020
-12.126097 -13.489483 128.408324
-12.035679 -13.583403 126.926450
-10.161452 -12.782446 134.285963
-10.745717 -12.602487 132.812305
-11.172418 -12.508209 131.142692
-11.434957 -12.494312 129.577045
-11.586944 -12.566381 128.068741
-9.486627 -11.980931 133.997028
-10.071572 -11.814970 132.583354
-10.532465 -11.681100 130.971727
-10.790606 -11.643108 129.401090
-10.955968 -11.687498 128.151379
-8.713350 -11.296825 133.737506
-9.380372 -11.152822 132.277424
-9.824249 -11.046547 130.699786
-10.249705 -11.056118 128.558390
-7.983523 -10.840212 133.359312
-8.694811 -10.695628 131.919505
-9.176279 -10.636842 130.395856
-9.696625 -10.697283 128.216275
-6.666898 -10.454501 132.552401
-7.636173 -10.265935 130.573473
-8.360106 -10.321589 127.933519
-3.597360 -11.350359 124.381476
-4.832259 -11.569387 123.076762
-2.027521 -11.814336 121.517613
-2.705567 -11.730791 121.017370
-3.581588 -11.419922 123.108439
2.756472 -14.511569 134.968071
5.342551 -18.383629 133.936694
5.376654 -17.530708 133.697491
5.104195 -16.222273 133.309107
4.534474 -15.198069 132.930945
3.011325 -13.925427 133.260474
-0.676351 -11.723035 128.418301
0.754343 -12.181976 127.019843
1.954432 -12.867937 129.114734
3.521818 -14.576875 133.829053
4.123473 -15.441564 134.089002
4.336952 -16.090727 134.472840
5.001293 -16.830260 134.019499
4.677290 -17.467318 134.710578
4.813754 -18.232028 134.641426
3.103793 -15.649765 135.693841
4.994523 -15.012935 130.347756
-0.823081 -12.457119 120.999857
-3.037946 -12.493364 119.448191
-3.254645 -12.027513 120.233638
-4.062390 -13.140727 119.126190
-3.805758 -11.722672 121.150609
-4.752232 -11.842572 121.727556
-5.129872 -10.567008 126.526823
-3.313080 -11.257684 125.338393
-4.640469 -11.170376 125.320468
4.365154 -14.399183 126.916626
4.377712 -14.489605 128.292918
2.294902 -15.534266 120.847808
5.418955 -18.104488 125.389162
5.643312 -16.957684 126.054276
5.673159 -16.482486 126.676912
1.475119 -15.778877 119.133536
2.213818 -17.733507 118.337455
2.035015 -17.086783 118.892838
1.953389 -17.006523 118.041724
-2.561011 -11.019171 127.823086
-3.156095 -10.598305 126.746316
-3.459643 -11.143532 127.484358
-2.946395 -10.540456 127.928324
-2.927720 -10.735356 128.251881
-3.285419 -10.846259 128.041602
-3.618664 -10.559969 125.471113
-4.221247 -10.479407 125.426675
-3.662534 -10.051159 126.872614
-4.156520 -9.670613 127.795260
-3.343393 -10.546538 128.874936
-2.644328 -9.969972 130.335079
-3.139954 -9.502655 130.804971
-3.750559 -9.218388 130.522871
-2.618236 -10.964914 129.661315
-3.238092 -10.762948 130.190352
-4.290037 -10.567802 129.658142
-4.570063 -10.533406 127.305094
-4.749786 -10.476854 128.548764
-3.271089 -10.115049 129.574329
-3.896587 -11.003985 125.573369
-2.902490 -10.358031 130.992641
-3.667344 -10.699620 127.102565
-4.584313 -9.805357 129.419183
-4.567155 -9.931746 128.623545
-4.346504 -10.088363 129.600751
-4.113476 -9.972809 130.306216
-3.068557 -10.479665 130.577561
-2.479446 -10.841254 129.903904
-5.070897 -9.169769 128.965354
-5.040964 -9.550727 128.953089
-4.815366 -9.012823 129.655380
-4.447454 -9.300090 128.350735
-4.037277 -9.564625 129.222451
-4.261613 -9.947497 128.924104
-4.425500 -8.967347 129.771763
-4.016276 -9.425346 129.458282
-4.253413 -9.756092 130.815162
-3.900920 -9.549239 131.101717
-3.856538 -9.229110 130.870554
-3.688541 -10.403470 129.439107
-3.331927 -10.047961 130.407465
-2.405993 -10.468009 130.541482
-2.461593 -10.090292 130.539133
-2.730507 -10.309888 130.453185
-2.365442 -10.643767 129.745432
-2.699815 -10.938671 128.893243
-2.502501 -10.430843 129.523773
-4.033227 -10.303104 128.585025
-3.275822 -10.634263 128.574591
-3.237584 -10.418637 127.678047
-3.404663 -10.471025 126.373485
-4.696613 -9.424631 126.599972
-4.860454 -9.699001 127.489339
-5.042475 -9.485154 127.539201
-4.462297 -10.200968 126.863255
-4.577154 -9.799294 128.069214
-4.692759 -9.268027 127.705308
-4.353093 -10.074427 128.199311
-4.978074 -9.238137 127.294522
-4.823246 -8.979567 128.427027
-3.720107 -11.035480 127.841484
-0.496270 -15.229917 116.267034
5.111186 -15.522747 126.275501
3.161225 -13.709334 126.624259
3.442818 -14.664489 125.632079
4.726090 -14.786499 126.527853
3.428499 -15.659347 124.236978
3.362489 -14.950608 124.719960
4.930880 -15.877469 125.834425
3.752471 -15.194681 125.328858
4.257244 -15.005697 125.816180
4.338012 -15.792964 125.561997
4.408987 -16.248354 125.538832
4.262534 -16.790795 125.249798
4.178142 -17.250417 125.322199
4.945203 -17.042621 125.524629
3.374049 -17.497735 124.968826
4.616848 -18.617103 124.990435
3.872380 -16.956604 125.280644
3.290463 -17.584336 124.741119
3.867733 -18.373910 124.770271
3.253155 -17.605144 124.298342
3.720227 -16.383212 124.431208
3.431596 -16.387440 124.116088
1.853642 -17.450537 118.924066
1.721094 -18.278534 118.760979
1.474230 -16.019748 119.321442
1.618837 -16.884922 119.045177
3.833371 -17.533984 121.059490
-10.805802 -13.743123 134.470918
-2.272593 -16.310700 138.804526
0.514580 -17.132471 137.904816
2.030978 -17.548779 137.107836
3.492332 -18.099319 136.031424
6.326567 -17.935819 131.400521
5.861254 -18.037175 126.205105
3.984249 -18.338346 123.037975
4.810556 -19.008544 121.274192
4.852205 -19.403466 120.714248
6.347181 -19.331376 129.737835
5.927010 -19.476097 132.693802
3.323783 -17.943811 120.562794
4.830401 -18.722092 120.754278
4.575199 -18.539607 121.302651
3.767905 -18.809474 120.033680
6.417238 -18.435831 129.884453
6.222073 -18.747582 128.619045
5.938953 -18.617683 127.463710
6.043368 -19.932675 128.335556
5.735205 -19.714620 127.238077
6.286860 -19.977457 130.967135
6.232544 -19.693999 131.711241
6.423849 -18.491076 130.744728
4.544289 -19.518415 124.733819
4.908110 -19.780094 125.228967
-8.488988 -15.810146 137.509217
-10.146455 -15.262472 136.161521
-11.328581 -14.849368 134.533907
1.733648 -18.645438 137.291768
0.265544 -18.372663 138.051374
-2.186335 -17.752996 138.877904
-3.964674 -17.183728 139.045864
-5.955594 -16.562271 138.742925
-7.242596 -16.183060 138.232057
5.303862 -19.510785 133.930470
4.705352 -19.397923 134.732042
3.006975 -18.976313 136.405468
5.765661 -18.881635 126.336400
4.556520 -18.904074 124.860262
3.795436 -18.632420 120.298122
3.068486 -17.798575 120.492444
3.869555 -18.436287 120.423383
3.398025 -18.464534 120.447716
3.479576 -17.905834 120.646842
4.421209 -19.249991 124.248442
-12.661973 -14.122436 126.053864
-12.050815 -13.527773 126.294806
5.131308 -15.306790 131.352864
3.166051 -13.611436 131.376266
3.065436 -13.463072 128.961403
1.566053 -12.902018 124.060986
3.111979 -13.484316 127.727855
2.655575 -13.329510 126.475375
2.147459 -13.016240 125.143652
3.440499 -17.672477 121.834533
4.066019 -18.239416 122.365874
-0.228148 -11.798687 126.129462
1.928288 -12.965444 130.438128
-2.113768 -11.438081 132.609669
-2.186281 -11.726183 134.224866
-0.000752 -13.810375 136.542354
0.259436 -14.989750 137.253096
-0.689501 -15.725320 138.080847
-0.799083 -16.730249 138.404457
-1.332765 -17.979870 138.648739
-5.886393 -10.632135 125.800642
-3.918831 -11.281591 125.233292
-2.687708 -11.258949 126.009510
0.509874 -16.102378 137.644180
-2.335110 -14.194719 137.993099
-3.094715 -17.495355 139.009877
-3.902408 -12.711762 137.151298
-4.046475 -13.742423 138.034090
-4.300686 -14.670009 138.514981
-4.550108 -15.666279 138.854899
-4.851618 -16.907593 138.981884
2.344108 -13.805809 134.231975
3.867115 -17.098352 135.568488
3.635654 -15.812196 135.229287
3.750043 -19.154073 135.763618
0.481266 -12.799903 134.301874
2.055586 -13.259128 133.137989
-5.010548 -11.283137 135.057284
-9.333305 -10.612054 126.167112
-8.960307 -10.434991 128.624277
-8.585646 -10.413893 130.130917
-8.103787 -10.449785 131.480612
-7.329560 -10.596100 132.936040
-6.458466 -10.847156 133.996235
-3.561663 -11.665071 135.259859
-1.815098 -12.121169 135.008727
-8.402917 -13.301126 136.402478
-9.002420 -14.343085 136.672405
-9.488447 -15.509316 136.814370
-8.975526 -12.105701 134.749860
-9.635003 -12.920514 135.040793
-10.257030 -13.914983 135.311727
-10.740818 -15.057920 135.421702
1.137305 -17.215873 116.564313
1.467898 -17.504152 117.528339
0.884005 -17.217475 116.006985
1.638063 -14.042314 121.385754
-1.925513 -13.293693 118.269989
0.716705 -13.330421 121.224002
-1.346592 -14.597167 116.737132
-2.233403 -14.337691 117.119276
4.232251 -14.285431 129.633413
6.182157 -16.845481 130.039355
5.773615 -16.643015 127.741402
4.824038 -14.983183 128.142119
-4.431706 -12.330508 120.384727
-2.234581 -12.220336 119.872645
-1.462182 -12.508580 119.902508
-1.327391 -11.910671 122.834790
-2.537337 -11.464649 123.623709
-3.079005 -16.566316 116.394903
3.713865 -14.125469 132.196419
3.888645 -14.044357 130.994060
-1.618007 -11.513350 124.949139
3.564355 -18.304319 124.402002
1.483901 -16.776035 117.831087
0.440347 -13.912514 119.644122
2.454321 -16.433034 119.992033
2.910566 -17.989035 119.582246
1.392335 -16.079017 118.402648
2.138497 -16.139902 119.574886
5.770590 -16.062051 130.823262
6.108958 -16.815739 131.008690
6.267816 -17.632899 129.030815
5.946486 -17.578987 127.560146
1.517846 -15.886051 119.288132
-3.981460 -10.334653 129.015056
-2.706871 -10.448587 129.925536
-2.806856 -10.544643 129.836796
-3.785293 -11.422384 127.561458
-3.908872 -10.739634 127.706978
-3.916584 -10.694871 128.009444
-3.460059 -10.840766 127.176782
-3.897783 -10.631157 127.328320
-3.662812 -10.131195 127.336024
-4.825338 -9.506411 130.009699
-3.504175 -10.029806 131.171876
-2.640290 -10.638548 130.599559
-2.700565 -10.256898 129.740886
-4.322060 -9.451859 128.372352
-4.746518 -10.007560 126.125297
-4.300868 -10.463787 126.271702
-4.067239 -10.953082 125.432312
-3.074195 -9.624232 130.649566
-2.970288 -9.806911 131.102556
-4.435768 -9.214561 130.556783
-3.826833 -9.548136 130.213281
-3.702995 -10.346986 130.256422
-3.287932 -11.046906 125.814403
3.359907 -14.235618 125.911441
4.172486 -18.335915 120.363743
5.245892 -19.926554 125.753107
5.648500 -18.491696 125.693215
4.519382 -18.976273 122.769811
3.121535 -18.582945 120.092649
5.671925 -20.713362 132.633360
4.253057 -18.908683 124.192196
4.549285 -14.603882 131.189465
2.910703 -15.600944 125.483935
2.530875 -16.560189 125.151249
2.394448 -17.198059 125.169364
2.326406 -17.644594 125.094377
2.415294 -17.525042 125.155566
2.497354 -17.368443 125.493859
2.712786 -17.305050 125.658059
2.673490 -17.233892 125.521944
2.843396 -16.950563 125.988549
3.014425 -16.542554 126.152848
3.168912 -15.858955 126.191742
3.212058 -15.682076 126.059860
3.298712 -15.450151 125.989419
3.195311 -15.533910 125.951891
3.184430 -15.386580 125.734953
3.096367 -15.335187 125.752893
3.536701 -16.473056 124.574661
3.060178 -17.324565 124.853466
3.881050 -16.790139 125.519511
3.523711 -15.257938 125.489626
3.785380 -15.484135 124.963113
3.957171 -15.933073 125.530891
3.469716 -17.286322 125.312764
3.940497 -18.326775 121.048788
3.786710 -18.857284 120.935213
2.973711 -18.727403 121.210532
2.892503 -18.615187 120.983046
2.913461 -17.900884 121.092037
3.216372 -18.716532 121.242202
2.563039 -18.158818 121.858370
3.034625 -18.008817 121.540076
2.657659 -16.282732 125.205908
3.682509 -15.807507 125.914103
3.661561 -18.843022 120.563656
2.015016 -17.353743 119.769947
1.989052 -17.213120 120.340608
1.785012 -16.391164 120.426518
1.395544 -15.969091 120.268680
1.012629 -16.454403 118.660005
1.401005 -16.293254 119.207142
1.300550 -16.799824 118.672072
0.943565 -16.924765 118.370506
2.049099 -17.843301 120.202495
1.988981 -17.950559 119.596914
0.884252 -17.664633 118.131745
0.450486 -15.496551 119.838375
1.049119 -15.681731 120.782530
0.255473 -15.243898 121.479414
-0.178270 -15.127979 120.192236
-0.578709 -14.906329 121.605285
-2.225807 -16.415489 118.878651
-3.000110 -15.878116 119.755989
-1.921541 -15.914084 118.988397
-1.907430 -15.404488 119.874835
-0.942954 -15.061300 120.195691
-2.022256 -15.170407 120.558652
-0.239485 -15.953676 122.812228
-0.354756 -15.428291 122.550501
-0.381302 -16.706511 123.132688
0.669991 -17.627401 122.316905
0.673890 -16.869461 122.302839
1.571319 -17.507424 121.394739
-1.054459 -16.519730 123.320320
-0.715313 -17.099426 123.264043
-1.610293 -18.354091 123.265500
-0.958482 -15.859534 123.086548
-0.982598 -15.341954 122.743633
-1.336023 -15.071950 122.339772
-0.446289 -15.068060 122.072432
-1.433377 -14.971350 121.926065
-1.308809 -14.912664 121.272827
-2.849431 -15.549405 119.951370
-3.406237 -16.637701 119.976732
-0.315870 -17.924877 122.966306
0.543893 -16.035291 122.125077
0.439016 -15.594595 121.877828
-0.548812 -15.383912 119.637272
-1.103772 -15.973107 118.784305
-1.307453 -16.305843 118.470557
1.334915 -16.159135 121.160998
0.206506 -15.951855 119.025750
-0.006625 -16.304823 118.568999
0.008927 -16.652014 118.148008
-0.232995 -17.243424 117.860446
0.877428 -15.892190 119.336263
1.585709 -17.711398 118.820437
-3.226787 -15.305662 120.433543
-1.502952 -15.399447 122.739506
-1.740693 -15.810986 122.996611
-1.709615 -16.485039 123.257666
-3.609644 -15.598975 120.004748
-3.675652 -15.334927 120.581977
-2.194736 -15.314881 122.122583
-2.635400 -16.714198 123.086411
-4.242324 -16.577946 120.013955
-3.696624 -15.414553 121.343939
-3.061571 -15.887714 122.494194
-3.402080 -16.643971 122.734754
-3.976210 -15.501088 119.893949
-4.130664 -15.679960 121.531053
-4.393455 -16.344639 121.752559
-4.395141 -15.936687 119.517747
-4.187502 -15.497623 119.537800
-4.356373 -15.360225 119.695280
-4.682165 -15.305177 119.896726
-5.033177 -15.326046 120.034405
-5.273767 -15.483610 120.085914
-5.509127 -15.890379 120.074534
1.192977 -15.989997 119.710711
1.548910 -16.442611 119.373142
-0.114161 -12.373913 122.810969
1.537524 -13.380473 122.618707
0.750883 -12.916618 122.407491
-3.684119 -11.497429 127.847182
-2.544552 -18.907730 138.854899
-5.218194 -18.150304 138.954882
-8.810733 -16.987973 137.533213
-28.998461 -8.702234 113.035427
-27.667870 -0.520354 118.620272
-27.192020 0.830096 117.034617
-28.198831 0.219505 117.397075
-27.732590 1.202562 116.320114
-28.817138 1.819539 114.352567
-29.476639 0.697384 115.538663
-29.437410 1.865134 113.252723
-29.830424 2.037721 111.852916
-28.493269 2.714307 111.900954
-28.010661 2.527253 113.392339
-27.570837 3.149062 111.860772
-26.132590 3.890014 110.999445
-26.342958 3.298813 112.828551
-25.862297 3.628105 112.119395
-24.569715 3.105698 114.159763
-25.418781 3.021966 114.124462
-25.400118 3.440236 112.970234
-23.912074 3.480406 113.045870
-27.942442 3.682129 110.336497
-27.206112 1.921486 115.426324
-27.646511 2.234164 114.500535
-26.091399 2.429840 115.064438
-23.124265 2.752450 114.762971
-24.170914 2.798673 114.970428
-33.840979 -4.229153 118.819537
-34.019519 -4.018539 115.915057
-29.480067 -11.152069 113.787519
-29.223821 -11.601134 114.220487
-29.014993 -10.675832 113.982657
-29.147657 -12.176125 114.646772
-28.931370 -11.471913 114.176689
-28.385161 -12.681378 114.716878
-28.984719 -12.539207 115.022891
-28.095627 -12.868846 115.382930
-28.759752 -12.120899 114.281584
-29.237020 -12.869500 115.523957
-28.799263 -8.719011 113.543748
-28.948050 -9.708014 113.861218
-28.432153 -9.413226 114.136865
-28.460276 -8.836614 113.860089
-28.507567 -9.102336 112.923019
-25.659022 -13.801907 99.451195
-28.475419 -11.652107 113.495770
-28.171189 -11.802272 112.803929
-28.333552 -10.697620 112.818955
-28.500412 -10.839095 113.525762
-28.483132 -10.154590 113.774507
-29.259261 -6.584011 113.053139
-16.686485 -13.557004 104.039978
-29.011170 -7.651848 113.165951
-29.341557 -6.976155 112.837307
-30.671234 -6.022519 112.419816
-25.713556 -14.483052 106.795315
-25.574535 -14.329025 103.990673
-26.885586 -14.007362 105.688569
-31.029968 -5.241143 113.147584
-30.278890 -5.799499 112.912348
-28.729459 -7.834717 113.471880
-31.681877 -4.553717 113.707719
-29.897596 -11.496004 113.466777
-31.162197 -4.433795 113.326803
-30.459459 -5.014001 113.021873
-29.774219 -5.637838 112.934643
-24.948579 -12.577036 118.423365
-25.295106 -12.814322 117.492504
-25.625053 -13.010565 116.692297
-25.810515 -13.045232 115.829589
-26.154464 -13.247080 114.136232
-26.621159 -13.016047 114.639251
-31.936619 -3.170427 109.386719
-31.657998 -4.721445 107.122869
-32.526082 -2.905718 108.178998
-26.035393 -12.899040 118.131074
-24.273953 -12.431024 118.294817
-24.601385 -12.670759 117.290380
-30.264405 1.465621 112.511996
-30.680409 0.775804 113.044870
-31.005546 -6.010689 106.940271
-30.627221 -5.880831 108.390947
-31.088948 -4.575446 109.435361
-30.382073 -5.434450 110.320418
-30.446830 -4.564502 111.774000
-30.030571 -5.090619 112.676662
-31.326900 -3.507491 110.724324
-30.828511 -3.986410 111.750354
-30.579232 -4.530783 112.706951
-32.736932 -1.749166 108.893829
-32.202857 -2.180286 110.026571
-31.744749 -2.830220 111.748356
-31.458929 -3.355734 112.478000
-31.281069 -3.860988 113.063863
-32.500888 -0.348789 109.817619
-32.161965 -0.861982 110.999345
-31.952011 -1.832649 112.419038
-31.772657 -2.509800 113.236827
-31.674178 -3.061112 113.813690
-31.684077 0.617428 110.753400
-31.552407 0.224624 111.881138
-31.711870 -0.951388 113.002880
-31.692574 -1.919436 114.003648
-31.651784 -2.497683 114.637505
-31.197692 -0.841683 114.351224
-31.281870 -1.460422 114.839454
-31.491022 -2.196422 115.355341
-29.865987 -0.151511 116.210513
-30.272902 -1.002198 116.824995
-30.906457 -1.871967 116.608050
-31.385745 -2.748555 116.569057
-31.680178 -3.059383 115.189379
-32.015301 -3.456311 115.971196
-32.037593 -3.857558 114.748479
-32.759327 -3.749993 115.204375
-32.498687 -4.168226 114.137620
-28.722651 -0.543374 118.139998
-29.136065 -1.150674 118.418628
-30.042657 -1.880935 118.214673
-30.857768 -2.679071 117.955738
-31.752060 -3.240771 117.300890
-29.866535 -7.556757 123.455519
-31.551707 -8.004630 123.018563
-28.509011 -6.332966 123.315499
-27.957338 -7.606332 123.417473
-27.071742 -5.857386 123.021568
-26.792952 -7.054826 123.214090
-26.102325 -5.578695 122.896124
-24.445640 -4.686302 122.668470
-24.254436 -5.665807 122.892539
-32.322989 -3.569995 118.375387
-32.909393 -4.146421 120.042254
-30.040656 -3.450672 121.064021
-31.604695 -4.144432 121.216985
-31.578190 -3.270045 119.110096
-30.256907 -2.754004 119.276432
-30.595929 -2.687609 118.600585
-29.672942 -2.119500 119.030486
-29.329542 -2.330343 119.624839
-28.671872 -1.328163 118.881519
-28.412801 -1.728285 119.503049
-26.956677 -1.254296 119.767193
-27.369063 -1.837815 120.173182
-28.817739 -2.758522 120.543137
-28.538305 -3.193502 121.176993
-26.552346 -2.573314 121.176909
-25.592386 -2.786296 121.612890
-27.607449 -3.507171 121.766937
-29.710832 -3.972362 121.896828
-33.018270 -4.986597 121.049025
-34.166804 -5.035216 119.861296
-24.481871 -3.022424 121.936316
-26.963090 -4.042636 122.294396
-29.220245 -5.074357 122.833608
-31.094213 -5.562834 122.638654
-32.826511 -5.891618 121.859834
-34.207994 -6.117606 120.829074
-24.739210 -4.018758 122.439687
-26.520377 -4.833034 122.647715
-28.856430 -5.768387 123.146539
-30.628321 -6.307112 123.093550
-32.328828 -6.773944 122.552675
-33.569839 -7.045102 121.850834
-32.854406 -8.391851 122.278736
-34.257581 -7.186499 121.328959
-33.761697 -8.844916 121.420933
-32.589868 -9.043240 122.160767
-32.972779 -10.400196 120.813079
-31.847040 -10.404695 121.611890
-31.848838 -11.550930 120.446159
-30.601343 -12.708696 119.902965
-30.676309 -11.425260 121.266969
-29.619106 -12.450734 120.711342
-29.322023 -11.174417 121.961808
-28.351046 -12.282361 121.200982
-27.872658 -10.704826 122.523682
-26.947171 -12.028619 121.368950
-26.274006 -10.651165 122.432807
-25.868321 -11.898150 121.137002
-25.662636 -12.174026 120.820897
-30.498551 -10.243132 122.322725
-28.831236 -9.872558 122.882600
-27.247702 -9.611179 122.938587
-26.139159 -9.639522 122.816614
-31.263074 -8.939914 122.824608
-29.440095 -8.729013 123.301502
-27.755885 -8.461534 123.298505
-26.440889 -8.461825 123.135540
-32.077886 -4.721329 113.243822
-31.671379 -3.719970 114.042641
-24.684680 -13.517587 114.510596
-24.698191 -14.022559 112.799924
-25.170610 -13.292457 115.071700
-24.906362 -14.222571 111.598366
-25.912512 -13.721829 112.165076
-26.946572 -13.131464 112.695952
-27.390970 -12.939409 113.483772
-28.311730 -10.906673 111.918063
-28.082409 -11.884253 111.882137
-27.873158 -12.723059 113.141848
-27.607718 -12.739556 111.725176
-28.390039 -12.333249 113.795696
-31.125210 -13.572631 116.010234
-29.093055 -13.511676 117.365786
-30.801541 -13.606454 117.346199
-27.944547 -13.350376 118.091700
-28.633398 -13.068635 116.094130
-27.469618 -13.148388 109.724006
-28.128098 -12.290359 109.952583
-28.489692 -11.533425 109.618904
-28.713815 -10.657732 109.734455
-28.774927 -8.994790 111.301560
-29.002372 -8.379770 110.908302
-29.290990 -7.932652 110.257749
-29.951703 -5.557063 111.737098
-28.031620 -12.839932 108.048024
-28.534805 -11.948738 108.342954
-28.875507 -10.970219 108.484065
-29.207915 -10.525994 107.553395
-29.781780 -7.977785 108.285892
-30.161528 -6.840155 108.504645
-27.821254 -13.389376 105.982957
-28.511209 -12.582292 106.331426
-28.997324 -11.685255 106.529607
-29.483395 -10.471068 106.247812
-30.435897 -7.542165 106.518135
-25.378169 -12.407190 119.579668
-26.902450 -12.619982 120.297245
-28.196837 -12.730295 120.597354
-29.414866 -12.903496 120.107935
-30.816165 -13.098456 119.210666
-27.190207 -13.102721 118.997581
-28.142747 -13.262252 119.064856
-26.228877 -13.719656 111.054898
-27.143720 -13.723271 107.707748
-25.575635 -14.451986 107.890048
-24.995422 -13.033688 116.198141
-28.252305 -13.294920 117.017730
-26.374675 -12.997697 116.625181
-27.326877 -12.924894 115.523431
-27.364338 -13.100092 116.626875
-25.306151 -14.336887 109.495695
-24.547179 -12.386815 119.235303
-16.630239 -14.013031 106.381989
-17.800853 -14.425609 107.322164
-18.263055 -14.100644 104.219121
-18.685842 -14.417769 105.682436
-33.052060 -2.662804 106.394407
-19.938192 -14.634617 106.163465
-33.300904 -1.429190 107.218214
-33.207725 0.679395 106.075481
-32.946986 -0.074273 108.171996
-32.372919 0.642963 108.670881
-31.322360 1.770851 109.206761
-29.024391 2.853281 111.128313
-26.596222 1.326465 116.702083
-26.056624 0.811539 117.703355
-24.905073 -0.844035 120.082375
-25.628638 -0.150113 119.112628
-24.558224 -1.503692 120.767084
-24.231300 -2.188724 121.370949
-23.331252 0.714373 118.500152
-24.238311 0.378167 118.886950
-24.969630 1.208711 117.612815
-24.085133 1.563069 117.300890
-25.765506 1.803686 116.412172
-24.753079 2.027421 116.417092
-24.974448 2.597655 115.289545
-22.816826 2.026202 116.253128
-23.295967 1.937776 116.692961
-24.068236 2.201981 116.233136
-21.849602 0.519637 118.630333
-21.361340 0.537983 118.423312
-29.189653 4.838482 107.193226
-31.066618 3.964224 105.985505
-30.309895 3.332440 108.191996
-32.245027 -4.521125 103.890507
-30.573008 -7.404348 105.378643
-32.185260 2.170938 106.550369
-22.393077 -14.246865 112.967435
-22.567084 -14.602025 111.758165
-23.660160 -14.333495 112.428588
-22.443312 -14.860666 110.488462
-23.761508 -14.610523 111.031336
-18.766012 -13.753064 101.952738
-20.217838 -14.427453 103.857426
-21.236762 -14.558692 104.200807
-21.454540 -14.763488 106.088478
-22.477871 -14.876866 107.838310
-24.250418 -14.721370 105.841961
-23.965067 -14.794606 108.317089
-20.243969 -13.980309 101.181722
-20.482277 -14.196552 101.936262
-21.872620 -14.510802 103.218810
-22.578806 -14.654617 104.178298
-23.193141 -14.716562 104.870368
-24.623615 -14.541607 104.369614
-19.664055 -14.767987 109.749634
-20.796375 -14.867641 110.021254
-22.448510 -14.885860 109.439701
-23.813296 -14.711199 109.937587
-22.133581 -13.919992 114.136751
-20.838705 -14.604452 112.137052
-22.351876 -13.556455 115.391565
-23.972505 -12.837681 116.657767
-24.532419 -13.107091 115.803670
-21.021093 -14.808634 107.010788
-18.908622 -14.633417 107.760912
-21.286256 -13.879807 115.337637
-21.276039 -13.075747 116.945946
-30.710803 -7.387081 104.128848
-23.413661 -12.646510 117.917905
-24.647450 -13.846989 99.840510
-25.206050 -13.898387 100.431918
-25.795811 -13.925449 101.843854
-23.657263 -14.374342 102.188478
-24.238094 -14.394662 102.820076
-24.984925 -14.248615 102.600782
-26.534417 -14.047237 104.483777
-26.246583 -13.584130 100.764002
-26.593125 -13.526890 101.579899
-26.968420 -13.679359 103.594555
-26.233194 -13.475080 100.231365
-27.058414 -13.426001 102.699964
-28.216527 -12.899848 105.174589
-27.794807 -12.632061 102.223847
-28.358146 -12.408732 103.979964
-28.888524 -11.985430 105.355646
-28.494482 -12.008410 103.273821
-29.106073 -10.795804 103.333118
-29.217446 -11.135726 104.854762
-29.664248 -9.918230 105.001190
-29.561103 -9.917600 103.979735
-30.128736 -8.516082 104.781781
-27.689824 -12.339877 100.671670
-28.099277 -11.889244 100.925098
-28.467486 -11.413646 101.359995
-28.865393 -10.683381 101.824350
-30.062866 -8.540229 103.657819
-29.763714 -8.879587 102.259453
-26.579495 -12.426734 98.792915
-26.979777 -12.972752 100.346191
-24.680661 -12.530800 97.542014
-25.741348 -13.052134 98.900656
-25.740928 -12.251203 97.824023
-26.359031 -13.223298 99.708712
-23.546199 -13.009659 97.975333
-23.672312 -12.281655 96.948882
-24.565386 -12.947296 98.085430
-27.485188 -11.862127 99.428465
-22.326669 -13.149403 98.222369
-22.702932 -12.188343 96.783027
-21.421278 -12.315837 97.151335
-28.308059 -10.072861 98.770757
-28.577852 -10.246595 99.814179
-21.541034 -13.089529 98.325845
-23.983190 -13.664232 99.199941
-22.046958 -14.113802 100.798471
-22.320101 -13.680633 99.406627
-22.898914 -14.161679 100.871331
-24.827536 -13.437318 98.942966
-27.110980 -11.651378 98.549975
-24.381177 -11.589905 96.433117
-25.518470 -11.306097 96.777314
-26.308979 -11.158191 97.200769
-21.973320 -5.246867 122.748629
-22.695661 0.191584 119.129180
-23.457516 -0.726860 120.145814
-22.405820 -0.525632 119.900288
-22.746001 -1.680753 121.049528
-21.277392 -1.777377 120.876488
-22.570383 -2.372372 121.581899
-21.142246 -2.810539 121.614362
-22.322941 -3.194572 122.039793
-21.046136 -3.810759 122.175763
-22.101192 -4.089905 122.410709
-21.213191 -0.667461 119.884934
-19.593078 -1.901638 120.544030
-19.861675 -2.877363 121.333497
-19.383720 -3.895540 121.937819
-19.871006 -0.967938 119.745951
-21.099528 -0.079686 119.238187
-20.435670 -0.020631 118.842770
-19.938192 -4.392824 122.316729
-20.490364 -3.561157 121.922816
-20.886726 0.517967 118.227899
-21.099831 -14.797320 111.270637
-16.939585 -14.374778 108.947818
-18.244383 -14.580830 109.423706
-17.558253 -14.645550 110.931025
-16.408311 -14.420868 110.080338
-19.510583 -14.754569 110.986394
-18.691231 -14.704775 111.601890
-18.289558 -14.771560 112.633116
-17.200525 -14.750791 111.914135
-16.237340 -14.590864 111.238190
-15.931123 -14.640876 111.907194
-16.846088 -14.742289 112.573834
-18.088919 -14.724596 113.139850
-19.923505 -14.391771 114.201067
-20.327443 -14.397242 113.280564
-15.428934 -14.476915 111.427484
-17.385304 -14.395570 114.007607
-18.793977 -14.310752 114.576933
-14.679502 -14.258579 112.242924
-25.129997 -13.643025 99.329969
-25.634448 -13.764382 99.612893
-25.689367 -13.485901 99.275615
-30.513711 1.945832 110.722890
-27.308387 5.005093 108.314961
-28.540704 4.119628 109.059791
-31.117009 1.005358 111.455241
-30.702390 -0.798924 115.576527
-30.407013 0.215658 114.651059
-30.036757 1.049697 114.080634
-28.185185 1.551821 115.464309
-29.587562 -1.063064 117.874755
-28.765597 0.347581 116.723730
-28.556199 0.872789 116.245135
-27.540843 -0.804066 119.035193
-29.237842 -0.451132 117.576820
-31.659083 -1.392138 113.453780
-31.626290 -0.423414 112.484003
-32.094682 -1.253940 111.678189
-31.995603 -2.388948 110.751402
-28.170988 -6.984226 123.418472
-34.099220 -7.919859 121.493921
-33.202424 -7.677225 122.187761
-31.944717 -7.335574 122.847605
-30.258107 -6.863334 123.323493
-29.403503 -4.615763 122.566672
-31.378648 -4.898208 122.086779
-31.666381 -3.506370 120.062246
-32.722249 -3.700013 118.984583
-30.277302 -2.966074 120.005259
-25.758250 -11.438437 121.725512
-27.355778 -11.398566 122.008802
-28.716862 -11.717591 121.680875
-25.432619 -12.222729 120.260900
-26.847394 -12.405233 120.801081
-29.220470 -13.121961 119.486947
-30.704954 -13.291093 118.642057
-20.331858 -13.907848 115.544224
-28.103505 -12.559797 109.008801
-19.380700 -14.612360 112.495559
-19.130483 -14.610114 113.582618
-24.063835 -14.809346 107.055921
-29.356368 -7.313130 110.919591
-28.096106 -12.030520 110.896365
-28.666474 -9.935563 114.018644
-28.744346 -10.928756 113.912048
-30.593057 -13.474593 115.828605
-27.820070 -12.991097 115.983194
-27.336381 -13.419698 108.609898
-32.114777 -3.844841 107.665117
-32.540578 -3.637619 105.961508
-32.160745 -4.831540 102.398413
-31.433275 -6.256670 102.729406
-33.079055 -3.172417 103.195150
-30.300301 -8.069475 102.224396
-33.649823 -0.892752 105.168692
-33.468064 -2.284222 104.383870
-32.903695 -3.392946 104.225910
-22.633564 -14.869780 106.564564
-15.149747 -14.259138 110.952039
-29.405122 -13.486057 118.476476
-29.291646 -9.621916 101.587847
-29.546170 -9.509872 103.057181
-25.715057 -14.457358 106.000501
-28.899620 -11.455952 107.507149
-28.536005 -12.269964 107.356183
-27.945941 -13.093573 107.065250
-27.102536 -13.877392 106.658346
-22.267530 -14.379190 102.147769
-21.896381 -13.417334 116.335354
-29.824783 -6.076122 112.909899
-30.015838 -6.459840 112.571133
-34.340573 -11.808882 118.049809
-35.336498 -11.836330 116.636486
-33.260024 -13.126034 117.340485
-33.093684 -13.605212 116.303494
-31.710368 -13.596437 115.223055
-30.458155 -12.054697 113.051125
-31.023454 -12.519206 112.620957
-30.060911 -12.384576 114.267175
-30.326363 -13.241676 115.436659
-30.356427 -13.475512 118.349957
-32.351703 -12.963411 118.433289
-33.499257 -11.746285 118.994499
-34.489228 -10.632742 119.260437
-29.633995 -9.551846 111.954317
-29.535085 -8.588470 111.674093
-30.442585 -10.495730 110.425160
-30.471513 -9.990602 110.105585
-32.199635 -9.666977 107.474975
-31.765958 -10.655337 107.947050
-36.097865 -13.623271 113.140315
-36.914357 -12.506593 113.354895
-35.648991 -14.644015 111.996178
-34.471864 -14.670531 112.520257
-33.330107 -14.322719 112.525200
-32.447765 -13.788047 112.110524
-32.360307 -13.697556 113.425375
-31.850466 -13.490815 114.314299
-33.260081 -14.039852 113.887777
-33.794935 -14.159614 113.846267
-32.643830 -13.735461 115.861823
-29.860728 -8.141159 111.203339
-30.402494 -10.918504 110.968065
-29.161663 -9.609383 113.482895
-31.863081 -13.167805 111.348752
-31.455759 -12.576246 110.653951
-30.344463 -11.178279 111.623873
-32.212243 -13.024806 108.105109
-31.558997 -11.954439 108.643140
-31.526214 -11.328182 108.231987
-30.262556 -11.248245 112.257127
-30.768752 -12.007233 112.180286
-31.635388 -13.071279 112.353029
-29.785230 -10.910631 113.226461
-36.220064 -12.106817 115.015461
-35.397508 -13.421493 114.452458
-34.713797 -14.154615 113.551810
-31.133770 -9.089566 109.052019
-33.620838 -12.606220 117.759471
-34.605637 -12.559404 116.620353
-35.863224 -12.912733 114.614179
-36.427879 -13.074878 113.496769
-37.128579 -13.442062 112.120058
-32.874962 -13.424457 117.129032
-34.793590 -13.785921 114.435029
-35.681873 -14.009997 112.953888
-34.455217 -14.298525 113.311738
-33.183267 -14.457352 111.527826
-31.695982 -13.260158 112.987709
-30.743539 -12.846180 114.001589
-30.266621 -12.884995 114.821819
-31.100798 -10.338223 109.018717
-31.020731 -10.968965 109.213755
-33.809786 -14.484386 112.766004
-32.654100 -13.821050 115.047558
-31.756624 -13.685491 116.352555
-32.042658 -8.872043 107.770966
-31.123606 -8.244644 109.248751
-30.360965 -7.679308 110.702387
-32.240549 -11.647108 107.076249
-33.066808 -11.150160 106.067899
-32.824456 -10.356570 106.639094
-33.434941 -9.480286 106.099477
-32.111276 -12.416730 107.479155
-37.795822 -12.918194 111.624384
-32.728817 -13.933931 108.158282
-32.728435 -14.163026 109.598668
-33.551785 -15.056198 109.630506
-33.829282 -14.997733 111.194300
-36.886867 -13.955250 111.866348
-34.290376 -15.101110 111.557215
-29.194552 -8.055838 112.514994
-29.468988 -7.420465 112.253054
-31.607317 -12.816301 119.180110
-32.809818 -11.677401 119.663343
-33.892965 -10.518669 119.985267
-34.692482 -9.018886 120.480156
-30.084046 -6.797969 112.068099
-34.830870 -4.389130 115.164513
-35.034116 -4.482564 116.178095
-35.992356 -5.090099 114.696947
-35.672167 -5.353033 117.520498
-36.379969 -6.441721 117.258763
-36.325070 -7.484961 118.250942
-36.721714 -7.686863 117.264896
-35.854468 -9.355374 118.596207
-36.386689 -9.550912 117.357876
-35.047884 -10.767430 118.457979
-35.981483 -10.932454 116.725363
-35.322536 -9.175849 119.578364
-35.673853 -7.342013 119.499380
-35.695435 -6.227204 118.661141
-34.539529 -4.450502 118.001374
-33.958200 -4.028149 117.358830
-33.835689 -10.512937 105.485773
-34.550627 -11.047400 104.512922
-34.509380 -11.661347 104.188252
-37.216797 -11.807571 113.457777
-38.046862 -10.695248 112.354974
-37.812862 -10.135257 113.195836
-37.999617 -7.543136 111.815159
-36.559650 -5.790812 114.640502
-37.226106 -6.183725 112.583177
-37.113523 -5.854597 111.991113
-36.333902 -5.322000 113.088859
-36.639732 -5.611503 111.022335
-35.915599 -5.255505 111.956125
-34.676010 -5.198992 111.146696
-33.819682 -5.658952 109.724639
-35.475500 -15.296764 110.785390
-34.223588 -15.520812 110.088553
-37.059588 -7.102761 115.346264
-32.032696 -5.679107 111.158305
-32.268443 -5.920492 110.141542
-31.017413 -6.401463 110.964327
-33.267911 -14.689205 108.233986
-33.955374 -14.236823 105.044553
-34.407449 -15.286467 105.502615
-32.835909 -13.587760 106.830311
-32.799719 -6.254784 109.132773
-31.830743 -7.103118 108.988809
-33.306202 -5.302994 110.732409
-35.041389 -4.797299 113.060263
-37.839753 -6.438732 110.746406
-37.599208 -8.181419 114.041642
-37.162461 -8.049205 115.677227
-36.912729 -9.995411 115.790566
-36.638813 -11.274114 115.139395
-37.577115 -9.167121 114.270585
-32.895496 -5.005113 111.729173
-33.714208 -4.667711 112.647967
-36.930665 -7.371286 106.219452
-36.228267 -7.810403 105.377949
-33.934455 -6.679916 107.853596
-35.233956 -6.405389 108.059023
-34.002032 -8.276793 106.057952
-32.687586 -7.583526 107.586560
-32.981776 -11.976932 105.934514
-32.783423 -12.823836 106.284432
-39.486776 -7.822784 108.892456
-38.973093 -7.300713 108.116009
-37.338271 -6.048812 109.943590
-36.348597 -6.025757 108.946819
-37.977722 -7.139150 107.096248
-39.640339 -8.961119 109.880601
-38.391738 -11.509099 111.594560
-40.668571 -9.092041 107.221174
-40.283089 -8.524330 106.398404
-39.444084 -8.214441 105.423631
-39.963633 -14.816359 107.924357
-41.151758 -13.093759 108.051129
-40.993924 -11.022052 108.457933
-40.975999 -10.197932 108.122340
-33.890265 -13.233484 104.619823
-34.162049 -12.441331 104.268594
-35.153687 -10.453378 104.177855
-37.023272 -9.930634 102.875346
-38.837192 -8.345116 104.322819
-38.076522 -8.791909 103.466007
-35.031805 -16.188858 106.337421
-36.170934 -16.779168 106.510057
-38.406295 -14.781901 109.476504
-40.950374 -17.132515 98.196534
-40.917834 -17.763943 99.255554
-46.137255 -15.723217 100.103137
-45.413827 -17.108327 101.089664
-46.269060 -16.738185 99.944787
-46.213504 -17.720069 100.082984
-45.438712 -14.470539 100.714179
-45.919349 -13.850047 99.567090
-45.179743 -13.129470 99.622695
-44.814688 -12.703790 98.987443
-44.753568 -12.758057 98.127138
-44.028775 -12.529334 98.049862
-43.361136 -12.763157 96.580994
-42.857495 -12.499211 97.514860
-42.309034 -13.212760 96.310373
-41.615423 -12.930657 97.398462
-41.206090 -13.750494 96.442133
-40.670199 -13.479866 97.456936
-40.760251 -14.429405 96.288291
-40.174708 -16.099573 97.982792
-40.412900 -17.152415 98.900190
-40.220856 -15.336692 97.301294
-40.313753 -14.848674 96.957799
-40.442930 -16.408408 97.653698
-44.349612 -15.561899 102.649476
-41.579158 -18.108821 102.055688
-43.613931 -18.677596 101.313695
-42.528946 -17.952962 102.262466
-38.253041 -16.108745 100.434222
-39.100120 -15.410551 99.055245
-39.378738 -16.414003 99.599431
-39.789769 -17.854977 102.210354
-40.649490 -18.055719 101.458879
-41.146186 -18.189901 100.880469
-41.736355 -18.561942 100.477234
-42.367679 -18.769174 100.954777
-42.931559 -19.028544 101.017537
-39.876876 -17.691412 101.031320
-40.687266 -17.909355 100.350661
-41.336340 -18.270990 99.961019
-39.577164 -17.102267 100.231075
-40.101769 -17.376532 99.825842
-42.046148 -17.747231 102.684289
-43.567494 -17.561210 102.208432
-42.353534 -16.980807 103.425176
-43.921077 -16.038905 103.016129
-43.017546 -16.370978 103.505266
-43.481500 -14.850811 104.157307
-44.701956 -14.116542 101.739515
-44.975605 -13.343670 100.501398
-44.906155 -16.972128 101.662835
-43.066961 -18.803284 101.279912
-44.550417 -12.749226 100.350287
-43.294341 -11.418747 102.254251
-43.987113 -12.191376 99.684570
-43.229213 -11.328293 101.007545
-43.167436 -11.824486 99.336094
-42.511075 -11.084638 100.365802
-42.498257 -12.335420 97.976988
-41.682977 -11.576263 99.269261
-40.852694 -12.346715 98.537382
-39.065735 -14.669270 98.865744
-39.378712 -14.930302 98.506330
-39.341344 -13.885507 98.670347
-39.866167 -14.219740 97.984852
-39.293957 -12.654098 99.307430
-40.205783 -13.226339 98.146207
-41.216475 -14.790598 95.362136
-39.572801 -15.779092 98.677502
-40.041946 -16.803417 99.073399
-44.435671 -12.817498 97.165713
-44.590894 -13.187552 96.296743
-44.753957 -13.660643 95.597502
-43.762384 -13.212246 95.608700
-42.888746 -13.684210 95.053431
-44.027223 -13.648645 94.948856
-41.787605 -14.212205 95.190957
-36.814474 -11.273431 102.330077
-35.783927 -12.183792 102.673969
-41.869614 -10.601381 105.208943
-42.842133 -11.413614 103.853216
-41.525223 -9.838604 104.527941
-41.678961 -9.970393 102.770802
-40.762578 -9.166441 103.903985
-41.792846 -10.475373 101.145895
-40.125407 -9.260418 102.865430
-39.834646 -10.209124 101.339324
-38.672160 -9.491936 102.480311
-39.178944 -11.278393 100.539765
-37.637602 -10.446386 102.158387
-34.969918 -13.773184 103.133251
-35.295202 -14.861780 103.281227
-36.924209 -14.687782 101.058841
-37.114083 -15.667393 101.362367
-35.555396 -13.179602 102.460700
-37.628861 -14.131953 100.222616
-38.051149 -13.363373 99.939059
-37.970857 -11.997112 100.887471
-37.329564 -17.273761 104.862962
-37.698150 -16.600053 107.044213
-38.655067 -17.642622 103.342111
-40.272342 -17.670636 103.433879
-36.867268 -16.967142 103.843269
-38.068998 -17.314935 102.586396
-35.522727 -15.794908 103.974106
-37.624997 -16.608870 101.717784
-40.694715 -17.255135 104.038277
-38.280779 -16.059299 107.805496
-41.663969 -16.495379 104.453915
-39.636800 -15.433268 107.621846
-42.407061 -15.993542 104.377234
-40.651481 -15.098959 106.993184
-41.988334 -13.685831 106.813507
-41.596930 -11.714411 107.467683
-42.313996 -11.993759 105.695434
-36.645930 -16.253543 102.677264
-35.724744 -16.513982 105.301657
-36.646631 -13.657944 101.231599
-37.965125 -15.120205 100.089865
-37.099724 -12.833833 101.097635
-36.192784 -8.340224 118.503928
-35.584774 -8.243395 119.658340
-36.960272 -8.722919 116.381479
-34.867662 -5.035092 118.743924
-35.415822 -4.857302 116.788901
-35.937693 -5.238639 115.904210
-36.840026 -6.413290 115.168266
-36.234724 -5.787632 116.517067
-37.817118 -11.383192 112.580668
-38.237458 -12.233985 111.441443
-40.617950 -13.791493 108.118450
-41.694361 -14.360071 106.660070
-43.344844 -15.540561 103.922482
-37.185405 -10.548062 114.372566
-38.786155 -14.349303 109.464872
-44.118404 -17.244950 102.119280
-44.834757 -17.567898 101.464730
-38.959528 -15.856811 107.654339
-40.976411 -16.874743 104.483220
-43.459697 -14.066812 104.312903
-43.941416 -12.396769 102.191529
-43.364725 -12.869274 103.994777
-43.918281 -12.797631 102.656639
-42.570662 -12.857968 105.656319
-38.457412 -10.871087 101.334580
-39.877181 -11.667003 99.742945
-40.835460 -10.842394 100.319815
-42.572062 -10.683831 101.810467
-41.221872 -9.751266 106.277437
-40.853957 -9.135948 105.545604
-40.131223 -8.698379 104.643812
-45.933517 -14.258910 99.950843
-45.126300 -13.796758 100.747725
-40.859052 -9.670034 107.742072
-42.229791 -11.519087 105.468496
-41.695269 -10.701660 106.100492
-45.127551 -15.474752 101.496018
-44.240614 -14.789561 102.918030
-41.733735 -12.593671 107.427913
-42.098569 -18.186350 102.002081
-36.428412 -15.745792 109.330244
-41.363971 -18.196745 101.520175
-43.514242 -12.194881 98.693192
-35.555182 -5.580520 109.831616
-34.478229 -5.988716 108.931823
-40.055706 -17.881003 102.850953
-38.892321 -17.561308 104.218862
-37.113008 -16.853975 106.616447
-34.833250 -15.516314 110.506456
-37.445447 -7.192918 113.638735
-37.962924 -8.201664 112.571980
-38.267354 -8.746188 111.945126
-39.701673 -9.844741 110.179909
-40.793172 -11.845562 108.749865
-37.954229 -9.161103 112.993880
-38.231764 -9.856711 112.172071
-39.441155 -10.888177 110.461559
-39.607945 -8.365496 109.408710
-37.941231 -6.920531 111.295275
-37.264443 -9.194535 115.182148
-35.400604 -9.639460 104.306717
-33.616341 -8.807366 106.122017
-32.424020 -8.129816 107.588604
-31.464827 -7.573769 109.060791
-30.887823 -6.810356 110.739571
-37.677491 -9.249102 103.053184
-35.840021 -8.427283 104.807852
-34.134604 -7.549937 106.597676
-32.854406 -6.936227 108.091014
-32.252746 -6.668249 109.001806
-31.733765 -6.420666 110.030568
-33.752269 -14.916799 106.338664
-34.293374 -15.777454 107.680113
-34.999711 -16.078883 108.519915
-35.549484 -9.113123 104.472854
-37.717982 -7.800987 105.438627
-38.696157 -7.715987 106.257438
-39.602945 -12.157490 109.982582
-39.598346 -7.956991 107.260212
-38.814629 -8.324736 110.815390
-38.831826 -9.248012 111.206298
-38.780335 -7.701820 110.320502
-37.169109 -6.585448 108.007033
-38.179076 -6.686395 109.010807
-36.065265 -6.929218 107.117240
-35.119484 -7.242446 106.547372
-39.131256 -12.907616 110.054564
-35.670256 -15.991004 109.007801
-38.649865 -10.326213 111.503227
-31.678177 -5.580790 112.019106
-30.781086 -6.265832 111.836150
-32.508885 -4.821626 112.597975
-34.983415 -8.112295 120.567134
-33.042064 -4.357583 113.344804
-33.651722 -4.123277 114.571518
-35.023704 -6.142840 119.798307
-35.108985 -7.308601 120.374178
-41.053015 -18.293431 98.844211
-40.964275 -17.539575 98.101066
-40.756498 -17.670430 97.299173
-41.026231 -16.173946 95.207669
-40.768535 -16.941399 96.230306
-40.746983 -17.078952 97.105752
-45.955976 -18.622595 100.102862
-45.493261 -19.606499 100.089109
-44.419337 -19.608593 100.775314
-43.218534 -20.026040 100.673424
-42.023116 -19.015338 100.340081
-41.540840 -18.683794 99.851524
-41.246108 -18.662318 99.389503
-45.136475 -19.054426 100.652090
-43.834923 -19.438794 100.986866
-42.646336 -19.293871 100.711433
-42.884089 -14.274201 94.411581
-41.898481 -14.895289 94.540511
-41.113056 -18.061789 99.189346
-40.949134 -15.416136 95.626495
-40.664002 -16.051290 96.449204
-40.583652 -16.478359 97.249868
-44.642083 -14.356982 94.816288
-43.621517 -14.144531 94.511358
-44.021765 -18.482079 101.351559
-44.710529 -18.266858 101.201760
-45.452053 -17.985824 100.839836
-45.740629 -13.191451 98.713481
-45.596662 -13.088774 98.139815
-45.981067 -13.351626 97.637871
-45.914413 -13.688753 96.824948
-47.211801 -14.570901 98.318164
-46.930994 -14.033081 98.008558
-46.471574 -13.582900 97.957331
-46.798143 -14.151106 96.959706
-46.626521 -14.224513 98.987222
-46.318396 -13.609254 98.640897
-47.034527 -14.936647 98.901640
-46.630023 -14.990135 99.375628
-46.871449 -16.434255 99.100767
-46.650419 -15.626088 99.499402
-41.476101 -34.429950 87.058750
-40.659296 -35.144484 86.577401
-41.089940 -32.975864 87.571808
-41.209370 -35.581341 86.491857
-42.276136 -37.875466 88.738522
-41.934453 -37.239764 89.770816
-42.834464 -36.480749 88.794631
-39.061871 -37.044637 91.386180
-38.455223 -36.650453 91.294244
-40.744958 -19.302814 98.420672
-46.530535 -18.524458 99.247347
-46.802224 -19.563241 98.218158
-44.767561 -20.207549 100.266109
-45.148672 -21.148066 99.660551
-46.199626 -19.600059 99.341274
-39.970528 -34.103819 87.422253
-39.554532 -33.923754 87.748532
-39.172125 -33.581849 88.429977
-38.625800 -34.227475 88.714221
-38.301355 -34.598654 89.146647
-42.834406 -36.023748 88.033920
-41.956386 -34.724514 87.258350
-41.689014 -36.116931 86.571116
-42.260301 -36.666601 86.928287
-40.297429 -32.685827 87.973372
-38.023770 -35.246934 89.741892
-38.087602 -35.386653 90.540665
-38.017996 -36.516390 90.915342
-40.019387 -31.516715 88.904240
-39.056871 -35.010508 91.835272
-38.674761 -34.691383 91.439863
-38.488903 -34.373754 90.823909
-38.536575 -33.856284 90.062702
-39.451422 -33.375945 92.425140
-39.026880 -33.490058 91.809682
-38.821925 -33.200025 91.177229
-42.220119 -31.831615 88.173437
-39.272524 -32.309331 92.262671
-39.114658 -31.975409 91.631019
-39.168548 -31.634288 90.761721
-39.367362 -31.396838 89.939653
-39.726234 -31.179582 89.446893
-40.653502 -31.191790 88.608921
-41.557095 -31.274571 88.294388
-39.818796 -30.798582 93.513282
-39.509968 -30.499050 92.966214
-39.401991 -30.231612 92.249979
-39.467776 -29.977971 91.335090
-39.723683 -29.775737 90.493541
-40.225371 -29.417054 89.889883
-40.614113 -29.498581 89.470920
-41.274159 -29.488484 89.073513
-42.090972 -29.609855 88.892456
-42.839997 -29.814709 88.985734
-39.923172 -29.190553 94.203629
-39.633440 -28.871926 93.547576
-39.548259 -28.541703 92.739063
-39.724716 -28.255970 91.852968
-40.160418 -26.628008 91.432327
-40.133325 -27.958338 90.728129
-41.077706 -27.802274 89.766155
-41.754948 -27.832568 89.470920
-42.611550 -27.973734 89.442225
-43.353280 -28.231174 89.651375
-45.329141 -28.227831 93.805207
-43.881409 -32.747302 90.958880
-44.332691 -30.034543 93.612205
-43.307197 -33.682187 91.192782
-43.285569 -34.675545 89.778558
-42.672113 -36.555699 89.408610
-42.985163 -29.962774 94.560045
-42.608750 -31.512717 93.597064
-42.174853 -33.170335 92.536908
-41.791221 -34.871651 91.567771
-42.358019 -35.679196 90.496592
-41.396838 -36.972511 90.470941
-42.485782 -35.401016 87.628244
-42.872556 -33.952479 88.193345
-43.279543 -34.539933 88.759125
-42.088634 -31.138133 93.967851
-41.509296 -33.606185 92.518227
-40.894097 -36.269415 91.225214
-40.189735 -38.550195 90.264308
-41.299162 -30.331149 94.534645
-40.788836 -33.165857 92.975840
-40.272041 -35.713517 91.791825
-39.438741 -38.168756 90.789173
-40.587718 -29.462091 94.768699
-40.358473 -31.116608 93.884298
-39.941604 -33.607604 92.731771
-39.475407 -35.822226 91.845852
-43.958040 -32.589467 89.885825
-44.471822 -31.041325 90.805511
-44.991100 -29.484184 91.775784
-43.446558 -32.081284 89.073109
-44.018726 -30.502650 89.915313
-44.578895 -29.019393 90.763224
-42.657522 -32.337351 88.263687
-43.397570 -30.061852 89.308757
-43.952041 -28.539104 90.076981
-40.763817 -17.452797 95.098266
-40.698261 -18.242852 94.731324
-40.538165 -18.025380 95.847971
-41.295898 -15.898120 94.663079
-40.155891 -19.825484 96.286102
-40.546929 -18.093219 96.851813
-40.448575 -19.022361 97.386151
-40.278284 -21.025145 97.579352
-46.027161 -15.018629 95.357560
-46.848493 -14.807690 96.217095
-46.656952 -15.396599 95.638775
-47.162801 -15.576700 96.098523
-47.530686 -16.186726 96.563099
-45.057487 -15.381845 94.412977
-45.896691 -16.264240 94.556346
-47.302147 -17.426394 95.684122
-44.028924 -15.146699 94.019368
-44.705068 -16.103778 93.882597
-42.798408 -18.736369 92.378344
-43.364477 -17.164534 92.952514
-44.202083 -17.346891 93.247650
-43.761186 -18.891334 92.457428
-45.580266 -17.767193 93.804017
-45.065885 -19.265647 92.843340
-46.575336 -18.102517 94.522151
-46.120539 -19.620265 93.476395
-46.662814 -19.902199 94.024166
-43.753387 -15.861334 93.559079
-43.284894 -14.902455 93.917890
-42.557462 -14.960642 94.043166
-43.054349 -15.718666 93.481094
-42.388304 -15.695772 93.704843
-42.692933 -17.017267 93.062589
-42.140361 -16.933885 93.358121
-42.029684 -18.663487 92.693076
-41.652272 -18.709276 92.978608
-41.666071 -15.806847 94.163637
-41.401861 -17.457723 93.883795
-41.009549 -19.369602 93.416137
-47.289069 -14.925350 96.747337
-47.552363 -15.483061 96.926793
-47.535617 -17.294350 97.552907
-47.289912 -18.199864 97.728373
-46.179527 -20.760601 98.848353
-46.778555 -20.319530 97.761904
-46.084647 -21.899138 98.237494
-46.334692 -21.717680 97.637734
-44.898344 -22.231779 99.284280
-42.978164 -22.163277 99.865719
-41.956660 -20.050110 100.143761
-41.867234 -21.249899 99.833096
-41.466844 -19.906823 99.788337
-41.413390 -20.711029 99.604351
-41.069208 -19.650459 99.329039
-40.931213 -20.535552 98.982203
-47.606638 -15.709097 97.342041
-47.602118 -16.191311 97.482977
-47.592126 -17.502077 96.483269
-47.618606 -17.460379 97.097362
-47.502658 -16.579851 97.746610
-47.366753 -18.780958 95.569211
-46.906158 -20.097455 94.373885
-46.694129 -17.250384 99.193923
-46.736897 -21.428748 96.993382
-47.094515 -21.035038 96.081590
-47.169197 -19.764232 96.945190
-47.214787 -20.566646 95.229988
-47.420440 -19.284843 96.257750
-40.322067 -22.173870 93.277154
-40.329153 -19.327467 95.356004
-39.835023 -22.308191 95.495567
-39.830264 -22.365325 95.955032
-40.018559 -23.193976 96.738024
-42.416096 -20.108551 91.826279
-43.452256 -20.232123 91.753893
-44.182003 -21.392953 91.582523
-45.318821 -21.561400 92.252710
-46.257008 -21.228694 93.246651
-41.434923 -20.209330 92.443835
-39.877082 -26.494077 92.355950
-39.631941 -27.059446 94.087155
-39.665831 -26.716426 93.220854
-40.672915 -24.844185 91.400474
-40.959031 -26.110365 90.488088
-41.591388 -26.071374 90.104975
-42.307520 -26.116764 89.894521
-43.171121 -26.288523 90.029491
-44.144677 -25.929599 90.624317
-39.647639 -25.038006 94.738669
-39.722558 -24.361908 93.891689
-40.016111 -24.416361 92.908785
-40.694890 -21.931306 92.616738
-41.583490 -23.411388 91.012266
-42.470885 -23.431184 90.611556
-43.339184 -23.593746 90.626750
-44.243436 -23.625954 91.087192
-44.823040 -24.225600 91.427766
-40.013907 -22.184392 94.346815
-41.168795 -21.634450 92.114505
-41.844229 -22.145482 91.282704
-42.880988 -22.208067 91.003563
-43.829568 -22.425218 91.137435
-45.849723 -22.125072 92.664304
-39.926471 -27.491946 94.870070
-39.884588 -25.258957 95.825645
-46.201403 -24.082856 96.220245
-45.224750 -23.962347 97.888095
-45.448697 -26.206442 95.936627
-45.857385 -26.129050 95.115055
-45.056858 -27.694376 95.143361
-44.401732 -24.092894 98.309148
-44.458627 -27.759625 95.673847
-42.743962 -23.463441 99.082796
-43.082129 -24.849624 98.067528
-43.961713 -25.963052 97.109818
-43.495974 -28.043801 95.794501
-42.271682 -25.583749 97.581640
-41.093171 -22.605008 98.701704
-40.944474 -24.051259 97.923724
-41.023774 -25.617389 97.152753
-41.014637 -27.992965 95.709354
-40.544847 -22.948158 97.929079
-40.453590 -25.128994 96.807664
-40.408980 -26.729254 95.939594
-45.510179 -27.972035 92.830846
-46.173227 -25.727753 94.359393
-46.434568 -24.474343 95.159608
-46.681273 -22.923653 96.153801
-45.213850 -27.452254 91.737494
-46.100646 -25.205573 93.227849
-46.510448 -24.035744 94.043464
-46.960745 -22.279751 95.307172
-44.881869 -25.932929 91.328691
-45.531975 -24.643903 92.190293
-46.110840 -23.528661 92.997502
-46.853970 -21.796962 94.288708
-40.072437 -20.654226 96.714844
-40.721087 -21.779867 98.455240
-40.356872 -24.852357 91.943447
-41.502999 -23.083982 98.831877
-42.728142 -26.622837 96.820021
-38.034048 -37.919561 90.783422
-37.445572 -36.557518 88.424973
-37.219501 -37.073043 89.437442
-40.913162 -38.361468 89.866253
-38.488956 -38.494219 90.756672
-37.312821 -37.672712 90.337076
-39.695911 -35.449490 86.792096
-37.707875 -36.527842 87.853145
-41.389062 -38.424998 89.339847
-42.201828 -38.234128 88.183833
-42.007933 -38.063075 87.023404
-41.375801 -37.075953 85.997800
-39.547954 -36.579257 86.057212
-38.925180 -36.595641 86.511506
-40.254943 -37.017212 85.308247
-40.591562 -37.246842 85.263648
-41.949616 -37.463677 86.596096
-42.496571 -37.716063 88.150325
-40.378088 -36.187948 85.959342
-42.598953 -37.115620 87.507972
-38.195468 -36.533693 87.226688
-44.191869 -20.412995 100.400843
-44.102805 -22.213865 99.681962
-43.697869 -20.579695 100.452413
-43.592623 -22.203168 99.854918
-45.592829 -21.053501 99.355186
-45.511980 -22.109590 98.878749
-42.539370 -20.464226 100.355604
-42.387393 -21.958021 99.838473
-41.864637 -24.029047 98.467673
-46.031463 -23.874376 96.653678
-45.543905 -26.546234 95.316378
-45.798618 -24.132217 97.002390
-44.989201 -25.160284 97.233423
-44.781050 -26.353209 96.560079
-43.478087 -23.432746 99.090363
-43.699300 -25.106997 97.713117
-44.120818 -23.680249 98.662292
-41.710257 -26.934075 96.585174
-41.877222 -28.219178 95.770062
-42.710888 -28.118440 95.760604
-43.601082 -30.801131 93.594494
-43.797757 -32.390928 91.721178
-45.878895 -26.840196 93.638055
-45.655047 -26.309419 92.500417
-43.669506 -25.022516 90.482886
-42.813205 -24.802968 90.223043
-42.044580 -24.708888 90.344116
-41.316351 -24.721787 90.779814
-43.198103 -34.656727 90.328731
-42.754377 -33.872420 91.578129
-36.944094 -37.354453 88.215854
-38.871882 -32.959389 89.536220
-42.132161 -21.095424 91.519343
-43.195617 -21.197100 91.353183
-46.526245 -22.660063 93.668047
-46.762690 -23.151950 94.719005
-37.195981 -37.355559 90.015945
-45.893918 -14.202534 96.026465
-47.436637 -14.874761 97.716115
-47.169399 -14.420767 97.264521
-47.474741 -15.550302 98.249248
-47.223086 -16.031195 98.728683
-35.111563 -45.035462 88.530486
-35.116856 -45.064600 88.804890
-41.642318 -39.831572 86.062932
-37.261529 -37.974072 86.713531
-37.999979 -37.848105 86.144594
-37.207388 -39.359345 86.105449
-37.318858 -38.624236 86.282158
-39.115894 -37.360604 85.346820
-36.253980 -46.489583 86.875946
-41.262142 -38.089184 85.507084
-41.692977 -38.137456 86.191000
-39.740513 -40.292666 89.778870
-39.148899 -39.457913 90.327518
-38.064093 -39.480563 90.544654
-36.087431 -39.605851 90.395076
-36.504998 -43.532098 90.059064
-35.700458 -44.183929 89.768771
-35.029947 -43.883679 89.082979
-36.990695 -38.293056 90.264316
-36.493785 -37.813068 89.066053
-36.473858 -37.771322 88.115170
-35.307334 -38.523483 88.553110
-36.918755 -37.808095 87.225177
-34.692840 -39.594326 89.599911
-35.147283 -38.909265 87.709585
-34.537439 -39.468474 88.095994
-35.185726 -39.754659 87.039834
-35.830093 -41.228916 86.590200
-38.623469 -44.200534 88.879710
-38.651165 -42.445416 89.568325
-38.219235 -45.138020 88.748126
-37.618441 -44.594665 89.585235
-37.768732 -45.588336 88.954934
-37.985010 -45.688388 88.484423
-36.244125 -44.605180 89.855154
-36.810511 -44.817453 89.817329
-39.129570 -42.887510 83.479614
-38.862081 -43.040078 83.929804
-40.826684 -42.679405 83.658756
-37.263524 -42.649074 86.206507
-35.770495 -45.090740 87.070901
-37.895667 -42.704199 85.619081
-36.556305 -43.489052 86.787985
-36.959048 -44.711399 86.371081
-38.099863 -43.726893 85.426079
-35.940164 -39.397174 86.683082
-38.135019 -42.126574 85.331176
-38.381517 -39.323671 85.143551
-39.764300 -41.349596 83.394070
-40.392977 -41.255311 83.436167
-37.562702 -44.153487 85.875590
-40.210574 -43.261443 82.927877
-39.396656 -43.495051 82.955016
-40.895230 -43.310298 83.572732
-35.920797 -46.526352 86.964229
-40.552799 -43.976595 86.042048
-40.456576 -44.409730 85.477496
-40.499489 -43.558074 86.614303
-40.100484 -43.774920 87.261226
-39.827964 -44.895041 87.109710
-37.596672 -38.641276 90.543472
-39.966958 -42.485011 88.582126
-39.809867 -37.337966 85.018877
-39.698149 -39.413536 84.043380
-40.543207 -38.913644 84.296472
-38.627745 -41.688789 84.423884
-38.911866 -40.098268 84.267411
-39.258996 -41.117785 83.780936
-38.474010 -43.407974 84.874349
-38.469326 -44.298980 84.318966
-37.907723 -45.036317 84.929832
-38.794969 -44.561516 83.719716
-35.249898 -45.460977 87.660875
-35.468136 -46.275170 87.142929
-35.022125 -42.932860 87.330462
-37.323111 -45.504558 85.392075
-36.994001 -45.876176 85.691749
-38.556480 -41.548136 89.954886
-38.052217 -42.743615 89.868495
-39.613666 -43.986114 88.241285
-35.189628 -45.660615 89.015581
-40.954901 -39.777919 84.280683
-40.598301 -40.954241 88.650332
-41.083644 -41.962675 85.988838
-41.550924 -39.637121 85.381152
-41.352827 -40.937163 84.916431
-41.120310 -42.863132 84.475683
-39.687066 -43.988147 82.818573
-37.656331 -46.170584 88.101066
-37.241678 -46.432364 87.654728
-39.532786 -45.341902 87.722362
-40.416676 -44.539590 86.191473
-41.084975 -43.768154 83.985707
-34.754944 -40.773722 90.480422
-34.771641 -43.837604 88.055903
-34.551149 -44.009050 88.477505
-36.674880 -46.451353 86.998988
-36.242069 -46.201292 86.590200
-38.400201 -46.250449 85.747354
-38.959898 -46.088167 86.092703
-41.311504 -41.292427 85.585824
-40.913170 -41.856178 87.271805
-41.461215 -39.202044 88.487268
-37.276910 -43.328841 89.948700
-41.799466 -38.611658 86.731456
-41.093316 -43.702755 84.582272
-40.371818 -40.208960 89.346498
-39.242372 -45.138207 88.161599
-38.867748 -45.964741 88.009908
-35.531281 -39.366210 90.078575
-36.741142 -38.088464 89.955610
-36.632143 -37.925141 89.637431
-35.743032 -38.745107 89.762898
-36.654049 -39.778834 90.534769
-41.687424 -38.947403 87.824633
-40.470531 -42.468196 83.273721
-37.558526 -46.178657 85.244350
-35.618606 -45.908254 86.958790
-36.484964 -42.482437 86.544915
-35.611955 -43.603519 89.893941
-40.197767 -37.524755 84.911465
-37.835451 -46.156930 84.996902
-40.017575 -45.132772 84.399621
-38.971015 -44.983717 83.778602
-40.118352 -44.071692 82.909303
-40.589724 -43.404915 83.129483
-40.669978 -44.070193 85.083911
-39.117851 -46.256246 87.328288
-39.780787 -45.386650 86.459188
-39.418330 -45.739249 86.978782
-36.787800 -45.959237 89.633869
-39.039911 -44.094369 83.144097
-40.083871 -41.581000 83.278778
-40.138275 -39.181003 84.089412
-40.868106 -39.022337 84.475538
-40.900275 -37.883875 85.186487
-35.131856 -44.797820 89.054406
-35.166737 -44.721009 88.254641
-35.966964 -43.546442 90.097072
-38.461523 -45.130983 84.113287
-35.557730 -40.237369 86.699466
-36.323433 -40.463494 86.419067
-36.302850 -38.276481 87.043434
-35.257163 -38.599950 88.067009
-35.505942 -38.540202 89.303547
-36.457901 -45.663861 86.500225
-35.547627 -44.273157 87.591350
-35.130041 -46.222616 87.516431
-38.757643 -43.908655 83.364688
-39.412620 -41.882074 83.419508
-39.406625 -42.743805 83.248931
-39.828933 -43.358226 82.861455
-39.858673 -42.486358 83.094327
-37.683936 -40.872202 85.845110
-39.340886 -39.838498 84.028849
-38.880139 -39.347377 84.542189
-37.963084 -40.075195 85.462668
-37.394837 -40.295610 85.979189
-34.984479 -46.271928 87.897240
-37.185142 -43.446596 86.263120
-34.781325 -41.321508 87.065684
-34.370451 -40.887911 87.319005
-34.882437 -39.480991 87.471825
-33.892801 -40.162889 88.952874
-39.436552 -45.276263 83.913374
-40.808054 -43.376883 85.488389
-39.221857 -38.524524 84.685344
-39.652124 -37.894760 84.751437
-35.949191 -43.941019 87.172905
-36.125081 -42.545731 86.664112
-41.875461 -38.411116 87.671318
-38.244563 -37.186965 86.609178
-37.510209 -37.224306 87.314367
-41.755310 -38.563646 88.662582
-36.866902 -40.684852 90.495845
-34.213001 -43.702099 88.662284
-34.500498 -43.841059 88.672292
-34.710044 -43.701535 89.120140
-33.132471 -41.851712 89.323592
-32.996772 -42.562882 88.572126
-33.271458 -42.625184 88.172773
-33.580842 -43.002519 88.017620
-35.179163 -43.524512 89.733692
-33.856226 -42.059809 87.621242
-34.074331 -40.672316 89.987509
-34.219550 -39.815199 89.177783
-34.225190 -41.536565 90.466929
-33.629095 -42.425806 90.563548
-36.025830 -41.673824 90.580466
-34.926787 -41.775230 90.665392
-34.265975 -42.640687 90.740013
-35.039535 -43.081606 90.452314
-35.726217 -43.017984 90.275361
-33.193381 -42.812008 90.365916
-32.921369 -42.400627 89.699703
-33.629484 -40.742357 89.496099
-33.997082 -43.560912 88.321772
-33.961984 -43.144649 87.964806
-33.490077 -41.717534 88.012738
-33.320500 -41.350912 88.417208
-33.282304 -41.088064 88.888344
-33.398153 -44.380089 88.368186
-33.510531 -44.909065 88.940289
-34.493839 -43.906783 89.202389
-34.469946 -43.513838 90.509880
-32.110597 -43.993291 89.314416
-32.517295 -43.136724 89.154350
-31.825703 -44.116066 88.946856
-33.253434 -42.961464 88.373800
-31.904954 -44.334792 88.168929
-32.796054 -44.101924 88.147038
-32.476506 -44.307134 89.665768
-33.683411 -44.194135 89.925596
-33.005974 -44.801534 89.552902
-31.583206 -44.366046 88.355104
-31.539215 -45.204887 89.185082
-32.490663 -44.924755 87.916477
-33.722606 -43.417794 90.551999
-32.785086 -44.498748 89.724577
-32.108168 -45.737567 89.184213
-34.192140 -44.158826 89.561613
-33.774176 -43.423584 88.350871
-33.656440 -44.712249 88.715876
-32.934950 -45.614247 88.073858
-32.657575 -46.095398 87.890025
-32.563572 -45.935572 88.881190
-32.389208 -45.204647 89.541376
-31.639084 -45.541415 89.164724
-32.657258 -43.099814 88.767324
-31.198306 -44.940182 88.814845
-31.329253 -47.398529 87.675818
-30.788549 -45.969985 88.324151
-31.564562 -45.066030 87.509978
-30.520938 -45.840555 87.607001
-31.658845 -47.125887 87.497636
-32.045259 -46.581026 88.193902
-33.000669 -45.777829 88.589151
-32.476918 -45.658529 87.617284
-31.118477 -47.060698 87.230448
-31.081700 -44.820447 88.459656
-30.692550 -46.741172 88.168571
-31.724082 -46.467344 88.433951
-30.372264 -46.126801 87.967270
-30.793780 -47.417091 87.888675
-32.004653 -45.498421 87.423763
-31.473867 -46.339295 88.513530
-30.218210 -46.833265 87.788364
-30.671606 -46.093758 87.309089
-30.383587 -46.825073 87.434960
-30.761166 -47.310922 87.527209
-31.202530 -44.887696 87.841139
-31.162837 -46.344745 87.152868
-31.918009 -46.405492 87.342513
-36.876566 -46.641182 87.761331
-36.764837 -46.941989 88.100212
-35.875661 -46.052016 89.389869
-37.274881 -46.371473 88.073073
-35.879700 -48.135778 86.930507
-35.192824 -49.271708 86.981116
-35.992078 -48.156724 87.440231
-35.414944 -49.048314 86.616256
-35.053044 -46.470395 88.332656
-33.711122 -48.532628 87.259891
-35.373324 -48.767529 86.349030
-35.119519 -48.294734 86.176637
-34.585092 -48.115637 86.232113
-35.764976 -46.997251 88.773091
-35.367882 -46.646952 88.737722
-35.095751 -48.851406 87.626528
-36.193443 -47.101479 87.019788
-34.946146 -47.703661 86.292745
-34.599585 -47.603453 86.461957
-34.452616 -49.151420 87.544798
-37.395878 -45.753081 89.516915
-37.212716 -46.376099 89.041622
-34.103438 -48.903301 87.585423
-36.913553 -46.338868 89.341891
-34.005591 -47.988923 86.777901
-34.773525 -48.706241 85.805340
-33.841272 -48.642180 87.429087
-36.573650 -47.019345 88.464172
-33.910958 -48.098490 87.202119
-36.236288 -47.025900 88.681132
-34.111111 -49.649554 85.282679
-33.788440 -49.330803 85.165885
-33.303753 -48.611735 86.530102
-34.702230 -49.445099 87.091084
-34.769429 -49.477364 86.168812
-33.652012 -48.409747 86.097669
-33.641459 -49.433242 86.975121
-33.991815 -49.912684 86.569758
-33.758619 -50.266896 85.785050
-33.312266 -50.049833 86.420218
-32.649703 -49.968530 86.079187
-32.720251 -49.368857 86.105045
-33.345335 -49.164967 85.342808
-34.068030 -48.637493 85.654305
-33.187195 -50.315442 85.981301
-32.145764 -49.693470 85.662726
-32.545685 -49.161942 85.363166
-33.269112 -49.707543 84.538665
-33.061496 -50.450921 85.119494
-31.965560 -50.611322 83.925334
-31.855007 -50.199499 83.769593
-31.510550 -50.091293 84.050969
-31.389016 -50.004738 84.484592
-33.357829 -50.118333 84.724901
-32.805028 -49.199325 84.919589
-32.734690 -50.376585 84.593393
-32.236831 -50.418835 83.910201
-32.956692 -49.162953 85.716424
-33.950782 -50.134031 85.555436
-31.446324 -50.335370 84.591539
-32.413181 -50.415578 84.988474
-31.621635 -49.700583 84.444646
-32.310994 -50.089218 83.829836
-32.928935 -49.514900 84.440848
-31.566610 -50.578519 84.245390
-31.987075 -49.661613 84.049192
-32.233406 -50.372108 85.279491
-32.276086 -49.414676 85.621094
-38.594034 -46.516760 86.204112
-37.797855 -47.217365 86.789556
-37.562939 -47.528336 84.861603
-35.652854 -47.764030 84.880749
-36.548639 -47.632122 84.125239
-35.916522 -47.749930 84.337547
-37.017750 -48.628390 84.016546
-37.070773 -49.100418 84.413968
-36.077038 -48.055551 85.859892
-37.298584 -46.987202 86.985083
-36.390454 -46.944086 84.966582
-36.159657 -47.028444 85.461448
-36.518476 -46.739315 86.454268
-36.408092 -49.245576 85.188569
-38.042671 -47.331074 86.441476
-37.513908 -48.206299 84.910504
-36.864660 -46.868809 86.851202
-37.615150 -46.738030 85.005224
-37.677639 -46.001845 85.188760
-38.145549 -46.854111 85.640690
-36.813810 -46.371122 85.865064
-38.196284 -47.146993 86.120880
-36.647074 -49.282524 84.935912
-38.577814 -46.551084 87.553166
-35.449646 -48.033633 84.523798
-35.778588 -47.684749 85.452379
-34.395237 -49.936444 83.592892
-34.940876 -50.154095 83.549826
-34.844081 -50.249543 82.906756
-35.496236 -50.118855 83.432948
-35.467998 -49.533370 82.527342
-35.027686 -48.866372 82.631025
-34.663672 -48.860125 82.996380
-34.380977 -49.022464 83.284690
-36.832154 -47.869700 84.070000
-35.436763 -48.336648 85.072034
-35.942243 -49.497646 84.664910
-36.079776 -48.576197 83.290090
-34.975002 -48.564767 83.083618
-34.643329 -48.778757 84.114606
-36.871254 -49.222281 84.857088
-36.377448 -49.483722 83.829425
-35.164400 -48.973204 84.764732
-36.334520 -49.033943 83.418387
-35.660726 -48.662824 85.427413
-36.047992 -48.964326 85.443340
-36.238858 -47.942334 83.841995
-35.510862 -49.270731 84.823282
-35.353290 -49.237219 82.487656
-35.537883 -49.818548 82.707461
-35.448075 -50.064017 82.868656
-34.616770 -48.690589 83.623646
-32.923047 -49.668711 80.905082
-34.153025 -49.343976 83.491246
-34.094796 -49.679565 83.466448
-33.333196 -49.367980 80.823833
-33.446447 -49.853334 82.706340
-32.944545 -49.145017 80.890277
-33.899132 -49.789536 81.564933
-33.504005 -48.979596 82.659270
-33.512071 -48.787124 81.152050
-34.026666 -48.991686 81.241415
-34.011136 -48.696500 81.532379
-33.429247 -48.696321 82.126808
-33.428007 -49.414600 82.871089
-32.485690 -49.322832 81.461015
-32.624230 -49.659741 81.208029
-33.616105 -49.932787 81.931266
-32.716914 -49.001911 81.914287
-32.760620 -49.799513 81.175749
-34.404352 -49.564937 81.589449
-32.762660 -49.621820 82.081469
-32.912330 -48.807410 81.390360
-34.470148 -50.055249 82.209575
-33.489162 -48.595194 81.680561
-32.694508 -49.735601 81.741872
-37.844555 -45.678685 84.830033
-39.079041 -45.655867 83.774773
-38.728021 -46.173764 85.623016
-39.293381 -45.883796 83.983579
-38.068487 -45.372855 84.473303
-38.418805 -46.252161 85.444553
-37.113755 -46.401293 83.702516
-37.833102 -46.324635 82.867985
-39.141309 -46.333170 85.212955
-38.141350 -47.735674 83.636079
-38.260348 -47.571818 83.144562
-37.370173 -47.286178 84.208754
-37.903978 -47.636172 84.005928
-38.471668 -46.342610 83.092885
-38.040280 -46.975562 82.454361
-40.295656 -44.960967 86.108080
-36.914159 -47.668395 83.695422
-37.326154 -46.766836 84.373427
-37.191702 -46.524826 82.936694
-39.633776 -45.423690 84.089527
-38.808867 -45.257468 83.811446
-39.356931 -46.164646 84.401230
-37.394055 -48.371403 83.162137
-39.838399 -45.775388 85.207318
-38.971507 -46.644488 84.537459
-37.643612 -46.683980 82.451676
-35.864158 -48.741809 82.105847
-35.595353 -47.785929 82.086030
-36.003653 -47.410417 81.502783
-35.464722 -47.400738 81.352733
-35.196325 -47.723608 81.652964
-36.334421 -47.493146 81.224733
-36.820995 -47.853754 81.243078
-36.735646 -46.829165 82.817261
-35.744103 -47.556845 81.869245
-37.863315 -47.859414 82.541812
-35.354015 -48.267019 81.926849
-38.238995 -47.210264 82.697332
-36.730776 -48.248354 81.251880
-36.281577 -48.694136 81.312901
-37.282013 -47.981944 83.714240
-36.131434 -48.927278 81.837934
-37.669039 -48.260414 82.932667
-36.632703 -48.689361 81.669981
-37.168892 -46.714903 82.430456
-37.616969 -46.988262 82.148356
-36.724182 -46.932206 83.192960
-36.585595 -47.265378 83.318328
-35.845219 -47.487410 80.844115
-34.592770 -48.445795 81.196252
-35.443720 -48.473057 80.688846
-33.677831 -48.332716 80.342674
-34.340657 -47.992306 81.222834
-34.565997 -47.657106 81.267730
-34.858913 -47.271651 80.885220
-34.365897 -47.475755 79.640085
-34.077752 -47.232316 80.180709
-33.758017 -48.173916 80.659572
-33.609648 -48.258758 79.886412
-34.505101 -48.521519 80.639137
-33.674326 -47.630745 80.517347
-34.865656 -48.528094 80.559978
-35.763321 -48.026501 80.511321
-33.952830 -47.946620 79.560903
-34.570966 -47.836920 79.710893
-33.707999 -47.637362 79.780251
-34.917638 -48.178222 80.158390
-34.511673 -47.251747 80.044899
-35.519996 -47.631039 80.366701
-40.573084 -44.437166 84.469047
-39.849020 -45.153321 84.160716
-38.642683 -44.521757 83.431880
-39.584074 -45.613812 83.617773
-39.213226 -45.301579 82.102918
-38.544653 -45.265447 82.548997
-40.267460 -44.904298 83.471414
-40.282304 -44.583998 83.160321
-38.394408 -46.015590 83.030705
-38.233377 -45.846783 82.770458
-38.931405 -44.531585 82.649239
-39.626980 -46.258862 82.716874
-39.341504 -46.256524 83.131740
-40.085370 -45.157238 83.644554
-37.806920 -47.314034 81.933401
-38.547613 -47.155593 81.214566
-38.194686 -46.826686 80.781034
-37.615508 -46.532606 81.417278
-37.721609 -46.417345 82.209186
-38.360915 -45.583088 82.296240
-37.956544 -46.010773 81.908871
-38.746953 -45.725839 81.628632
-38.942156 -46.923942 82.371830
-39.196099 -46.799310 82.158287
-39.560726 -46.207501 82.236996
-39.349429 -45.777005 81.973614
-38.067789 -46.674686 82.588371
-38.357006 -47.480721 81.466445
-38.539993 -46.861289 82.604259
-37.979766 -46.552884 80.739471
-37.315479 -47.464436 80.467721
-38.910524 -46.121797 83.278702
-37.494309 -47.020115 81.919778
-38.036504 -46.341915 81.111013
-38.850391 -45.287243 82.206234
-38.212039 -47.516437 81.718348
-36.903900 -47.819048 80.896295
-37.428036 -46.800923 81.732238
-37.168880 -46.577693 81.115239
-36.654011 -46.950791 79.850821
-36.129726 -47.356989 79.916183
-35.981517 -47.451202 80.372155
-36.274311 -47.715499 80.693332
-36.256814 -47.175928 80.786648
-36.288659 -46.849363 80.382925
-37.088683 -47.074877 80.101389
-37.624532 -46.435159 80.795046
-36.455605 -47.530228 79.869761
-36.252752 -47.847824 80.302454
-36.566419 -47.727719 80.116233
-36.718514 -47.355509 79.826436
-36.547098 -46.759429 80.141564
0.363642 -1.025435 104.922282
-3.267934 4.008996 112.463546
-2.875846 4.293117 111.604568
-5.785416 5.795622 110.967592
-4.520221 5.586473 110.499408
-6.072726 6.366688 110.158536
-6.832111 7.365638 108.076018
-5.539699 6.746111 108.441938
-6.689784 7.478961 106.891294
-7.437954 7.714462 106.840105
-9.155209 8.040895 106.329305
-8.419804 7.716277 107.878065
-10.895615 8.463226 105.787911
-9.939102 7.849186 107.699106
-11.145481 7.661987 108.477742
-11.239559 6.850335 110.460926
-10.545788 7.143372 109.962148
-11.307570 7.367418 109.229865
-12.601088 6.735933 109.912599
-7.514303 6.901215 109.822616
-7.954342 7.349222 108.880832
-9.193924 7.506078 108.826149
-11.881167 5.963188 111.606406
-10.971264 6.499488 111.243285
1.442838 3.675795 110.418494
1.774020 3.942249 109.222756
1.779301 -4.226495 105.247600
1.286865 -4.390085 105.377865
0.891163 -3.630673 105.284930
1.794052 -3.387282 104.929665
1.154382 -5.233604 105.738896
0.520032 -4.831312 105.428924
0.300887 -6.324066 106.305751
2.087986 -5.543783 106.127760
0.352349 -6.698538 107.007005
0.241097 -5.697341 105.678439
2.435845 -4.792784 105.493080
2.381006 -3.746877 104.838057
0.074902 -1.542158 105.232032
0.305904 -2.516804 105.405431
-0.405409 -2.897685 105.717973
-0.488858 -2.388918 105.522607
-1.455264 -2.904808 105.301657
-9.109477 -9.159231 95.160622
-0.314472 -5.261874 105.139700
-0.954137 -5.571372 104.780782
-0.991038 -4.719989 104.775786
-0.381266 -4.453251 105.125703
-1.165504 -3.802960 105.090143
-0.456493 -3.853775 105.311116
-1.705216 -2.021803 105.272665
-1.228437 -1.544154 105.413677
-2.086823 -0.686057 104.971892
-13.647776 -12.682584 103.202091
0.261739 -0.093031 104.825357
0.067222 0.693664 104.895166
0.357013 2.209317 105.091486
-4.030840 -7.891028 101.581272
-5.475641 -9.112826 101.003251
-5.154709 -8.249834 100.027882
0.413252 2.797833 105.522607
0.865544 -2.035513 104.995484
-0.338361 0.577501 105.110387
-0.316664 2.624845 105.798987
-0.541232 1.893089 105.425469
-0.886621 0.663792 105.199584
-1.192170 -0.515419 105.276822
-0.713546 -1.452043 105.410443
-0.101552 3.214677 106.341418
-1.185336 2.858089 105.651583
-1.378321 2.080609 105.312656
-1.508394 1.091257 105.086825
-1.064462 -7.560180 111.662530
-1.234232 -7.762247 110.516478
-1.240287 -7.860172 109.621696
-1.506951 -7.884389 108.763305
-1.765717 -7.900035 107.211021
-1.095035 -7.491918 107.131129
-4.141754 3.705900 101.939817
-4.586957 1.851584 101.471732
-5.806743 4.583014 99.058510
0.203218 -7.399292 111.258838
0.023076 -7.537638 110.554571
-2.121768 -7.641571 112.061364
-1.959464 -8.021003 109.698918
-6.671228 7.538758 105.771550
-5.564044 6.999962 105.862532
-5.799580 0.606992 99.189568
-5.973159 2.433443 98.927589
-4.885091 0.627370 101.103630
-3.726410 2.492918 102.795340
-4.052929 0.928806 102.549646
-2.901086 1.000376 104.171471
-2.235126 1.319273 104.759119
-3.242679 3.226272 103.418532
-2.594710 2.750074 104.292895
-1.988220 2.369362 104.948742
-4.992006 5.398702 101.088634
-4.149737 4.877932 102.387467
-3.079117 4.199832 103.885732
-1.875306 3.269476 105.225678
-5.493281 6.614661 102.157387
-4.617953 5.965371 103.204143
-3.263247 5.004700 104.395571
-2.394677 4.361032 105.223680
-1.734479 3.859238 105.824539
-6.161326 7.244325 103.483085
-5.240579 6.788221 104.374877
-3.651606 5.648244 105.076711
-2.432788 4.747103 105.897520
-1.713494 4.191531 106.515381
-4.368036 6.238425 106.633160
-2.598310 4.919333 106.729329
-0.955158 3.818211 107.238839
-3.889791 5.812367 108.671881
-3.052602 5.294158 108.830497
-1.687080 4.349725 108.446934
-0.695511 3.879263 108.608899
0.365958 3.736476 108.471930
0.129366 3.625392 107.303201
2.123377 4.165427 107.899308
1.053616 3.820837 107.115241
-2.971435 4.773043 110.779014
-1.540694 4.074618 110.214523
-0.584210 3.702734 109.991575
0.546931 3.672471 109.791624
2.249752 -0.898994 114.834137
3.277262 -0.667154 114.383565
0.054563 -0.239026 115.302794
0.425552 -1.935008 115.498176
-0.896836 -0.297910 115.716791
-2.463688 -0.061525 116.381074
2.193543 3.019962 112.126084
0.067394 2.798373 112.858916
1.391428 2.637900 112.914903
0.712680 3.419275 111.292033
-0.437749 3.396285 111.417248
-0.732816 3.614226 110.779815
-1.220232 3.514848 111.644841
-2.118085 3.700621 112.057901
-3.020615 3.353637 113.345056
-1.199560 3.007841 112.811587
-0.935653 2.572341 113.358152
-3.947496 2.698127 114.831201
-3.414409 2.042639 115.335029
-0.742295 2.058739 114.028873
0.348303 2.287011 113.588743
2.700406 2.391177 112.812922
-2.844851 1.389026 115.701994
-1.280924 1.426770 114.953433
-0.228037 1.381911 114.595514
0.801274 1.159712 114.471543
1.965846 1.306938 114.038644
3.049715 1.594881 113.401790
3.981880 1.874387 112.712946
-2.410191 0.634314 116.025955
-1.085449 0.591913 115.379330
-0.079832 0.426182 115.083324
2.093146 0.495808 114.454548
3.204889 0.683007 113.951658
4.366837 0.994053 113.229398
4.416042 -0.620379 113.649818
4.205688 -1.127679 113.765704
5.586611 -1.633914 112.316828
4.246629 -2.428349 113.397793
5.431860 -2.967035 111.940099
4.980829 -4.854862 111.014227
4.102662 -3.711382 112.997884
3.766459 -5.430085 112.038107
3.146143 -4.161258 113.617736
2.756073 -5.849098 112.688950
2.026542 -4.542130 114.249594
1.588953 -6.216353 113.204837
0.611785 -5.078958 114.748578
0.281809 -6.592511 113.515076
3.337939 -2.896521 113.966654
2.228245 -3.370921 114.526530
0.651001 -4.033838 115.134910
3.382438 -1.583184 114.274589
2.304907 -2.141645 114.781468
1.333882 -2.486035 115.110395
0.481189 -2.854660 115.484309
0.736146 3.512368 106.216447
-0.995637 3.471388 106.247445
-2.942371 -8.616900 108.401229
-4.081960 -9.495645 107.028118
-2.617735 -8.441229 106.864300
-2.290779 -8.250550 108.583514
-0.301691 -7.128352 107.335191
-3.604245 -9.092571 105.889313
-1.774020 -7.538137 105.683573
-1.063744 -7.127832 105.968503
-1.731380 -3.958835 104.539840
-1.530906 -4.867195 104.321888
-1.635778 -5.877882 104.156597
-1.063194 -6.533230 105.192689
-1.824278 -6.958512 104.598824
2.941541 -5.897959 106.776757
2.827241 -6.640227 108.495278
3.206551 -6.584924 109.583787
2.479243 -6.885188 109.697011
1.495383 -6.586176 107.405968
-2.711922 -7.323692 103.351203
-2.782420 -6.400839 102.522347
-2.223196 -5.167234 103.371806
-2.300206 -4.190455 103.755521
-3.051603 -3.678143 102.936825
-1.988330 -3.066211 104.827768
-3.298643 -2.577879 103.246361
-2.327232 -2.163850 104.785778
-3.594681 -1.852537 103.075525
-2.627445 -1.088643 104.545042
-3.682671 -0.867033 103.155860
-3.867250 -6.927685 101.069352
-3.607525 -5.899030 101.132524
-3.284394 -4.718724 101.873723
-3.839093 -3.949336 101.326830
-4.624531 -2.774492 100.491101
-4.228337 -1.296400 102.030654
-4.713037 -0.504021 101.268730
-4.727835 -7.320691 99.886352
-4.530285 -6.450026 99.739245
-4.617617 -5.575645 99.489700
-4.586725 -4.622160 99.706996
-5.128573 -2.879062 99.452950
-5.457611 -1.138341 99.490012
0.023214 -7.194501 112.265166
1.531257 -6.687326 112.484926
2.634807 -6.346256 112.054979
3.624659 -5.933051 111.450123
1.385455 -7.197081 110.703996
2.596664 -6.741232 110.663714
4.231290 -5.996206 109.647485
1.234625 -7.258132 109.544459
-2.925362 -8.208764 104.777944
-3.613378 -8.143239 102.835629
-4.657444 -9.155683 102.868428
-4.210820 -9.166798 104.249090
0.504729 -6.936792 107.704598
-0.335791 -7.557469 109.103818
-0.325463 -7.352838 108.314755
-1.383099 -7.497562 112.385408
-2.569550 -8.128637 110.036204
-12.407849 -12.792026 105.203650
-10.802532 -12.458077 105.720758
-12.145829 -12.324237 102.422020
-10.971197 -12.210605 103.582824
-8.846284 -11.390834 102.928129
-5.963322 5.936958 99.511698
-7.740711 7.737881 98.870549
-6.455108 7.083813 100.675728
-7.011379 7.543076 101.477544
-8.127411 8.204223 102.620278
-7.789320 7.934366 105.541607
-9.443586 8.360538 105.498885
-4.312538 -1.351296 117.661212
-6.738735 6.005006 111.273597
-5.877134 5.075367 112.498114
-4.961723 3.557962 114.248663
-5.559450 4.481779 113.303310
-8.280256 4.487321 114.293132
-6.822214 4.437252 114.045661
-7.541177 5.469766 112.720948
-8.763524 5.497009 113.008883
-8.024243 6.294767 111.394190
-9.031753 6.143530 111.972120
-9.337270 6.705164 110.916174
-10.282823 6.692593 111.014341
-10.392820 5.532581 112.890586
-9.917848 6.037494 112.234061
-9.683432 5.444282 113.127851
-9.350675 3.720229 115.266082
-9.850401 3.591986 115.306921
-12.083107 9.624755 102.398329
-10.811501 9.529897 100.261829
-10.151454 9.062535 102.574291
-11.142825 4.118138 114.345572
-6.009662 -0.785990 98.478176
-8.949801 8.641913 100.008882
-4.713792 -9.685409 108.357889
-5.321720 -10.217438 107.235216
-5.803599 -10.512370 106.210451
-4.766282 -9.897212 105.878672
-13.024066 -12.114244 100.405137
-11.545949 -11.673959 99.574771
-10.683574 -11.705704 101.176054
-9.195185 -11.126468 101.080747
-7.185772 -10.634678 102.567624
-5.500561 -10.007421 103.925289
-12.195428 -11.698429 99.050081
-8.598262 -10.793486 100.514586
-7.651303 -10.447672 100.912177
-6.663787 -9.771985 100.544334
-8.063126 -11.585423 106.776323
-7.132666 -11.173239 106.416367
-6.299380 -10.598617 104.899086
-6.282820 -10.714490 108.144262
-3.560838 -8.527773 111.116948
-2.937085 -8.199133 110.500544
-4.252272 -9.078967 110.303789
-8.228025 -11.275284 103.639795
-9.561645 -12.054889 105.646144
-4.952399 -9.645373 111.059657
-4.717697 -8.865131 112.487039
-6.617812 -0.400510 97.277419
-2.974163 -8.058067 112.063904
-9.719630 -9.629084 95.839939
-9.182970 -9.549343 96.171932
-7.721928 -9.449977 98.091402
-8.548063 -8.976897 96.061049
-8.984634 -10.343116 98.454699
-8.187556 -9.943405 98.541371
-6.968187 -9.009503 98.308904
-5.885369 -8.398863 99.049013
-6.725321 -8.172664 97.574676
-5.913773 -7.831660 98.401054
-8.426165 -8.433078 95.596984
-6.913802 -7.736438 96.959065
-5.967245 -7.187656 97.961191
-6.574132 -6.370159 96.810791
-5.830457 -5.966413 97.771751
-7.649336 -6.791148 95.623101
-6.799066 -5.255189 96.467586
-6.343504 -4.425897 97.174538
-5.417358 -4.720609 98.407957
-5.643430 -3.451845 98.386271
-6.486273 -2.983503 97.267282
-6.084424 -1.936552 98.115818
-8.095728 -7.613348 95.441838
-7.104089 -4.207559 96.233792
-6.620280 -1.827750 97.236558
-7.657808 -5.835322 95.452623
-7.296008 -2.399744 96.136471
-7.571459 -3.320734 95.727271
-9.071904 -7.159283 94.393313
-11.348249 -8.867596 94.149709
-10.330103 -7.943688 93.962436
-8.761607 -8.200285 95.096786
-11.921993 -9.689857 94.859407
-12.268549 -9.103341 94.055973
-8.372303 -6.351591 94.803977
-12.494086 -10.384869 95.666418
-13.277285 -9.529973 94.306823
-14.066110 -10.240944 95.213962
-8.151121 -4.558736 94.993104
-13.048929 -10.693164 96.100423
-10.456504 -9.880850 95.729102
-10.941212 -10.989821 97.892176
-11.647086 -10.673457 96.616806
-10.218492 -10.516013 97.344901
-10.210972 -9.529588 95.364356
-9.938993 -8.718694 94.706145
-11.221630 -7.112590 93.120658
-10.109312 -7.040939 93.676018
-12.720901 -8.219019 93.224600
-11.847563 -7.485801 93.065373
-8.213612 3.676623 115.254031
-6.290543 3.360645 115.144178
-6.012710 2.106475 116.340884
-6.766196 1.467221 117.004954
-5.535950 1.416613 116.775011
-6.628538 0.578826 117.615812
-5.181123 0.592354 117.185911
-6.030206 -0.289206 117.962732
-4.840521 -0.284420 117.506836
-8.090052 0.165195 118.100159
-7.952731 1.688745 117.072275
-7.706851 2.763445 116.126868
-9.076583 0.905789 117.678328
-7.649302 -0.864832 118.683566
-9.632609 1.616672 117.098575
-8.895348 2.686274 116.332959
-9.720843 2.801642 116.140156
-10.219333 2.695698 116.083841
-6.690534 -1.104205 118.592592
-6.768315 -0.238480 118.101700
-10.542900 3.331116 115.370833
-6.413709 -10.872504 107.496363
-10.592068 -12.688411 108.100563
-9.388680 -12.122198 107.114242
-9.237483 -12.312101 108.721437
-7.689748 -11.519801 107.962053
-8.044198 -11.754269 108.783847
-7.832344 -11.836781 109.845109
-8.920595 -12.464683 110.157209
-9.931457 -12.908358 110.176034
-7.769854 -11.818168 110.380485
-6.760672 -11.124226 110.396320
-6.435747 -10.740009 109.703190
-5.486023 -9.986673 110.097660
-10.583778 -13.079443 110.094022
-11.507659 -13.071862 109.180918
-7.438379 -11.503591 110.901857
-5.615215 -10.095760 111.323741
-8.960409 -12.454030 110.697635
-10.494918 -13.079113 110.639718
-9.415261 -9.322721 95.433798
-8.898365 -8.961767 95.395545
-9.334592 -8.877836 95.026254
-7.910002 8.081042 104.255901
-13.087775 9.062615 104.362879
-11.452453 9.035932 104.327883
-6.397081 7.408308 104.400872
-11.926159 7.872662 107.377449
-10.256029 8.021536 106.937281
-2.585652 5.000504 107.807083
-3.616086 5.791831 107.501451
-5.536221 6.993248 107.092656
-6.461427 6.876731 109.272740
-2.942720 5.018116 109.986411
-4.523281 5.868526 109.713693
-5.258295 6.309412 109.585671
-4.242359 -0.307557 102.194381
-3.440249 1.144558 103.475267
-3.171745 -1.257468 103.941140
-4.661043 6.294835 108.602896
-3.277282 5.473465 106.403408
-3.144023 5.207616 105.436628
-4.372959 6.148789 104.726793
-3.953286 5.574582 103.774011
-8.618508 6.835680 110.370493
-12.330150 7.979876 106.954275
0.187647 -1.135422 115.485850
4.403973 0.322008 113.524442
3.235962 0.059770 114.207604
2.148473 -0.133258 114.690494
0.649795 1.632833 114.214598
1.743277 1.962836 113.582748
1.253179 3.197828 111.945271
-0.171181 3.177206 112.088091
0.296896 -5.942421 114.260249
1.801824 -5.456119 113.783698
2.933502 -5.095492 113.208834
3.912206 -4.693965 112.545985
5.600842 -3.870726 111.080038
0.038866 -6.992501 112.857795
4.829008 -5.297050 110.572297
3.327888 -6.283705 110.713721
-4.681984 -9.175461 111.861237
-8.733103 -12.112062 111.171463
-10.352944 -12.851769 111.084432
-2.927983 -5.507047 102.214373
-7.206229 -11.284600 109.377147
-6.041629 -9.991767 102.421548
-2.816479 -2.365843 104.137932
-2.512759 -3.242781 104.102937
-0.810643 -3.061953 105.622109
0.171913 -3.118599 105.458626
0.275944 -4.036598 105.291337
1.108483 -5.798709 106.164976
1.673528 -6.925194 108.334167
3.171182 -6.151840 107.327152
2.333655 -5.806694 106.491324
-5.810076 3.420009 99.071019
-7.573090 1.848353 95.538419
-7.414476 0.655812 95.674007
-7.526446 3.267477 95.793319
-7.363260 4.204394 96.110850
-7.705061 -1.708399 95.300513
-7.135091 6.517293 97.697717
-6.994163 5.240079 96.998477
-11.171128 -12.996150 110.747542
-11.139066 -13.139115 110.438509
-4.161356 -4.251755 100.583204
-3.924543 -5.175064 100.660732
-10.128091 -11.097926 99.293410
-0.708281 1.369043 105.278118
0.050987 1.517948 105.065407
7.093181 -1.875645 110.163517
7.070689 -3.883879 107.495143
5.654349 -5.054833 108.151813
6.905240 -4.090573 106.624823
4.536694 -5.548447 107.127079
3.100656 -4.519234 105.179249
4.963784 -3.595619 104.008903
3.164774 -3.688788 104.474776
3.983355 -3.507039 104.070336
4.239596 -4.937060 105.661102
6.159936 -4.562307 108.688661
6.628978 -3.790431 109.429167
6.310194 -2.454726 111.066072
6.204566 -1.288612 111.686183
2.036035 -0.889659 103.485770
2.580502 -0.153026 102.806987
1.669821 1.073894 103.422125
4.639676 0.835567 100.807548
9.028855 -1.618201 106.671725
10.242375 -0.455402 105.607548
9.641689 0.222047 106.628522
9.625463 -1.841197 105.200858
8.905379 -2.588166 105.010610
8.106792 -3.140278 104.141937
6.668495 -3.245613 103.515396
7.128869 -3.553218 104.877103
3.157258 -1.344027 102.749604
6.358570 -2.773709 102.636281
5.336026 -2.943810 103.206149
4.880462 -2.308816 102.554299
6.012240 -2.211649 101.886454
4.649346 -1.718593 102.047412
5.942916 -1.577752 101.172813
5.111885 -1.040653 101.209418
5.033587 -0.134446 100.730578
3.231424 -1.851062 103.012018
3.789055 -2.799206 103.570932
2.640137 -2.400309 103.921537
2.085529 -2.869624 104.582478
8.517734 -0.696860 108.151386
8.016235 -2.531527 107.755520
8.491820 -2.601943 106.119995
4.528290 2.193637 100.552946
3.297508 1.365529 101.846783
6.910117 -2.931545 109.764615
8.552069 -1.440585 107.743064
9.967625 -0.191555 106.063978
6.663360 -4.089625 108.761642
8.646796 -2.282647 106.511201
9.789421 -1.354199 105.541630
8.037642 -3.102022 105.671903
7.415715 -3.276783 103.921163
6.757818 -3.574897 104.477057
4.518460 -5.211281 106.313196
6.012341 -3.573073 104.063083
3.486477 -4.995776 105.616457
8.205416 -3.064053 104.792925
6.993997 -3.878669 105.705365
5.187215 -5.357304 107.753201
3.677680 2.226935 101.339576
2.379811 1.992543 102.738567
0.515775 1.593030 104.683323
6.391409 0.968270 99.366117
5.628262 2.541012 99.636066
7.374034 -0.563446 99.265554
10.562031 0.913122 105.561348
7.887216 -1.898565 100.502985
8.189818 -2.430292 101.327783
9.857619 -2.437777 103.565784
4.461074 -5.864448 108.477536
4.652586 -5.558185 109.936877
5.554346 -0.235744 112.618966
3.732049 4.448454 108.246709
3.832365 4.146436 109.313997
5.054008 4.469434 108.150814
4.955184 3.216655 110.404016
5.742797 2.611480 110.506768
6.344644 1.792543 110.774963
6.887993 0.362144 110.766588
6.816632 -0.948759 110.967126
6.340477 0.061498 111.677831
5.176510 1.298702 112.384752
4.602296 2.140528 112.001288
3.063801 3.403813 111.173004
2.986528 3.950772 109.899815
9.626391 2.735267 96.702693
8.842956 1.558746 97.376960
9.524090 0.810779 106.819297
9.495331 2.322895 106.473056
8.918895 2.203240 107.228222
7.792129 4.571803 106.148462
5.875094 3.927431 108.512570
6.585583 5.415366 105.762099
5.362060 4.913514 107.023260
5.792711 5.574481 105.243672
5.011132 5.183082 106.017495
4.116299 5.063689 105.177846
4.007218 5.096224 103.529347
10.783408 -1.142706 104.438858
10.469980 -1.836855 103.836000
9.722943 -2.637770 102.785241
9.156483 -2.657276 101.941434
7.148194 2.766518 108.855012
1.294176 3.447263 105.067016
2.440416 4.152060 103.991962
1.821255 2.975970 103.618216
9.943086 -0.833712 98.240919
11.313184 -1.278009 98.544781
7.966838 -1.252830 99.609080
3.572164 4.621284 102.673145
3.329246 3.556313 101.862007
2.595588 4.451782 105.124063
4.030493 4.779253 106.837542
7.103759 1.921101 109.698056
8.425964 1.073905 108.292970
8.494650 0.198233 108.366844
8.123082 2.144494 108.298966
2.764521 4.476045 106.315423
7.042318 6.096338 100.472299
6.261376 5.389817 100.045319
4.735336 4.984038 101.518535
5.204497 5.540359 102.311351
7.338538 4.144949 98.316982
4.374219 3.711082 100.736718
7.463461 0.387126 98.693161
7.816162 2.815348 98.015538
9.031175 6.266863 103.360028
8.393250 6.558924 102.548296
6.658359 5.982877 104.255596
5.999056 5.964142 103.107142
7.613500 6.487170 101.463548
9.725252 5.354613 104.375876
10.208982 2.452004 105.756684
10.557115 6.641442 101.858140
9.957988 6.991014 100.817701
9.240035 6.959261 99.764241
11.424646 0.851592 104.721408
13.367281 4.441036 102.747179
11.852161 5.520774 103.079171
11.362057 6.017574 102.718644
9.943586 0.024131 97.297915
9.104543 0.749065 97.403344
6.242979 1.585597 99.406047
9.116490 6.612766 98.428505
7.748475 5.622089 98.653551
10.898177 -2.027335 100.497287
12.437525 -1.586533 100.808700
12.940009 -0.612342 101.993424
12.328668 0.849914 103.850111
18.876967 1.852898 93.814971
18.814196 7.352843 95.280643
19.614317 6.400880 96.510126
20.028322 6.609796 96.089797
18.349423 7.974026 94.279974
17.455299 7.411548 95.462730
17.268071 7.883264 94.138939
16.976348 7.937264 93.459889
16.357810 7.596576 94.005905
16.191503 7.473898 93.205843
16.354195 7.215669 92.396872
16.434973 6.672631 91.534263
15.374956 6.655693 92.750085
15.569028 5.769324 91.717250
16.252021 4.633211 90.774238
15.378890 4.559453 91.789705
16.011144 3.394391 91.313046
17.692076 1.776020 93.022483
18.465796 1.644255 94.223781
17.507796 1.975702 92.003500
16.295947 1.905842 92.753418
17.646588 2.266974 90.991031
17.506747 2.659246 90.402452
18.246477 1.831471 92.849442
17.942979 6.817900 96.587226
18.000057 6.354756 97.297945
19.019480 2.913677 97.555004
20.384321 4.308064 97.185209
18.936608 3.684814 97.897592
15.734349 0.705227 95.068778
15.613121 1.324930 94.032282
16.303506 1.497082 93.725048
16.796313 1.212940 94.635383
17.945809 2.269870 98.089633
17.494703 1.240466 97.384237
18.620059 1.935124 96.653693
19.995209 2.359559 96.142908
20.157996 3.397451 97.095325
20.721344 3.404145 96.838640
16.826349 0.637252 96.789373
18.064266 1.426287 96.089118
19.003035 1.809757 95.682001
17.387913 1.167441 95.388498
19.340584 1.822385 94.811711
18.219420 3.170946 98.293313
18.022598 4.089003 98.493302
18.780138 5.371976 97.684872
17.393820 4.852038 98.787675
17.272491 5.953136 98.283199
16.758492 7.132743 96.372988
16.462420 7.538921 94.976865
19.314616 6.119620 96.932551
20.386094 3.964766 97.156865
15.792054 7.482333 94.735755
14.544004 7.502524 96.032918
15.278797 7.222719 93.843338
13.336926 7.384980 95.744853
14.701715 6.768584 93.470797
13.005155 6.923395 94.942579
15.087903 5.731019 92.248438
14.080453 5.846198 93.192121
14.359217 4.640123 92.682122
13.138836 4.644801 93.668901
15.144492 1.838850 93.528675
15.737635 1.898965 93.177850
14.669542 2.547065 93.203166
15.552817 2.468548 92.609835
14.360955 3.536845 92.901028
15.124892 3.500174 92.234327
17.060857 1.624035 93.393414
17.780591 1.507092 94.264108
17.327252 6.280606 90.394069
16.538244 5.652464 90.503099
16.846206 4.569574 90.070681
17.435970 5.465926 89.673273
17.678800 4.438651 89.351471
17.228596 3.357673 90.075326
19.859309 2.047387 95.497130
10.680432 1.970964 96.015107
11.332904 6.888063 100.716711
13.449691 7.227789 98.303580
13.281801 7.429343 97.226101
10.987812 7.212877 99.593016
11.677065 7.253447 97.226040
10.475356 7.199461 98.443547
10.341515 6.686718 97.152197
12.542970 5.901554 94.430475
9.963405 5.646908 96.510263
10.802151 4.400067 95.594001
12.049243 0.423465 95.975322
12.240175 -0.327137 96.775064
14.371609 0.918839 94.698487
14.293996 0.157825 95.738270
11.515412 1.132834 95.739231
13.190951 1.394248 94.723307
13.196772 2.261065 94.208030
11.910826 3.205634 94.865486
14.584131 -0.647891 99.377192
14.190680 0.041741 101.070747
16.187846 0.305361 98.314030
16.139559 1.162654 99.542742
13.778315 -1.006317 98.559121
15.657881 -0.114172 97.500467
12.884522 -0.840337 97.581243
14.946845 -0.148837 96.500599
17.186432 2.387741 98.974484
13.836543 0.545168 101.992623
16.677919 3.155303 99.680169
14.204950 2.062420 102.193245
16.889859 3.743839 99.469502
14.297037 2.808987 102.144016
15.671920 5.546383 100.042566
14.375865 5.022491 101.616512
14.088227 6.022378 100.603532
12.748194 5.790958 102.116496
12.282391 6.240218 101.688616
11.014655 -0.575439 97.485265
15.789750 0.271630 96.075694
14.744492 -0.584967 98.011549
13.941877 -0.511539 97.005975
12.767849 -1.399627 99.198568
13.505178 -1.148924 100.097866
14.078046 1.566598 94.188526
11.760981 2.122349 95.229187
13.148661 3.449303 93.822911
6.362895 1.017087 111.227770
5.473033 0.636116 112.526382
3.507488 2.751173 112.005644
4.487152 3.777744 109.797841
6.517607 3.380310 108.763732
9.669382 1.642439 106.489661
11.746482 2.777139 104.341209
13.854336 3.875495 102.443134
15.407379 4.762400 100.726634
16.910472 5.379201 99.008510
18.294045 5.996377 97.552152
19.483574 5.590116 97.226452
10.898381 -0.668419 104.747792
12.563167 0.333739 103.396969
14.495327 1.476434 101.721148
16.001966 2.096089 100.202837
16.917290 6.504167 97.775107
17.979758 5.085477 98.284122
14.623820 7.321378 94.630731
14.799051 7.399105 96.832690
14.112334 6.830456 99.030638
15.273015 7.206758 97.193332
12.504675 7.058613 99.284730
12.012224 7.300673 98.464439
15.852516 6.206097 99.082155
16.770208 4.507639 99.435719
9.148825 5.839970 97.358295
13.191655 6.554389 100.181511
16.835033 7.483865 95.309269
11.763903 6.577782 101.285214
14.323854 5.661795 101.013960
13.417932 5.404369 102.091035
14.415120 0.519485 101.174575
19.610467 4.727846 97.509315
18.705121 2.330818 97.209640
20.134596 2.804654 96.620078
5.039765 5.570252 104.139931
17.620342 1.646648 97.974882
16.215403 0.690741 99.050501
14.137668 -0.486535 100.548033
12.753452 -1.142986 101.477544
8.438703 3.908344 106.341311
10.470702 4.907636 104.458278
12.234073 4.848679 103.365108
8.957433 3.188675 106.492605
9.674256 3.407941 105.841663
9.571225 5.865382 103.757077
7.911156 5.296276 105.237928
6.463626 4.855708 106.734332
7.588194 1.464093 109.370495
9.153312 4.336377 96.818968
7.415789 3.544394 98.238997
4.418349 3.081818 100.611747
3.203128 2.901976 101.853747
9.076967 5.253447 97.064753
6.996704 4.825383 98.830108
4.860863 4.420562 100.687528
3.476882 4.136393 102.078907
1.708574 3.286259 104.077369
11.588938 -1.121861 103.188918
9.562380 -1.571167 99.410723
11.117230 -2.085148 101.755480
7.876249 6.284098 99.673762
8.438459 6.696372 100.615744
8.479930 -0.255572 98.414150
11.317284 4.356493 104.262904
11.577224 3.443994 104.402871
9.176039 6.735903 101.689493
9.802264 6.467455 102.510303
8.787629 4.925942 105.235678
9.255911 4.236821 105.600592
5.389924 3.869825 99.848320
11.476847 -1.682631 102.388337
5.444142 3.203850 99.717850
1.490405 3.892950 105.917520
1.918417 4.174775 106.742326
2.758502 4.186362 108.922822
19.847568 1.825242 94.144583
19.839885 1.785476 93.241060
20.200914 1.587610 92.542682
19.454339 2.147932 90.095501
19.583616 1.786992 91.277891
19.283488 1.771129 92.296752
21.803138 6.348263 95.680323
22.587789 5.549989 95.931745
21.542605 4.564803 96.761517
22.274168 3.224624 96.398160
20.902527 2.439637 96.019951
20.533565 2.045540 95.426094
20.239032 1.835633 94.798454
21.050966 5.111898 96.804049
21.754045 3.866155 96.688582
21.243512 2.923415 96.416817
18.192824 3.291057 89.436649
19.230085 1.939547 93.431598
18.278475 6.064368 89.744157
17.961148 5.207666 89.314653
20.725408 5.554912 96.729153
20.138021 5.983964 96.703105
16.952424 7.918291 93.034443
16.868501 7.691832 92.454628
17.270981 7.714876 92.009861
17.728618 7.546286 91.511670
18.525126 8.453275 92.868092
18.140745 8.315425 92.395018
17.572835 8.072016 92.338055
18.210726 8.020851 91.751162
18.583099 8.347103 93.388411
20.601687 6.836545 95.666998
19.829310 7.539485 94.634491
19.346984 8.028386 94.062922
38.354336 1.936352 85.234396
39.759437 1.501492 84.725542
39.480777 1.035849 84.368805
37.380963 1.568534 85.057374
41.606667 0.956420 87.509978
41.439907 0.067378 87.893007
40.505370 1.765265 87.511443
39.240179 -3.100854 87.875929
21.346348 1.123021 92.208073
21.902383 6.887119 94.924333
23.349831 6.907737 94.145712
22.850982 4.742264 96.161489
23.769792 5.009855 95.763617
23.968709 6.111397 94.961304
39.167403 0.033739 84.312444
37.489286 0.551441 84.845166
38.122353 0.019234 84.627725
38.646253 -0.857945 84.528550
37.227388 -0.558970 85.144726
38.759234 -1.419094 84.711415
37.517570 -1.240058 85.298178
38.196925 -2.041233 85.418809
36.630495 -1.274981 85.877268
40.060313 2.237723 86.855420
39.103518 2.048756 85.513934
40.568843 1.689875 84.999107
41.114234 1.905110 85.637333
39.577160 -3.464733 85.978220
39.270251 -3.374522 87.280935
35.297090 0.514879 85.612292
38.205571 -2.795444 86.839830
37.532249 -2.150337 86.387625
37.693989 -2.342899 88.360680
37.423151 -2.441936 87.794504
36.739105 -2.039548 87.246901
36.076191 -1.728247 88.855233
36.269918 -1.927605 88.126031
34.903386 -1.028531 87.040696
36.442958 2.583026 85.826575
35.094790 -1.546213 88.487444
34.901532 -1.382071 87.801704
34.798365 -0.418252 86.286803
34.805508 0.133206 85.930074
35.161272 1.268087 85.549623
35.474402 2.171808 85.644404
33.479063 -1.063054 89.659277
33.265710 -1.094767 88.997229
33.156037 -0.895339 88.257303
33.135739 -0.473364 87.400895
33.085851 0.153512 86.676545
33.040199 0.824415 86.282692
33.307403 1.303949 86.044611
33.503456 2.039949 85.925139
33.802288 2.815619 86.082902
34.105116 3.418030 86.479012
31.827543 -0.766570 90.139962
31.617991 -0.762201 89.382439
31.465227 -0.518823 88.551935
31.416239 -0.018962 87.746320
30.243944 0.794700 87.243674
31.045991 2.218718 86.285232
31.878832 2.687459 86.177881
32.163068 3.453112 86.469211
32.487490 4.014022 86.959499
34.070342 3.843152 90.384565
33.785331 3.278516 91.062624
37.017014 2.168644 89.526861
38.439216 2.354785 88.367362
39.925723 1.471510 88.215008
33.634888 1.606455 91.342581
36.356396 0.749892 90.021490
38.723433 0.136246 89.024787
39.319380 0.876061 88.660934
39.811576 2.183264 86.163343
33.728864 0.951841 91.143339
36.585454 0.038085 89.832241
39.831457 -0.919834 88.621858
32.825493 0.169489 91.184750
35.934909 -0.643079 89.887213
38.603088 -1.459492 88.928931
40.462808 -2.250697 88.258622
32.076086 -0.382334 90.936379
33.789591 -0.768535 90.246643
36.203512 -1.428761 89.402348
38.944886 -2.371126 88.527840
35.526800 3.872442 88.778102
33.490760 4.584850 89.683868
35.480050 3.737398 87.589054
33.201825 4.621712 88.535833
35.778264 3.247048 86.562420
32.050141 4.647063 87.871558
21.296925 1.895712 89.598568
21.938529 1.315686 90.395908
20.776461 1.534162 90.769440
19.068398 2.577137 89.594816
21.577513 1.135660 91.427270
22.965345 0.641952 91.795036
21.843822 1.083791 93.410104
19.173882 7.675448 90.896273
19.228519 8.248263 91.659875
20.624095 7.877326 91.009146
20.225409 8.354827 91.984873
19.518121 6.216358 89.438876
20.230325 7.040183 90.023489
21.679352 8.040443 91.294473
19.029901 5.563514 89.108608
22.494900 4.326140 87.805907
20.936260 4.831233 88.276997
21.173605 5.636457 88.727493
22.762039 5.214335 88.100837
21.652296 6.732764 89.500416
23.230930 6.273640 88.771382
23.425631 7.121003 89.703746
23.890577 7.400080 90.238740
19.707744 5.263813 88.750689
18.703976 4.858877 88.863463
18.603999 4.116369 88.906948
19.476898 4.582101 88.552629
19.299239 3.895320 88.678707
20.673322 4.147571 88.261597
20.450572 3.563596 88.457154
22.255257 3.509629 87.946370
22.197670 3.082158 88.154124
19.170768 3.096634 89.065115
20.226225 2.797093 88.982836
21.111194 2.591943 88.886171
19.629080 8.440262 92.143848
21.747748 7.752964 93.534792
25.006021 6.254494 94.008567
24.999801 4.532243 95.421846
24.824441 3.695211 95.620957
24.563222 2.537963 95.596801
23.033306 1.775875 95.401358
24.472846 1.404020 94.902129
22.570280 1.449235 95.017139
22.107208 1.234835 94.462610
19.952265 8.418215 92.763906
21.354275 8.256332 92.210430
21.238177 8.221067 92.821166
20.406002 8.225065 93.165455
22.668861 7.992323 91.542241
24.063537 7.533938 90.642547
21.103698 8.133515 93.171923
24.900845 6.767586 93.393216
24.731184 7.291175 92.491020
23.377796 7.473363 93.047295
24.433952 7.605192 91.595627
23.064169 7.874100 92.308162
23.098583 1.695938 89.071240
23.317328 1.106193 89.961857
23.388305 0.669180 91.012327
24.961722 0.189178 91.051289
25.639212 0.043037 91.938131
23.901975 3.914265 87.382299
24.528066 4.811730 87.445608
25.499317 5.446471 87.723651
25.804197 6.234802 88.565718
25.278657 6.983176 89.717163
23.765003 2.829047 87.770233
29.642248 0.338547 88.042951
29.782816 -0.501820 89.675874
29.640249 -0.152261 88.822373
28.305647 1.638035 87.215056
29.844302 1.967005 86.580688
30.194021 3.391596 86.458715
30.469058 4.119338 86.885420
30.257092 4.875783 87.635094
27.579599 -0.205518 90.110138
27.223091 0.208009 89.196943
27.327119 0.757986 88.390901
25.272387 1.839457 87.978681
26.629824 2.096655 87.355961
26.126873 3.159874 86.983260
27.426560 3.795423 86.734751
27.713195 4.580271 87.015685
27.952676 5.276451 87.678541
28.393538 5.660741 88.282291
25.068005 0.293755 90.558285
25.151791 0.738234 89.500546
25.312690 1.269393 88.588029
26.200844 4.264474 87.021787
26.207018 6.621212 89.273006
30.081647 -0.540722 90.567369
27.657958 -0.306425 91.246717
27.501551 5.927360 93.072184
26.886400 4.694052 94.457187
29.522077 4.749432 93.025999
29.498581 5.395683 92.414339
31.033770 4.175220 92.462622
31.613243 4.742637 91.529747
26.931077 3.768602 94.639868
30.839357 3.487416 92.809778
25.876482 2.151135 94.938910
27.457944 2.358978 94.216405
28.876689 3.080382 93.665873
30.689419 2.557820 92.801205
28.127656 1.484050 93.623723
24.619315 0.897635 94.227610
26.349560 0.502980 93.441834
28.051561 0.374528 92.868923
30.543062 0.141126 91.789270
24.512630 0.550549 93.524541
25.864364 0.241899 92.934612
27.929644 -0.038044 92.192795
29.386856 -0.200091 91.593873
31.223862 5.380474 90.849218
29.478086 5.915393 91.658914
28.141496 6.231600 92.210590
26.495045 6.566125 92.885948
30.876896 5.563306 89.632183
29.181554 6.201396 90.475685
27.936242 6.602724 91.085850
26.121127 7.066084 91.950503
28.754353 6.045083 89.257171
27.577625 6.556515 89.916915
25.744149 7.235228 90.916989
23.602945 0.510026 92.649682
28.219777 1.214869 87.590251
29.256974 1.880228 93.211800
40.464818 -3.614921 87.450482
39.867746 -2.947324 84.822855
41.597281 -0.812255 87.998673
40.672202 -3.169130 87.861459
40.878708 -0.188423 83.681654
40.727437 -0.771776 83.776634
42.170326 0.979874 87.030902
42.343549 1.272736 85.887032
41.650892 1.342143 84.486339
40.296114 -4.120528 86.563549
41.616834 -1.726882 88.060762
40.449757 0.792784 83.945098
41.378650 1.033035 83.856602
41.907870 1.538138 85.347186
41.769047 1.381666 87.003969
41.419626 1.869798 86.364636
40.546708 -1.993113 84.075599
22.674786 4.167633 96.344385
24.700691 3.135675 95.706577
24.415770 5.346454 95.366278
24.332698 1.958961 95.390549
27.038413 1.101215 93.824490
22.970448 2.379706 95.866872
26.932793 5.773286 93.527981
29.946405 4.895464 92.561964
27.181870 5.412517 93.814360
28.201981 4.287189 93.945487
29.439894 3.932171 93.455198
25.939500 2.902785 95.125360
27.868059 2.954257 94.064356
26.415470 3.526854 94.859132
29.502981 0.840897 92.687973
30.908456 0.876171 92.140202
30.844855 1.634666 92.402150
33.894456 2.480215 91.217144
29.897890 5.520214 88.686899
29.202750 4.686117 87.226535
28.910718 3.997886 86.694760
28.674572 3.263266 86.564693
28.483117 2.459022 86.758649
37.254821 2.380704 89.241977
37.316379 1.415534 89.529561
40.613118 -3.517087 84.612737
24.894745 3.587031 87.159954
26.655939 6.925949 90.452894
41.387666 -2.579004 88.011579
40.011679 -3.782897 85.854431
39.452528 -3.579130 86.624105
41.916707 -0.012545 83.081322
18.277216 7.456274 91.074424
19.309875 8.422608 93.211205
47.365662 -7.371136 86.743683
47.247903 -7.055520 86.196179
42.821268 0.532216 86.625608
42.900187 1.060003 85.740886
41.762983 -2.862257 83.652975
41.930231 -2.033094 83.456967
42.498928 -3.002309 83.516219
42.706384 -2.330942 83.378807
41.894019 -0.547073 83.056746
49.826465 -5.933954 86.571436
42.831237 1.131109 84.326098
42.659474 1.272444 85.101782
43.592963 -1.079598 87.617894
43.076202 -2.311036 87.975073
42.460477 -2.934129 87.960489
41.864892 -3.819202 87.729372
41.605004 -5.280282 86.920972
45.944569 -6.222077 87.982228
46.496634 -6.848540 87.734345
46.085162 -7.200548 86.606035
47.006046 -7.345489 86.918859
46.623615 -7.479430 86.353087
40.759389 -4.428084 86.731792
40.682758 -4.344636 85.293297
40.972383 -4.004268 84.458674
41.383425 -5.406161 84.576734
41.380217 -3.299924 83.894931
41.923503 -6.552488 85.852623
42.034950 -5.353106 83.904618
42.351612 -6.188905 84.165681
43.082278 -5.308119 83.625187
44.700232 -4.946207 83.977988
45.953208 -4.887034 84.598420
46.894717 -3.830971 87.987224
45.359210 -2.141715 87.752575
45.323932 -3.292440 87.942068
46.883126 -6.086019 88.247128
46.839229 -6.571388 88.054675
47.651130 -2.516544 84.248334
47.785128 -1.380914 83.216445
47.702445 0.163403 83.749601
47.788229 -0.778579 82.990187
41.719376 -3.947455 83.688435
46.541679 -4.001775 84.798447
47.946845 -5.939817 85.498251
46.737469 -3.171764 84.493913
46.888062 -5.442152 85.290803
47.661183 -3.075892 84.647656
42.973466 -4.404051 83.516852
43.723582 -4.950801 83.653379
44.422895 -4.313170 83.924884
45.227152 -3.166387 84.195604
46.215125 -2.656170 84.126109
43.785904 -1.654800 83.203043
46.744761 0.201279 83.179436
49.152114 -0.976535 83.187209
48.473308 -0.738419 83.008150
48.545660 0.126579 84.040306
49.581077 -1.228102 83.469309
50.118150 -3.816227 85.092858
49.843792 -6.281205 86.562519
48.171132 -0.244908 85.335348
48.138547 -0.548937 85.555108
47.611996 0.199343 84.655436
45.697381 -0.804629 86.842339
47.714050 -2.112164 87.087209
47.442945 -1.292340 86.592336
48.871089 -2.768074 87.176391
41.022119 -4.077235 87.261744
49.819707 -5.826416 86.194151
42.688360 0.006498 82.939227
43.983131 0.689821 83.249473
46.262478 -1.786270 83.425221
45.737288 -0.228369 82.883804
46.012650 -0.987226 83.006106
48.616437 -1.761299 83.276963
48.818463 -2.646134 84.091869
49.354826 -2.980690 84.338104
49.257303 -3.935254 84.759805
46.068488 -6.957359 85.174458
48.589393 -6.505395 85.758445
48.129787 -7.325475 86.454245
49.332084 -6.773906 86.127828
47.104423 -6.347741 85.665205
49.083324 -6.292514 85.753960
48.623134 -5.199739 85.467375
49.639516 -4.680613 85.179454
43.334970 -5.056403 87.711859
43.078914 -1.482839 87.850529
47.006362 -2.790471 87.805053
48.112842 -7.557461 87.017149
44.821942 0.849833 83.673966
42.326440 -0.305513 87.592021
42.915294 -0.047736 87.207329
44.632331 -0.039702 86.457800
45.857565 0.267332 85.464095
44.332088 1.044388 84.819178
45.682514 0.696477 84.742246
49.185146 -0.182599 83.615820
48.236974 -4.801966 87.827387
48.509562 -3.074490 87.778883
42.615055 -7.109481 86.677666
49.667433 -5.559208 86.651480
49.867090 -3.623442 84.712819
50.069497 -3.935771 85.275173
49.783278 -3.332310 86.287314
49.424699 -1.376008 85.196311
49.445145 -2.239416 84.066270
46.275757 -4.941610 88.282993
45.042590 -4.766723 88.132156
44.096451 -3.751437 88.060922
47.088832 -5.382374 88.330635
40.672655 -4.543120 86.319061
41.358898 -5.513735 86.354941
40.587970 -4.438617 85.887573
41.192452 -5.489598 85.889297
44.668505 0.688521 85.544833
42.615642 -5.542054 87.448614
48.508468 -3.824156 87.995461
49.623528 -5.798037 85.906459
49.121188 -5.293521 87.203271
48.196784 -7.552236 87.330279
42.263600 0.444102 83.108819
49.787980 -1.596360 85.252817
50.053879 -4.779027 85.374806
50.045302 -5.629875 86.173861
49.965227 -3.398562 85.826033
49.659329 -0.461895 83.730632
49.592358 -0.846524 83.489636
48.597070 -0.043441 83.437181
49.388105 -0.196762 84.242941
49.185542 -3.477893 87.652180
48.320397 -1.020076 85.887703
48.704895 -2.184142 86.861240
48.595194 -1.542001 86.540231
47.711895 -4.432962 87.984790
47.894383 -6.177467 88.451396
49.628483 -1.699702 83.622426
49.097527 -0.546098 83.255369
46.763678 -0.047310 83.014664
46.900178 0.422227 83.990307
44.620508 0.117206 82.900791
44.044553 0.895388 83.570573
42.852198 0.829756 83.507676
43.777063 0.402414 83.052505
45.714402 -6.877348 87.422512
46.268076 -7.492180 85.711764
45.466816 -6.620187 87.751537
49.152206 -1.834809 83.377846
42.117356 -3.966535 83.552610
41.626357 -5.302171 84.160052
41.149455 -5.494103 85.315035
49.165478 -5.497611 85.581179
49.662670 -6.639236 86.408464
49.046208 -7.209636 86.417579
46.546733 -7.071734 85.717454
49.720727 -1.908252 83.806976
48.878549 -1.336164 83.113228
48.480822 -0.391218 83.108377
47.608369 -0.113287 83.202410
44.565299 -1.065167 82.889487
44.796637 -0.536862 82.808893
45.967128 -0.663125 82.923750
44.491559 -2.508273 83.653325
44.251952 -3.084882 83.813902
49.272680 -7.429414 86.816863
47.839849 -4.109961 85.071607
47.795528 -4.940227 85.298430
43.296957 -3.055406 83.546272
44.488557 -6.083512 83.980261
43.961210 -6.443320 83.897265
42.627915 -5.657439 83.775764
42.619757 -7.269586 84.879093
47.437365 0.099908 85.017688
43.219499 -0.517096 82.905101
46.562346 -5.762547 85.080165
42.424524 0.847108 86.481712
40.938269 -1.519125 83.823681
40.789675 -2.689909 84.115453
42.247555 0.323480 87.350248
41.292122 -3.466063 87.747274
45.986933 -7.785980 85.671925
46.157247 -7.528540 86.022308
45.870810 -7.457606 86.445794
42.680107 -7.580250 85.968586
43.853176 -8.178777 84.820948
44.850443 -8.528852 84.914829
45.091095 -8.158372 84.706015
45.513200 -7.939060 84.823915
43.521530 -7.353205 87.227954
45.523703 -7.201583 87.110801
44.851331 -7.298153 84.302078
43.456398 -8.268374 86.040439
43.612360 -6.356783 87.599473
44.147335 -7.504770 84.290881
43.314970 -7.813566 86.727200
44.027578 -8.610938 86.838670
44.226380 -8.150696 87.320027
42.867270 -6.720724 87.168191
44.825905 -7.463863 87.530725
44.925575 -6.781782 87.634621
44.410081 -9.034248 86.608842
44.259603 -8.945805 85.798490
42.895763 -7.815725 85.403486
45.414224 -6.711023 84.583744
43.675364 -7.690609 84.505721
43.395651 -8.006404 84.857950
42.216172 -6.957792 85.175389
46.638497 -8.555963 85.469754
46.915296 -8.785876 86.169765
46.003436 -7.734200 86.490774
45.137711 -8.108104 87.477995
44.216281 -8.560286 85.197707
45.842866 -9.978621 85.727515
45.232046 -9.511366 85.519868
46.007181 -10.143931 85.300070
45.320099 -8.329484 84.975034
46.509727 -9.824924 84.666946
46.402635 -8.953406 84.944867
45.970957 -9.818587 86.176088
45.899719 -8.788981 86.863193
46.525562 -9.426175 86.451934
46.431475 -10.187827 84.702766
46.875773 -10.726569 85.654824
47.211786 -9.357864 84.876088
44.951368 -8.773330 87.175110
46.158067 -9.608648 86.413521
47.426763 -10.347159 86.054717
46.062714 -8.194222 86.751669
45.809385 -7.967965 85.314120
46.837098 -8.526643 85.977320
47.831634 -9.185033 85.408695
48.312541 -9.493628 85.285707
47.774926 -9.881251 86.045267
46.831690 -10.081293 86.311845
47.203056 -10.714402 85.783250
45.230280 -9.039278 85.107808
46.738724 -10.839946 85.114871
49.444230 -10.950262 84.955988
47.826455 -11.301437 84.844029
47.396077 -10.089671 84.188755
49.298851 -10.521559 84.855463
48.590541 -10.286587 85.430953
47.790780 -9.345248 85.927359
47.997710 -9.452312 84.841977
49.282882 -10.901228 84.382847
46.752698 -10.791988 84.725221
49.320620 -11.512327 84.922243
48.582933 -11.529415 84.910596
48.341846 -10.621291 85.478892
48.286328 -11.693172 84.362489
47.873525 -9.771798 84.431062
48.801537 -11.842429 84.464311
48.166685 -10.840880 85.404592
48.012508 -11.422917 84.176085
48.317621 -11.087448 83.965509
48.876883 -11.602161 84.171181
49.358735 -11.390239 84.566437
47.086838 -10.550334 84.261888
48.661635 -10.652960 84.113104
48.726878 -10.051528 84.606955
48.929849 -5.954847 87.996331
49.212544 -5.578937 87.322247
48.249735 -7.032466 87.980458
47.810559 -4.973716 88.074781
52.004055 -6.940457 88.213650
52.033982 -6.617943 87.761171
51.164520 -6.356569 87.730676
50.377699 -6.228873 86.929729
49.119914 -6.933958 88.133102
51.537725 -8.470847 87.703552
51.293160 -8.241333 87.252439
51.984853 -6.695999 87.285253
51.811835 -6.934149 86.930194
51.713111 -7.393402 86.807702
49.421572 -7.168219 86.552275
48.884552 -7.276297 87.823252
51.244461 -7.151044 88.392464
50.115370 -5.983356 87.113677
51.298263 -7.071463 86.639314
51.178722 -7.451573 86.644509
51.691620 -7.796869 88.435683
48.060734 -5.646429 88.423898
49.041899 -5.677704 87.680349
51.541657 -8.154032 88.248569
48.595022 -6.460274 88.186152
51.447982 -7.978608 86.964343
52.393072 -7.088611 86.908593
49.142683 -7.531374 87.215468
51.490269 -8.380721 87.920779
50.262415 -6.254050 88.034202
49.340860 -6.501131 88.172468
53.782373 -7.759212 86.880805
53.446314 -7.872867 86.689977
52.130460 -8.690836 87.151945
52.154346 -7.436978 88.331596
52.748150 -7.152638 87.681211
52.189346 -8.258015 86.754370
52.409670 -8.439901 88.071814
52.964591 -7.987670 88.140806
54.059164 -7.874756 87.108482
53.768437 -8.016092 87.756023
53.284193 -8.606999 88.013646
53.557460 -9.172436 87.604454
53.075867 -9.130948 87.241813
53.284647 -8.349201 86.643090
52.564198 -7.740964 86.641038
53.784546 -8.615708 87.843206
53.703453 -9.572937 87.037362
53.418763 -9.132250 86.530552
53.556389 -8.740770 86.348808
54.200432 -8.350124 86.245210
54.452063 -8.528599 87.275505
55.175762 -9.395859 85.835408
54.872926 -10.013722 86.169750
55.122822 -8.983794 85.950593
54.189166 -8.826791 86.038837
54.600333 -9.377078 87.061283
55.511381 -9.523531 86.401653
54.787054 -8.724596 86.786116
55.309825 -9.838600 86.502063
55.144751 -8.854264 86.296018
53.122758 -8.816614 86.856763
53.777968 -7.779626 87.529497
55.386849 -9.677718 86.153221
54.787134 -9.937262 86.633899
55.515737 -9.267916 86.314309
54.571031 -9.793430 86.058997
54.725068 -9.346668 85.798376
54.066563 -9.274912 87.422611
53.495516 -9.446098 86.844452
50.228076 -4.337549 85.215449
50.771216 -4.307817 85.121568
49.333114 -4.103838 87.668740
50.152817 -3.754801 86.510926
50.045100 -3.622631 86.148019
50.243552 -4.616439 87.054280
50.702743 -3.948253 85.800550
51.716722 -6.119783 84.921381
51.966741 -5.694002 84.573233
53.059494 -4.798701 85.487138
51.936997 -6.372420 85.734151
52.966433 -5.629986 86.076853
50.107586 -5.135117 86.898791
51.970036 -5.047400 84.578710
50.958620 -5.314386 84.904852
50.793889 -5.706614 85.257279
50.260932 -4.111990 87.003419
52.094915 -4.487352 85.844698
52.620280 -4.690878 85.051478
50.057152 -5.472837 86.610497
49.185752 -4.719308 87.557948
50.022938 -5.571191 85.928862
51.976550 -5.875740 86.274454
51.024194 -4.350852 86.616348
52.704741 -5.966451 86.102688
52.692952 -5.183553 86.153831
52.052067 -6.401496 85.112781
52.124446 -6.240005 84.674574
54.568164 -6.292113 84.578916
53.726561 -7.092801 83.583136
52.202858 -4.780004 84.754740
53.887134 -6.279418 83.248100
53.138394 -5.303967 84.200433
53.135900 -6.345083 83.687352
53.000178 -6.807974 84.047682
53.126324 -5.069492 85.832212
53.736775 -5.414732 85.069555
52.963260 -6.676866 85.332938
52.371604 -6.353134 85.943255
52.415154 -5.264874 84.354503
54.542695 -5.891080 84.015836
54.571466 -6.016376 83.381263
53.616132 -5.300432 84.488696
52.555209 -6.701397 85.134284
53.000155 -6.978418 84.357035
54.287379 -7.226643 84.351505
54.419859 -6.730290 84.639304
53.741767 -6.610209 83.330005
54.068031 -6.036052 83.325856
53.946817 -7.461795 83.886952
54.162785 -7.468903 84.040748
54.984682 -6.960997 83.872772
55.786544 -7.298045 81.815684
54.872884 -7.816168 83.469835
55.591319 -7.627479 81.599258
55.476290 -7.002625 82.772174
54.238379 -7.687903 82.878610
55.055645 -7.158901 81.711826
55.061072 -6.719439 82.060478
54.656663 -6.812438 82.062598
54.379730 -7.559535 82.301290
55.440772 -8.262612 81.975727
55.830380 -8.069579 82.063933
55.417836 -7.408832 83.024595
54.870119 -8.177080 82.145701
55.973883 -7.861294 82.019914
54.578102 -6.049052 84.377287
55.246187 -6.596169 82.705821
55.219575 -8.231868 82.683419
55.024532 -7.803810 81.712963
55.204388 -6.670528 83.450125
54.586149 -7.369439 81.938092
55.533375 -8.188775 82.504047
50.576693 -3.938076 84.979923
49.745994 -2.595447 84.163156
50.356944 -2.129017 84.389781
48.951771 -1.974573 86.598819
50.445268 -2.047747 84.753505
49.797492 -3.143809 84.316556
50.258658 -3.406973 85.678172
50.310286 -2.772219 85.812189
51.073522 -4.036306 83.869973
51.403299 -3.058717 83.482001
49.457841 -1.852303 86.013932
50.623927 -2.487497 85.444293
52.602477 -2.993585 83.967942
51.983575 -3.670863 85.001540
51.300116 -2.562845 83.930643
51.117873 -4.219839 84.375479
51.791290 -4.311722 83.537759
51.561149 -3.710579 83.356878
49.935617 -1.726194 84.837653
49.927730 -2.277869 84.145048
51.599280 -4.157831 84.788622
50.382489 -2.089907 85.172475
49.411343 -2.720331 86.398678
52.243387 -2.977249 84.501152
52.468235 -4.202542 84.663468
51.966863 -3.261225 83.152976
53.898671 -3.993920 83.067493
53.003866 -3.755027 84.443777
52.201054 -4.471779 84.342863
54.008967 -5.402254 82.652870
53.755157 -4.757289 81.639882
53.555336 -4.654617 83.689717
53.852650 -5.496193 82.232038
54.040934 -4.327068 81.651042
52.252113 -2.835783 83.613936
51.901444 -3.954068 83.103907
53.055852 -3.940939 82.236798
52.897628 -3.278042 84.134568
54.087421 -4.033197 82.130980
52.302479 -3.308986 84.807089
54.082085 -4.456749 83.205019
52.274172 -3.082369 83.187125
52.863670 -4.291173 82.288079
52.064458 -4.565436 83.749632
53.696974 -5.288803 81.880885
53.688232 -5.113905 81.724725
55.101171 -5.010461 80.766252
54.816149 -4.783899 82.212046
55.421791 -5.100051 80.904472
55.898800 -5.676629 80.852146
55.116754 -4.868014 81.404806
54.204074 -5.789078 81.610615
54.127893 -5.352876 81.183308
54.893249 -5.751862 80.550413
54.928748 -6.162909 80.900811
55.826437 -6.058115 80.997842
55.487804 -5.549051 80.464594
55.197432 -6.330643 81.145559
55.189911 -5.304209 81.860054
55.286778 -5.904883 81.786722
55.705840 -6.128834 81.361276
54.644436 -5.127868 80.758403
54.671899 -5.564467 82.354500
54.756684 -6.057885 81.775464
55.536796 -6.064850 80.693202
54.456102 -4.980368 82.825804
49.925056 -1.944604 84.279012
50.754176 -1.870856 84.892053
50.292579 -1.449902 85.075772
50.293120 -0.548342 84.494180
51.811820 -0.918791 84.663270
51.371374 -2.123390 84.000406
50.419762 -0.908350 84.988382
50.187462 -1.375474 83.491597
49.285113 -0.761052 85.046634
48.446535 0.058708 84.780644
51.315745 -2.238859 84.351414
51.978018 -1.208936 84.960793
51.064991 -1.505985 85.112796
51.051372 -1.206164 83.698008
49.624860 -0.502751 84.725709
50.993852 -1.703540 83.726940
53.190812 -2.536036 83.835367
52.077040 -0.966006 84.034730
52.907334 -1.561933 83.497081
53.124489 -2.126765 83.554037
52.106658 -2.248963 83.804108
52.113130 -2.018860 84.882442
51.751588 -1.275379 83.596736
52.089969 -2.382213 84.506819
53.728556 -1.551327 83.432589
51.235865 -0.918799 83.844367
53.175358 -1.389298 84.426348
53.728697 -2.538519 84.343123
51.495837 -1.760677 83.700899
54.441446 -2.480368 84.250149
50.830220 -0.668096 84.209982
55.226005 -2.700101 83.791019
54.936002 -2.018699 83.126081
55.282095 -2.554489 83.229771
55.062617 -2.949085 83.416686
54.824196 -2.928118 83.865465
54.386408 -1.919933 83.938431
53.134417 -2.608833 84.108947
54.494011 -2.937299 83.428226
54.612877 -2.641533 83.016922
54.652373 -2.177187 82.955946
53.587529 -2.343092 83.346527
52.649940 -1.810781 84.884990
55.287014 -2.484928 83.754231
55.144359 -2.065868 83.371607
53.529406 -1.380670 83.929057
53.250563 -1.628347 84.631523
3 46 12 13
3 25 23 201
3 25 201 308
3 23 22 200
3 23 200 201
3 1 2 4
3 54 13 24
3 45 12 46
3 11 4 5
3 93 95 4
3 93 4 3
3 18 202 203
3 18 203 196
3 14 190 202
3 14 202 18
3 22 21 199
3 22 199 200
3 21 20 198
3 21 198 199
3 20 19 197
3 20 197 198
3 17 18 196
3 17 196 195
3 15 14 18
3 15 18 17
3 16 17 195
3 16 195 194
3 3 4 2
3 1 4 11
3 12 8 7
3 12 7 6
3 8 12 45
3 11 8 45
3 11 45 1
3 9 8 11
3 9 11 10
3 10 0 33
3 10 33 29
3 0 10 11
3 0 11 5
3 9 10 29
3 7 8 9
3 6 7 24
3 5 87 0
3 4 95 5
3 0 87 33
3 65 25 308
3 65 308 694
3 19 26 324
3 19 324 197
3 26 16 194
3 26 194 324
3 2 1 34
3 12 6 13
3 24 13 6
3 30 375 31
3 379 378 28
3 379 28 31
3 32 380 375
3 32 375 30
3 27 29 33
3 27 33 32
3 27 32 30
3 515 53 55
3 515 55 614
3 515 52 53
3 39 46 13
3 37 35 44
3 1 35 34
3 13 54 39
3 37 43 38
3 37 411 36
3 517 516 48
3 517 48 511
3 516 505 47
3 516 47 48
3 514 51 52
3 514 52 515
3 513 50 51
3 513 51 514
3 512 49 50
3 512 50 513
3 37 36 35
3 43 37 44
3 39 40 46
3 46 40 44
3 44 40 43
3 43 40 41
3 43 41 42
3 63 42 58
3 43 42 38
3 58 42 41
3 41 40 39
3 406 38 42
3 38 411 37
3 63 406 42
3 614 55 65
3 614 65 694
3 629 56 49
3 629 49 512
3 509 56 629
3 35 1 44
3 45 44 1
3 46 44 45
3 674 57 672
3 675 59 64
3 59 675 673
3 59 673 61
3 672 57 61
3 63 58 57
3 63 57 674
3 59 61 62
3 61 57 62
3 60 675 64
3 36 34 35
3 163 170 169
3 98 99 264
3 261 260 2533
3 247 2516 2513
3 239 268 269
3 2514 231 2510
3 303 2510 231
3 201 162 169
3 185 99 100
3 143 2405 140
3 113 2374 2182
3 306 251 250
3 171 165 172
3 153 320 2151
3 171 170 315
3 162 155 156
3 201 200 162
3 264 2440 326
3 372 373 363
3 372 363 367
3 367 334 371
3 335 355 346
3 341 369 385
3 339 215 337
3 90 211 374
3 377 33 96
3 381 96 90
3 361 359 360
3 256 255 393
3 485 478 484
3 412 435 448
3 572 574 570
3 4320 4299 571
3 4235 560 4232
3 545 4233 4228
3 4228 608 545
3 477 515 484
3 415 500 416
3 4133 457 454
3 4102 427 3912
3 480 486 487
3 626 467 3877
3 485 621 622
3 470 477 471
3 4162 414 631
3 573 631 414
3 671 4313 665
3 638 666 671
3 643 669 658
3 641 645 531
3 668 658 670
3 658 668 662
3 524 409 526
3 63 674 408
3 408 676 409
3 659 660 662
3 567 568 688
3 687 630 571
3 276 281 79
3 328 77 712
3 271 280 84
3 271 272 278
3 84 280 270
3 291 268 279
3 270 279 268
3 272 273 282
3 272 282 278
3 273 274 277
3 273 277 282
3 328 327 77
3 79 78 276
3 273 81 80
3 273 80 274
3 272 82 81
3 272 81 273
3 271 83 82
3 271 82 272
3 84 83 271
3 270 85 84
3 268 85 270
3 291 269 268
3 704 394 254
3 392 394 704
3 329 256 252
3 255 256 329
3 135 329 252
3 176 168 249
3 176 249 250
3 246 293 294
3 246 294 245
3 308 201 169
3 308 169 307
3 123 448 121
3 448 186 94
3 448 94 34
3 448 123 186
3 113 2182 114
3 116 693 114
3 119 121 692
3 119 692 118
3 309 310 173
3 309 173 174
3 309 174 175
3 310 172 173
3 314 171 311
3 307 169 170
3 307 170 312
3 175 167 168
3 175 168 176
3 172 165 166
3 172 166 173
3 315 164 171
3 116 118 692
3 116 692 693
3 121 122 123
3 121 120 122
3 119 120 121
3 118 120 119
3 116 117 118
3 114 115 117
3 114 117 116
3 114 2182 115
3 34 3 2
3 94 3 34
3 226 103 97
3 109 110 226
3 265 97 98
3 2440 264 99
3 2440 99 185
3 107 263 326
3 107 326 262
3 262 2573 2534
3 262 2534 258
3 107 262 258
3 106 260 261
3 106 327 260
3 703 106 261
3 261 2535 703
3 259 257 706
3 261 2527 2535
3 2533 2528 261
3 135 252 2374
3 306 295 296
3 250 249 295
3 250 295 306
3 298 2513 2511
3 298 2511 297
3 247 2513 298
3 154 150 247
3 150 2516 247
3 245 299 244
3 301 2508 300
3 244 241 242
3 244 242 245
3 244 240 241
3 241 239 269
3 241 269 242
3 240 238 239
3 240 239 241
3 302 300 2510
3 302 2510 303
3 239 85 268
3 239 238 233
3 239 233 85
3 2514 229 231
3 2496 2260 138
3 2496 138 228
3 301 297 2511
3 301 2511 2508
3 234 112 83
3 234 83 84
3 232 112 234
3 230 235 112
3 230 112 232
3 228 139 235
3 228 235 230
3 138 139 228
3 112 227 82
3 235 227 112
3 139 105 227
3 139 227 235
3 233 234 84
3 233 84 85
3 231 232 234
3 231 234 233
3 229 230 232
3 229 232 231
3 2496 228 230
3 2496 230 229
3 82 227 225
3 82 225 111
3 105 104 225
3 105 225 227
3 111 225 226
3 111 226 110
3 104 103 226
3 104 226 225
3 214 2495 224
3 212 2495 214
3 2494 2495 212
3 209 2493 2494
3 207 2493 209
3 223 2493 207
3 224 2492 2484
3 2495 2492 224
3 189 2482 223
3 87 96 33
3 95 222 88
3 95 88 5
3 93 221 222
3 93 222 95
3 222 91 88
3 93 3 204
3 204 221 93
3 222 208 92
3 222 92 91
3 221 206 208
3 221 208 222
3 204 205 206
3 204 206 221
3 94 189 205
3 94 205 204
3 220 187 368
3 374 213 216
3 374 216 215
3 211 213 374
3 213 214 216
3 212 214 213
3 208 209 210
3 207 209 208
3 94 204 3
3 196 203 177
3 196 177 143
3 193 137 177
3 193 177 203
3 202 192 193
3 202 193 203
3 190 191 192
3 190 192 202
3 200 199 155
3 200 155 162
3 199 198 151
3 199 151 155
3 198 197 144
3 198 144 151
3 195 196 143
3 195 143 140
3 194 195 140
3 194 140 141
3 193 391 390
3 193 390 137
3 192 389 391
3 192 391 193
3 191 388 389
3 191 389 192
3 2483 182 2486
3 182 183 2486
3 136 2483 188
3 188 2482 189
3 2483 2482 188
3 186 189 94
3 368 187 2590
3 123 122 186
3 122 136 188
3 395 102 129
3 395 129 101
3 181 117 115
3 181 115 2415
3 179 118 117
3 179 117 181
3 120 118 179
3 184 180 2422
3 183 178 180
3 183 180 184
3 183 182 178
3 2483 136 182
3 180 181 2415
3 178 179 181
3 178 181 180
3 182 179 178
3 136 122 120
3 136 120 182
3 143 177 2409
3 143 2409 2405
3 137 2381 2409
3 137 2409 177
3 167 160 161
3 167 161 168
3 167 174 159
3 167 159 160
3 165 304 158
3 165 158 166
3 313 304 164
3 313 164 157
3 160 305 154
3 160 154 161
3 305 148 149
3 158 147 148
3 158 148 305
3 153 146 320
3 155 151 152
3 155 152 156
3 317 318 146
3 317 146 153
3 151 144 145
3 151 145 152
3 148 2156 149
3 147 2151 2156
3 147 2156 148
3 2151 147 153
3 140 2405 2406
3 140 2406 2404
3 141 140 2404
3 141 2404 142
3 125 133 139
3 125 139 138
3 133 131 105
3 133 105 139
3 131 128 104
3 131 104 105
3 104 128 129
3 104 129 102
3 2260 125 138
3 137 390 2591
3 137 2591 2381
3 2374 113 135
3 101 129 127
3 101 127 396
3 101 134 100
3 124 132 133
3 124 133 125
3 2257 2318 132
3 2257 132 124
3 132 130 131
3 132 131 133
3 2318 2314 130
3 2318 130 132
3 130 126 128
3 130 128 131
3 2314 2308 126
3 2314 126 130
3 126 127 129
3 126 129 128
3 2308 2566 127
3 2308 127 126
3 2258 124 125
3 2258 125 2260
3 2257 124 2258
3 82 83 112
3 111 81 82
3 110 80 81
3 110 81 111
3 109 275 80
3 109 80 110
3 109 325 275
3 263 107 79
3 107 78 79
3 327 106 77
3 106 702 77
3 703 707 702
3 703 702 106
3 102 103 104
3 395 97 103
3 395 103 102
3 99 101 100
3 98 97 99
3 90 96 89
3 87 5 88
3 87 88 89
3 89 96 87
3 90 91 92
3 90 92 211
3 89 88 91
3 89 91 90
3 289 279 270
3 289 290 279
3 290 291 279
3 75 266 285
3 287 288 745
3 287 745 286
3 745 288 782
3 745 782 744
3 284 287 286
3 284 286 283
3 777 778 284
3 777 284 283
3 285 778 697
3 283 286 747
3 283 747 714
3 745 746 747
3 745 747 286
3 697 75 285
3 280 289 270
3 280 287 284
3 280 284 289
3 271 288 280
3 288 287 280
3 278 288 271
3 278 782 288
3 282 780 782
3 282 782 278
3 277 781 282
3 781 780 282
3 277 791 781
3 281 792 791
3 276 793 281
3 289 284 290
3 778 290 284
3 291 266 267
3 291 267 269
3 266 75 69
3 266 69 267
3 293 246 66
3 246 243 69
3 246 69 66
3 243 267 69
3 292 294 293
3 315 316 157
3 315 157 164
3 237 295 248
3 248 298 297
3 248 297 237
3 248 247 298
3 161 154 247
3 161 247 248
3 299 236 244
3 301 300 244
3 301 244 236
3 245 242 243
3 245 243 246
3 300 302 240
3 300 240 244
3 242 269 267
3 242 267 243
3 302 303 238
3 302 238 240
3 231 233 238
3 231 238 303
3 301 236 237
3 301 237 297
3 304 165 171
3 304 171 164
3 149 150 154
3 149 154 305
3 159 305 160
3 173 166 159
3 173 159 174
3 290 285 266
3 290 266 291
3 778 285 290
3 306 296 292
3 306 292 251
3 245 294 299
3 296 299 294
3 296 294 292
3 70 250 251
3 70 251 72
3 70 176 250
3 694 308 307
3 694 307 695
3 309 76 310
3 73 175 176
3 73 176 70
3 76 309 175
3 76 175 73
3 71 310 76
3 71 67 311
3 319 314 311
3 319 311 67
3 695 307 312
3 695 312 68
3 237 236 299
3 237 299 296
3 72 251 292
3 292 293 66
3 292 66 72
3 237 296 295
3 166 158 305
3 166 305 159
3 249 248 295
3 168 161 248
3 168 248 249
3 162 156 163
3 162 163 169
3 167 175 174
3 158 304 313
3 158 313 147
3 157 316 317
3 157 317 153
3 147 313 153
3 153 313 157
3 171 172 311
3 314 312 170
3 314 170 171
3 317 156 152
3 317 152 145
3 317 145 318
3 2540 142 2404
3 2540 2404 2541
3 163 316 315
3 163 315 170
3 319 68 312
3 319 312 314
3 317 316 163
3 317 163 156
3 318 321 146
3 318 2540 321
3 145 322 318
3 322 142 2540
3 322 2540 318
3 144 323 322
3 144 322 145
3 323 141 142
3 323 142 322
3 197 324 323
3 197 323 144
3 324 194 141
3 324 141 323
3 146 321 2145
3 146 2145 320
3 396 127 2566
3 396 2566 2310
3 263 265 98
3 263 98 264
3 108 109 265
3 108 265 263
3 109 108 325
3 263 264 326
3 263 79 108
3 79 325 108
3 281 325 79
3 326 2573 262
3 2534 2533 258
3 260 258 2533
3 260 107 258
3 327 107 260
3 327 78 107
3 328 276 78
3 328 78 327
3 328 793 276
3 86 329 135
3 567 255 329
3 567 329 86
3 254 255 567
3 113 74 135
3 114 74 113
3 331 332 386
3 331 386 330
3 331 370 358
3 331 358 332
3 391 331 330
3 391 330 390
3 389 370 331
3 389 331 391
3 388 369 370
3 388 370 389
3 368 2588 366
3 330 386 2589
3 330 2589 2592
3 372 371 2587
3 390 330 2592
3 390 2592 2591
3 332 358 362
3 366 220 368
3 342 218 220
3 217 218 342
3 340 334 365
3 340 343 334
3 338 343 340
3 217 337 215
3 346 361 336
3 346 336 335
3 385 335 341
3 341 335 336
3 337 217 338
3 339 351 374
3 339 374 215
3 338 342 343
3 217 342 338
3 220 366 342
3 387 339 337
3 387 337 338
3 338 340 348
3 355 350 346
3 349 338 348
3 352 382 381
3 352 381 351
3 338 349 387
3 356 364 354
3 357 347 354
3 354 347 383
3 356 354 383
3 356 383 353
3 362 358 360
3 360 358 336
3 359 361 333
3 365 367 345
3 370 369 341
3 370 341 358
3 358 341 336
3 359 333 357
3 362 363 373
3 364 344 357
3 363 345 367
3 365 334 367
3 364 348 340
3 364 340 344
3 354 364 357
3 381 90 374
3 381 374 351
3 379 31 375
3 379 375 376
3 33 377 32
3 380 32 377
3 382 380 377
3 353 379 376
3 353 383 378
3 353 378 379
3 382 377 381
3 381 377 96
3 386 372 2587
3 386 2587 2589
3 332 373 372
3 332 372 386
3 371 366 2588
3 371 2588 2587
3 334 366 371
3 343 342 366
3 343 366 334
3 367 371 372
3 387 352 351
3 387 351 339
3 348 364 349
3 352 353 382
3 349 364 356
3 349 356 387
3 375 380 376
3 382 353 376
3 382 376 380
3 387 356 353
3 387 353 352
3 346 347 333
3 346 333 361
3 350 347 346
3 361 360 336
3 363 362 360
3 363 360 359
3 345 363 359
3 365 345 344
3 365 344 340
3 332 362 373
3 357 333 347
3 347 350 384
3 347 384 383
3 378 383 384
3 281 793 792
3 394 392 257
3 259 394 257
3 2535 803 703
3 393 255 394
3 393 253 256
3 259 706 803
3 255 254 394
3 259 253 393
3 259 393 394
3 71 311 310
3 172 310 311
3 219 2485 2597
3 2484 2485 219
3 216 224 2484
3 214 224 216
3 210 2494 212
3 209 2494 210
3 180 2415 2422
3 220 218 187
3 217 2484 219
3 217 219 218
3 215 216 2484
3 215 2484 217
3 211 212 213
3 92 210 212
3 92 212 211
3 208 210 92
3 206 207 208
3 205 223 207
3 205 207 206
3 189 223 205
3 186 188 189
3 122 188 186
3 182 120 179
3 2535 259 803
3 281 277 274
3 281 274 325
3 274 275 325
3 265 226 97
3 109 226 265
3 395 101 99
3 101 396 134
3 395 99 97
3 277 281 791
3 396 2310 134
3 359 357 344
3 345 359 344
3 275 274 80
3 399 588 584
3 587 591 403
3 587 403 579
3 586 580 403
3 586 403 591
3 590 587 579
3 590 579 405
3 578 590 405
3 592 581 580
3 592 580 586
3 585 400 581
3 585 581 592
3 815 397 820
3 397 632 633
3 397 633 820
3 398 399 584
3 400 401 581
3 401 402 580
3 401 580 581
3 402 403 580
3 403 404 579
3 404 405 579
3 576 69 575
3 818 630 687
3 818 687 817
3 565 568 86
3 568 567 86
3 565 86 449
3 564 563 612
3 562 483 491
3 562 491 563
3 601 559 558
3 576 556 69
3 484 515 614
3 484 614 613
3 501 435 412
3 412 448 34
3 449 74 427
3 428 3912 427
3 428 427 74
3 114 693 428
3 693 430 428
3 692 121 433
3 692 433 432
3 121 448 435
3 121 435 433
3 488 616 615
3 488 615 489
3 490 489 615
3 488 487 616
3 486 621 620
3 486 620 617
3 485 484 613
3 485 613 618
3 483 482 490
3 483 490 491
3 481 480 487
3 481 487 488
3 486 479 622
3 486 622 621
3 692 432 430
3 692 430 693
3 436 434 433
3 436 433 435
3 434 432 433
3 432 431 430
3 431 429 428
3 431 428 430
3 429 3912 428
3 34 36 412
3 419 425 424
3 419 424 413
3 413 423 414
3 415 414 4162
3 415 4162 500
3 573 570 631
3 573 422 572
3 572 422 398
3 574 572 397
3 572 632 397
3 574 397 816
3 569 571 819
3 4299 4298 574
3 4298 570 574
3 570 573 572
3 565 4250 568
3 565 449 4102
3 602 564 611
3 564 562 563
3 4229 4232 603
3 4232 560 603
3 560 464 469
3 4235 4135 464
3 4235 464 560
3 604 558 557
3 605 4227 606
3 555 554 557
3 555 557 558
3 554 553 557
3 4224 605 607
3 577 555 576
3 577 578 554
3 577 554 555
3 578 552 553
3 578 553 554
3 552 551 553
3 4228 4224 607
3 4228 607 608
3 578 405 552
3 547 551 552
3 547 552 405
3 543 4233 545
3 4229 603 606
3 4229 606 4227
3 604 602 611
3 403 426 548
3 403 548 404
3 426 549 546
3 426 546 548
3 549 544 546
3 549 453 452
3 549 452 544
3 402 542 549
3 402 549 426
3 542 421 453
3 542 453 549
3 404 548 547
3 404 547 405
3 548 546 545
3 548 545 547
3 546 544 543
3 546 543 545
3 544 452 4114
3 544 4114 543
3 541 542 402
3 541 420 421
3 541 421 542
3 425 419 420
3 425 420 541
3 539 538 529
3 538 527 529
3 538 4211 525
3 538 525 527
3 4211 4214 523
3 4211 523 525
3 4214 4213 522
3 4214 522 523
3 4213 521 522
3 4213 537 521
3 4203 4199 540
3 4199 539 540
3 4193 4212 538
3 4193 538 539
3 4212 4211 538
3 537 4201 504
3 408 406 63
3 407 536 411
3 407 411 38
3 536 535 411
3 410 536 407
3 36 411 518
3 535 518 411
3 410 522 536
3 522 520 535
3 522 535 536
3 520 519 518
3 520 518 535
3 519 504 412
3 519 412 518
3 502 533 4317
3 518 412 36
3 492 517 511
3 492 511 457
3 492 451 508
3 492 508 517
3 508 507 516
3 508 516 517
3 507 506 505
3 507 505 516
3 470 514 515
3 470 515 477
3 465 513 514
3 465 514 470
3 458 512 513
3 458 513 465
3 457 511 510
3 457 510 454
3 454 510 509
3 454 509 455
3 685 686 508
3 685 508 451
3 686 684 507
3 686 507 508
3 684 506 507
3 684 683 506
3 4204 497 4202
3 498 497 4204
3 503 4202 450
3 4201 503 504
3 4201 4202 503
3 504 501 412
3 501 436 435
3 503 450 436
3 442 418 690
3 442 690 417
3 429 431 496
3 429 496 4142
3 431 432 494
3 431 494 496
3 432 434 494
3 4148 495 499
3 495 493 498
3 495 498 499
3 493 497 498
3 497 450 4202
3 4142 496 495
3 496 494 493
3 496 493 495
3 494 497 493
3 434 436 450
3 434 450 497
3 4137 492 457
3 4137 457 4133
3 4137 4108 451
3 4137 451 492
3 476 475 482
3 476 482 483
3 474 489 482
3 474 482 475
3 473 609 480
3 473 480 481
3 479 609 619
3 479 619 472
3 469 610 475
3 469 475 476
3 463 468 610
3 468 461 473
3 460 467 626
3 466 465 470
3 466 470 471
3 463 462 468
3 462 461 468
3 460 625 624
3 460 624 467
3 459 458 465
3 459 465 466
3 463 3881 462
3 3881 3877 461
3 3881 461 462
3 467 461 3877
3 4134 4133 454
3 4134 454 4132
3 4132 454 455
3 4132 455 456
3 453 446 438
3 453 438 452
3 421 444 446
3 421 446 453
3 420 441 444
3 420 444 421
3 442 441 420
3 442 420 418
3 452 438 4114
3 4318 685 451
3 4318 451 4108
3 449 427 4102
3 440 442 417
3 440 417 691
3 447 417 416
3 446 445 437
3 446 437 438
3 445 4040 3988
3 445 3988 437
3 444 443 445
3 444 445 446
3 443 4036 4040
3 443 4040 445
3 441 439 443
3 441 443 444
3 439 4032 4036
3 439 4036 443
3 442 440 439
3 442 439 441
3 440 4289 4032
3 440 4032 439
3 438 437 3989
3 437 3988 4281
3 437 4281 3989
3 403 402 426
3 402 401 541
3 401 400 425
3 401 425 541
3 400 689 424
3 400 424 425
3 583 423 424
3 399 398 422
3 815 814 816
3 815 816 397
3 420 419 418
3 419 413 690
3 419 690 418
3 417 415 416
3 415 413 414
3 407 38 406
3 407 406 408
3 410 409 524
3 410 407 408
3 410 408 409
3 577 599 590
3 577 590 578
3 598 597 595
3 891 598 860
3 595 597 594
3 595 594 593
3 594 596 593
3 596 75 697
3 595 593 827
3 595 861 598
3 594 597 587
3 594 587 590
3 597 598 591
3 597 591 587
3 598 891 586
3 598 586 591
3 891 889 592
3 891 592 586
3 889 890 585
3 889 585 592
3 585 900 589
3 900 901 588
3 900 588 589
3 901 584 588
3 594 590 599
3 599 596 594
3 596 575 75
3 575 599 577
3 576 575 577
3 69 75 575
3 600 564 612
3 66 559 601
3 69 556 559
3 69 559 66
3 472 623 622
3 472 622 479
3 564 602 561
3 603 561 602
3 603 560 561
3 560 469 476
3 560 476 561
3 557 550 604
3 557 605 606
3 557 606 550
3 556 555 558
3 556 558 559
3 553 607 605
3 553 605 557
3 576 555 556
3 551 608 607
3 551 607 553
3 551 547 545
3 551 545 608
3 602 550 606
3 602 606 603
3 486 480 609
3 486 609 479
3 469 464 463
3 469 463 610
3 610 468 474
3 610 474 475
3 474 481 488
3 474 488 489
3 575 596 599
3 600 611 564
3 601 558 604
3 601 604 611
3 601 611 600
3 612 563 70
3 612 70 72
3 563 491 70
3 613 614 694
3 613 694 695
3 76 615 616
3 491 490 73
3 491 73 70
3 490 615 76
3 490 76 73
3 616 71 76
3 617 67 71
3 617 620 319
3 617 319 67
3 618 613 695
3 618 695 68
3 604 550 602
3 600 612 72
3 66 601 600
3 66 600 72
3 4135 463 464
3 468 473 481
3 468 481 474
3 561 562 564
3 561 476 483
3 561 483 562
3 478 471 477
3 478 477 484
3 489 490 482
3 619 609 473
3 619 473 461
3 624 623 472
3 624 472 467
3 619 461 467
3 472 619 467
3 617 487 486
3 485 618 620
3 485 620 621
3 466 471 624
3 459 466 624
3 459 624 625
3 4132 456 4259
3 4132 4259 4260
3 622 623 478
3 622 478 485
3 618 68 319
3 618 319 620
3 478 623 624
3 478 624 471
3 627 625 460
3 627 4259 625
3 4259 456 459
3 4259 459 625
3 459 628 458
3 456 455 628
3 456 628 459
3 628 629 512
3 628 512 458
3 455 509 629
3 455 629 628
3 4280 627 460
3 4280 460 626
3 4289 440 691
3 4289 691 4033
3 582 423 583
3 582 589 588
3 4162 631 4297
3 414 423 422
3 414 422 573
3 582 399 422
3 582 422 423
3 582 588 399
3 572 398 632
3 398 584 633
3 398 633 632
3 901 904 633
3 901 633 584
3 567 818 254
3 135 449 86
3 135 74 449
3 74 114 428
3 681 636 635
3 681 635 634
3 668 670 635
3 668 635 636
3 634 635 686
3 634 686 685
3 635 670 684
3 635 684 686
3 670 669 684
3 669 683 684
3 665 4314 667
3 4316 681 634
3 4316 634 4319
3 4313 671 647
3 4313 647 4315
3 4319 634 685
3 4319 685 4318
3 668 636 661
3 4317 533 667
3 667 533 638
3 667 638 665
3 665 638 671
3 533 531 644
3 531 645 644
3 644 645 642
3 661 662 668
3 640 660 648
3 640 648 639
3 664 647 646
3 664 646 682
3 640 639 643
3 640 643 658
3 638 533 644
3 641 642 645
3 641 528 650
3 641 650 642
3 666 644 642
3 666 638 644
3 528 526 653
3 528 653 650
3 642 652 651
3 676 677 654
3 676 654 653
3 676 653 526
3 650 652 642
3 678 656 655
3 640 658 662
3 660 659 637
3 662 660 640
3 658 669 670
3 657 637 659
3 664 662 661
3 646 663 657
3 647 666 646
3 666 651 663
3 666 663 646
3 651 666 642
3 657 663 655
3 657 655 656
3 526 409 676
3 672 61 673
3 674 672 677
3 675 678 655
3 675 655 673
3 674 677 676
3 408 674 676
3 4315 647 681
3 4315 681 4316
3 647 664 636
3 647 636 681
3 4314 665 4313
3 671 666 647
3 653 654 650
3 663 651 652
3 655 654 677
3 655 663 652
3 655 652 650
3 673 655 677
3 673 677 672
3 655 650 654
3 637 649 648
3 637 648 660
3 649 679 648
3 649 680 679
3 659 662 682
3 664 661 636
3 649 637 657
3 649 657 656
3 680 649 656
3 680 656 678
3 680 678 675
3 680 675 60
3 566 688 4250
3 569 687 571
3 816 819 4299
3 816 4299 574
3 630 567 688
3 630 688 566
3 4250 688 568
3 817 687 569
3 818 704 254
3 818 567 630
3 566 4320 571
3 566 571 630
3 616 617 71
3 616 487 617
3 540 532 534
3 540 539 532
3 539 530 532
3 539 529 530
3 521 537 519
3 537 504 519
3 4142 495 4148
3 502 534 533
3 534 532 531
3 534 531 533
3 532 530 641
3 532 641 531
3 530 529 528
3 530 528 641
3 529 527 526
3 529 526 528
3 527 525 524
3 527 524 526
3 525 523 410
3 525 410 524
3 523 522 410
3 522 521 520
3 521 519 520
3 504 503 501
3 503 436 501
3 494 434 497
3 819 571 4299
3 689 589 582
3 583 689 582
3 413 424 423
3 417 690 415
3 691 417 447
3 583 424 689
3 413 415 690
3 4033 691 447
3 657 659 646
3 682 662 664
3 646 659 682
3 585 589 689
3 585 689 400
3 721 772 743
3 770 757 806
3 978 770 809
3 756 715 794
3 906 855 848
3 593 596 698
3 817 569 813
3 704 818 807
3 830 897 917
3 923 922 944
3 1043 1042 980
3 776 926 928
3 947 920 964
3 1630 1629 968
3 712 77 702
3 711 712 702
3 711 702 707
3 808 711 707
3 700 699 710
3 798 708 709
3 699 709 708
3 701 808 707
3 705 709 699
3 803 701 703
3 257 700 706
3 742 721 743
3 746 774 747
3 714 747 774
3 714 774 725
3 714 725 727
3 722 743 772
3 789 736 735
3 796 736 729
3 730 731 737
3 730 737 796
3 728 789 735
3 741 742 781
3 797 784 796
3 784 735 736
3 713 735 784
3 714 727 777
3 777 283 714
3 744 782 780
3 744 780 743
3 743 780 781
3 743 781 742
3 779 740 741
3 777 727 698
3 698 697 778
3 698 778 777
3 800 728 735
3 760 775 759
3 787 788 776
3 787 776 763
3 762 776 928
3 981 760 762
3 981 762 928
3 981 775 760
3 1043 775 981
3 775 773 758
3 775 758 759
3 752 766 751
3 751 766 765
3 751 765 750
3 750 765 764
3 750 764 749
3 749 764 696
3 749 696 748
3 979 771 773
3 979 773 980
3 771 758 773
3 757 770 769
3 757 769 756
3 754 768 767
3 755 756 769
3 755 769 768
3 720 754 767
3 977 769 770
3 977 770 978
3 976 768 769
3 976 769 977
3 976 975 767
3 976 767 768
3 931 720 767
3 931 767 975
3 933 753 720
3 933 720 931
3 932 752 753
3 932 753 933
3 974 766 752
3 974 752 932
3 973 765 766
3 973 766 974
3 972 764 765
3 972 765 973
3 971 696 764
3 971 764 972
3 970 696 971
3 760 761 762
3 760 759 761
3 730 759 758
3 758 718 730
3 756 794 719
3 756 719 757
3 755 717 715
3 755 715 756
3 754 720 811
3 753 721 720
3 752 772 721
3 752 721 753
3 751 723 772
3 751 772 752
3 750 724 723
3 750 723 751
3 749 726 724
3 749 724 750
3 748 726 749
3 748 786 726
3 744 722 746
3 744 746 745
3 743 722 744
3 740 716 741
3 794 738 739
3 795 739 738
3 713 800 735
3 727 841 698
3 727 786 841
3 774 724 726
3 774 726 725
3 746 723 724
3 746 724 774
3 722 772 723
3 722 723 746
3 742 720 721
3 811 720 742
3 716 717 811
3 716 715 717
3 794 739 719
3 731 730 718
3 731 718 732
3 730 729 759
3 789 759 729
3 728 761 789
3 728 762 761
3 800 790 728
3 790 787 763
3 790 763 728
3 727 725 786
3 725 726 786
3 791 741 781
3 792 779 741
3 792 741 791
3 328 712 738
3 328 738 793
3 793 738 794
3 712 734 738
3 734 795 738
3 712 711 783
3 712 783 734
3 808 733 783
3 808 783 711
3 699 708 797
3 797 708 784
3 798 713 784
3 798 784 708
3 793 794 740
3 794 716 740
3 794 715 716
3 795 734 804
3 804 739 795
3 739 804 719
3 806 757 719
3 703 701 707
3 797 796 737
3 797 737 785
3 980 773 775
3 980 775 1043
3 699 797 710
3 797 785 710
3 789 729 736
3 784 736 796
3 789 761 759
3 762 763 776
3 728 763 762
3 699 700 257
3 699 257 705
3 807 801 704
3 801 392 704
3 796 729 730
3 802 700 710
3 802 706 700
3 732 737 731
3 785 737 732
3 783 804 734
3 804 805 806
3 804 806 719
3 810 809 770
3 810 770 806
3 810 806 718
3 733 785 732
3 733 732 805
3 805 732 806
3 806 732 718
3 792 793 740
3 792 740 779
3 807 799 705
3 807 705 801
3 801 705 257
3 801 257 392
3 709 705 799
3 802 701 803
3 802 803 706
3 808 802 710
3 701 802 808
3 808 710 733
3 733 710 785
3 783 733 805
3 783 805 804
3 771 979 978
3 771 978 809
3 810 758 771
3 810 771 809
3 810 718 758
3 742 716 811
3 754 755 768
3 754 811 717
3 754 717 755
3 741 716 742
3 820 905 815
3 815 905 824
3 824 915 814
3 907 813 823
3 825 826 821
3 825 821 812
3 822 812 821
3 814 915 914
3 812 822 799
3 799 912 812
3 814 914 819
3 814 819 816
3 885 861 595
3 885 595 827
3 833 835 834
3 857 884 829
3 849 910 909
3 849 909 843
3 844 851 913
3 853 846 845
3 890 858 919
3 890 919 918
3 894 854 906
3 894 906 892
3 848 847 892
3 910 893 908
3 850 849 911
3 850 911 821
3 698 883 827
3 698 827 593
3 889 891 860
3 889 860 858
3 890 889 858
3 841 883 698
3 596 697 698
3 849 842 911
3 886 875 873
3 886 887 875
3 887 876 875
3 877 788 878
3 877 921 788
3 887 886 952
3 887 952 966
3 886 967 952
3 886 873 967
3 879 864 838
3 863 879 838
3 871 882 968
3 871 870 882
3 880 881 869
3 880 869 868
3 696 862 748
3 881 880 947
3 880 920 947
3 867 866 920
3 866 865 956
3 865 864 956
3 864 879 969
3 864 969 956
3 879 863 958
3 879 958 969
3 863 862 970
3 863 970 958
3 862 696 970
3 875 874 873
3 874 872 873
3 871 873 872
3 872 830 870
3 872 870 871
3 831 828 868
3 831 868 869
3 832 867 828
3 832 834 867
3 834 866 867
3 834 836 865
3 834 865 866
3 836 837 864
3 836 864 865
3 837 838 864
3 838 839 863
3 839 840 862
3 839 862 863
3 840 786 748
3 840 748 862
3 861 835 860
3 861 860 598
3 835 833 858
3 835 858 860
3 833 859 858
3 859 884 919
3 859 919 858
3 856 857 829
3 855 854 829
3 855 906 854
3 851 910 908
3 851 908 913
3 849 850 910
3 839 895 885
3 839 885 827
3 839 838 895
3 895 837 861
3 895 861 885
3 838 837 895
3 837 836 835
3 837 835 861
3 836 834 835
3 833 832 859
3 834 832 833
3 832 884 859
3 832 828 884
3 884 896 829
3 828 896 884
3 831 855 829
3 831 829 896
3 831 896 828
3 897 898 846
3 830 872 898
3 830 898 897
3 913 874 844
3 874 898 872
3 874 875 844
3 843 909 899
3 876 899 909
3 876 909 875
3 840 839 827
3 840 827 883
3 786 840 883
3 786 883 841
3 890 918 900
3 890 900 585
3 902 820 633
3 902 633 904
3 894 902 904
3 902 905 820
3 894 892 902
3 903 905 902
3 892 903 902
3 903 916 915
3 903 915 824
3 847 916 903
3 826 825 893
3 850 821 826
3 888 901 900
3 856 894 904
3 856 904 901
3 856 854 894
3 829 854 856
3 815 824 814
3 892 906 848
3 831 869 917
3 892 847 903
3 903 824 905
3 852 908 823
3 873 871 968
3 873 968 967
3 853 845 908
3 853 908 852
3 898 845 846
3 851 844 909
3 851 909 910
3 910 850 893
3 875 909 844
3 893 850 826
3 849 843 842
3 877 876 887
3 878 876 877
3 842 843 899
3 878 842 899
3 878 899 876
3 709 822 821
3 709 821 798
3 713 821 911
3 800 911 842
3 788 787 878
3 800 713 911
3 790 800 842
3 787 790 842
3 787 842 878
3 713 798 821
3 825 812 907
3 813 907 812
3 813 812 912
3 813 912 817
3 817 912 807
3 817 807 818
3 908 893 823
3 913 908 845
3 845 898 874
3 845 874 913
3 893 825 907
3 893 907 823
3 823 813 914
3 823 914 915
3 813 819 914
3 569 819 813
3 852 823 916
3 823 915 916
3 917 855 831
3 846 853 848
3 846 848 897
3 853 852 847
3 853 847 848
3 917 897 855
3 888 857 856
3 856 901 888
3 799 807 912
3 799 822 709
3 847 852 916
3 897 848 855
3 882 870 869
3 882 869 881
3 830 917 869
3 830 869 870
3 888 918 919
3 888 919 857
3 880 868 867
3 880 867 920
3 828 867 868
3 857 919 884
3 888 900 918
3 776 927 926
3 921 927 788
3 976 923 930
3 976 930 975
3 974 934 936
3 974 936 973
3 973 936 935
3 973 935 972
3 972 935 1073
3 972 1073 971
3 977 922 923
3 977 923 976
3 944 1110 939
3 945 1110 944
3 945 943 1109
3 971 1073 1331
3 971 1331 970
3 1067 934 942
3 978 924 922
3 978 922 977
3 932 934 974
3 931 975 930
3 979 943 924
3 979 924 978
3 980 1042 943
3 980 943 979
3 928 926 1040
3 927 921 937
3 944 922 924
3 935 1341 1340
3 935 1340 1073
3 936 1341 935
3 936 1129 1123
3 936 1123 1341
3 934 1067 1129
3 934 1129 936
3 923 939 938
3 923 938 930
3 940 933 931
3 940 931 941
3 944 939 923
3 944 924 945
3 943 945 924
3 942 934 932
3 940 942 932
3 940 932 933
3 941 931 930
3 941 930 938
3 925 946 1040
3 925 1040 926
3 1039 926 927
3 937 1039 927
3 1400 946 925
3 1039 925 926
3 949 1039 937
3 1118 943 1042
3 1109 943 1118
3 928 1040 929
3 981 929 1043
3 981 928 929
3 966 951 950
3 966 950 887
3 877 887 950
3 1629 967 968
3 1636 960 954
3 1936 955 961
3 959 957 956
3 959 956 969
3 958 959 969
3 1331 958 970
3 960 1686 964
3 1686 965 964
3 1685 963 965
3 962 957 1647
3 947 948 881
3 955 866 956
3 954 920 866
3 954 866 955
3 948 963 882
3 948 882 881
3 963 1630 968
3 963 968 882
3 948 947 964
3 1898 1899 958
3 1898 958 1331
3 1899 959 958
3 1699 1704 959
3 1699 959 1899
3 1704 1647 957
3 1704 957 959
3 954 960 920
3 960 964 920
3 965 948 964
3 948 965 963
3 957 962 956
3 956 962 961
3 956 961 955
3 954 955 1936
3 954 1936 1636
3 953 1746 1625
3 953 1625 951
3 950 1624 949
3 950 949 937
3 1628 1624 950
3 951 1625 1628
3 951 1628 950
3 963 1722 1630
3 963 1685 1722
3 950 937 921
3 950 921 877
3 953 951 952
3 1629 953 967
3 953 952 967
3 952 951 966
3 927 776 788
3 1413 1154 1160
3 1243 1199 1198
3 1243 1206 1244
3 1413 1160 1155
3 1479 1476 1477
3 1325 1327 1473
3 1279 1278 1457
3 1481 1472 1265
3 1482 1275 1470
3 1518 1516 1514
3 1492 1486 1284
3 1495 1848 1282
3 1686 1692 1918
3 1730 1969 1735
3 1906 1593 1611
3 1826 2007 1604
3 1767 1811 1766
3 1772 1811 1810
3 1776 1732 1590
3 1735 1969 1731
3 1894 1892 2039
3 2033 2032 2018
3 2037 2048 2035
3 1842 2019 2038
3 2077 1518 2075
3 1285 2101 1499
3 1848 2059 1847
3 1110 1174 1173
3 1110 1173 1116
3 1173 1114 1116
3 1108 1042 1043
3 1078 1084 1166
3 1078 1290 1289
3 1084 1089 1150
3 1084 1150 1166
3 1078 1372 1290
3 1166 1373 1372
3 1166 1372 1078
3 1150 1373 1166
3 1150 1089 1062
3 1150 1062 1371
3 1349 1066 1158
3 1377 1371 1062
3 1377 1062 1376
3 1074 1056 1057
3 1378 1096 1097
3 1098 1057 1064
3 1144 1115 1057
3 1117 1146 938
3 1117 1111 1146
3 1111 1112 1145
3 1111 1145 1146
3 1112 1115 1144
3 1112 1144 1145
3 941 1379 1143
3 941 1143 940
3 1379 1380 1142
3 1379 1142 1143
3 1380 1381 1141
3 1380 1141 1142
3 1381 1382 1140
3 1381 1140 1141
3 940 1143 1139
3 1143 1138 1139
3 1143 1142 1137
3 1143 1137 1138
3 1142 1141 1136
3 1142 1136 1137
3 1141 1140 1135
3 1141 1135 1136
3 1139 1134 1067
3 1139 1138 1133
3 1139 1133 1134
3 1138 1137 1132
3 1138 1132 1133
3 1137 1136 1131
3 1137 1131 1132
3 1136 1135 1130
3 1136 1130 1131
3 1135 1390 1130
3 1067 1134 1128
3 1067 1128 1129
3 1134 1133 1127
3 1134 1127 1128
3 1133 1132 1126
3 1133 1126 1127
3 1132 1131 1125
3 1132 1125 1126
3 1131 1130 1124
3 1131 1124 1125
3 1130 1390 1391
3 1130 1391 1124
3 1129 1128 1071
3 1129 1071 1123
3 1128 1127 1122
3 1128 1122 1071
3 1127 1126 1121
3 1127 1121 1122
3 1126 1125 1120
3 1126 1120 1121
3 1125 1124 1286
3 1125 1286 1120
3 1124 1391 1392
3 1124 1392 1286
3 1123 1071 992
3 1071 1122 1070
3 1122 1121 1069
3 1122 1069 1070
3 1121 1120 1068
3 1121 1068 1069
3 1116 1114 1111
3 1116 1111 1117
3 1057 1115 1058
3 1112 1113 1058
3 1112 1058 1115
3 1112 1111 1114
3 1112 1114 1113
3 1056 1363 1065
3 1378 1384 1095
3 1378 1095 1096
3 1384 1385 1094
3 1384 1094 1095
3 1385 1061 1094
3 1106 1104 1083
3 1106 1083 1077
3 1104 1102 1088
3 1104 1088 1083
3 1102 1093 1088
3 1387 1105 1103
3 1387 1103 1386
3 1386 1103 1101
3 1097 1096 1092
3 1097 1092 1093
3 1096 1095 1366
3 1096 1366 1092
3 1095 1094 1091
3 1094 1061 1090
3 1061 1062 1089
3 1093 1092 1087
3 1093 1087 1088
3 1092 1366 1367
3 1092 1367 1087
3 1091 1364 1086
3 1088 1087 1082
3 1088 1082 1083
3 1087 1367 1368
3 1087 1368 1082
3 1086 1364 1080
3 1086 1080 1081
3 1085 1356 1080
3 1083 1082 1076
3 1083 1076 1077
3 1082 1368 1369
3 1082 1369 1076
3 1081 1080 1287
3 1081 1287 1075
3 1080 1356 1357
3 1080 1357 1287
3 1079 1289 1288
3 1071 1070 1330
3 1071 1330 992
3 1070 1069 1333
3 1070 1333 1330
3 1069 1068 1329
3 1069 1329 1333
3 1059 1063 1060
3 1065 1353 1064
3 1376 1062 1061
3 1056 1445 1055
3 1055 1066 1059
3 1055 1059 1363
3 1055 1363 1056
3 1055 1445 1215
3 1055 1215 1156
3 929 1040 1043
3 1323 991 1337
3 1323 1337 1314
3 1323 1374 1332
3 1323 1332 991
3 1322 1375 1332
3 2132 1311 1320
3 2132 1320 1338
3 1320 1319 989
3 1320 989 1338
3 1319 1370 2131
3 1319 2131 989
3 1317 1365 1318
3 1316 1358 1359
3 1316 1359 2130
3 1315 1314 1337
3 1315 1337 1336
3 1068 1313 1335
3 1068 1335 1329
3 1313 1393 1394
3 1313 1394 1335
3 1312 1388 1389
3 1312 1389 1334
3 1290 1323 1314
3 1290 1314 1289
3 1290 1374 1323
3 1120 1286 1313
3 1120 1313 1068
3 1286 1392 1393
3 1286 1393 1313
3 1311 1106 1077
3 1311 1077 1320
3 1388 1312 1105
3 1388 1105 1387
3 1077 1076 1319
3 1077 1319 1320
3 1076 1369 1370
3 1076 1370 1319
3 1075 1287 1365
3 1075 1365 1317
3 1287 1357 1358
3 1287 1358 1316
3 1288 1289 1314
3 1288 1314 1315
3 1073 1340 1339
3 1073 1339 1331
3 1340 1072 988
3 1340 988 1339
3 1341 1123 1072
3 1341 1072 1340
3 1066 1055 1156
3 1385 1376 1061
3 1355 1362 1356
3 1356 1362 1288
3 1356 1288 1357
3 1363 1060 1353
3 1358 1315 1336
3 1358 1336 1359
3 1357 1288 1315
3 1357 1315 1358
3 1110 945 1174
3 939 1117 938
3 940 1139 942
3 942 1139 1067
3 1123 992 1072
3 1110 1116 1117
3 1110 1117 939
3 1072 992 988
3 1084 1078 1079
3 1079 1078 1289
3 1059 1066 1063
3 1061 1089 1354
3 1354 1089 1084
3 1354 1084 1355
3 1355 1084 1079
3 1355 1079 1362
3 1362 1079 1288
3 1363 1059 1060
3 1056 1074 1445
3 1061 1354 1090
3 1090 1354 1355
3 1090 1355 1085
3 1085 1355 1356
3 1065 1363 1353
3 1094 1090 1091
3 1091 1090 1085
3 1091 1085 1364
3 1364 1085 1080
3 1365 1316 2130
3 1365 2130 1318
3 1287 1316 1365
3 1074 1057 1058
3 1057 1056 1065
3 1057 1065 1064
3 1095 1091 1366
3 1366 1091 1086
3 1366 1086 1367
3 1367 1086 1081
3 1367 1081 1368
3 1368 1081 1075
3 1368 1075 1369
3 1370 1317 1318
3 1370 1318 2131
3 1369 1075 1317
3 1369 1317 1370
3 1377 1155 1371
3 1063 1066 1349
3 1372 1164 1165
3 1372 1165 1290
3 1372 1163 1164
3 1373 1162 1163
3 1373 1163 1372
3 1373 1161 1162
3 1150 1160 1161
3 1150 1161 1373
3 1374 1322 1332
3 1290 1165 1322
3 1290 1322 1374
3 1371 1155 1160
3 1371 1160 1150
3 1164 1152 1151
3 1164 1151 1165
3 1163 1152 1164
3 1162 1153 1163
3 1161 1154 1153
3 1161 1153 1162
3 1063 1349 1343
3 1322 1321 990
3 1322 990 1375
3 1165 1151 1321
3 1165 1321 1322
3 1152 1011 1414
3 990 1321 1298
3 990 1298 2013
3 1321 1151 1414
3 1063 1377 1376
3 941 938 1146
3 941 1146 1379
3 1379 1146 1145
3 1379 1145 1380
3 1380 1145 1381
3 1381 1145 1144
3 1381 1144 1382
3 1378 1064 1384
3 1384 1064 1353
3 1384 1353 1385
3 1376 1060 1063
3 1385 1353 1060
3 1385 1060 1376
3 1387 1386 1104
3 1387 1104 1106
3 1386 1101 1102
3 1386 1102 1104
3 1101 1100 1093
3 1101 1093 1102
3 1100 1099 1097
3 1100 1097 1093
3 1099 1383 1378
3 1099 1378 1097
3 1388 1311 2132
3 1388 2132 1389
3 1388 1387 1106
3 1388 1106 1311
3 1383 1098 1064
3 1383 1064 1378
3 1144 1057 1098
3 1382 1383 1099
3 1382 1099 1140
3 1140 1099 1100
3 1140 1100 1135
3 1135 1100 1101
3 1135 1101 1390
3 1390 1101 1103
3 1390 1103 1391
3 1391 1103 1105
3 1391 1105 1392
3 1393 1312 1334
3 1393 1334 1394
3 1392 1105 1312
3 1392 1312 1393
3 1382 1144 1098
3 1382 1098 1383
3 1579 984 1395
3 983 1033 1395
3 1395 1033 1031
3 986 982 1573
3 982 986 1395
3 982 1031 1402
3 987 1032 983
3 1571 1046 985
3 1046 1052 987
3 987 1052 1032
3 1577 1571 985
3 985 1046 987
3 984 985 987
3 986 1579 1395
3 1395 1031 982
3 984 983 1395
3 987 983 984
3 1579 1953 984
3 1953 1577 984
3 1577 985 984
3 1398 1396 1181
3 1397 1050 1396
3 1398 1397 1396
3 1002 1026 1050
3 994 1050 1051
3 995 1002 1050
3 1002 1005 1026
3 1023 1352 1021
3 1049 1014 1018
3 1180 1014 1049
3 1026 1005 1180
3 1026 1180 1049
3 1041 1169 946
3 1041 1400 1038
3 1399 1169 1041
3 1401 1399 1041
3 1035 1399 1401
3 1025 1568 1029
3 1031 1401 1041
3 982 1402 1421
3 1968 1421 1402
3 1407 1403 1179
3 1177 1404 1009
3 1304 1006 1177
3 1405 1178 1345
3 1405 1345 1015
3 1159 1158 1157
3 1405 1015 1257
3 1015 1159 1352
3 1159 1157 1352
3 1257 1015 1346
3 1261 1258 1014
3 1260 1257 1004
3 1408 1177 1054
3 1406 1407 1179
3 1016 1008 1407
3 1016 1407 1406
3 1054 1008 1016
3 1054 1177 1008
3 1304 1177 1408
3 995 1293 1002
3 1025 1019 1568
3 1108 1409 1118
3 1410 1172 1411
3 1171 1410 946
3 1411 1172 1108
3 1038 1400 925
3 1411 1108 1043
3 1172 1409 1108
3 1022 1350 1351
3 1410 1411 1043
3 1040 1410 1043
3 1171 1172 1410
3 1169 1171 946
3 1170 1147 1172
3 1147 1409 1172
3 1170 1172 1171
3 1037 1348 1147
3 1412 1170 1171
3 1412 1147 1170
3 1399 1412 1171
3 1399 1171 1169
3 1021 1020 1023
3 1168 1344 1567
3 1168 1567 1569
3 1029 1168 1569
3 1029 1569 1028
3 1037 1147 1412
3 1036 1037 1412
3 1348 1149 1416
3 1453 1154 1413
3 1012 1153 1154
3 1011 1153 1012
3 1345 1158 1159
3 1345 1343 1158
3 1343 1349 1158
3 1158 1156 1022
3 1158 1022 1157
3 1403 1415 1343
3 1403 1343 1345
3 1021 1022 1351
3 1021 1351 1020
3 1149 1351 1416
3 1147 1148 1409
3 1119 1118 1409
3 1409 1148 1119
3 1408 1054 1182
3 1406 1179 1178
3 1256 1406 1178
3 1451 1417 1292
3 1451 1328 1417
3 1047 1024 1032
3 1047 1032 1052
3 1044 1017 1024
3 1034 1024 1027
3 1032 1024 1034
3 994 1051 1420
3 1186 993 1418
3 1027 1028 1036
3 1035 1036 1412
3 1035 1412 1399
3 1050 993 1051
3 1186 1051 993
3 1046 1045 1052
3 1052 1045 1047
3 1952 1045 1046
3 1047 1187 1044
3 1044 1419 1017
3 1418 993 1017
3 1952 1193 1190
3 1952 1190 1045
3 1190 1192 1045
3 1192 1047 1045
3 1187 1419 1044
3 1418 1017 1419
3 1192 1187 1047
3 1041 1038 1402
3 1038 1968 1402
3 1031 1041 1402
3 946 1410 1040
3 949 1968 1039
3 1968 1038 1039
3 1038 925 1039
3 1421 1573 982
3 1569 1149 1348
3 1037 1569 1348
3 1028 1569 1037
3 1028 1037 1036
3 1030 1036 1035
3 1027 1036 1030
3 1034 1027 1030
3 1032 1034 1030
3 1032 1030 983
3 983 1030 1033
3 1031 1035 1401
3 1033 1035 1031
3 1030 1035 1033
3 1044 1024 1047
3 1029 1028 1027
3 1048 1029 1027
3 1048 1027 1024
3 1050 1026 993
3 993 1026 1049
3 1049 1019 1025
3 1049 1018 1019
3 1041 946 1400
3 1017 1048 1024
3 1025 1029 1048
3 1019 1346 1344
3 1346 1352 1344
3 1157 1022 1021
3 1018 1004 1346
3 1018 1346 1019
3 1017 1025 1048
3 1422 1406 1256
3 1422 1016 1406
3 1182 1422 1262
3 1352 1157 1021
3 1404 1424 1423
3 1007 1291 1424
3 1007 1424 1404
3 1424 1011 1012
3 1291 1011 1424
3 1291 1414 1011
3 1010 1414 1291
3 1177 1009 1008
3 1006 1404 1177
3 1002 1013 1005
3 1005 1014 1180
3 1014 1004 1018
3 1293 1003 1013
3 1293 1013 1002
3 2012 1295 1420
3 1397 995 1050
3 1181 1396 994
3 1054 1422 1182
3 1054 1016 1422
3 1450 1182 1262
3 1186 1418 1419
3 1426 1420 1051
3 1426 1051 1184
3 1283 1186 1419
3 1185 1186 1283
3 1051 1186 1185
3 1184 1051 1185
3 1282 1185 1283
3 1185 1282 1183
3 1184 1185 1183
3 1190 1191 1192
3 1191 1187 1192
3 1193 1759 1190
3 1759 1189 1190
3 1189 1191 1190
3 1191 1419 1187
3 1189 1188 1191
3 1191 1188 1419
3 1188 1283 1419
3 1211 1175 1114
3 1203 1173 1174
3 1246 1203 1176
3 1058 1113 1175
3 1203 1211 1114
3 1203 1114 1173
3 1194 1156 1215
3 1427 1212 1236
3 1224 1218 1251
3 1570 1196 1199
3 1429 1570 1430
3 1570 1431 1430
3 1195 1440 1196
3 1195 1196 1217
3 1205 1437 1226
3 1253 1205 1433
3 1432 1205 1204
3 1217 1432 1204
3 1198 1215 1243
3 1245 1243 1244
3 1431 1245 1253
3 1431 1253 1430
3 1206 1428 1212
3 1224 1232 1221
3 1224 1221 1218
3 1232 1434 1221
3 1434 1222 1221
3 1434 1216 1222
3 1200 1204 996
3 1435 1195 1202
3 1207 1428 1206
3 1207 1240 1428
3 1445 1239 1241
3 1194 1198 1197
3 1226 997 1252
3 1252 997 1255
3 1255 1436 1254
3 1436 1250 1254
3 1436 1224 1250
3 1224 1249 1250
3 1224 1251 1249
3 1218 1219 1251
3 1219 1175 1211
3 1252 1255 1248
3 1248 1255 1254
3 1251 1219 1247
3 1219 1211 1247
3 1253 1437 1205
3 1253 1228 1437
3 1205 1432 1433
3 996 1252 1248
3 1248 1254 1438
3 1254 1250 1438
3 1250 1249 1439
3 1249 1251 1247
3 1247 1211 1203
3 1201 1248 1438
3 1438 1250 1439
3 1249 1247 1439
3 1247 1203 1246
3 1430 1253 1433
3 996 1248 1200
3 1200 1248 1201
3 1439 1214 1201
3 1438 1439 1201
3 1439 1247 1246
3 1439 1246 1214
3 1202 1217 1204
3 1200 1202 1204
3 1202 1200 1214
3 1196 1433 1217
3 1435 1194 1195
3 1195 1197 1440
3 1440 1199 1196
3 1194 1197 1195
3 1440 1198 1199
3 1197 1198 1440
3 1431 1199 1245
3 1199 1243 1245
3 1245 1228 1253
3 1245 1244 1228
3 1206 1427 1244
3 1215 1242 1243
3 1206 1212 1427
3 1243 1207 1206
3 1242 1207 1243
3 1215 1241 1242
3 1215 1445 1241
3 1244 1427 1228
3 1427 1236 1228
3 1428 1240 1213
3 1242 1208 1207
3 1241 1239 1208
3 1241 1208 1242
3 1216 1239 1445
3 1213 1240 1235
3 1240 1001 1235
3 1240 1000 1001
3 1441 1000 1240
3 1441 1240 1207
3 1239 1237 1238
3 1239 1238 1208
3 1239 1216 1237
3 1238 1209 1208
3 1238 1442 1209
3 1442 1238 1237
3 1442 1237 1216
3 1442 1216 1434
3 1212 1213 1227
3 1212 1227 1236
3 1000 1441 999
3 999 1441 1210
3 1001 999 1235
3 1209 1442 1234
3 1442 1233 1234
3 1233 1442 1434
3 1233 1434 1232
3 1213 1231 1227
3 1213 1235 1231
3 1235 1444 1231
3 1235 999 1444
3 999 1210 998
3 1209 1234 1210
3 1234 1233 1443
3 1233 1232 1443
3 1444 999 998
3 998 1210 1230
3 1210 1234 1230
3 1234 1443 1230
3 1443 1229 1225
3 1443 1232 1229
3 1231 1444 1226
3 1444 997 1226
3 1444 998 997
3 997 998 1230
3 1230 1443 1225
3 1229 1232 1224
3 1236 1227 1228
3 1228 1227 1437
3 1437 1227 1231
3 1437 1231 1226
3 997 1230 1255
3 1230 1225 1255
3 1255 1225 1436
3 1225 1229 1436
3 1229 1224 1436
3 1221 1074 1058
3 1223 1221 1058
3 1220 1175 1219
3 1074 1222 1445
3 1222 1074 1221
3 1221 1223 1220
3 1218 1221 1220
3 1218 1220 1219
3 1433 1432 1217
3 1222 1216 1445
3 1246 1202 1214
3 1246 1435 1202
3 1246 1361 1435
3 1212 1428 1213
3 1220 1058 1175
3 1220 1223 1058
3 1441 1209 1210
3 1208 1209 1441
3 1208 1441 1207
3 1360 1361 1176
3 1246 1176 1361
3 1204 1226 1252
3 1205 1226 1204
3 1204 1252 996
3 1107 1435 1361
3 1107 1194 1435
3 1107 1350 1194
3 1195 1217 1202
3 1214 1200 1201
3 1194 1215 1198
3 1001 1000 999
3 1396 1050 994
3 1417 1328 1276
3 1450 1262 1273
3 1262 1422 1256
3 1003 1417 1277
3 1328 1053 1276
3 1450 1273 1053
3 1281 1263 1258
3 1261 1281 1258
3 1280 1263 1281
3 1279 1263 1280
3 1280 1281 1261
3 1275 1279 1280
3 1277 1275 1261
3 1261 1275 1280
3 1275 1278 1279
3 1417 1275 1277
3 1417 1276 1275
3 1276 1272 1275
3 1275 1272 1274
3 1274 1470 1275
3 1053 1270 1276
3 1053 1273 1270
3 1276 1270 1272
3 1272 1271 1274
3 1272 1270 1271
3 1274 1271 1269
3 1269 1470 1274
3 1270 1273 1268
3 1270 1268 1267
3 1270 1267 1271
3 1268 1273 1262
3 1271 1267 1264
3 1266 1269 1271
3 1266 1271 1264
3 1262 1256 1268
3 1265 1266 1264
3 1256 1178 1260
3 1268 1256 1260
3 1268 1260 1259
3 1267 1268 1259
3 1264 1267 1259
3 1265 1264 1466
3 1259 1260 1258
3 1263 1259 1258
3 1263 1264 1259
3 1466 1264 1263
3 1260 1405 1257
3 1178 1405 1260
3 1188 1284 1283
3 1566 1282 1283
3 1183 1282 1848
3 1283 1284 1486
3 1565 1283 1486
3 1565 1566 1283
3 1285 1188 1189
3 1284 1188 1285
3 1310 1182 1450
3 1446 1294 1447
3 1877 2009 1310
3 1450 1053 1877
3 1447 1294 1300
3 1447 1295 2012
3 1300 1398 1325
3 1326 1483 1476
3 1295 994 1420
3 1449 1452 1861
3 1449 1448 1452
3 1301 1302 1398
3 1294 1398 1300
3 1302 1347 995
3 1326 1299 994
3 1479 1484 1299
3 1308 2013 1298
3 1296 2013 1308
3 1296 1308 1307
3 1873 1307 1303
3 1871 1303 1306
3 1872 1871 1305
3 2009 1890 1324
3 1446 1861 1294
3 1448 1328 1451
3 1448 1053 1328
3 1452 1292 1301
3 1295 1325 1326
3 1861 1452 1301
3 1861 1301 1294
3 1301 1398 1294
3 1324 1182 1310
3 1347 1003 1293
3 1302 1292 1347
3 1301 1292 1302
3 1890 1305 1324
3 995 1347 1293
3 1398 1484 1327
3 1325 1483 1326
3 1326 1476 1299
3 1476 1479 1299
3 1299 1398 1181
3 1299 1484 1398
3 1398 1327 1325
3 1326 994 1295
3 1324 1305 1304
3 1304 1408 1324
3 1298 1414 1010
3 1298 1010 1308
3 1408 1182 1324
3 1877 1310 1450
3 1877 1053 1448
3 1448 1876 1877
3 1297 1309 1007
3 1309 1291 1007
3 1297 1307 1309
3 1304 1425 1006
3 1306 1425 1304
3 1871 1306 1305
3 1305 1306 1304
3 1299 1181 994
3 1452 1451 1292
3 1452 1448 1451
3 1300 1325 1295
3 1300 1295 1447
3 1453 1413 1415
3 1453 1415 1403
3 1167 1453 1403
3 1342 1154 1453
3 1009 1423 1167
3 1012 1154 1342
3 1415 1413 1343
3 1407 1167 1403
3 1009 1167 1407
3 1008 1009 1407
3 1344 1023 1567
3 1345 1159 1015
3 1352 1023 1344
3 1004 1257 1346
3 1346 1015 1352
3 1292 1417 1003
3 1398 1302 1397
3 1347 1292 1003
3 1350 1107 1351
3 1416 1107 1361
3 1416 1351 1107
3 1147 1416 1148
3 1348 1416 1147
3 1148 1360 1119
3 1416 1361 1148
3 1148 1361 1360
3 1017 1049 1025
3 993 1049 1017
3 1003 1277 1013
3 1013 1277 1261
3 1258 1004 1014
3 1258 1260 1004
3 1006 1007 1404
3 1425 1297 1007
3 1425 1007 1006
3 1303 1297 1425
3 1303 1425 1306
3 1404 1423 1009
3 1303 1307 1297
3 1423 1342 1167
3 1167 1342 1453
3 1423 1012 1342
3 1424 1012 1423
3 1010 1291 1309
3 1309 1308 1010
3 1307 1308 1309
3 1873 1296 1307
3 1261 1014 1005
3 1013 1261 1005
3 1430 1196 1429
3 1175 1113 1114
3 1321 1414 1298
3 1152 1163 1011
3 1151 1152 1414
3 1163 1153 1011
3 1160 1154 1161
3 1155 1377 1343
3 1155 1343 1413
3 1063 1343 1377
3 1066 1156 1158
3 1350 1022 1156
3 1156 1194 1350
3 1176 1203 1174
3 1109 1176 1174
3 1109 1174 945
3 1275 1482 1278
3 1454 1469 1466
3 1466 1469 1468
3 1466 1468 1467
3 1466 1467 1465
3 1466 1465 1464
3 1462 1461 1460
3 1460 1461 1459
3 1460 1459 1458
3 1460 1458 1482
3 1269 1471 1470
3 1472 1471 1269
3 1472 1269 1266
3 1472 1266 1265
3 1475 1474 1477
3 1476 1475 1477
3 1483 1475 1476
3 1483 1474 1475
3 1483 1325 1474
3 1325 1473 1474
3 1478 1479 1477
3 1479 1478 1480
3 1484 1480 1473
3 1479 1480 1484
3 1484 1473 1327
3 1454 1263 1279
3 1466 1263 1454
3 1481 1265 1466
3 1464 1481 1466
3 1463 1471 1481
3 1463 1481 1464
3 1481 1471 1472
3 1462 1471 1463
3 1462 1470 1471
3 1460 1470 1462
3 1460 1482 1470
3 1482 1457 1278
3 1457 1456 1279
3 1455 1279 1456
3 1454 1279 1455
3 1284 1494 1492
3 1566 1565 1490
3 1566 1490 1489
3 1566 1489 1487
3 1566 1487 1282
3 1282 1487 1497
3 1282 1497 1495
3 1493 1536 1535
3 1493 1535 1492
3 1492 1535 1491
3 1491 1500 1486
3 1490 1501 1534
3 1490 1534 1489
3 1489 1534 1516
3 1489 1516 1488
3 1488 1516 1496
3 1496 1516 1518
3 1496 1518 1485
3 1536 1531 1535
3 1535 1531 1530
3 1535 1530 1491
3 1491 1530 1503
3 1491 1503 1500
3 1501 1502 1529
3 1501 1529 1534
3 1534 1529 1528
3 1534 1528 1515
3 1534 1515 1516
3 1531 1506 1507
3 1531 1507 1508
3 1531 1508 1530
3 1530 1508 1509
3 1530 1509 1503
3 1503 1509 1504
3 1502 1504 1522
3 1502 1522 1512
3 1502 1512 1529
3 1529 1512 1511
3 1529 1511 1528
3 1528 1511 1515
3 1515 1511 1513
3 1515 1513 1527
3 1515 1527 1514
3 2089 1527 1519
3 1509 1510 1524
3 1509 1524 1504
3 1513 1519 1527
3 1510 1523 1524
3 1524 1523 1540
3 1524 1540 1504
3 1504 1540 1522
3 1522 1540 1521
3 1522 1521 1512
3 1512 1521 1520
3 1512 1520 1511
3 1511 1520 1513
3 1513 1520 2080
3 1513 2080 1519
3 1509 1508 1510
3 1502 1503 1504
3 1501 1500 1503
3 1501 1503 1502
3 1490 1565 1500
3 1490 1500 1501
3 1500 1565 1486
3 1498 1494 1499
3 1493 1494 1498
3 1496 1487 1488
3 1496 1497 1487
3 1496 1495 1497
3 1485 1495 1496
3 1492 1494 1493
3 1491 1486 1492
3 1488 1487 1489
3 1285 1499 1494
3 1284 1285 1494
3 2060 1537 1498
3 1498 1537 1536
3 1498 1536 1493
3 1537 1533 1532
3 1537 1532 1536
3 1536 1532 1531
3 1517 1514 1527
3 1517 1527 2089
3 1533 1505 1506
3 1533 1506 1532
3 1532 1506 1531
3 2088 1526 1505
3 1505 1526 1506
3 1506 1526 1507
3 1507 1526 1525
3 1507 1525 1508
3 1514 1517 1518
3 1515 1514 1516
3 1498 1499 2060
3 2088 1538 1526
3 1525 1539 1508
3 1539 1510 1508
3 1539 1523 1510
3 1541 1521 1540
3 1542 1520 1521
3 1542 1521 1541
3 1543 2080 1520
3 1543 1520 1542
3 1544 2080 1543
3 1538 1545 1546
3 1538 1546 1526
3 1546 1525 1526
3 1546 1539 1525
3 1539 1547 1523
3 1547 1548 1523
3 1548 1540 1523
3 1541 1540 1548
3 1549 1543 1542
3 1549 1544 1543
3 1546 1553 1539
3 1553 1547 1539
3 1547 1550 1548
3 1551 1541 1548
3 1551 1542 1541
3 1552 1549 1542
3 1552 1542 1551
3 2113 1549 1552
3 1545 2110 1553
3 1545 1553 1546
3 1554 1551 1548
3 1554 1548 1550
3 1554 1552 1551
3 1555 1552 1554
3 1555 2113 1552
3 2110 1556 1557
3 2110 1557 1558
3 2110 1558 1553
3 1558 1559 1547
3 1558 1547 1553
3 1559 1560 1550
3 1559 1550 1547
3 1561 1550 1560
3 1561 1554 1550
3 1562 1554 1561
3 1563 1555 1554
3 1563 1554 1562
3 1564 1555 1563
3 1302 995 1397
3 1310 2009 1324
3 1568 1168 1029
3 1019 1344 1568
3 1568 1344 1168
3 1149 1567 1020
3 1567 1149 1569
3 1567 1023 1020
3 1020 1351 1149
3 1179 1403 1345
3 1179 1345 1178
3 1118 1042 1108
3 1109 1118 1119
3 1176 1109 1119
3 1176 1119 1360
3 1433 1196 1430
3 1570 1199 1431
3 1429 1196 1570
3 1692 1749 1918
3 1692 1690 1749
3 1630 1748 1629
3 1741 1662 1656
3 1855 1856 1656
3 1726 1667 1662
3 1726 1662 1741
3 1856 1930 1656
3 1930 1931 1741
3 1930 1741 1656
3 1931 1726 1741
3 1643 1667 1726
3 1643 1726 1929
3 1646 1910 1734
3 1643 1929 1934
3 1643 1934 1933
3 1639 1637 1635
3 1638 1637 1639
3 1675 1674 1935
3 1638 1676 1645
3 1691 1718 1638
3 1720 1693 1636
3 1720 1687 1693
3 1719 1688 1687
3 1719 1687 1720
3 1718 1691 1688
3 1718 1688 1719
3 1717 1937 1936
3 1717 1936 961
3 1716 1938 1937
3 1716 1937 1717
3 1715 1939 1938
3 1715 1938 1716
3 1714 1940 1939
3 1714 1939 1715
3 1713 1717 961
3 1713 961 962
3 1712 1716 1717
3 1712 1717 1713
3 1711 1715 1716
3 1711 1716 1712
3 1710 1714 1715
3 1710 1715 1711
3 1709 1713 962
3 1709 962 1647
3 1708 1713 1709
3 1707 1712 1713
3 1707 1713 1708
3 1706 1711 1712
3 1706 1712 1707
3 1705 1710 1711
3 1705 1711 1706
3 1947 1710 1705
3 1704 1709 1647
3 1703 1708 1709
3 1703 1709 1704
3 1702 1707 1708
3 1702 1708 1703
3 1701 1706 1707
3 1701 1707 1702
3 1700 1705 1706
3 1700 1706 1701
3 1948 1947 1705
3 1948 1705 1700
3 1698 1704 1699
3 1697 1703 1704
3 1697 1704 1698
3 1696 1702 1703
3 1696 1703 1697
3 1695 1701 1702
3 1695 1702 1696
3 1852 1700 1701
3 1852 1701 1695
3 1949 1948 1700
3 1949 1700 1852
3 1651 1698 1699
3 1650 1697 1698
3 1650 1698 1651
3 1649 1696 1697
3 1649 1697 1650
3 1648 1695 1696
3 1648 1696 1649
3 1687 1690 1692
3 1687 1692 1693
3 1639 1691 1638
3 1639 1689 1688
3 1639 1688 1691
3 1690 1687 1688
3 1690 1688 1689
3 1673 1942 1935
3 1673 1935 1674
3 1672 1943 1942
3 1672 1942 1673
3 1642 1943 1672
3 1661 1682 1684
3 1661 1684 1655
3 1666 1680 1682
3 1666 1682 1661
3 1671 1680 1666
3 1681 1683 1945
3 1681 1945 1944
3 1679 1681 1944
3 1670 1674 1675
3 1670 1675 1671
3 1924 1673 1674
3 1924 1674 1670
3 1669 1672 1673
3 1668 1642 1672
3 1667 1643 1642
3 1665 1670 1671
3 1665 1671 1666
3 1925 1924 1670
3 1925 1670 1665
3 1922 1669 1664
3 1660 1665 1666
3 1660 1666 1661
3 1926 1925 1665
3 1926 1665 1660
3 1658 1922 1664
3 1658 1664 1659
3 1915 1663 1658
3 1654 1660 1661
3 1654 1661 1655
3 1927 1926 1660
3 1927 1660 1654
3 1853 1658 1659
3 1853 1659 1653
3 1916 1915 1658
3 1916 1658 1853
3 1855 1657 1854
3 992 1651 988
3 1330 1650 1651
3 1330 1651 992
3 1333 1649 1650
3 1333 1650 1330
3 1329 1648 1649
3 1329 1649 1333
3 1641 1644 1640
3 1645 1912 1637
3 1642 1643 1933
3 1911 1640 1646
3 1911 1646 1635
3 1637 1911 1635
3 1646 1732 1635
3 1776 1635 1732
3 1337 991 1889
3 1337 1889 1881
3 1332 1932 1889
3 1332 1889 991
3 1375 1888 1332
3 1886 1878 2132
3 1886 2132 1338
3 989 1885 1886
3 989 1886 1338
3 2131 1928 1885
3 2131 1885 989
3 1318 1923 1884
3 1359 1917 1883
3 1359 1883 2130
3 1337 1881 1882
3 1337 1882 1336
3 1335 1880 1648
3 1335 1648 1329
3 1394 1950 1880
3 1394 1880 1335
3 1389 1946 1879
3 1389 1879 1334
3 1881 1889 1856
3 1881 1856 1855
3 1932 1856 1889
3 1880 1852 1695
3 1880 1695 1648
3 1950 1949 1852
3 1950 1852 1880
3 1655 1684 1878
3 1655 1878 1886
3 1683 1879 1946
3 1683 1946 1945
3 1885 1654 1655
3 1885 1655 1886
3 1928 1927 1654
3 1928 1654 1885
3 1923 1853 1653
3 1923 1653 1884
3 1917 1916 1853
3 1917 1853 1883
3 1881 1855 1854
3 1881 1854 1882
3 1339 1898 1331
3 988 1652 1898
3 988 1898 1339
3 1652 1699 1899
3 1652 1899 1898
3 1642 1933 1943
3 1921 1914 1915
3 1854 1921 1915
3 1854 1915 1916
3 1641 1911 1912
3 1336 1882 1917
3 1336 1917 1359
3 1882 1854 1916
3 1882 1916 1917
3 965 1686 1918
3 1636 1693 960
3 1651 1699 1652
3 1693 1692 1686
3 1693 1686 960
3 988 1651 1652
3 1656 1662 1657
3 1855 1656 1657
3 1644 1646 1640
3 1667 1642 1913
3 1662 1667 1913
3 1662 1913 1914
3 1657 1662 1914
3 1657 1914 1921
3 1854 1657 1921
3 1641 1640 1911
3 1913 1642 1668
3 1914 1913 1668
3 1914 1668 1663
3 1915 1914 1663
3 1912 1911 1637
3 1668 1672 1669
3 1663 1668 1669
3 1663 1669 1922
3 1658 1663 1922
3 2130 1883 1923
3 2130 1923 1318
3 1883 1853 1923
3 1637 1638 1645
3 1669 1673 1924
3 1664 1669 1924
3 1664 1924 1925
3 1659 1664 1925
3 1659 1925 1926
3 1653 1659 1926
3 1653 1926 1927
3 1318 1884 1928
3 1318 1928 2131
3 1884 1653 1927
3 1884 1927 1928
3 1731 1934 1929
3 1910 1646 1644
3 1740 1739 1930
3 1740 1930 1856
3 1739 1738 1930
3 1738 1737 1931
3 1738 1931 1930
3 1737 1736 1931
3 1736 1735 1726
3 1736 1726 1931
3 1332 1888 1932
3 1888 1740 1856
3 1888 1856 1932
3 1735 1731 1929
3 1735 1929 1726
3 1727 1728 1739
3 1727 1739 1740
3 1728 1738 1739
3 1738 1729 1737
3 1729 1730 1736
3 1729 1736 1737
3 1910 1644 1901
3 990 1887 1888
3 990 1888 1375
3 1887 1727 1740
3 1887 1740 1888
3 1863 1887 990
3 1863 990 2013
3 1598 1727 1887
3 1933 1934 1644
3 1720 1636 1936
3 1720 1936 1937
3 1719 1720 1937
3 1719 1937 1938
3 1719 1938 1939
3 1718 1719 1939
3 1718 1939 1940
3 1645 1935 1942
3 1912 1645 1942
3 1912 1942 1943
3 1641 1933 1644
3 1641 1912 1943
3 1641 1943 1933
3 1682 1944 1945
3 1682 1945 1684
3 1680 1679 1944
3 1680 1944 1682
3 1671 1678 1679
3 1671 1679 1680
3 1675 1677 1678
3 1675 1678 1671
3 1935 1941 1677
3 1935 1677 1675
3 2132 1878 1946
3 2132 1946 1389
3 1684 1945 1946
3 1684 1946 1878
3 1645 1676 1941
3 1645 1941 1935
3 1638 1718 1676
3 1677 1941 1940
3 1677 1940 1714
3 1678 1677 1714
3 1678 1714 1710
3 1679 1678 1710
3 1679 1710 1947
3 1681 1679 1947
3 1681 1947 1948
3 1683 1681 1948
3 1683 1948 1949
3 1334 1879 1950
3 1334 1950 1394
3 1879 1683 1949
3 1879 1949 1950
3 1676 1718 1940
3 1676 1940 1941
3 1953 1579 1575
3 1953 1575 1574
3 1824 1574 1575
3 1824 1619 1574
3 1619 1620 1574
3 986 1575 1579
3 1576 1824 1575
3 1572 1571 1578
3 1571 1577 1951
3 1578 1571 1951
3 1572 1578 1620
3 1578 1953 1574
3 1578 1951 1953
3 1573 1576 986
3 1576 1575 986
3 1620 1578 1574
3 1953 1951 1577
3 1581 1851 1587
3 1607 1594 1617
3 1634 1594 1607
3 1593 1634 1607
3 1906 1605 1593
3 1603 1906 1613
3 1594 1616 1754
3 1617 1594 1754
3 1615 1958 1625
3 1955 1626 1957
3 1956 2127 1954
3 2127 1611 1954
3 1754 1616 1589
3 1628 1958 1627
3 1627 1576 1421
3 1957 1626 1824
3 1959 1962 1753
3 1597 1960 1961
3 1961 1981 1982
3 1904 1902 1752
3 1904 1826 1905
3 1602 1902 1904
3 1733 1734 1602
3 1734 1902 1602
3 1602 1905 1906
3 1634 1830 1829
3 1605 1604 1593
3 1826 1904 1752
3 1757 1961 1982
3 1757 1982 1858
3 1753 1962 1828
3 1962 1596 1606
3 1962 1606 1828
3 1606 1596 1757
3 1596 1961 1757
3 1616 1591 1907
3 1919 1750 1721
3 1722 1747 1748
3 1722 1725 1747
3 1963 1747 1745
3 1963 1744 1746
3 1963 1745 1744
3 1746 1615 1625
3 1748 1747 1963
3 1748 1963 1629
3 1629 1963 1746
3 1629 1746 953
3 1746 1744 1615
3 1747 1724 1745
3 1724 1723 1623
3 1745 1724 1964
3 1745 1964 1744
3 1744 1964 1955
3 1744 1955 1615
3 1612 1909 1603
3 1612 1603 1613
3 1623 2128 1743
3 1743 2128 1956
3 1622 1956 1974
3 1743 1956 1622
3 1724 1623 1964
3 1624 1968 949
3 1969 1730 2015
3 1730 1729 1601
3 1729 1600 1601
3 1600 1598 1599
3 1734 1901 1902
3 1910 1901 1734
3 1732 1734 1733
3 1733 1602 1603
3 1901 1970 1959
3 1901 1959 1902
3 1971 1966 1967
3 1725 1724 1747
3 1967 1723 1724
3 1967 1966 1723
3 1694 1721 1725
3 1722 1694 1725
3 1750 1920 1721
3 1756 1757 1858
3 1752 1753 1828
3 1843 1891 1972
3 1891 2014 1972
3 1840 1891 1843
3 1572 1977 1973
3 1955 1621 1626
3 1614 1572 1620
3 1618 1614 1620
3 1618 1609 1614
3 1622 1974 1618
3 1618 1974 1609
3 1608 1617 1754
3 1976 2012 1420
3 1975 1589 1588
3 1975 1588 1976
3 1754 1589 1975
3 1964 1621 1955
3 1571 1952 1046
3 1572 1952 1571
3 1973 1952 1572
3 1608 1758 1977
3 1608 1633 1758
3 1608 1978 1633
3 1608 1975 1978
3 1973 1193 1952
3 1973 1761 1193
3 1977 1761 1973
3 1758 1633 1983
3 1977 1758 1761
3 1975 1976 1631
3 1633 1978 1632
3 1978 1975 1632
3 1975 1631 1632
3 1631 1976 1426
3 1426 1976 1420
3 1958 1957 1627
3 1968 1627 1421
3 1627 1957 1576
3 1723 1966 1623
3 1623 1743 1622
3 1623 1622 1965
3 1623 1965 1964
3 1964 1965 1621
3 1965 1622 1621
3 1621 1622 1618
3 1619 1618 1620
3 1626 1618 1619
3 1609 1977 1572
3 1974 1610 1609
3 1608 1977 1610
3 1616 1907 1589
3 1611 1593 1607
3 1611 1607 1954
3 1754 1975 1608
3 1625 1958 1628
3 1615 1957 1958
3 1615 1955 1957
3 1621 1618 1626
3 1954 1608 1610
3 1956 1610 1974
3 1956 1954 1610
3 1903 1906 1611
3 1590 1909 1971
3 1971 1909 1612
3 1909 1732 1733
3 1909 1733 1603
3 1612 1613 2126
3 1610 1977 1609
3 1614 1609 1572
3 1954 1607 1617
3 1826 1604 1905
3 1828 1606 1825
3 1905 1604 1605
3 1906 1905 1605
3 1602 1906 1603
3 1979 1980 1960
3 1980 1857 1595
3 1980 1595 1960
3 1601 1600 1599
3 1599 1598 1857
3 1597 1961 1596
3 1960 1981 1961
3 1594 1592 1616
3 1592 1591 1616
3 1844 1859 1591
3 1589 1581 1588
3 1588 1581 1587
3 1624 1628 1968
3 1628 1627 1968
3 1957 1824 1576
3 1626 1619 1824
3 1825 1757 1756
3 1825 1606 1757
3 1831 1755 1838
3 1831 1756 1755
3 1184 1631 1426
3 1633 1632 1983
3 1632 1631 1184
3 1983 1632 1184
3 1983 1184 1847
3 1184 1183 1847
3 1761 1759 1193
3 1758 1983 1761
3 1761 1760 1759
3 1983 1760 1761
3 1189 1760 1285
3 1760 1189 1759
3 1849 1760 1983
3 1777 1635 1776
3 1689 1778 1780
3 1751 1782 1919
3 1689 1639 1777
3 1689 1777 1778
3 1690 1780 1779
3 1690 1779 1749
3 1795 1802 1796
3 1802 1984 1796
3 1818 1785 1792
3 1985 1986 1781
3 1767 1764 2129
3 1990 1812 1763
3 1990 1763 1813
3 1794 1997 1771
3 1820 1991 1771
3 1771 1992 1770
3 1770 1992 1813
3 1813 1992 1784
3 1810 1811 1989
3 1988 1989 1823
3 1820 1989 1988
3 1802 1986 1772
3 1799 1993 1788
3 1788 1993 1785
3 1785 1993 1792
3 1789 1994 1799
3 1789 1799 1788
3 1789 1783 1994
3 1783 1789 1995
3 1582 1770 1768
3 1768 1762 2006
3 1763 1762 1768
3 1769 1768 2000
3 1772 1985 1996
3 1986 1985 1772
3 1985 1773 1996
3 1985 1806 1773
3 1811 1808 1766
3 1766 1762 1765
3 1784 1990 1813
3 1583 1794 1819
3 1822 1583 1819
3 1821 1791 1822
3 1816 1791 1821
3 1816 1792 1791
3 1815 1792 1816
3 1818 1792 1815
3 1786 1785 1818
3 1822 1819 1814
3 1821 1822 1814
3 1817 1786 1818
3 1779 1780 1786
3 1779 1786 1817
3 1997 1820 1771
3 1992 1771 1991
3 1819 1582 1814
3 1821 1814 1998
3 1816 1821 1998
3 1815 1816 1998
3 1817 1818 1815
3 1998 1814 1769
3 1999 1815 1998
3 1999 1817 1815
3 1782 1779 1817
3 1782 1817 1999
3 1991 1820 1988
3 1991 1988 1784
3 1814 1582 1768
3 1814 1768 1769
3 2000 1998 1769
3 2000 1999 1998
3 1770 1813 1768
3 1768 2006 2000
3 1767 1812 1764
3 1765 1762 1763
3 1767 1766 1812
3 1766 1765 1812
3 1811 1767 1989
3 1820 1810 1989
3 1796 1810 1820
3 1984 1772 1810
3 1809 1808 1811
3 1802 1772 1984
3 1772 1809 1811
3 1996 1809 1772
3 1809 1807 1808
3 1807 1790 1808
3 1796 1984 1810
3 1773 1809 1996
3 1773 1805 1809
3 1805 1804 1807
3 1805 1807 1809
3 1804 1790 1807
3 1790 1804 1995
3 1803 1806 1985
3 1806 1586 1773
3 1774 1805 1773
3 1805 2002 1804
3 2002 1783 1804
3 1783 1995 1804
3 1586 1806 1803
3 1586 2001 1773
3 1774 2002 1805
3 1783 2002 1994
3 1795 1781 1802
3 2001 1586 1585
3 1775 2001 1585
3 1803 1985 1781
3 1585 1586 1803
3 1801 2002 1774
3 1800 2002 1801
3 1994 2002 1800
3 1994 1800 1799
3 1798 1781 1795
3 1798 1803 1781
3 2004 1803 1798
3 1585 1803 2004
3 1775 1585 1584
3 1801 1774 1775
3 2003 1800 1801
3 1799 1800 2003
3 1584 1585 2004
3 1775 1584 1797
3 1797 1801 1775
3 2003 1801 1797
3 1993 2003 1793
3 1799 2003 1993
3 1794 2004 1798
3 1583 2004 1794
3 1583 1584 2004
3 1797 1584 1583
3 1793 2003 1797
3 1791 1993 1793
3 1795 1796 1997
3 1820 1997 1796
3 1798 1795 1997
3 1794 1798 1997
3 1797 1583 1822
3 1822 1793 1797
3 1791 1793 1822
3 1792 1993 1791
3 1778 2005 1787
3 1780 1778 1787
3 1780 1787 1786
3 1790 1777 1776
3 1790 1789 1777
3 1777 1789 2005
3 2005 1788 1787
3 2005 1789 1788
3 1788 1785 1787
3 1786 1787 1785
3 1992 1991 1784
3 1790 1995 1789
3 1790 1776 1808
3 2006 1782 2000
3 1782 1750 1919
3 1782 2006 1750
3 1781 1986 1802
3 1777 2005 1778
3 1774 2001 1775
3 2001 1774 1773
3 1819 1794 1770
3 1794 1771 1770
3 1819 1770 1582
3 1749 1779 1782
3 1749 1782 1751
3 1776 1590 1808
3 1750 2006 1920
3 2006 1762 1920
3 1762 1590 1920
3 1813 1763 1768
3 1782 1999 2000
3 1766 1808 1762
3 1808 1590 1762
3 1764 1812 1990
3 1812 1765 1763
3 1581 1589 1851
3 1589 1907 1851
3 1825 1756 1831
3 1844 1972 1859
3 1838 1755 1840
3 1830 2036 1829
3 2036 1845 1829
3 2036 2032 1845
3 1829 1845 1846
3 1845 1844 1846
3 2032 2033 1845
3 1845 1842 1844
3 1845 2033 1842
3 1842 1972 1844
3 1839 1972 1842
3 1972 1839 1843
3 2038 1841 1842
3 1839 1840 1843
3 1837 1840 1839
3 1841 1839 1842
3 1837 1838 1840
3 1836 1837 1839
3 1837 1835 1838
3 1841 1836 1839
3 1834 1838 1835
3 1831 1838 1834
3 1836 1835 1837
3 1836 1841 2037
3 1832 1835 1836
3 1834 1835 1832
3 1828 1825 1833
3 1833 1825 1831
3 1833 1831 1834
3 1836 2037 1832
3 2037 2035 1832
3 2007 1833 1827
3 1827 1833 1834
3 1827 1834 1832
3 1832 2036 1827
3 1832 2035 2036
3 1752 1828 1826
3 1604 2007 1827
3 1828 1833 2007
3 1826 1828 2007
3 1827 2036 1830
3 1850 1760 1849
3 1849 1983 2125
3 1847 2125 1983
3 1848 1847 1183
3 1850 1849 2055
3 2055 1849 2100
3 1849 2124 2100
3 2125 2124 1849
3 1760 1850 1285
3 2101 1285 1850
3 1756 1858 2010
3 1756 2010 1755
3 1892 1896 2008
3 2008 1446 1447
3 1891 1877 1876
3 1876 1448 1897
3 1897 1448 1449
3 1867 1447 2012
3 2008 1447 1867
3 1976 1893 2012
3 1892 2008 1867
3 2042 2049 1895
3 1860 1449 1861
3 1866 1865 1580
3 1580 1865 2008
3 1893 1864 1895
3 2043 1895 1864
3 1896 2043 1864
3 2013 1874 1863
3 1874 2013 1296
3 1874 1296 1873
3 1446 1865 1861
3 2011 1860 1865
3 2008 1865 1446
3 1851 1580 1587
3 1580 2008 1587
3 1865 1860 1861
3 1588 1893 1976
3 1587 1896 1864
3 1587 1864 1893
3 1895 1867 2012
3 1869 1862 1871
3 1858 1890 2010
3 1859 2011 1908
3 1972 2014 1859
3 1891 1897 2014
3 1908 2011 1866
3 2011 1865 1866
3 1891 1876 1897
3 1449 1860 2011
3 2009 1877 2010
3 1755 2010 1877
3 1982 1870 1858
3 1908 1866 1907
3 1591 1908 1907
3 2008 1896 1587
3 1895 1892 1867
3 1588 1587 1893
3 1894 1896 1892
3 1895 2049 1892
3 1893 1895 2012
3 1870 1872 1890
3 1890 1872 1305
3 1858 1870 1890
3 1598 1863 1874
3 1755 1891 1840
3 1755 1877 1891
3 1595 1875 1868
3 1857 1875 1595
3 1875 1873 1862
3 1875 1862 1868
3 1598 1874 1857
3 1981 1869 1982
3 1870 1871 1872
3 1869 1871 1870
3 1982 1869 1870
3 1907 1866 1851
3 1859 2014 2011
3 2014 1897 2011
3 1897 1449 2011
3 1859 1908 1591
3 1851 1866 1580
3 1970 1969 2015
3 1970 2015 1959
3 2015 1742 1959
3 2015 1730 1900
3 1742 1979 1597
3 1730 1601 1900
3 1901 1969 1970
3 1959 1742 1962
3 1742 1597 1962
3 1962 1597 1596
3 2126 1903 2128
3 2126 1613 1903
3 1602 1904 1905
3 1966 2126 1623
3 1623 2126 2128
3 1613 1906 1903
3 1920 1590 1971
3 1920 1971 1967
3 1725 1967 1724
3 1919 1721 1694
3 1920 1967 1721
3 1721 1967 1725
3 1954 1617 1608
3 1844 1591 1592
3 1846 1844 1592
3 1829 1846 1592
3 1604 1827 1830
3 1960 1595 1981
3 1595 1868 1981
3 1981 1868 1869
3 1868 1862 1869
3 1862 1303 1871
3 1979 1960 1597
3 1862 1873 1303
3 1900 1979 1742
3 2015 1900 1742
3 1900 1601 1979
3 1601 1980 1979
3 1601 1599 1980
3 1599 1857 1980
3 1857 1874 1875
3 1874 1873 1875
3 1634 1829 1594
3 1594 1829 1592
3 1634 1604 1830
3 1593 1604 1634
3 1990 1784 1987
3 1689 1780 1690
3 1639 1635 1777
3 1598 1887 1863
3 1600 1738 1728
3 1600 1728 1727
3 1600 1727 1598
3 1729 1738 1600
3 1730 1735 1736
3 1901 1934 1731
3 1901 1731 1969
3 1901 1644 1934
3 1732 1646 1734
3 1732 1909 1590
3 1918 1751 1685
3 1918 1685 965
3 1749 1751 1918
3 2030 2031 2028
3 2029 2030 2028
3 2027 2029 2028
3 2026 2027 2028
3 2023 2024 2022
3 2021 2023 2022
3 2020 2021 2022
3 2020 2022 2019
3 2038 2034 1841
3 1841 2034 2037
3 2045 2044 2041
3 2045 2041 2042
3 2041 2044 2040
3 2041 2049 2042
3 2040 2049 2041
3 2040 1892 2049
3 2040 2039 1892
3 2045 2042 2043
3 2046 2045 2043
3 2039 2046 1896
3 1896 2046 2043
3 1894 2039 1896
3 2042 1895 2043
3 2032 2036 2016
3 2032 2016 2047
3 2035 2031 2036
3 2035 2048 2028
3 2034 2048 2037
3 2038 2019 2022
3 2033 2018 2019
3 2033 2019 1842
3 2032 2017 2018
3 2032 2047 2017
3 2056 2101 1850
3 2056 1850 2055
3 2053 2124 2125
3 2052 2053 2125
3 2050 2052 2125
3 2050 2125 1847
3 2059 2050 1847
3 2097 2098 2057
3 2097 2057 2054
3 2096 2097 2054
3 2096 2054 2100
3 2095 2062 2053
3 2095 2053 2052
3 2077 2095 2052
3 2077 2052 2051
3 2077 2051 2058
3 1518 2077 2058
3 2093 2094 2098
3 2093 2098 2097
3 2092 2093 2097
3 2092 2097 2096
3 2092 2096 2100
3 2064 2092 2100
3 2064 2100 2061
3 2091 2063 2062
3 2091 2062 2095
3 2090 2091 2095
3 2076 2090 2095
3 2076 2095 2077
3 2068 2094 2093
3 2069 2068 2093
3 2069 2093 2092
3 2070 2069 2092
3 2070 2092 2064
3 2065 2070 2064
3 2084 2065 2063
3 2073 2084 2063
3 2073 2063 2091
3 2072 2073 2091
3 2072 2091 2090
3 2072 2090 2076
3 2074 2072 2076
3 2074 2076 2075
3 2089 2074 2075
3 2086 2071 2070
3 2086 2070 2065
3 2079 2074 2089
3 2085 2086 2065
3 2083 2085 2065
3 2083 2065 2084
3 2082 2083 2084
3 2082 2084 2073
3 2081 2082 2073
3 2081 2073 2072
3 2078 2081 2072
3 2078 2072 2074
3 2078 2074 2079
3 2080 2078 2079
3 2069 2070 2071
3 2068 2067 2066
3 2065 2064 2063
3 2064 2061 2062
3 2064 2062 2063
3 2061 2124 2053
3 2061 2053 2062
3 2124 2061 2100
3 1499 2057 2060
3 1499 2056 2057
3 2050 2058 2051
3 2050 2059 2058
3 2056 2054 2057
3 2056 2055 2054
3 2055 2100 2054
3 2052 2050 2051
3 1495 2059 1848
3 2056 1499 2101
3 1518 2058 1485
3 2099 1537 2060
3 2098 2099 2060
3 2098 2060 2057
3 1517 2075 1518
3 1533 1537 2099
3 2094 1533 2099
3 2094 2099 2098
3 2089 2075 1517
3 2066 1505 1533
3 2066 1533 2094
3 2068 2066 2094
3 1519 2079 2089
3 2080 2079 1519
3 2066 2088 1505
3 2067 2088 2066
3 2087 2067 2068
3 2087 2068 2069
3 2077 2075 2076
3 2059 1495 1485
3 2059 1485 2058
3 2069 2102 2087
3 2071 2102 2069
3 2086 2085 2102
3 2086 2102 2071
3 2083 2082 2103
3 2082 2081 2104
3 2082 2104 2103
3 2081 2078 2105
3 2081 2105 2104
3 2078 2080 1544
3 2078 1544 2105
3 1545 1538 2088
3 2106 1545 2088
3 2106 2088 2067
3 2087 2106 2067
3 2102 2106 2087
3 2085 2107 2102
3 2085 2108 2107
3 2085 2083 2108
3 2083 2103 2108
3 2104 2105 2109
3 2105 1544 2109
3 1544 1549 2109
3 2106 2110 1545
3 2102 2114 2106
3 2102 2107 2114
3 2108 2111 2107
3 2108 2103 2112
3 2103 2104 2112
3 2104 2109 2113
3 2104 2113 2112
3 2109 1549 2113
3 2114 2110 2106
3 2108 2112 2115
3 2108 2115 2111
3 2112 2113 2115
3 2113 2116 2115
3 2113 1555 2116
3 2117 1556 2110
3 2118 2117 2110
3 2118 2110 2114
3 2107 2119 2118
3 2107 2118 2114
3 2111 2120 2119
3 2111 2119 2107
3 2111 2121 2120
3 2111 2115 2121
3 2115 2122 2121
3 2115 2116 2123
3 2115 2123 2122
3 2116 1555 1564
3 2116 1564 2123
3 1573 1421 1576
3 1890 2009 2010
3 2128 2127 1956
3 2128 1903 1611
3 2128 1611 2127
3 1612 2126 1966
3 1971 1612 1966
3 1902 1959 1753
3 1902 1753 1752
3 1630 1722 1748
3 1694 1722 1685
3 1694 1685 1751
3 1694 1751 1919
3 1988 1823 1784
3 1823 2129 1987
3 1823 1987 1784
3 1989 2129 1823
3 1767 2129 1989
3 2129 1764 1987
3 1990 1987 1764
3 1480 1478 1477
3 2044 2045 2046
3 1480 1477 1474
3 1474 1473 1480
3 2039 2040 2044
3 2039 2044 2046
3 2038 2022 2024
3 2034 2038 2024
3 2034 2024 2025
3 2048 2034 2025
3 2048 2025 2026
3 2048 2026 2028
3 2031 2035 2028
3 2036 2031 2016
3 256 253 2595
3 2503 2505 2515
3 2512 2499 2507
3 2461 2462 2460
3 2445 2187 2449
3 2383 2384 2409
3 320 2147 2150
3 2145 2152 2144
3 2382 2225 2383
3 2173 2174 2178
3 2164 2161 2162
3 2330 2326 2327
3 2331 2326 2330
3 2234 2242 2237
3 2294 2296 2297
3 2295 2293 2287
3 2561 2284 2283
3 2251 2261 2265
3 2267 2250 2251
3 2240 2239 2543
3 2191 2183 2181
3 2615 2161 2163
3 2542 2230 2231
3 2249 2248 2547
3 100 2442 185
3 2163 2169 2615
3 2593 2592 2589
3 2462 2464 2463
3 2476 2538 2537
3 2476 2474 2538
3 2474 2491 2538
3 2491 2536 2538
3 2537 2536 2443
3 2537 2453 2476
3 2537 2444 2453
3 2444 2537 2443
3 2538 2175 2537
3 2175 2536 2537
3 2175 2538 2536
3 2443 2536 2491
3 2531 2432 2433
3 2434 2432 2531
3 2531 2530 2439
3 2531 2439 2434
3 2527 2532 2535
3 259 2595 253
3 2533 2529 2528
3 2534 2576 2529
3 2534 2529 2533
3 256 2521 2518
3 256 2518 252
3 2532 2527 2526
3 2519 2520 2522
3 2519 2522 2428
3 2518 2521 2520
3 2518 2520 2519
3 2575 2524 2576
3 2525 2528 2529
3 2525 2529 2524
3 2526 2527 2528
3 2526 2528 2525
3 2525 2520 2526
3 2524 2520 2525
3 2522 2520 2523
3 2438 2519 2428
3 2438 2428 2429
3 2375 2518 2519
3 2375 2519 2438
3 2374 252 2518
3 2374 2518 2375
3 2429 2517 2411
3 2429 2411 2413
3 2517 2433 2410
3 2517 2410 2411
3 150 2403 2516
3 2515 2505 229
3 2515 229 2514
3 2515 2509 2503
3 2514 2510 2509
3 2514 2509 2515
3 2506 2259 2260
3 2506 2260 2496
3 2504 2288 2259
3 2504 2259 2506
3 2502 2282 2288
3 2502 2288 2504
3 2500 2391 2282
3 2500 2282 2502
3 2498 2390 2391
3 2498 2391 2500
3 2498 2388 2390
3 2393 2389 2388
3 2513 2512 2511
3 2516 2403 2512
3 2516 2512 2513
3 2511 2507 2501
3 2511 2501 2508
3 2512 2507 2511
3 2403 2402 2512
3 2402 2497 2512
3 2402 2392 2497
3 2507 2499 2500
3 2497 2499 2512
3 2508 2509 300
3 2509 2510 300
3 2509 2501 2503
3 2508 2501 2509
3 2507 2500 2501
3 2505 2506 2496
3 2505 2496 229
3 2503 2504 2506
3 2503 2506 2505
3 2501 2502 2504
3 2501 2504 2503
3 2500 2502 2501
3 2499 2498 2500
3 2497 2498 2499
3 2484 2492 2480
3 2494 2475 2495
3 223 2478 2493
3 2482 2478 223
3 2484 2480 2466
3 2495 2471 2492
3 2475 2471 2495
3 2493 2473 2475
3 2493 2475 2494
3 2478 2473 2493
3 2492 2471 2480
3 2475 2476 2471
3 2487 2490 2443
3 2487 2489 2490
3 2487 2481 2489
3 2489 2488 2490
3 2481 2486 2489
3 2489 184 2488
3 2486 184 2489
3 2488 2422 2423
3 184 2422 2488
3 2486 183 184
3 2477 2481 2487
3 2483 2486 2481
3 2597 2485 2468
3 2485 2467 2468
3 2485 2484 2467
3 2484 2466 2467
3 2483 2481 2482
3 2480 2465 2466
3 2482 2477 2478
3 2481 2477 2482
3 2480 2472 2465
3 2480 2471 2472
3 2478 2479 2473
3 2477 2479 2478
3 218 219 2597
3 218 2597 187
3 2470 2590 187
3 2590 2441 368
3 2470 2469 2441
3 2470 2441 2590
3 2597 2468 2598
3 2469 2464 2408
3 2469 2408 2441
3 2598 2468 2463
3 2468 2460 2463
3 2467 2459 2460
3 2467 2460 2468
3 2466 2459 2467
3 2465 2456 2459
3 2465 2459 2466
3 2472 2456 2465
3 2356 2408 2464
3 2460 2462 2463
3 2355 2462 2461
3 2461 2458 2354
3 2461 2354 2355
3 2461 2459 2457
3 2461 2457 2458
3 2460 2459 2461
3 2457 2459 2456
3 2458 2455 2353
3 2458 2353 2354
3 2457 2455 2458
3 2456 2454 2455
3 2456 2455 2457
3 2472 2451 2454
3 2472 2454 2456
3 2455 2352 2353
3 2455 2452 2352
3 2454 2452 2455
3 2454 2451 2452
3 2352 2449 2188
3 2452 2449 2352
3 2451 2445 2449
3 2451 2449 2452
3 2450 2445 2451
3 2187 2188 2449
3 2187 2448 2427
3 2445 2448 2187
3 2445 2444 2448
3 2427 2447 2426
3 2448 2447 2427
3 2444 2447 2448
3 2447 2425 2426
3 2447 2446 2425
3 2444 2446 2447
3 2444 2443 2446
3 2425 2604 2424
3 2446 2490 2604
3 2446 2604 2425
3 2443 2490 2446
3 2604 2490 2488
3 2604 2488 2423
3 2424 2604 2423
3 100 2207 2442
3 2439 2605 2442
3 2442 2435 2434
3 2442 2434 2439
3 2207 2435 2442
3 2441 2408 2588
3 2441 2588 368
3 2356 2211 2408
3 2421 2431 2324
3 2421 2324 2372
3 2419 2430 2431
3 2419 2431 2421
3 2437 2429 2430
3 2437 2430 2419
3 2438 2429 2437
3 2421 2372 2366
3 2379 2438 2437
3 2377 2375 2438
3 2377 2438 2379
3 2419 2594 2418
3 2419 2418 2437
3 2416 2379 2437
3 2416 2437 2418
3 2416 2377 2379
3 2376 2377 2416
3 2415 115 2376
3 2182 2374 2376
3 115 2182 2376
3 2412 2436 2321
3 2410 2436 2412
3 2432 2436 2410
3 2432 2434 2435
3 2432 2435 2436
3 2435 2208 2436
3 2433 2432 2410
3 2431 2414 2324
3 2430 2413 2414
3 2430 2414 2431
3 2429 2413 2430
3 2427 2420 2599
3 2427 2599 2187
3 2426 2420 2427
3 2423 2417 2424
3 2420 2577 2366
3 2420 2366 2186
3 2414 2412 2322
3 2414 2322 2324
3 2413 2411 2412
3 2413 2412 2414
3 2412 2321 2322
3 2411 2410 2412
3 2409 2381 2382
3 2409 2382 2383
3 2539 2141 2385
3 2406 2405 2409
3 2406 2409 2384
3 2592 2593 2586
3 2592 2586 2378
3 2407 2408 2211
3 2407 2211 2204
3 2407 2588 2408
3 149 2399 2403
3 149 2403 150
3 2156 2399 149
3 2394 2387 2389
3 2394 2389 2393
3 2396 2387 2394
3 2396 2386 2387
3 2155 2153 2386
3 2143 2154 2146
3 2152 2385 2142
3 2152 2142 2144
3 2541 2539 2385
3 2541 2385 2152
3 2540 2541 2152
3 2540 2152 321
3 2399 2400 2403
3 2400 2402 2403
3 2400 2395 2392
3 2400 2392 2402
3 2400 2401 2397
3 2400 2397 2395
3 2401 2398 2397
3 2400 2157 2398
3 2400 2398 2401
3 2399 2156 2157
3 2399 2157 2400
3 2156 2151 2148
3 2396 2397 2398
3 2394 2395 2397
3 2394 2397 2396
3 2393 2392 2395
3 2393 2395 2394
3 2282 2391 2277
3 2391 2390 2276
3 2391 2276 2277
3 2389 2387 2550
3 2389 2550 2272
3 2388 2273 2276
3 2388 2276 2390
3 2272 2388 2389
3 2135 2386 2153
3 2135 2153 2137
3 2387 2135 2134
3 2387 2134 2550
3 2154 2143 2138
3 2154 2138 2546
3 2142 2385 2141
3 2141 2539 2542
3 2141 2542 2209
3 2383 2225 2230
3 2383 2230 2384
3 2382 2380 2220
3 2382 2220 2225
3 2381 2591 2380
3 2381 2380 2382
3 2380 2378 2205
3 2380 2205 2220
3 2591 2592 2378
3 2591 2378 2380
3 2585 2205 2378
3 2585 2378 2586
3 2374 2375 2377
3 2374 2377 2376
3 2373 2207 100
3 2373 2197 2207
3 2197 2373 2357
3 2373 2569 2357
3 2372 2324 2364
3 2364 2365 2366
3 2364 2366 2372
3 2167 2583 2337
3 2167 2337 2166
3 2370 2583 2167
3 2202 2200 2370
3 2370 2369 2371
3 2200 2369 2370
3 2200 2323 2367
3 2200 2367 2199
3 2369 2206 2336
3 2199 2198 2206
3 2199 2206 2369
3 2199 2367 2208
3 2199 2208 2198
3 2337 2169 2166
3 2323 2200 2201
3 2321 2436 2367
3 2321 2367 2323
3 2436 2208 2367
3 2324 2325 2364
3 2186 2366 2365
3 2365 2364 2338
3 2596 2617 2335
3 2336 2362 2363
3 2206 2197 2362
3 2571 2360 2361
3 2571 2361 2572
3 2359 2360 2571
3 2171 2193 2640
3 2650 2640 2193
3 2580 2171 2172
3 2191 2342 2174
3 2216 2345 2181
3 2356 2351 2212
3 2356 2212 2211
3 2356 2350 2351
3 2355 2349 2350
3 2354 2349 2355
3 2354 2600 2349
3 2353 2601 2600
3 2353 2600 2354
3 2352 2602 2601
3 2352 2601 2353
3 2188 2603 2602
3 2188 2602 2352
3 2351 2214 2212
3 2350 2578 2351
3 2574 2339 2340
3 2584 2338 2339
3 2584 2339 2574
3 2578 2181 2345
3 2343 2578 2344
3 2341 2174 2342
3 2340 2328 2174
3 2340 2174 2341
3 2339 2579 2328
3 2339 2328 2340
3 2338 2579 2339
3 2169 2667 2615
3 2368 2582 2616
3 2368 2616 2337
3 2335 2333 2334
3 2581 2164 2162
3 2164 2168 2163
3 2165 2168 2332
3 2177 2330 2332
3 2177 2332 2176
3 2327 2165 2332
3 2327 2332 2330
3 2330 2177 2329
3 2330 2329 2331
3 2177 2178 2328
3 2177 2328 2329
3 2178 2174 2328
3 2327 2202 2167
3 2327 2167 2165
3 2326 2201 2202
3 2326 2202 2327
3 2364 2325 2326
3 2364 2326 2331
3 2324 2322 2201
3 2324 2201 2325
3 2202 2370 2167
3 2322 2321 2323
3 2322 2323 2201
3 2229 2320 2242
3 2229 2242 2234
3 2224 2194 2320
3 2224 2320 2229
3 2219 2195 2194
3 2219 2194 2224
3 2216 2196 2195
3 2216 2195 2219
3 2320 2192 2244
3 2320 2244 2242
3 2194 2189 2192
3 2194 2192 2320
3 2195 2196 2606
3 2195 2606 2190
3 2192 2319 2246
3 2192 2246 2244
3 2192 2189 2185
3 2192 2185 2319
3 2190 2606 2607
3 2190 2607 2185
3 2319 2990 2992
3 2319 2992 2246
3 2990 2319 2185
3 2990 2185 2988
3 2196 2216 2181
3 2255 2317 2318
3 2255 2318 2257
3 2252 2316 2317
3 2252 2317 2255
3 2253 2315 2316
3 2253 2316 2252
3 2294 2297 2315
3 2294 2315 2253
3 2317 2313 2314
3 2317 2314 2318
3 2316 2312 2313
3 2316 2313 2317
3 2315 2311 2312
3 2315 2312 2316
3 2297 2299 2311
3 2297 2311 2315
3 2313 2308 2314
3 2312 2306 2308
3 2312 2308 2313
3 2311 2304 2306
3 2311 2306 2312
3 2299 2302 2304
3 2299 2304 2311
3 2298 2300 2302
3 2298 2302 2299
3 2692 2691 2300
3 2692 2300 2298
3 2296 2298 2299
3 2296 2299 2297
3 2693 2692 2298
3 2693 2298 2296
3 2994 2995 2295
3 2994 2295 2287
3 2295 2557 2558
3 2295 2558 2293
3 2995 2991 2557
3 2995 2557 2295
3 2287 2281 2902
3 2287 2902 2994
3 2159 2245 2993
3 2993 2245 2246
3 2993 2246 2992
3 2559 2292 2293
3 2559 2293 2558
3 2560 2291 2292
3 2560 2292 2559
3 2254 2290 2291
3 2254 2291 2560
3 2256 2289 2290
3 2256 2290 2254
3 2258 2289 2256
3 2259 2288 2289
3 2259 2289 2258
3 2292 2286 2287
3 2292 2287 2293
3 2291 2285 2286
3 2291 2286 2292
3 2290 2284 2285
3 2290 2285 2291
3 2289 2283 2284
3 2289 2284 2290
3 2288 2282 2283
3 2288 2283 2289
3 2286 2280 2281
3 2286 2281 2287
3 2282 2277 2278
3 2282 2278 2283
3 2280 2262 2158
3 2280 2158 2281
3 2562 2280 2286
3 2562 2286 2285
3 2278 2275 2263
3 2278 2263 2279
3 2278 2276 2275
3 2277 2276 2278
3 2272 2550 2271
3 2274 2275 2276
3 2274 2276 2273
3 2565 2263 2275
3 2565 2275 2274
3 2273 2271 2269
3 2273 2269 2274
3 2273 2272 2271
3 2563 2564 2262
3 2563 2262 2264
3 2268 2249 2250
3 2268 2250 2267
3 2270 2248 2249
3 2270 2249 2268
3 2136 2247 2134
3 2270 2271 2550
3 2268 2269 2271
3 2268 2271 2270
3 2267 2266 2269
3 2267 2269 2268
3 2251 2265 2266
3 2251 2266 2267
3 2265 2563 2263
3 2265 2263 2565
3 2564 2158 2262
3 2251 2159 2710
3 2251 2710 2261
3 2556 2255 2257
3 2252 2255 2556
3 2251 2243 2245
3 2251 2245 2159
3 2250 2241 2243
3 2250 2243 2251
3 2249 2240 2241
3 2249 2241 2250
3 2547 2239 2240
3 2547 2240 2249
3 2551 2238 2239
3 2551 2239 2547
3 2548 2549 2139
3 2546 2138 2139
3 2546 2139 2549
3 2243 2244 2246
3 2243 2246 2245
3 2241 2242 2244
3 2241 2244 2243
3 2240 2237 2242
3 2240 2242 2241
3 2238 2543 2239
3 2139 2545 2544
3 2236 2233 2234
3 2236 2234 2237
3 2235 2552 2233
3 2235 2233 2236
3 2544 2210 2231
3 2544 2231 2553
3 2209 2542 2231
3 2209 2231 2210
3 2233 2228 2229
3 2233 2229 2234
3 2552 2227 2228
3 2552 2228 2233
3 2553 2231 2226
3 2553 2226 2554
3 2230 2225 2226
3 2230 2226 2231
3 2228 2223 2224
3 2228 2224 2229
3 2227 2222 2223
3 2227 2223 2228
3 2554 2226 2221
3 2554 2221 2555
3 2225 2220 2221
3 2225 2221 2226
3 2223 2218 2219
3 2223 2219 2224
3 2222 2218 2223
3 2555 2221 2203
3 2555 2203 2217
3 2220 2205 2203
3 2220 2203 2221
3 2218 2215 2216
3 2218 2216 2219
3 2213 2217 2203
3 2345 2216 2215
3 2213 2212 2214
3 2204 2211 2212
3 2204 2212 2213
3 2198 2208 2207
3 2213 2203 2205
3 2213 2205 2585
3 2200 2202 2201
3 2190 2185 2189
3 2181 2183 2184
3 2173 2170 2183
3 2173 2183 2191
3 2185 2989 2988
3 2189 2194 2195
3 2189 2195 2190
3 2640 2170 2171
3 2171 2162 2160
3 2171 2160 2193
3 2580 2581 2162
3 2580 2162 2171
3 2183 2170 2133
3 2170 2640 2133
3 2599 2603 2188
3 2599 2188 2187
3 2694 2989 2185
3 2694 2185 2607
3 2689 2184 2183
3 2689 2183 2688
3 2183 2133 2688
3 2177 2176 2179
3 2177 2179 2178
3 2172 2171 2170
3 2172 2170 2173
3 2161 2615 2193
3 2161 2193 2160
3 2166 2163 2168
3 2166 2168 2165
3 2163 2161 2164
3 2161 2160 2162
3 2710 2709 2158
3 2710 2158 2564
3 2148 2157 2156
3 2146 2149 2150
3 2146 2150 2147
3 2146 2155 2149
3 2154 2153 2155
3 2154 2155 2146
3 2145 321 2152
3 2150 2148 2151
3 2150 2151 320
3 2148 2150 2149
3 2141 2140 2142
3 2138 2140 2545
3 2138 2545 2139
3 2136 2135 2137
3 2539 2406 2384
3 2541 2404 2406
3 2541 2406 2539
3 2539 2384 2230
3 2539 2230 2542
3 2145 2147 320
3 2145 2146 2147
3 2144 2143 2146
3 2144 2146 2145
3 2142 2143 2144
3 2140 2138 2143
3 2140 2143 2142
3 2543 2236 2237
3 2543 2237 2240
3 2543 2235 2236
3 2544 2545 2210
3 2140 2209 2210
3 2140 2210 2545
3 2546 2137 2153
3 2546 2153 2154
3 2247 2551 2547
3 2247 2547 2248
3 2136 2548 2247
3 2137 2546 2549
3 2137 2549 2136
3 2351 2345 2214
3 2578 2345 2351
3 2551 2548 2238
3 2548 2139 2238
3 2238 2544 2543
3 2139 2544 2238
3 2235 2232 2552
3 2544 2553 2232
3 2544 2232 2235
3 2552 2232 2227
3 2553 2554 2227
3 2553 2227 2232
3 2554 2555 2222
3 2554 2222 2227
3 2222 2217 2218
3 2555 2217 2222
3 2218 2217 2213
3 2218 2213 2215
3 2215 2213 2214
3 2215 2214 2345
3 2543 2544 2235
3 2247 2548 2551
3 2155 2386 2396
3 2149 2398 2157
3 2149 2157 2148
3 2155 2398 2149
3 2155 2396 2398
3 2550 2247 2248
3 2550 2248 2270
3 2136 2134 2135
3 2247 2550 2134
3 2136 2549 2548
3 2393 2388 2498
3 2392 2393 2498
3 2392 2498 2497
3 2272 2273 2388
3 2386 2135 2387
3 2260 2259 2258
3 2256 2257 2258
3 2254 2556 2257
3 2254 2257 2256
3 2557 2296 2294
3 2557 2294 2558
3 2991 2693 2296
3 2991 2296 2557
3 2253 2559 2558
3 2253 2558 2294
3 2252 2560 2559
3 2252 2559 2253
3 2560 2252 2556
3 2560 2556 2254
3 2562 2285 2284
3 2562 2284 2561
3 2281 2158 2709
3 2281 2709 2902
3 2283 2278 2279
3 2283 2279 2561
3 2562 2264 2262
3 2562 2262 2280
3 2264 2562 2561
3 2264 2561 2279
3 2563 2265 2261
3 2563 2261 2564
3 2563 2264 2279
3 2563 2279 2263
3 2564 2261 2710
3 2274 2269 2266
3 2274 2266 2565
3 2265 2565 2266
3 2566 2309 2310
3 2306 2567 2566
3 2306 2566 2308
3 2567 2307 2309
3 2567 2309 2566
3 2304 2568 2567
3 2304 2567 2306
3 2568 2305 2307
3 2568 2307 2567
3 2302 2303 2568
3 2302 2568 2304
3 2303 2305 2568
3 2300 2301 2303
3 2300 2303 2302
3 2691 2690 2301
3 2691 2301 2300
3 2309 2569 2310
3 2307 2570 2569
3 2307 2569 2309
3 2570 2358 2357
3 2570 2357 2569
3 2305 2359 2570
3 2305 2570 2307
3 2359 2358 2570
3 2303 2360 2359
3 2303 2359 2305
3 2301 2361 2360
3 2301 2360 2303
3 2690 2361 2301
3 2569 2373 134
3 2569 134 2310
3 2197 2357 2358
3 2596 2571 2572
3 2596 2572 2617
3 2363 2359 2571
3 2363 2571 2596
3 2362 2358 2359
3 2362 2359 2363
3 2197 2358 2362
3 185 2442 2440
3 261 2528 2527
3 259 2535 2595
3 2573 326 2605
3 2348 2342 2343
3 2348 2343 2349
3 2350 2344 2578
3 2349 2343 2344
3 2349 2344 2350
3 2348 2341 2342
3 2347 2340 2341
3 2347 2341 2348
3 2346 2574 2340
3 2346 2340 2347
3 2365 2584 2574
3 2365 2574 2346
3 2428 2522 2517
3 2428 2517 2429
3 2522 2523 2433
3 2522 2433 2517
3 2575 2531 2433
3 2575 2433 2523
3 2531 2575 2576
3 2531 2576 2530
3 2577 2421 2366
3 2421 2577 2594
3 2421 2594 2419
3 2365 2338 2584
3 2364 2331 2338
3 2343 2191 2181
3 2343 2181 2578
3 2342 2191 2343
3 2579 2329 2328
3 2338 2331 2329
3 2338 2329 2579
3 2174 2173 2191
3 2178 2180 2172
3 2178 2172 2173
3 2178 2179 2180
3 2179 2581 2180
3 2176 2164 2581
3 2176 2581 2179
3 2332 2168 2164
3 2332 2164 2176
3 2580 2172 2180
3 2580 2180 2581
3 2166 2165 2167
3 2166 2169 2163
3 2200 2199 2369
3 2369 2336 2371
3 2371 2336 2368
3 2368 2336 2334
3 2368 2334 2582
3 2333 2582 2334
3 2583 2371 2368
3 2583 2368 2337
3 2370 2371 2583
3 2169 2337 2616
3 2169 2616 2667
3 2213 2585 2204
3 2204 2585 2586
3 2593 2407 2204
3 2593 2204 2586
3 2587 2588 2407
3 2589 2587 2407
3 2589 2407 2593
3 2426 2594 2577
3 2426 2577 2420
3 2417 2594 2426
3 326 2440 2605
3 2595 2535 2532
3 2206 2198 2197
3 2334 2596 2335
3 2336 2363 2596
3 2336 2596 2334
3 2206 2362 2336
3 187 2597 2470
3 2470 2597 2598
3 2470 2598 2469
3 2598 2463 2464
3 2598 2464 2469
3 2355 2356 2464
3 2355 2464 2462
3 2420 2186 2599
3 2425 2417 2426
3 2424 2417 2425
3 2423 2416 2417
3 2422 2415 2423
3 2350 2356 2355
3 2600 2348 2349
3 2601 2347 2348
3 2601 2348 2600
3 2602 2346 2347
3 2602 2347 2601
3 2603 2365 2346
3 2603 2346 2602
3 2599 2186 2365
3 2599 2365 2603
3 2416 2418 2417
3 2423 2376 2416
3 2415 2376 2423
3 2417 2418 2594
3 2530 2534 2573
3 2530 2573 2439
3 2529 2576 2524
3 2605 2440 2442
3 134 2373 100
3 2439 2573 2605
3 2576 2534 2530
3 2532 2526 2521
3 2575 2523 2524
3 2520 2521 2526
3 2524 2523 2520
3 2207 2208 2435
3 2197 2198 2207
3 2595 2532 2521
3 2595 2521 256
3 2196 2181 2606
3 2689 2694 2607
3 2689 2607 2184
3 2606 2181 2184
3 2606 2184 2607
3 2572 2660 2611
3 2704 2608 2619
3 2704 2619 2620
3 2702 2704 2620
3 2702 2620 2706
3 2621 2133 2640
3 2622 2688 2133
3 2622 2133 2621
3 2638 2689 2688
3 2638 2688 2622
3 2650 2647 2640
3 2663 2611 2653
3 2668 2624 2623
3 2668 2623 2669
3 2654 2624 2668
3 2666 2667 2616
3 2639 2640 2643
3 2624 2622 2623
3 2624 2654 2638
3 2673 2674 2654
3 2647 2650 2648
3 2714 2628 2651
3 2714 2651 2744
3 2663 2653 2629
3 2643 2645 2639
3 2676 2677 2626
3 2676 2626 2646
3 2678 2679 2673
3 2678 2673 2625
3 2644 2680 2645
3 2676 2646 2645
3 2676 2645 2680
3 2694 2675 2963
3 2694 2963 2989
3 2637 2611 2663
3 2705 2744 2651
3 2705 2651 2609
3 2648 2650 2193
3 2648 2193 2613
3 2649 2641 2648
3 2649 2648 2614
3 2682 2644 2642
3 2641 2683 2682
3 2641 2682 2642
3 2632 2684 2683
3 2632 2683 2641
3 2633 2635 2631
3 2665 2649 2614
3 2665 2633 2632
3 2647 2643 2640
3 2582 2333 2612
3 2613 2614 2648
3 2669 2623 2639
3 2669 2639 2645
3 2642 2647 2648
3 2642 2648 2641
3 2643 2647 2642
3 2669 2645 2646
3 2643 2644 2645
3 2642 2644 2643
3 2623 2621 2640
3 2623 2640 2639
3 2638 2622 2624
3 2635 2633 2634
3 2666 2634 2633
3 2666 2633 2665
3 2666 2616 2634
3 2615 2666 2613
3 2615 2613 2193
3 2631 2685 2664
3 2628 2714 2681
3 2678 2625 2626
3 2678 2626 2677
3 2621 2623 2622
3 2620 2692 2693
3 2620 2693 2706
3 2619 2691 2692
3 2619 2692 2620
3 2666 2665 2614
3 2666 2614 2613
3 2704 2705 2609
3 2704 2609 2608
3 2900 2706 2693
3 2900 2693 2991
3 2619 2618 2690
3 2619 2690 2691
3 2608 2655 2618
3 2608 2618 2619
3 2655 2610 2618
3 2609 2656 2655
3 2609 2655 2608
3 2656 2610 2655
3 2656 2652 2610
3 2651 2657 2656
3 2651 2656 2609
3 2657 2652 2656
3 2628 2658 2657
3 2628 2657 2651
3 2658 2627 2652
3 2658 2652 2657
3 2628 2659 2658
3 2659 2627 2658
3 2681 2659 2628
3 2659 2686 2627
3 2618 2660 2361
3 2618 2361 2690
3 2660 2572 2361
3 2610 2660 2618
3 2652 2660 2610
3 2652 2661 2660
3 2661 2611 2660
3 2661 2653 2611
3 2627 2662 2661
3 2627 2661 2652
3 2662 2653 2661
3 2662 2629 2653
3 2686 2662 2627
3 2617 2572 2611
3 2617 2611 2637
3 2637 2663 2636
3 2663 2630 2636
3 2684 2632 2664
3 2664 2632 2631
3 2633 2631 2632
3 2616 2612 2634
3 2582 2612 2616
3 2632 2641 2649
3 2665 2632 2649
3 2666 2615 2667
3 2625 2654 2668
3 2668 2626 2625
3 2626 2668 2669
3 2626 2669 2646
3 2685 2687 2947
3 2685 2947 2727
3 2687 2670 2630
3 2670 2636 2630
3 2635 2670 2631
3 2635 2636 2670
3 2635 2637 2636
3 2634 2671 2635
3 2671 2637 2635
3 2612 2671 2634
3 2612 2672 2671
3 2672 2637 2671
3 2333 2672 2612
3 2672 2617 2637
3 2333 2335 2672
3 2335 2617 2672
3 2963 2675 2674
3 2963 2674 2962
3 2673 2961 2962
3 2673 2962 2674
3 2679 2960 2961
3 2679 2961 2673
3 2694 2689 2638
3 2694 2638 2675
3 2675 2638 2654
3 2675 2654 2674
3 2673 2654 2625
3 2676 2754 2677
3 2678 2711 2679
3 2644 2735 2755
3 2644 2755 2680
3 2754 2676 2680
3 2754 2680 2755
3 2682 2735 2644
3 2683 2732 2682
3 2684 2732 2683
3 2685 2727 2684
3 2685 2684 2664
3 2678 2677 2711
3 2663 2629 2726
3 2663 2726 2630
3 2685 2631 2670
3 2685 2670 2687
3 2687 2630 2726
3 2687 2726 2947
3 2140 2141 2209
3 2325 2201 2326
3 2476 2472 2471
3 2453 2450 2476
3 2450 2451 2472
3 2450 2472 2476
3 2444 2450 2453
3 2444 2445 2450
3 2491 2487 2443
3 2491 2477 2487
3 2479 2477 2491
3 2474 2479 2491
3 2474 2473 2479
3 2474 2475 2473
3 2474 2476 2475
3 2930 2786 3034
3 2791 2849 2790
3 2950 2949 2717
3 3034 2785 2930
3 2963 2731 2989
3 2866 2775 2964
3 3018 3153 3150
3 2921 2931 2827
3 2921 2827 2920
3 2936 2920 2827
3 2870 2883 2894
3 2870 2894 2872
3 2894 2883 2881
3 2856 2876 2923
3 2856 2923 2868
3 2876 2856 2857
3 2876 2857 2898
3 2856 2772 2712
3 2898 2857 2873
3 2898 2873 2896
3 2896 2873 2869
3 2896 2869 2871
3 2871 2869 2870
3 2871 2870 2872
3 2856 2712 2713
3 2856 2713 2857
3 2815 2830 3010
3 2783 2781 3035
3 2781 3036 3035
3 2782 2935 2781
3 3010 2830 2805
3 3022 3002 3003
3 3022 3003 3009
3 2848 2820 2780
3 2848 2780 2799
3 2820 2848 2809
3 2780 2818 3007
3 2780 3007 3014
3 2820 2817 2818
3 2820 2818 2780
3 2818 2813 3006
3 2818 3006 3007
3 2813 2814 3011
3 2813 3011 3006
3 2853 2855 3013
3 2853 3013 3012
3 2793 2795 2855
3 2793 2855 2853
3 2855 2846 3013
3 2855 2797 2846
3 2795 2797 2855
3 2851 2854 3019
3 2851 3019 3018
3 2850 2852 2854
3 2850 2854 2851
3 2849 2791 2852
3 2849 2852 2850
3 2854 2853 3012
3 2854 3012 3019
3 2852 2853 2854
3 2791 2793 2853
3 2791 2853 2852
3 2789 2790 2849
3 3026 2851 3018
3 3026 3018 3336
3 3026 2850 2851
3 3025 2849 2850
3 3025 2850 3026
3 3024 2789 2849
3 3024 2849 3025
3 3023 2788 2789
3 3023 2789 3024
3 2787 2788 3023
3 2833 2835 2941
3 2941 2835 2837
3 2837 2839 2794
3 2843 2841 2801
3 2841 2800 2801
3 2841 2847 2800
3 2847 2809 2848
3 2799 2798 2847
3 2799 2847 2848
3 2779 3017 2802
3 2798 2800 2847
3 2802 3017 3016
3 2802 3016 2800
3 2801 2797 2843
3 2801 2846 2797
3 3016 3015 2801
3 3016 2801 2800
3 3015 2846 2801
3 2839 2844 2845
3 2845 2844 2842
3 2814 2830 2815
3 2938 2830 2814
3 2938 2814 2804
3 2817 2812 2813
3 2817 2813 2818
3 2816 2810 2811
3 2812 2940 2814
3 2812 2814 2813
3 2935 2782 2803
3 2779 2799 2780
3 2802 2798 2799
3 2802 2799 2779
3 2800 2798 2802
3 2795 2796 2843
3 2795 2843 2797
3 2793 2794 2796
3 2793 2796 2795
3 2791 2792 2794
3 2791 2794 2793
3 2790 2792 2791
3 2786 2828 2787
3 2930 2931 2828
3 2930 2828 2786
3 2782 2783 2784
3 2781 2783 2782
3 2779 2780 3014
3 2708 2700 2707
3 2700 2708 2699
3 2900 2707 2700
3 2900 2700 2899
3 2699 2708 2698
3 2698 2708 2902
3 2705 2703 2743
3 2901 2701 2742
3 2629 2939 2726
3 2971 2776 2734
3 2971 2734 2970
3 2971 2972 2777
3 2971 2777 2776
3 2973 2965 2752
3 2749 2974 2748
3 2974 2975 2760
3 2974 2760 2748
3 2973 2752 2960
3 2973 2960 2959
3 2772 2711 2712
3 2713 2677 2754
3 2713 2754 2771
3 2770 2755 2735
3 2770 2735 2733
3 2955 2976 2762
3 2975 2977 2757
3 2975 2757 2760
3 2977 2763 2756
3 2977 2756 2757
3 2963 2962 2737
3 2963 2737 2731
3 2912 2744 2743
3 2728 2741 2745
3 2728 2745 2742
3 2722 2758 2740
3 2722 2740 2720
3 2739 2747 2724
3 2724 2747 2746
3 2724 2746 2738
3 2943 2725 2736
3 2943 2736 2750
3 2738 2746 2729
3 2738 2729 2730
3 2967 2968 2737
3 2967 2737 2753
3 2723 2724 2942
3 2723 2942 2722
3 2979 2950 2717
3 2979 2717 2978
3 2957 2980 2978
3 2957 2978 2717
3 2982 2758 2759
3 2982 2759 2981
3 2981 2759 2751
3 2981 2751 2983
3 2982 2756 2740
3 2982 2740 2758
3 2752 2966 2753
3 2984 2983 2751
3 2984 2751 2750
3 2993 2739 2695
3 2993 2695 2159
3 2992 2747 2739
3 2992 2739 2993
3 2990 2746 2747
3 2990 2747 2992
3 2988 2729 2746
3 2988 2746 2990
3 2717 2949 2948
3 2717 2948 2719
3 2742 2701 2699
3 2742 2699 2728
3 2743 2744 2705
3 2743 2901 2958
3 2728 2905 2948
3 2728 2948 2741
3 2719 2957 2717
3 2739 2723 2721
3 2739 2721 2695
3 2724 2723 2739
3 2738 2725 2724
3 2730 2736 2725
3 2730 2725 2738
3 2730 2969 2968
3 2730 2968 2736
3 2970 2733 2735
3 2970 2735 2682
3 2905 2728 2699
3 2905 2699 2906
3 2696 2710 2159
3 2696 2159 2695
3 2942 2724 2725
3 2942 2725 2943
3 2720 2721 2723
3 2720 2723 2722
3 2719 2697 2721
3 2719 2721 2720
3 2712 2711 2677
3 2712 2677 2713
3 2902 2708 2994
3 2707 2995 2994
3 2707 2994 2708
3 2900 2991 2995
3 2900 2995 2707
3 2702 2703 2705
3 2702 2705 2704
3 2899 2700 2701
3 2899 2701 2901
3 2699 2701 2700
3 2906 2699 2698
3 2695 2697 2696
3 2940 2812 2811
3 2817 2816 2811
3 2817 2811 2812
3 2820 2819 2816
3 2820 2816 2817
3 2809 2819 2820
3 2847 2808 2809
3 2841 2808 2847
3 2796 2845 2843
3 2839 2845 2796
3 2839 2796 2794
3 2882 2879 2810
3 2807 2872 2884
3 2897 2871 2872
3 2897 2872 2807
3 2874 2871 2897
3 2844 2876 2875
3 2876 2844 2924
3 2876 2924 2867
3 2895 2776 2777
3 2883 2734 2776
3 2883 2776 2895
3 2870 2733 2734
3 2870 2734 2883
3 2869 2770 2733
3 2869 2733 2870
3 2873 2771 2770
3 2873 2770 2869
3 2857 2713 2771
3 2857 2771 2873
3 2900 2899 2702
3 2900 2702 2706
3 2901 2743 2703
3 2899 2901 2703
3 2899 2703 2702
3 2903 2698 2902
3 2903 2902 2709
3 2904 2697 2718
3 2904 2903 2696
3 2904 2696 2697
3 2903 2709 2710
3 2903 2710 2696
3 2718 2905 2906
3 2718 2906 2904
3 2904 2906 2698
3 2904 2698 2903
3 2716 2715 2958
3 2716 2958 2745
3 2907 2714 2744
3 2907 2744 2912
3 2907 2681 2714
3 2762 2907 2715
3 2908 2681 2907
3 2976 2985 2908
3 2976 2908 2762
3 2985 2913 2681
3 2985 2681 2908
3 2958 2912 2743
3 2829 2803 2782
3 2913 2659 2681
3 2913 2778 2686
3 2913 2686 2659
3 2829 2915 2914
3 2915 2822 2914
3 2778 2916 2662
3 2778 2662 2686
3 2916 2886 2629
3 2916 2629 2662
3 2935 2936 2827
3 2824 2911 2826
3 2824 2826 2803
3 2824 2825 2911
3 2914 2825 2824
3 2822 2823 2825
3 2822 2825 2914
3 2806 2821 2823
3 2806 2823 2822
3 2938 2804 2821
3 2809 2807 2819
3 2808 2807 2809
3 2808 2841 2840
3 2842 2840 2841
3 2842 2841 2843
3 2842 2843 2845
3 2837 2838 2839
3 2835 2838 2837
3 2835 2836 2838
3 2833 2834 2835
3 2834 2836 2835
3 2831 2832 2834
3 2831 2834 2833
3 2828 2919 2832
3 2828 2832 2831
3 2921 2919 2828
3 2921 2828 2931
3 2859 2919 2921
3 2893 2922 2892
3 2922 2893 2920
3 2922 2920 2918
3 2934 2858 2933
3 2859 2921 2933
3 2862 2861 2860
3 2864 2861 2862
3 2864 2863 2861
3 2866 2865 2864
3 2865 2863 2864
3 2868 2923 2865
3 2868 2865 2866
3 2923 2867 2865
3 2898 2875 2876
3 2874 2875 2898
3 2874 2898 2896
3 2874 2896 2871
3 2894 2884 2872
3 2894 2881 2882
3 2894 2882 2884
3 2879 2882 2881
3 2879 2881 2877
3 2886 2885 2880
3 2886 2880 2878
3 2916 2917 2885
3 2916 2885 2886
3 2888 2887 2917
3 2888 2917 2916
3 2890 2887 2888
3 2890 2889 2887
3 2910 2889 2890
3 2937 2892 2922
3 2918 2937 2922
3 2911 2910 2891
3 2911 2891 2826
3 2825 2889 2911
3 2889 2910 2911
3 2823 2887 2889
3 2823 2889 2825
3 2821 2917 2887
3 2821 2887 2823
3 2821 2885 2917
3 2821 2804 2880
3 2821 2880 2885
3 2816 2882 2810
3 2816 2819 2884
3 2816 2884 2882
3 2884 2819 2807
3 2897 2807 2808
3 2874 2897 2808
3 2874 2808 2840
3 2842 2875 2874
3 2842 2874 2840
3 2844 2875 2842
3 2838 2925 2924
3 2838 2924 2839
3 2925 2865 2867
3 2925 2867 2924
3 2836 2863 2925
3 2836 2925 2838
3 2863 2865 2925
3 2834 2926 2863
3 2834 2863 2836
3 2926 2861 2863
3 2832 2926 2834
3 2832 2860 2861
3 2832 2861 2926
3 2832 2859 2858
3 2832 2858 2860
3 2934 2927 2858
3 2934 2932 2763
3 2934 2763 2927
3 2892 2769 2893
3 2892 2768 2769
3 2952 2937 2767
3 2910 2909 2767
3 2910 2767 2891
3 2890 2766 2909
3 2890 2909 2910
3 2888 2766 2890
3 2888 2778 2913
3 2888 2913 2766
3 2916 2778 2888
3 2886 2878 2939
3 2877 2881 2895
3 2877 2895 2777
3 2895 2881 2883
3 2858 2927 2928
3 2858 2928 2860
3 2927 2763 2764
3 2927 2764 2928
3 2860 2928 2929
3 2860 2929 2862
3 2928 2764 2765
3 2928 2765 2929
3 2862 2929 2774
3 2862 2774 2864
3 2929 2765 2774
3 2864 2774 2775
3 2864 2775 2866
3 2866 2964 2773
3 2866 2773 2868
3 2964 2965 2773
3 2832 2919 2859
3 2933 2858 2859
3 2930 2785 2931
3 2763 2932 2956
3 2763 2956 2756
3 2934 2933 2893
3 2934 2893 2769
3 2934 2769 2932
3 2781 2785 3034
3 2781 3034 3036
3 2781 2935 2785
3 2936 2935 2803
3 2937 2918 2826
3 2937 2826 2891
3 2918 2936 2803
3 2918 2803 2826
3 2937 2891 2767
3 2876 2867 2923
3 2844 2839 2924
3 2938 2805 2830
3 2938 2821 2806
3 2939 2629 2886
3 2940 2804 2814
3 2814 2815 3011
3 2837 2794 2792
3 2941 2837 2792
3 2941 2792 2790
3 2833 2941 2790
3 2833 2790 2789
3 2833 2789 2788
3 2833 2788 2787
3 2833 2787 2831
3 2831 2787 2828
3 2931 2785 2827
3 2827 2785 2935
3 2806 2822 3020
3 2806 3020 2805
3 2938 2806 2805
3 2942 2759 2758
3 2942 2758 2722
3 2943 2751 2759
3 2943 2759 2942
3 2943 2750 2751
3 2750 2967 2966
3 2810 2944 2940
3 2810 2940 2811
3 2944 2804 2940
3 2944 2880 2804
3 2879 2945 2944
3 2879 2944 2810
3 2945 2880 2944
3 2877 2945 2879
3 2945 2878 2880
3 2777 2946 2945
3 2777 2945 2877
3 2946 2878 2945
3 2972 2727 2947
3 2972 2947 2986
3 2986 2947 2726
3 2986 2726 2939
3 2920 2893 2933
3 2920 2933 2921
3 2951 2761 2769
3 2979 2987 2954
3 2979 2954 2950
3 2949 2953 2741
3 2949 2741 2948
3 2905 2718 2719
3 2905 2719 2948
3 2950 2954 2953
3 2950 2953 2949
3 2952 2768 2892
3 2952 2892 2937
3 2987 2762 2715
3 2987 2715 2954
3 2953 2716 2745
3 2953 2745 2741
3 2954 2715 2716
3 2954 2716 2953
3 2980 2957 2740
3 2980 2740 2756
3 2719 2720 2740
3 2719 2740 2957
3 2719 2718 2697
3 2697 2695 2721
3 2932 2769 2761
3 2932 2761 2956
3 2901 2742 2958
3 2715 2907 2912
3 2715 2912 2958
3 2762 2908 2907
3 2958 2742 2745
3 2959 2772 2856
3 2959 2856 2773
3 2959 2960 2679
3 2959 2679 2772
3 2961 2753 2737
3 2961 2737 2962
3 2960 2752 2753
3 2960 2753 2961
3 2773 2856 2868
3 2772 2679 2711
3 2731 2729 2988
3 2731 2988 2989
3 2967 2750 2736
3 2967 2736 2968
3 2966 2984 2750
3 2969 2731 2737
3 2969 2737 2968
3 2969 2730 2729
3 2969 2729 2731
3 2964 2775 2965
3 2967 2753 2966
3 2970 2682 2732
3 2971 2970 2732
3 2971 2732 2684
3 2971 2684 2727
3 2971 2727 2972
3 2973 2773 2965
3 2749 2775 2774
3 2749 2774 2974
3 2974 2774 2765
3 2974 2765 2975
3 2973 2959 2773
3 2771 2754 2755
3 2771 2755 2770
3 2955 2952 2767
3 2955 2767 2976
3 2975 2765 2764
3 2975 2764 2977
3 2977 2764 2763
3 2951 2979 2978
3 2951 2978 2761
3 2980 2956 2761
3 2980 2761 2978
3 2982 2981 2760
3 2982 2760 2757
3 2981 2983 2748
3 2981 2748 2760
3 2982 2757 2756
3 2752 2965 2966
3 2984 2749 2748
3 2984 2748 2983
3 2970 2734 2733
3 2976 2767 2909
3 2976 2909 2985
3 2985 2909 2766
3 2985 2766 2913
3 2972 2986 2946
3 2972 2946 2777
3 2986 2939 2878
3 2986 2878 2946
3 2951 2769 2768
3 2979 2951 2955
3 2979 2955 2987
3 2955 2951 2768
3 2955 2768 2952
3 2987 2955 2762
3 2980 2756 2956
3 2965 2775 2749
3 2966 2965 2749
3 2966 2749 2984
3 2815 3010 3005
3 2996 3008 3190
3 2996 3190 3046
3 3014 3008 2996
3 3008 3188 3190
3 3008 3007 3188
3 3014 3007 3008
3 3007 3006 3186
3 3007 3186 3188
3 3006 3011 3305
3 3006 3305 3186
3 3005 3010 3301
3 3004 3009 3049
3 3003 3002 3051
3 2784 3047 3051
3 2784 3051 3002
3 3012 3013 3166
3 3013 2846 3140
3 3018 3019 3165
3 3018 3165 3153
3 3019 3012 3166
3 3019 3166 3165
3 3336 3018 3150
3 3336 3150 3145
3 2997 3017 2779
3 2997 2779 3014
3 2997 3014 2996
3 2997 3001 3017
3 3001 3000 3016
3 3001 3016 3017
3 2998 3001 2997
3 2998 3000 3001
3 3143 3142 2998
3 3142 3139 3000
3 3142 3000 2998
3 2999 3140 2846
3 2999 2846 3015
3 3000 2999 3015
3 3000 3015 3016
3 3139 3137 2999
3 3139 2999 3000
3 3137 3138 3140
3 3137 3140 2999
3 2996 3046 3143
3 2996 3143 2998
3 2996 2998 2997
3 3009 3003 3049
3 3004 3049 3299
3 3010 3004 3299
3 3010 3299 3301
3 3011 2815 3005
3 3011 3005 3305
3 2936 2918 2920
3 2784 3002 3022
3 3020 2822 3021
3 2782 2915 2829
3 2915 3021 2822
3 2782 2784 3022
3 2782 3022 2915
3 2915 3022 3021
3 3004 3020 3021
3 3004 3021 3009
3 3022 3009 3021
3 3020 3004 3010
3 3020 3010 2805
3 2803 2829 2824
3 2829 2914 2824
3 2787 3023 3032
3 3036 3034 3340
3 3163 3214 3198
3 3124 3260 3257
3 3207 3208 3225
3 3171 3172 3215
3 3149 3152 3194
3 3195 3178 3196
3 3179 3047 3178
3 3146 3148 3176
3 3150 3154 3151
3 3303 3050 3003
3 3257 3256 3307
3 3288 3294 3351
3 3287 3041 3295
3 3183 3242 3308
3 3078 3055 3054
3 3315 3314 3313
3 3335 3280 3063
3 3292 3293 3040
3 2783 3199 2784
3 2783 3035 3199
3 3035 3036 3340
3 3033 3034 2786
3 3033 2786 3031
3 3339 3340 3034
3 3339 3034 3033
3 3027 3033 3031
3 3339 3033 3027
3 3337 3339 3027
3 3029 3024 3025
3 3032 3023 3024
3 3032 3024 3029
3 3031 2786 2787
3 3031 2787 3032
3 3030 3026 3336
3 3029 3025 3026
3 3029 3026 3030
3 3028 3032 3029
3 3027 3031 3032
3 3027 3032 3028
3 3028 3029 3030
3 3028 3030 3338
3 3337 3027 3028
3 3337 3028 3338
3 3214 3272 3203
3 3214 3203 3198
3 3239 3333 3272
3 3239 3272 3214
3 3233 3270 3271
3 3233 3271 3239
3 3100 3136 3269
3 3100 3269 3224
3 3272 3268 3201
3 3272 3201 3203
3 3333 3334 3268
3 3333 3268 3272
3 3270 3266 3267
3 3270 3267 3271
3 3269 3265 3322
3 3136 3133 3265
3 3136 3265 3269
3 3268 3264 3200
3 3268 3200 3201
3 3334 3264 3268
3 3266 3262 3263
3 3266 3263 3267
3 3322 3265 3261
3 3322 3261 3321
3 3133 3130 3261
3 3133 3261 3265
3 3264 3242 3183
3 3264 3183 3200
3 3262 3245 3242
3 3262 3242 3263
3 3321 3261 3101
3 3321 3101 3245
3 3130 3101 3261
3 3240 3260 3124
3 3240 3124 3091
3 3260 3240 3241
3 3209 3259 3241
3 3258 3259 3209
3 3144 3191 3274
3 3258 3255 3259
3 3274 3191 3189
3 3274 3189 3254
3 3256 3276 3307
3 3254 3189 3187
3 3254 3187 3276
3 3306 3276 3187
3 3252 3248 3319
3 3252 3319 3107
3 3185 3302 3313
3 3185 3313 3249
3 3315 3247 3314
3 3311 3310 3244
3 3311 3244 3312
3 3308 3310 3182
3 3308 3182 3183
3 3225 3208 3209
3 3225 3209 3241
3 3241 3240 3217
3 3241 3217 3225
3 3091 3092 3217
3 3091 3217 3240
3 3210 3155 3171
3 3210 3171 3215
3 3213 3239 3214
3 3211 3332 3212
3 3210 3331 3332
3 3210 3332 3211
3 3215 3235 3331
3 3215 3331 3210
3 3232 3233 3239
3 3238 3231 3232
3 3237 3230 3231
3 3237 3231 3238
3 3236 3229 3230
3 3236 3230 3237
3 3235 3219 3229
3 3235 3229 3236
3 3227 3205 3234
3 3227 3234 3226
3 3226 3234 3207
3 3226 3207 3225
3 3323 3223 3224
3 3324 3222 3223
3 3324 3223 3323
3 3325 3221 3222
3 3325 3222 3324
3 3326 3220 3221
3 3326 3221 3325
3 3219 3220 3326
3 3275 3095 3219
3 3227 3216 3095
3 3227 3095 3275
3 3226 3218 3216
3 3226 3216 3227
3 3225 3217 3218
3 3225 3218 3226
3 3223 3099 3100
3 3223 3100 3224
3 3222 3098 3099
3 3222 3099 3223
3 3221 3097 3098
3 3221 3098 3222
3 3220 3086 3097
3 3220 3097 3221
3 3219 3096 3086
3 3219 3086 3220
3 3095 3096 3219
3 3218 3093 3094
3 3218 3094 3216
3 3217 3092 3093
3 3217 3093 3218
3 3095 3216 3094
3 3162 3213 3214
3 3162 3214 3163
3 3160 3212 3213
3 3160 3213 3162
3 3158 3211 3212
3 3158 3212 3160
3 3155 3210 3211
3 3155 3211 3158
3 3144 3273 3143
3 3273 3141 3143
3 3153 3164 3154
3 3153 3154 3150
3 3197 3204 3195
3 3197 3195 3194
3 3198 3203 3204
3 3198 3204 3197
3 3204 3202 3179
3 3204 3179 3195
3 3203 3201 3202
3 3203 3202 3204
3 3202 3181 3048
3 3202 3048 3179
3 3201 3200 3181
3 3201 3181 3202
3 3200 3183 3181
3 3199 3047 2784
3 3199 3178 3047
3 3199 3196 3178
3 3035 3340 3196
3 3035 3196 3199
3 3195 3179 3178
3 3152 3197 3194
3 3152 3163 3198
3 3152 3198 3197
3 3193 3196 3340
3 3193 3340 3339
3 3149 3195 3196
3 3149 3196 3193
3 3149 3194 3195
3 3192 3193 3339
3 3177 3149 3193
3 3177 3193 3192
3 3177 3192 3339
3 3177 3339 3337
3 3046 3190 3191
3 3191 3190 3188
3 3191 3188 3189
3 3189 3188 3186
3 3189 3186 3187
3 3305 3187 3186
3 3005 3301 3302
3 3005 3302 3185
3 3050 3303 3304
3 3050 3304 3184
3 3180 3181 3183
3 3180 3183 3182
3 3051 3048 3181
3 3051 3181 3180
3 3179 3048 3047
3 3336 3145 3146
3 3148 3149 3177
3 3146 3147 3148
3 3030 3336 3146
3 3176 3148 3177
3 3338 3030 3146
3 3338 3146 3176
3 3338 3176 3177
3 3338 3177 3337
3 3168 3173 3174
3 3168 3174 3170
3 3166 3013 3173
3 3166 3173 3168
3 3173 3140 3138
3 3173 3138 3174
3 3013 3140 3173
3 3156 3169 3171
3 3156 3171 3155
3 3164 3167 3169
3 3164 3169 3156
3 3153 3165 3167
3 3153 3167 3164
3 3169 3170 3172
3 3169 3172 3171
3 3167 3168 3170
3 3167 3170 3169
3 3165 3166 3168
3 3165 3168 3167
3 3148 3161 3152
3 3151 3159 3161
3 3151 3161 3148
3 3154 3157 3159
3 3154 3159 3151
3 3164 3156 3157
3 3164 3157 3154
3 3161 3162 3163
3 3161 3163 3152
3 3159 3160 3162
3 3159 3162 3161
3 3157 3158 3160
3 3157 3160 3159
3 3156 3155 3158
3 3156 3158 3157
3 3148 3152 3149
3 3147 3151 3148
3 3145 3150 3151
3 3145 3151 3147
3 3146 3145 3147
3 3143 3141 3142
3 3141 3139 3142
3 3058 3059 3060
3 3058 3060 3113
3 3113 3114 3058
3 3090 3135 3136
3 3090 3136 3100
3 3073 3134 3135
3 3073 3135 3090
3 3037 3058 3134
3 3037 3134 3073
3 3135 3132 3133
3 3135 3133 3136
3 3134 3131 3132
3 3134 3132 3135
3 3134 3114 3131
3 3058 3114 3134
3 3132 3129 3130
3 3132 3130 3133
3 3131 3128 3129
3 3131 3129 3132
3 3114 3115 3128
3 3114 3128 3131
3 3129 3102 3101
3 3129 3101 3130
3 3128 3102 3129
3 3115 3105 3102
3 3115 3102 3128
3 3045 3127 3044
3 3066 3127 3045
3 3070 3126 3127
3 3070 3127 3066
3 3081 3125 3126
3 3081 3126 3070
3 3091 3124 3125
3 3091 3125 3081
3 3044 3123 3282
3 3127 3122 3123
3 3127 3123 3044
3 3126 3121 3122
3 3126 3122 3127
3 3125 3120 3121
3 3125 3121 3126
3 3124 3120 3125
3 3122 3118 3119
3 3122 3119 3123
3 3121 3117 3118
3 3121 3118 3122
3 3120 3116 3117
3 3120 3117 3121
3 3119 3112 3281
3 3118 3112 3119
3 3118 3110 3112
3 3117 3110 3118
3 3117 3109 3110
3 3116 3108 3109
3 3116 3109 3117
3 3116 3107 3108
3 3110 3111 3112
3 3105 3115 3057
3 3105 3057 3043
3 3115 3114 3113
3 3115 3113 3057
3 3113 3060 3057
3 3281 3112 3042
3 3112 3111 3042
3 3111 3106 3042
3 3110 3328 3111
3 3109 3328 3110
3 3108 3319 3328
3 3108 3328 3109
3 3107 3319 3108
3 3104 3327 3106
3 3104 3320 3327
3 3103 3320 3104
3 3099 3089 3090
3 3099 3090 3100
3 3098 3088 3089
3 3098 3089 3099
3 3097 3087 3088
3 3097 3088 3098
3 3086 3087 3097
3 3085 3096 3095
3 3094 3084 3085
3 3094 3085 3095
3 3093 3083 3084
3 3093 3084 3094
3 3092 3082 3083
3 3092 3083 3093
3 3091 3081 3082
3 3091 3082 3092
3 3089 3080 3073
3 3089 3073 3090
3 3088 3079 3080
3 3088 3080 3089
3 3087 3065 3079
3 3087 3079 3088
3 3086 3078 3065
3 3086 3065 3087
3 3084 3076 3077
3 3084 3077 3085
3 3083 3075 3076
3 3083 3076 3084
3 3082 3074 3075
3 3082 3075 3083
3 3081 3070 3074
3 3081 3074 3082
3 3080 3039 3073
3 3079 3061 3039
3 3079 3039 3080
3 3076 3069 3330
3 3076 3330 3077
3 3075 3072 3069
3 3075 3069 3076
3 3074 3071 3072
3 3074 3072 3075
3 3070 3071 3074
3 3039 3037 3073
3 3069 3056 3330
3 3072 3068 3069
3 3071 3067 3068
3 3071 3068 3072
3 3070 3066 3067
3 3070 3067 3071
3 3069 3062 3056
3 3068 3063 3062
3 3068 3062 3069
3 3067 3064 3063
3 3067 3063 3068
3 3066 3045 3064
3 3066 3064 3067
3 3284 3038 3052
3 3052 3039 3061
3 3296 3038 3284
3 3278 3283 3064
3 3278 3064 3045
3 3279 3056 3062
3 3279 3062 3280
3 3057 3060 3297
3 3059 3058 3037
3 3059 3037 3040
3 3297 3295 3043
3 3297 3043 3057
3 3038 3039 3052
3 3047 3048 3051
3 3040 3038 3296
3 3045 3044 3282
3 3045 3282 3278
3 3041 3106 3043
3 3041 3043 3295
3 3041 3042 3106
3 3040 3037 3038
3 3037 3039 3038
3 3259 3255 3256
3 3228 3205 3227
3 3228 3219 3235
3 3258 3254 3255
3 3234 3206 3207
3 3205 3206 3234
3 3228 3235 3215
3 3175 3228 3215
3 3175 3215 3172
3 3138 3205 3228
3 3138 3228 3175
3 3206 3205 3138
3 3141 3207 3206
3 3273 3208 3207
3 3273 3207 3141
3 3144 3209 3208
3 3144 3208 3273
3 3274 3258 3209
3 3274 3209 3144
3 3254 3258 3274
3 3276 3306 3307
3 3174 3175 3172
3 3174 3172 3170
3 3138 3175 3174
3 3139 3206 3138
3 3139 3138 3137
3 3141 3206 3139
3 3046 3144 3143
3 3191 3144 3046
3 3305 3306 3187
3 3277 3251 3318
3 3260 3259 3256
3 3260 3256 3257
3 3241 3259 3260
3 3275 3228 3227
3 3514 3041 3287
3 3329 3279 3280
3 3329 3280 3360
3 3119 3353 3123
3 3296 3290 3348
3 3351 3294 3289
3 3287 3288 3511
3 3514 3286 3041
3 3287 3511 3514
3 3295 3297 3288
3 3297 3060 3294
3 3297 3294 3288
3 3060 3059 3289
3 3060 3289 3294
3 3059 3040 3293
3 3059 3293 3289
3 3296 3284 3290
3 3040 3296 3292
3 3288 3287 3295
3 3041 3286 3042
3 3050 3049 3003
3 3299 3049 3050
3 3299 3050 3184
3 3299 3184 3300
3 3301 3299 3300
3 3301 3300 3302
3 3303 3003 3051
3 3303 3051 3180
3 3303 3180 3182
3 3303 3182 3304
3 3304 3182 3310
3 3304 3310 3243
3 3305 3005 3185
3 3305 3185 3306
3 3306 3185 3249
3 3306 3249 3307
3 3308 3242 3245
3 3308 3245 3309
3 3309 3245 3101
3 3309 3101 3246
3 3310 3308 3309
3 3310 3309 3244
3 3184 3304 3243
3 3184 3243 3247
3 3247 3243 3311
3 3300 3184 3315
3 3300 3315 3313
3 3314 3247 3251
3 3302 3300 3313
3 3250 3313 3314
3 3184 3247 3315
3 3307 3249 3253
3 3276 3255 3254
3 3255 3276 3256
3 3257 3307 3253
3 3257 3253 3316
3 3249 3250 3253
3 3277 3250 3314
3 3277 3314 3251
3 3277 3316 3253
3 3316 3277 3317
3 3316 3317 3257
3 3124 3257 3317
3 3124 3317 3120
3 3317 3318 3116
3 3317 3116 3120
3 3318 3317 3277
3 3318 3252 3107
3 3318 3107 3116
3 3319 3248 3246
3 3319 3246 3103
3 3246 3320 3103
3 3101 3320 3246
3 3311 3312 3251
3 3311 3251 3247
3 3277 3253 3250
3 3252 3318 3251
3 3251 3312 3248
3 3251 3248 3252
3 3248 3312 3244
3 3248 3244 3246
3 3309 3246 3244
3 3321 3245 3262
3 3322 3321 3262
3 3322 3262 3266
3 3224 3269 3270
3 3224 3270 3233
3 3269 3322 3266
3 3269 3266 3270
3 3232 3323 3224
3 3232 3224 3233
3 3231 3324 3323
3 3231 3323 3232
3 3230 3325 3324
3 3230 3324 3231
3 3229 3326 3325
3 3229 3325 3230
3 3219 3326 3229
3 3228 3275 3219
3 3327 3105 3043
3 3327 3043 3106
3 3320 3102 3105
3 3320 3105 3327
3 3320 3101 3102
3 3319 3103 3104
3 3319 3104 3328
3 3328 3104 3106
3 3328 3106 3111
3 3079 3065 3061
3 3053 3061 3065
3 3053 3065 3054
3 3291 3053 3298
3 3052 3061 3053
3 3284 3052 3053
3 3284 3053 3291
3 3284 3291 3290
3 3348 3290 3291
3 3054 3065 3078
3 3298 3053 3054
3 3291 3298 3513
3 3291 3513 3512
3 3298 3285 3513
3 3298 3055 3285
3 3298 3054 3055
3 3285 3329 3513
3 3329 3285 3279
3 3055 3279 3285
3 3055 3056 3279
3 3056 3055 3330
3 3078 3077 3330
3 3078 3330 3055
3 3086 3085 3077
3 3086 3077 3078
3 3096 3085 3086
3 3239 3271 3333
3 3333 3271 3267
3 3333 3267 3334
3 3334 3267 3263
3 3334 3263 3264
3 3264 3263 3242
3 3213 3232 3239
3 3212 3238 3232
3 3212 3232 3213
3 3332 3237 3238
3 3332 3238 3212
3 3331 3236 3237
3 3331 3237 3332
3 3235 3236 3331
3 3249 3313 3250
3 3310 3311 3243
3 3123 3353 3282
3 3452 3280 3335
3 3452 3335 3451
3 3280 3452 3360
3 3359 3283 3278
3 3359 3278 3401
3 3280 3062 3063
3 3042 3286 3281
3 3282 3401 3278
3 3359 3451 3283
3 3335 3063 3064
3 3335 3064 3283
3 3451 3335 3283
3 3443 3423 3286
3 3388 3507 3347
3 3431 3449 3448
3 3372 3371 3373
3 3464 3412 3410
3 3680 3738 3416
3 3467 3463 3397
3 3397 3753 3432
3 3426 3441 3343
3 3426 3343 3425
3 3425 3343 3351
3 3424 3398 3442
3 3424 3442 3443
3 3455 3441 3424
3 3423 3399 3420
3 3423 3420 3402
3 3423 3281 3286
3 3351 3445 3288
3 3351 3289 3350
3 3293 3476 3289
3 3515 3418 3444
3 3515 3444 3356
3 3370 3369 3372
3 3515 3354 3418
3 3512 3345 3291
3 3296 3348 3403
3 3461 3292 3403
3 3398 3400 3399
3 3402 3420 3369
3 3351 3343 3445
3 3348 3291 3345
3 3418 3354 3353
3 3353 3354 3282
3 3445 3511 3288
3 3445 3455 3511
3 3343 3455 3445
3 3455 3343 3441
3 3427 3424 3441
3 3286 3514 3443
3 3423 3447 3281
3 3402 3447 3423
3 3372 3444 3419
3 3453 3452 3451
3 3453 3451 3450
3 3360 3452 3453
3 3360 3453 3485
3 3401 3454 3355
3 3401 3355 3359
3 3454 3401 3354
3 3514 3455 3443
3 3511 3455 3514
3 3398 3399 3423
3 3398 3423 3442
3 3442 3423 3443
3 3427 3441 3426
3 3443 3455 3424
3 3402 3370 3352
3 3402 3352 3447
3 3447 3352 3119
3 3447 3119 3281
3 3402 3369 3370
3 3352 3353 3119
3 3353 3352 3418
3 3376 3444 3372
3 3418 3419 3444
3 3370 3372 3419
3 3370 3419 3418
3 3370 3418 3352
3 3354 3401 3282
3 3515 3454 3354
3 3355 3454 3434
3 3451 3359 3355
3 3451 3355 3450
3 3450 3355 3434
3 3485 3453 3450
3 3485 3450 3364
3 3394 3427 3379
3 3349 3437 3438
3 3438 3674 3682
3 3430 3671 3678
3 3430 3678 3437
3 3486 3384 3381
3 3458 3486 3381
3 3460 3357 3358
3 3479 3357 3460
3 3487 3509 3415
3 3435 3478 3487
3 3435 3487 3415
3 3743 3462 3680
3 3743 3439 3740
3 3680 3462 3738
3 3757 3463 3808
3 3465 3392 3428
3 3392 3465 3466
3 3597 3430 3594
3 3594 3430 3437
3 3594 3437 3349
3 3433 3446 3427
3 3433 3427 3394
3 3449 3431 3468
3 3431 3420 3400
3 3469 3432 3753
3 3432 3396 3397
3 3397 3396 3506
3 3468 3431 3400
3 3468 3400 3470
3 3448 3449 3371
3 3371 3449 3374
3 3373 3374 3429
3 3373 3429 3597
3 3373 3371 3374
3 3373 3614 3372
3 3472 3428 3492
3 3472 3492 3393
3 3428 3392 3492
3 3390 3456 3422
3 3456 3379 3422
3 3390 3422 3475
3 3390 3475 3405
3 3379 3427 3426
3 3379 3426 3425
3 3379 3425 3422
3 3422 3425 3351
3 3422 3351 3350
3 3475 3422 3350
3 3477 3357 3421
3 3358 3477 3517
3 3517 3436 3537
3 3477 3421 3342
3 3341 3342 3499
3 3421 3602 3499
3 3421 3499 3342
3 3357 3375 3596
3 3357 3596 3421
3 3417 3457 3416
3 3416 3457 3680
3 3411 3738 3742
3 3480 3464 3411
3 3742 3480 3411
3 3459 3482 3368
3 3510 3459 3368
3 3368 3482 3481
3 3483 3365 3503
3 3386 3483 3503
3 3386 3503 3367
3 3484 3365 3483
3 3417 3682 3457
3 3384 3416 3391
3 3438 3682 3417
3 3486 3417 3416
3 3486 3438 3417
3 3486 3416 3384
3 3438 3486 3458
3 3381 3509 3487
3 3395 3349 3438
3 3395 3438 3458
3 3414 3395 3458
3 3413 3458 3381
3 3478 3413 3487
3 3487 3413 3381
3 3488 3414 3458
3 3413 3488 3458
3 3341 3499 3488
3 3341 3488 3413
3 3341 3413 3478
3 3342 3478 3436
3 3436 3478 3435
3 3409 3385 3410
3 3411 3410 3385
3 3378 3410 3489
3 3489 3393 3491
3 3416 3738 3411
3 3410 3411 3464
3 3410 3412 3489
3 3489 3412 3809
3 3489 3809 3472
3 3472 3393 3489
3 3378 3489 3377
3 3409 3410 3378
3 3406 3378 3377
3 3406 3377 3408
3 3491 3393 3493
3 3377 3489 3491
3 3491 3493 3389
3 3491 3389 3490
3 3377 3491 3490
3 3377 3490 3408
3 3492 3456 3493
3 3492 3392 3456
3 3393 3492 3493
3 3493 3456 3390
3 3493 3390 3473
3 3493 3473 3389
3 3406 3408 3407
3 3490 3389 3408
3 3380 3382 3494
3 3494 3382 3387
3 3389 3473 3474
3 3389 3474 3404
3 3474 3390 3405
3 3473 3390 3474
3 3408 3389 3404
3 3408 3404 3495
3 3407 3408 3495
3 3497 3406 3407
3 3494 3406 3497
3 3494 3387 3406
3 3497 3388 3346
3 3498 3494 3497
3 3346 3388 3347
3 3495 3507 3496
3 3495 3496 3407
3 3495 3404 3507
3 3404 3508 3507
3 3348 3508 3403
3 3461 3405 3293
3 3474 3405 3461
3 3474 3461 3508
3 3474 3508 3404
3 3497 3407 3496
3 3388 3497 3496
3 3437 3674 3438
3 3437 3678 3674
3 3466 3394 3379
3 3466 3379 3456
3 3392 3466 3456
3 3470 3432 3469
3 3470 3400 3432
3 3397 3506 3467
3 3467 3506 3446
3 3466 3433 3394
3 3387 3409 3378
3 3387 3378 3406
3 3383 3380 3459
3 3381 3384 3383
3 3384 3500 3383
3 3500 3385 3382
3 3500 3391 3385
3 3382 3385 3409
3 3382 3409 3387
3 3459 3380 3498
3 3459 3498 3482
3 3482 3498 3346
3 3482 3346 3481
3 3481 3346 3386
3 3386 3346 3347
3 3347 3483 3386
3 3384 3391 3500
3 3383 3500 3380
3 3380 3500 3382
3 3375 3376 3471
3 3375 3471 3596
3 3481 3386 3367
3 3503 3365 3366
3 3365 3484 3366
3 3484 3362 3526
3 3362 3485 3364
3 3362 3364 3526
3 3363 3361 3483
3 3483 3361 3484
3 3361 3362 3484
3 3361 3360 3485
3 3361 3485 3362
3 3517 3477 3436
3 3357 3477 3358
3 3375 3357 3479
3 3479 3356 3375
3 3475 3350 3476
3 3475 3476 3405
3 3405 3476 3293
3 3610 3594 3349
3 3498 3497 3346
3 3347 3345 3344
3 3415 3509 3510
3 3415 3510 3501
3 3510 3368 3501
3 3597 3429 3430
3 3374 3449 3429
3 3680 3439 3743
3 3439 3440 3740
3 3440 3469 3740
3 3470 3469 3440
3 3464 3757 3505
3 3757 3808 3505
3 3517 3523 3460
3 3517 3460 3358
3 3538 3537 3415
3 3537 3435 3415
3 3436 3435 3537
3 3526 3504 3484
3 3484 3504 3366
3 3366 3540 3503
3 3503 3502 3367
3 3502 3481 3367
3 3502 3501 3481
3 3368 3481 3501
3 3342 3341 3478
3 3477 3342 3436
3 3431 3448 3420
3 3372 3614 3376
3 3376 3614 3471
3 3360 3361 3329
3 3361 3363 3513
3 3361 3513 3329
3 3363 3344 3513
3 3344 3345 3512
3 3344 3512 3513
3 3345 3507 3348
3 3296 3403 3292
3 3461 3293 3292
3 3476 3350 3289
3 3508 3461 3403
3 3398 3396 3432
3 3398 3424 3506
3 3376 3375 3444
3 3372 3369 3371
3 3427 3506 3424
3 3508 3348 3507
3 3507 3345 3347
3 3388 3496 3507
3 3356 3444 3375
3 3398 3432 3400
3 3400 3420 3399
3 3383 3459 3510
3 3509 3383 3510
3 3381 3383 3509
3 3391 3416 3411
3 3391 3411 3385
3 3344 3363 3483
3 3347 3344 3483
3 3380 3494 3498
3 3506 3396 3398
3 3506 3427 3446
3 3369 3420 3448
3 3369 3448 3371
3 3533 3523 3532
3 3529 3515 3356
3 3450 3525 3364
3 3450 3434 3525
3 3527 3525 3434
3 3528 3525 3527
3 3530 3527 3434
3 3529 3530 3454
3 3529 3454 3515
3 3532 3531 3529
3 3531 3530 3529
3 3434 3454 3530
3 3533 3479 3460
3 3533 3460 3523
3 3545 3532 3523
3 3525 3528 3534
3 3525 3534 3535
3 3549 3562 3522
3 3529 3533 3532
3 3521 3522 3524
3 3540 3520 3539
3 3522 3538 3524
3 3538 3415 3524
3 3540 3539 3502
3 3502 3539 3524
3 3536 3541 3504
3 3526 3536 3504
3 3525 3536 3364
3 3364 3536 3526
3 3415 3501 3524
3 3502 3524 3501
3 3540 3502 3503
3 3366 3541 3540
3 3520 3549 3522
3 3520 3522 3521
3 3516 3544 3518
3 3520 3521 3539
3 3539 3521 3524
3 3522 3537 3538
3 3541 3519 3520
3 3541 3520 3540
3 3536 3519 3541
3 3536 3525 3519
3 3518 3523 3517
3 3537 3518 3517
3 3516 3518 3537
3 3562 3516 3537
3 3562 3537 3522
3 3504 3541 3366
3 3529 3479 3533
3 3529 3356 3479
3 3545 3531 3532
3 3528 3531 3558
3 3528 3558 3534
3 3531 3545 3558
3 3530 3531 3528
3 3530 3528 3527
3 3525 3535 3519
3 3519 3535 3547
3 3519 3547 3520
3 3535 3534 3546
3 3545 3523 3561
3 3535 3546 3547
3 3547 3569 3520
3 3563 3544 3516
3 3563 3516 3542
3 3544 3561 3523
3 3544 3523 3518
3 3549 3520 3569
3 3543 3561 3544
3 3543 3544 3563
3 3578 3564 3557
3 3564 3542 3557
3 3564 3563 3542
3 3577 3543 3563
3 3577 3563 3565
3 3565 3563 3564
3 3567 3566 3560
3 3567 3554 3566
3 3559 3554 3567
3 3558 3545 3553
3 3552 3559 3567
3 3552 3567 3556
3 3556 3567 3568
3 3567 3560 3568
3 3558 3559 3552
3 3534 3558 3552
3 3550 3549 3569
3 3557 3551 3550
3 3551 3562 3549
3 3557 3542 3551
3 3542 3516 3562
3 3546 3552 3556
3 3546 3556 3570
3 3534 3552 3546
3 3548 3570 3580
3 3548 3546 3570
3 3569 3548 3580
3 3555 3569 3580
3 3553 3561 3543
3 3553 3543 3554
3 3566 3543 3577
3 3554 3543 3566
3 3558 3553 3554
3 3559 3558 3554
3 3542 3562 3551
3 3550 3551 3549
3 3550 3569 3555
3 3569 3547 3548
3 3547 3546 3548
3 3561 3553 3545
3 3572 3586 3581
3 3576 3584 3582
3 3586 3582 3584
3 3581 3586 3584
3 3587 3589 3574
3 3590 3571 3579
3 3575 3577 3565
3 3584 3571 3590
3 3560 3566 3582
3 3584 3590 3587
3 3587 3590 3589
3 3568 3586 3572
3 3568 3560 3582
3 3568 3582 3586
3 3574 3589 3588
3 3588 3573 3591
3 3588 3591 3574
3 3573 3550 3591
3 3591 3550 3555
3 3589 3590 3579
3 3589 3579 3592
3 3589 3592 3588
3 3573 3557 3550
3 3592 3579 3593
3 3585 3593 3578
3 3592 3593 3585
3 3585 3557 3573
3 3578 3557 3585
3 3556 3568 3572
3 3556 3572 3570
3 3580 3574 3591
3 3583 3574 3580
3 3580 3591 3555
3 3579 3575 3593
3 3575 3565 3593
3 3565 3578 3593
3 3565 3564 3578
3 3576 3566 3577
3 3566 3576 3582
3 3576 3577 3575
3 3571 3575 3579
3 3592 3585 3573
3 3592 3573 3588
3 3572 3583 3570
3 3576 3571 3584
3 3581 3587 3572
3 3572 3587 3583
3 3570 3583 3580
3 3581 3584 3587
3 3576 3575 3571
3 3574 3583 3587
3 3627 3609 3599
3 3395 3610 3349
3 3598 3594 3610
3 3597 3615 3373
3 3595 3615 3597
3 3421 3608 3602
3 3421 3596 3608
3 3595 3597 3594
3 3604 3598 3605
3 3621 3615 3595
3 3596 3471 3607
3 3615 3614 3373
3 3617 3623 3607
3 3617 3615 3621
3 3617 3621 3623
3 3614 3615 3617
3 3471 3614 3617
3 3471 3617 3607
3 3620 3608 3616
3 3600 3595 3594
3 3600 3594 3598
3 3609 3627 3613
3 3602 3620 3603
3 3608 3620 3602
3 3622 3618 3499
3 3622 3602 3603
3 3499 3602 3622
3 3488 3499 3618
3 3488 3618 3612
3 3488 3612 3414
3 3606 3611 3612
3 3618 3606 3612
3 3611 3395 3414
3 3611 3414 3612
3 3606 3605 3611
3 3611 3605 3395
3 3605 3610 3395
3 3604 3605 3619
3 3598 3610 3605
3 3628 3601 3604
3 3600 3621 3595
3 3607 3609 3613
3 3623 3609 3607
3 3623 3621 3609
3 3616 3607 3613
3 3608 3607 3616
3 3618 3622 3626
3 3622 3603 3626
3 3596 3607 3608
3 3601 3598 3604
3 3601 3600 3598
3 3599 3600 3601
3 3599 3621 3600
3 3609 3621 3599
3 3628 3599 3601
3 3631 3627 3632
3 3632 3628 3652
3 3632 3627 3628
3 3627 3599 3628
3 3613 3627 3631
3 3630 3613 3631
3 3616 3613 3630
3 3630 3631 3633
3 3620 3616 3630
3 3603 3635 3626
3 3626 3635 3651
3 3626 3651 3629
3 3618 3626 3629
3 3637 3606 3629
3 3629 3606 3618
3 3625 3619 3637
3 3625 3637 3636
3 3619 3605 3637
3 3605 3606 3637
3 3624 3604 3619
3 3624 3619 3625
3 3628 3604 3624
3 3633 3631 3638
3 3631 3632 3638
3 3636 3637 3629
3 3651 3636 3629
3 3652 3628 3624
3 3630 3633 3634
3 3620 3630 3634
3 3603 3620 3634
3 3603 3634 3635
3 3650 3649 3647
3 3654 3649 3643
3 3643 3649 3650
3 3658 3654 3643
3 3654 3658 3653
3 3634 3660 3653
3 3639 3634 3653
3 3656 3641 3657
3 3644 3650 3656
3 3658 3643 3644
3 3645 3658 3644
3 3652 3624 3647
3 3649 3642 3647
3 3659 3656 3657
3 3653 3645 3646
3 3654 3642 3649
3 3638 3642 3660
3 3660 3642 3654
3 3635 3634 3639
3 3661 3635 3639
3 3661 3655 3640
3 3661 3646 3655
3 3651 3635 3640
3 3640 3659 3648
3 3640 3655 3659
3 3636 3651 3640
3 3657 3648 3659
3 3624 3625 3657
3 3656 3647 3641
3 3650 3647 3656
3 3644 3643 3650
3 3634 3633 3660
3 3633 3638 3660
3 3638 3632 3642
3 3642 3632 3652
3 3642 3652 3647
3 3647 3624 3641
3 3641 3624 3657
3 3657 3625 3648
3 3648 3625 3636
3 3636 3640 3648
3 3640 3635 3661
3 3639 3646 3661
3 3639 3653 3646
3 3653 3658 3645
3 3646 3645 3655
3 3659 3644 3656
3 3645 3644 3659
3 3655 3645 3659
3 3654 3653 3660
3 3449 3685 3429
3 3679 3681 3439
3 3679 3439 3680
3 3664 3681 3679
3 3681 3662 3439
3 3683 3662 3681
3 3429 3663 3430
3 3429 3685 3663
3 3662 3470 3440
3 3468 3470 3662
3 3662 3440 3439
3 3682 3674 3673
3 3457 3679 3680
3 3685 3449 3468
3 3664 3679 3696
3 3668 3664 3696
3 3678 3670 3674
3 3674 3670 3697
3 3677 3683 3681
3 3677 3681 3664
3 3668 3677 3664
3 3669 3677 3668
3 3430 3663 3671
3 3678 3707 3670
3 3678 3671 3707
3 3707 3663 3675
3 3671 3663 3707
3 3702 3683 3669
3 3669 3683 3677
3 3702 3676 3683
3 3676 3468 3683
3 3683 3468 3662
3 3702 3684 3675
3 3663 3676 3675
3 3676 3702 3675
3 3676 3685 3468
3 3685 3676 3663
3 3697 3686 3665
3 3673 3687 3665
3 3687 3674 3697
3 3673 3674 3687
3 3665 3686 3667
3 3665 3667 3672
3 3673 3665 3672
3 3682 3673 3672
3 3666 3672 3667
3 3666 3457 3672
3 3672 3457 3682
3 3696 3679 3666
3 3679 3457 3666
3 3670 3707 3706
3 3697 3670 3706
3 3665 3687 3697
3 3696 3666 3708
3 3708 3666 3667
3 3709 3675 3698
3 3707 3675 3709
3 3706 3707 3709
3 3706 3709 3704
3 3692 3705 3699
3 3692 3699 3710
3 3699 3668 3696
3 3699 3705 3668
3 3697 3706 3704
3 3701 3704 3716
3 3701 3716 3715
3 3704 3688 3716
3 3697 3704 3701
3 3703 3669 3668
3 3703 3668 3705
3 3711 3703 3705
3 3711 3705 3692
3 3704 3709 3688
3 3688 3689 3690
3 3709 3698 3689
3 3709 3689 3688
3 3691 3702 3703
3 3691 3703 3712
3 3712 3703 3711
3 3703 3702 3669
3 3684 3702 3691
3 3698 3684 3691
3 3698 3691 3689
3 3684 3698 3675
3 3701 3715 3713
3 3713 3715 3695
3 3686 3697 3701
3 3700 3713 3695
3 3700 3695 3694
3 3686 3701 3713
3 3667 3686 3713
3 3667 3713 3700
3 3693 3700 3694
3 3708 3667 3700
3 3700 3693 3708
3 3699 3708 3693
3 3710 3699 3693
3 3699 3696 3708
3 3690 3691 3712
3 3689 3691 3690
3 3720 3732 3717
3 3717 3714 3720
3 3731 3714 3728
3 3731 3720 3714
3 3729 3720 3731
3 3727 3728 3719
3 3730 3727 3734
3 3730 3734 3725
3 3723 3717 3732
3 3719 3714 3717
3 3726 3716 3718
3 3726 3733 3730
3 3718 3733 3726
3 3716 3688 3718
3 3688 3690 3718
3 3718 3729 3733
3 3729 3735 3720
3 3735 3712 3732
3 3690 3735 3729
3 3737 3728 3727
3 3733 3737 3727
3 3728 3714 3719
3 3734 3719 3722
3 3727 3719 3734
3 3734 3736 3725
3 3736 3722 3724
3 3734 3722 3736
3 3721 3726 3730
3 3715 3721 3695
3 3715 3726 3721
3 3721 3730 3725
3 3694 3725 3736
3 3725 3695 3721
3 3724 3693 3736
3 3722 3723 3724
3 3723 3710 3724
3 3719 3717 3723
3 3719 3723 3722
3 3720 3735 3732
3 3718 3690 3729
3 3735 3690 3712
3 3716 3726 3715
3 3694 3695 3725
3 3736 3693 3694
3 3710 3693 3724
3 3732 3692 3710
3 3732 3710 3723
3 3732 3711 3692
3 3732 3712 3711
3 3730 3733 3727
3 3729 3737 3733
3 3729 3731 3737
3 3737 3731 3728
3 3758 3739 3757
3 3758 3757 3464
3 3480 3758 3464
3 3743 3755 3462
3 3743 3749 3755
3 3739 3741 3757
3 3775 3741 3739
3 3775 3739 3751
3 3749 3778 3754
3 3751 3739 3758
3 3751 3758 3745
3 3775 3751 3752
3 3783 3751 3745
3 3783 3745 3763
3 3752 3751 3783
3 3469 3746 3740
3 3743 3746 3750
3 3750 3747 3760
3 3750 3760 3778
3 3750 3746 3747
3 3743 3750 3749
3 3750 3778 3749
3 3775 3773 3748
3 3775 3748 3741
3 3748 3759 3741
3 3759 3761 3463
3 3759 3463 3757
3 3761 3397 3463
3 3761 3753 3397
3 3760 3747 3780
3 3748 3780 3747
3 3748 3747 3762
3 3762 3759 3748
3 3747 3746 3762
3 3746 3469 3761
3 3469 3753 3761
3 3745 3758 3480
3 3745 3480 3756
3 3755 3749 3754
3 3738 3462 3755
3 3738 3755 3785
3 3744 3785 3784
3 3738 3785 3744
3 3742 3738 3744
3 3771 3782 3756
3 3784 3771 3756
3 3756 3744 3784
3 3756 3480 3744
3 3480 3742 3744
3 3755 3754 3785
3 3782 3763 3745
3 3782 3745 3756
3 3759 3757 3741
3 3762 3761 3759
3 3746 3761 3762
3 3740 3746 3743
3 3770 3800 3776
3 3777 3781 3776
3 3777 3776 3800
3 3781 3773 3776
3 3777 3779 3781
3 3773 3780 3748
3 3783 3763 3769
3 3770 3752 3783
3 3769 3770 3783
3 3774 3754 3764
3 3769 3763 3782
3 3769 3782 3766
3 3765 3774 3768
3 3772 3765 3767
3 3771 3784 3765
3 3771 3765 3772
3 3785 3765 3784
3 3771 3772 3766
3 3782 3771 3766
3 3776 3773 3770
3 3764 3760 3779
3 3786 3770 3769
3 3767 3786 3766
3 3766 3786 3769
3 3765 3768 3767
3 3767 3766 3772
3 3785 3774 3765
3 3754 3774 3785
3 3778 3764 3754
3 3778 3760 3764
3 3779 3760 3780
3 3779 3780 3781
3 3781 3780 3773
3 3773 3775 3770
3 3752 3770 3775
3 3802 3800 3806
3 3802 3801 3804
3 3803 3801 3793
3 3796 3801 3803
3 3797 3789 3787
3 3797 3779 3799
3 3788 3800 3804
3 3797 3799 3804
3 3793 3786 3805
3 3798 3796 3803
3 3786 3767 3792
3 3805 3792 3794
3 3798 3803 3794
3 3790 3795 3798
3 3774 3790 3791
3 3768 3791 3792
3 3768 3792 3767
3 3792 3798 3794
3 3802 3806 3793
3 3768 3774 3791
3 3774 3787 3790
3 3787 3779 3797
3 3800 3770 3806
3 3779 3777 3788
3 3788 3777 3800
3 3774 3764 3787
3 3779 3788 3799
3 3806 3770 3786
3 3764 3779 3787
3 3799 3788 3804
3 3793 3806 3786
3 3792 3805 3786
3 3792 3791 3798
3 3787 3795 3790
3 3797 3804 3796
3 3797 3796 3789
3 3801 3802 3793
3 3803 3793 3794
3 3794 3793 3805
3 3798 3789 3796
3 3795 3789 3798
3 3796 3804 3801
3 3791 3790 3798
3 3795 3787 3789
3 3802 3804 3800
3 3467 3446 3807
3 3808 3820 3810
3 3808 3810 3505
3 3809 3412 3815
3 3464 3815 3412
3 3463 3807 3808
3 3463 3467 3807
3 3817 3428 3472
3 3819 3818 3829
3 3820 3818 3819
3 3820 3819 3810
3 3818 3820 3813
3 3808 3807 3820
3 3814 3466 3465
3 3832 3811 3828
3 3819 3835 3838
3 3819 3829 3835
3 3838 3810 3819
3 3505 3810 3838
3 3428 3811 3465
3 3820 3807 3813
3 3813 3446 3433
3 3807 3446 3813
3 3505 3815 3464
3 3505 3838 3815
3 3809 3815 3816
3 3816 3826 3812
3 3817 3809 3812
3 3809 3816 3812
3 3472 3809 3817
3 3841 3811 3428
3 3841 3428 3817
3 3841 3817 3812
3 3818 3813 3831
3 3831 3813 3814
3 3814 3813 3433
3 3814 3433 3466
3 3841 3812 3826
3 3832 3465 3811
3 3832 3814 3465
3 3831 3814 3832
3 3835 3842 3821
3 3835 3829 3842
3 3834 3842 3829
3 3822 3834 3830
3 3822 3830 3831
3 3822 3831 3832
3 3822 3832 3823
3 3823 3832 3828
3 3853 3836 3840
3 3834 3822 3837
3 3829 3830 3834
3 3833 3821 3839
3 3833 3835 3821
3 3815 3838 3833
3 3838 3835 3833
3 3825 3839 3844
3 3833 3839 3825
3 3825 3844 3824
3 3825 3824 3827
3 3824 3840 3827
3 3815 3833 3816
3 3826 3816 3825
3 3826 3825 3827
3 3842 3834 3843
3 3816 3833 3825
3 3840 3836 3828
3 3823 3828 3836
3 3821 3842 3843
3 3818 3830 3829
3 3841 3828 3811
3 3830 3818 3831
3 3828 3841 3840
3 3827 3840 3841
3 3827 3841 3826
3 3857 3852 3854
3 3854 3856 3857
3 3855 3856 3854
3 3843 3837 3856
3 3848 3847 3851
3 3848 3855 3847
3 3847 3846 3858
3 3847 3858 3851
3 3846 3854 3852
3 3850 3839 3849
3 3845 3850 3851
3 3850 3848 3851
3 3853 3846 3836
3 3849 3848 3850
3 3849 3855 3848
3 3847 3854 3846
3 3824 3844 3845
3 3858 3846 3853
3 3845 3853 3840
3 3845 3840 3824
3 3836 3852 3823
3 3837 3822 3823
3 3843 3834 3837
3 3821 3843 3849
3 3839 3821 3849
3 3844 3839 3850
3 3845 3844 3850
3 3853 3845 3851
3 3855 3843 3856
3 3856 3837 3857
3 3857 3837 3852
3 3858 3853 3851
3 3852 3836 3846
3 3855 3854 3847
3 3843 3855 3849
3 3837 3823 3852
3 3889 3895 4308
3 4155 4248 4247
3 4222 4220 4234
3 4136 4189 4163
3 4184 4183 4182
3 4111 4110 4137
3 3873 626 3876
3 3880 4125 4279
3 3960 4109 4110
3 4049 4054 4050
3 4049 4055 4054
3 4010 4285 4009
3 3883 3984 3994
3 3983 3996 3984
3 3974 3975 4264
3 4280 626 4262
3 3965 4261 3966
3 3868 3865 3867
3 3981 3982 4268
3 3883 4287 4411
3 4164 416 500
3 3900 3926 3898
3 4186 4184 4185
3 3920 4353 4362
3 4355 4354 4351
3 4428 4378 4351
3 4112 3868 3944
3 4257 4196 4256
3 4257 4210 4196
3 4255 4209 4210
3 4255 4210 4257
3 4175 4256 4196
3 4255 4256 4168
3 3902 4257 4256
3 4255 4257 3902
3 4256 4255 3902
3 4209 4255 4165
3 4175 4168 4256
3 4168 4166 4255
3 4166 4165 4255
3 4155 4158 4248
3 4161 4246 4247
3 4161 4247 4248
3 4249 4244 4254
3 4321 4320 566
3 4243 4253 4254
3 4243 4254 4244
3 4243 4245 4251
3 4243 4251 4253
3 4245 4246 4251
3 4237 4250 565
3 4250 4321 566
3 4240 4239 4238
3 4240 4238 4152
3 4239 4237 4238
3 4242 4301 4246
3 4245 4243 4242
3 4244 4239 4243
3 4239 4242 4243
3 4239 4240 4241
3 4152 4238 4160
3 4152 4160 4153
3 4238 4237 4103
3 4238 4103 4160
3 4237 565 4102
3 4237 4102 4103
3 4139 4236 4153
3 4139 4153 4140
3 4138 4155 4236
3 4138 4236 4139
3 4235 4131 4135
3 543 4222 4234
3 543 4234 4233
3 4224 4234 4220
3 4224 4228 4233
3 4224 4233 4234
3 4114 3990 4223
3 3990 4014 4221
3 3990 4221 4223
3 4014 4007 4219
3 4014 4219 4221
3 4007 4003 4217
3 4007 4217 4219
3 4003 4002 4216
3 4003 4216 4217
3 4002 4117 4216
3 4118 4120 4117
3 4229 4231 4232
3 4231 4131 4235
3 4231 4235 4232
3 4225 4230 4229
3 4225 4229 4227
3 4230 4231 4229
3 4230 4130 4131
3 4230 4131 4231
3 4226 4230 4225
3 4226 4215 4230
3 4215 4130 4230
3 4215 4119 4130
3 4224 4227 605
3 4227 4224 4225
3 4218 4217 4226
3 4218 4226 4225
3 4225 4224 4220
3 4225 4220 4218
3 4114 4223 4222
3 4114 4222 543
3 4223 4221 4220
3 4223 4220 4222
3 4221 4219 4218
3 4221 4218 4220
3 4219 4217 4218
3 4217 4216 4226
3 4216 4215 4226
3 4199 4193 539
3 4213 4198 537
3 4198 4201 537
3 4211 4195 4214
3 4195 4194 4213
3 4195 4213 4214
3 4194 4198 4213
3 4193 4195 4212
3 4195 4211 4212
3 4194 4197 4198
3 4209 4205 4197
3 4208 4205 4166
3 4208 4207 4205
3 4207 4200 4205
3 4206 4207 4208
3 4207 4204 4200
3 4206 499 4207
3 499 4204 4207
3 4143 4148 4206
3 4148 499 4206
3 498 4204 499
3 4205 4200 4197
3 4200 4204 4202
3 4188 4203 4192
3 4203 540 4192
3 4190 4203 4188
3 4190 4199 4203
3 4201 4200 4202
3 4180 4199 4190
3 4198 4197 4201
3 4197 4200 4201
3 4187 4193 4199
3 4187 4199 4180
3 4192 534 502
3 4163 4189 4317
3 4189 4191 4317
3 4188 4192 4185
3 4188 4181 4190
3 4181 4178 4190
3 4178 4180 4190
3 4136 4186 4189
3 4185 4182 4188
3 4182 4181 4188
3 4180 4176 4187
3 4186 4136 4084
3 4184 4182 4185
3 4184 4083 4082
3 4184 4082 4183
3 4082 4081 4183
3 4179 4183 4081
3 4179 4181 4182
3 4179 4182 4183
3 4179 4178 4181
3 4178 4176 4180
3 4080 4177 4179
3 4080 4179 4081
3 4177 4178 4179
3 4177 4176 4178
3 4079 4174 4177
3 4079 4177 4080
3 4174 4173 4177
3 4173 4176 4177
3 4173 4168 4175
3 4173 4175 4176
3 3918 4172 4079
3 4172 4174 4079
3 4172 4173 4174
3 4172 4171 4173
3 4171 4168 4173
3 3918 3917 4171
3 3918 4171 4172
3 4151 4171 3917
3 4151 4167 4171
3 4167 4168 4171
3 4150 4170 4151
3 4170 4167 4151
3 4170 4166 4167
3 4149 4170 4150
3 4149 4169 4170
3 4169 4166 4170
3 4324 4169 4149
3 4208 4166 4169
3 4206 4208 4324
3 4206 4324 4143
3 4164 3942 416
3 4314 4136 4163
3 3946 4084 4136
3 4161 4158 4164
3 4096 4141 4147
3 4141 4154 4147
3 4154 4153 4159
3 4153 4160 4159
3 4096 4147 4095
3 4147 4154 4146
3 4154 4159 4146
3 4159 4160 4106
3 4160 4103 4105
3 4160 4105 4106
3 4106 4146 4159
3 4106 4105 4144
3 4105 4104 4144
3 4104 429 4142
3 4102 3912 4104
3 4104 3912 429
3 4043 4101 4138
3 4138 4158 4155
3 4157 4138 4101
3 4157 4156 4158
3 4157 4158 4138
3 4048 4141 4096
3 4141 4140 4154
3 4140 4153 4154
3 4149 4145 4324
3 4145 4143 4324
3 4095 4302 4151
3 4095 4151 3917
3 4106 4144 4145
3 4144 4104 4143
3 4104 4142 4143
3 4044 4141 4048
3 4044 4139 4140
3 4044 4140 4141
3 4043 4138 4044
3 4138 4139 4044
3 4109 4108 4137
3 4109 4137 4110
3 4113 4112 4258
3 4137 4133 4134
3 4137 4134 4111
3 4312 4316 4319
3 4312 4319 3939
3 3946 4315 3947
3 4136 4314 4315
3 4136 4315 3946
3 4131 4127 463
3 4131 463 4135
3 4127 3881 463
3 4118 4116 4121
3 4118 4121 4120
3 4116 4115 4123
3 4116 4123 4121
3 3878 3880 4279
3 3878 4279 4115
3 3879 3870 3872
3 3879 3872 3880
3 3869 4113 3871
3 4113 4260 3871
3 3871 4260 4259
3 3871 4259 627
3 4130 4129 4127
3 4130 4127 4131
3 4119 4122 4129
3 4119 4129 4130
3 4124 4128 4129
3 4124 4129 4122
3 4128 4127 4129
3 4125 4126 4128
3 4125 4128 4124
3 4126 3882 4127
3 4126 4127 4128
3 3882 3881 4127
3 3877 3881 3874
3 3875 4125 3880
3 4125 4124 4123
3 4124 4122 4121
3 4124 4121 4123
3 4122 4119 4120
3 4122 4120 4121
3 3860 4116 4118
3 4002 3999 4117
3 4118 4117 3999
3 4118 3999 3860
3 3878 4115 3862
3 3878 3862 3864
3 3860 3862 4116
3 3990 4114 438
3 3865 3870 3879
3 3865 3879 4267
3 4112 4113 3869
3 4112 3869 3868
3 4261 4258 4112
3 4261 4112 3944
3 3965 3960 4110
3 3965 4110 4111
3 3956 4107 4109
3 3956 4109 3960
3 4107 4318 4108
3 4107 4108 4109
3 3939 4107 3956
3 3939 4319 4318
3 3939 4318 4107
3 3872 3873 3880
3 4105 4103 4102
3 4105 4102 4104
3 3942 4100 416
3 3942 3931 4100
3 4101 3943 3942
3 4085 4100 3931
3 4085 4294 4100
3 4085 3931 3940
3 3931 3932 3941
3 3931 3941 3940
3 4095 4094 4093
3 4095 4093 4096
3 4060 4097 3893
3 4060 3893 3892
3 4097 4099 4047
3 4097 4047 3893
3 4099 3934 3936
3 4099 3936 4047
3 4309 4099 4097
3 4098 3934 4099
3 3943 4046 3934
3 3943 3934 3933
3 3941 4098 4092
3 3941 3932 3933
3 3941 3933 4098
3 3943 3933 3932
3 3892 4311 4060
3 4060 4309 4097
3 4057 4059 4092
3 3935 3934 4046
3 3943 4101 4043
3 3943 4043 4046
3 4048 4096 4093
3 4094 4095 3917
3 4094 3917 3916
3 4061 4093 4094
3 4091 4090 4058
3 4091 4058 4396
3 4090 4059 4058
3 4059 4089 4092
3 4089 3940 3941
3 4397 4088 4296
3 4088 4087 4296
3 3888 3898 3920
3 3920 4365 3888
3 3926 3900 4305
3 3926 4305 3910
3 3925 3926 3910
3 4051 4066 3901
3 4051 3901 3907
3 4066 4068 3909
3 4066 3909 3901
3 4068 4070 3911
3 4068 3911 3909
3 4070 3951 3952
3 4070 3952 3911
3 3948 4078 4084
3 3948 4084 3946
3 4078 4077 4084
3 4076 4322 4082
3 4076 4082 4083
3 4322 4323 4081
3 4322 4081 4082
3 4323 4073 4080
3 4323 4080 4081
3 4073 4072 4079
3 4073 4079 4080
3 4072 3916 3918
3 4072 3918 4079
3 3950 4271 4078
3 3950 4078 3948
3 4271 4077 4078
3 4071 4069 4077
3 4065 4064 4074
3 4064 4063 4300
3 4064 4300 4074
3 4063 4062 4300
3 4062 4061 3916
3 3951 4070 4273
3 3951 4273 4272
3 4069 4071 4273
3 4273 4303 4067
3 4273 4067 4069
3 4303 4304 4065
3 4303 4065 4067
3 4304 4064 4065
3 4063 4053 4062
3 4053 4061 4062
3 4332 4382 3895
3 4056 4380 4310
3 4331 4396 4057
3 3895 4382 4311
3 3895 4311 3892
3 4056 4310 4309
3 4056 4309 4060
3 4057 4058 4059
3 3887 3890 4307
3 3894 3890 3889
3 3886 3890 3887
3 3885 3895 3889
3 3885 3889 3886
3 3894 4054 3904
3 3894 3904 3903
3 3894 3891 4050
3 3894 4050 4054
3 4053 3904 4054
3 4053 4054 4055
3 4052 3905 3904
3 4052 3904 4053
3 4052 4051 3907
3 4052 3907 3905
3 3893 3936 4050
3 3893 4050 3891
3 3936 3935 4049
3 3936 4049 4050
3 4049 4048 4093
3 4049 4093 4055
3 4045 4044 4048
3 4047 3936 3893
3 3935 4046 4045
3 4046 4043 4044
3 4046 4044 4045
3 3972 4042 3964
3 3972 3964 3969
3 4042 3928 3959
3 4042 3959 3964
3 3928 3929 3955
3 3928 3955 3959
3 3929 3930 3952
3 3929 3952 3955
3 3978 3927 4042
3 3978 4042 3972
3 3927 3922 3928
3 3927 3928 4042
3 4325 3930 3929
3 4325 3929 3923
3 3980 4041 3927
3 3980 3927 3978
3 3919 3922 3927
3 3919 3927 4041
3 4326 4325 3923
3 4326 3923 3915
3 4676 4675 4041
3 4676 4041 3980
3 3919 4041 4675
3 3919 4675 4430
3 3911 3952 3930
3 3911 3930 3925
3 4040 4039 3988
3 4039 4038 3985
3 4039 3985 3988
3 4038 4037 3986
3 4038 3986 3985
3 4037 4021 4020
3 4037 4020 3986
3 4036 4039 4040
3 4036 4035 4038
3 4036 4038 4039
3 4035 4034 4037
3 4035 4037 4038
3 4034 4023 4021
3 4034 4021 4037
3 4032 4030 4035
3 4032 4035 4036
3 4030 4028 4034
3 4030 4034 4035
3 4028 4026 4023
3 4028 4023 4034
3 4026 4024 4022
3 4026 4022 4023
3 4023 4022 4020
3 4023 4020 4021
3 4022 4398 4020
3 4019 4408 4409
3 4019 4409 4013
3 4282 4602 4408
3 4282 4408 4019
3 4603 4013 4409
3 3979 3884 4677
3 3980 3979 4676
3 4019 4018 4283
3 4019 4283 4282
3 4018 4017 4284
3 4018 4284 4283
3 4017 4016 3987
3 4017 3987 4284
3 4016 4015 3989
3 4016 3989 3987
3 4015 4014 3990
3 4015 3990 3989
3 4013 4012 4018
3 4013 4018 4019
3 4012 4011 4017
3 4012 4017 4018
3 4011 4010 4016
3 4011 4016 4017
3 4010 4009 4016
3 4009 4008 4015
3 4009 4015 4016
3 4008 4007 4014
3 4008 4014 4015
3 4603 4006 4012
3 4603 4012 4013
3 4004 4008 4009
3 4004 4003 4007
3 4004 4007 4008
3 4410 3991 4006
3 4410 4006 4603
3 4012 4006 4286
3 4012 4286 4011
3 3992 4001 4004
3 3992 4004 4005
3 4001 4002 4003
3 4001 4003 4004
3 4002 4001 4000
3 4002 4000 3999
3 4001 3992 4288
3 4001 4288 4000
3 3997 3998 4000
3 3998 3860 3999
3 3998 3999 4000
3 3991 4287 3993
3 3983 3982 3996
3 3982 3981 3861
3 3982 3861 3996
3 3981 3863 3861
3 3860 3998 3861
3 3998 3997 3996
3 3998 3996 3861
3 3997 3995 3996
3 3995 3994 3984
3 3995 3984 3996
3 3992 4287 3994
3 3992 3994 4288
3 4410 4287 3991
3 3883 3884 3984
3 3988 3985 4281
3 3979 3977 3984
3 3979 3984 3884
3 3977 3976 3983
3 3977 3983 3984
3 3976 3975 3982
3 3976 3982 3983
3 3975 3974 4268
3 3975 4268 3982
3 3866 4270 4269
3 3866 4269 4274
3 3866 3865 4267
3 3866 4267 4270
3 3980 3978 3977
3 3980 3977 3979
3 3978 3972 3976
3 3978 3976 3977
3 3972 3975 3976
3 4264 4265 3974
3 4266 3866 4274
3 3969 3968 3971
3 3969 3971 3972
3 3968 4276 4275
3 3968 4275 3971
3 3966 3945 3970
3 3966 3970 4277
3 3966 4261 3944
3 3966 3944 3945
3 3964 3963 3968
3 3964 3968 3969
3 3963 3962 4276
3 3963 4276 3968
3 3961 3966 4277
3 3961 4277 4278
3 3961 3960 3965
3 3961 3965 3966
3 3959 3963 3964
3 3959 3958 3962
3 3959 3962 3963
3 3957 3961 4278
3 3957 3956 3960
3 3957 3960 3961
3 3955 3954 3959
3 3954 3953 3958
3 3954 3958 3959
3 3937 3939 3956
3 3937 3956 3957
3 3952 3951 3954
3 3952 3954 3955
3 3951 4272 3953
3 3951 3953 3954
3 3948 3938 3950
3 3948 3946 3947
3 3948 3947 3938
3 3943 3932 3931
3 3943 3931 3942
3 3939 3937 3949
3 3939 3949 4312
3 3936 3934 3935
3 3925 3930 3924
3 3897 3898 3926
3 3919 3915 3923
3 3919 3923 3922
3 3921 3897 3926
3 4430 3915 3919
3 3921 3926 3925
3 3921 3925 3924
3 3929 3928 3922
3 3929 3922 3923
3 3898 3897 3920
3 3888 3887 3898
3 3887 4307 4306
3 3887 4306 3898
3 3859 3897 3921
3 3859 3921 3913
3 3914 3913 3921
3 3859 3920 3897
3 3918 3916 3917
3 3896 4332 3895
3 3915 4388 4326
3 3925 3910 3911
3 3910 3909 3911
3 3899 3908 4305
3 3906 3903 3904
3 3906 3904 3905
3 3900 3899 4305
3 3888 3896 3885
3 3896 3895 3885
3 3894 3889 4308
3 3894 4308 3891
3 3886 3889 3890
3 3888 3885 3886
3 3888 3886 3887
3 3884 3883 4411
3 3884 4411 4677
3 4410 4411 4287
3 3882 3874 3881
3 3876 3875 3873
3 3875 3880 3873
3 3880 3878 3879
3 3871 627 4280
3 3877 3874 3876
3 3877 3876 626
3 3875 3876 3874
3 4262 3871 4280
3 4262 4263 3871
3 4263 3869 3871
3 4266 3867 3865
3 4266 3865 3866
3 3864 3862 3863
3 3860 3861 3862
3 4134 4113 4258
3 4134 4258 4111
3 4134 4132 4260
3 4134 4260 4113
3 3965 4111 4258
3 3965 4258 4261
3 626 3873 4262
3 3873 3872 4263
3 3873 4263 4262
3 3872 3870 3869
3 3872 3869 4263
3 3870 3865 3868
3 3870 3868 3869
3 3972 3971 4264
3 3972 4264 3975
3 3971 4275 4265
3 3971 4265 4264
3 3945 4266 3970
3 3945 3944 3867
3 3945 3867 4266
3 3878 3864 4267
3 3878 4267 3879
3 4269 3863 3981
3 4270 4267 3864
3 4270 3864 3863
3 3950 4071 4271
3 4071 4077 4271
3 4272 4273 4071
3 4272 4071 3950
3 3973 4269 4268
3 3973 4268 3974
3 3973 4274 4269
3 4265 3973 3974
3 4265 4266 4274
3 4265 4274 3973
3 3967 3970 4275
3 3967 4275 4276
3 3967 4277 3970
3 3962 3967 4276
3 3962 4278 4277
3 3962 4277 3967
3 3958 3957 4278
3 3958 4278 3962
3 3953 3937 3957
3 3953 3957 3958
3 3949 3953 4272
3 3949 3937 3953
3 3950 3949 4272
3 3950 3938 3949
3 3970 4265 4275
3 3970 4266 4265
3 4269 3981 4268
3 4115 4279 4123
3 3882 4126 3875
3 3882 3875 3874
3 4126 4125 3875
3 4125 4123 4279
3 3862 3861 3863
3 4270 3863 4269
3 4117 4120 4216
3 4216 4120 4119
3 4216 4119 4215
3 4115 4116 3862
3 3989 3990 438
3 3989 4281 3987
3 4020 4398 4602
3 4020 4602 4282
3 4282 4283 3986
3 4282 3986 4020
3 4283 4284 3985
3 4283 3985 3986
3 4281 3985 4284
3 4281 4284 3987
3 4010 4011 4286
3 4010 4286 4285
3 4005 4004 4009
3 4005 4009 4285
3 3991 3993 4286
3 3991 4286 4006
3 4285 4286 3993
3 4285 3993 4005
3 3883 3994 4287
3 4005 3993 4287
3 4005 4287 3992
3 3995 3997 4000
3 3995 4000 4288
3 3995 4288 3994
3 4289 4290 4030
3 4289 4030 4032
3 4033 4031 4290
3 4033 4290 4289
3 4290 4291 4028
3 4290 4028 4030
3 4031 4029 4291
3 4031 4291 4290
3 4291 4292 4026
3 4291 4026 4028
3 4029 4027 4292
3 4029 4292 4291
3 4292 4293 4024
3 4292 4024 4026
3 4027 4025 4293
3 4027 4293 4292
3 4294 4086 4031
3 4294 4031 4033
3 4085 4086 4294
3 4086 4087 4029
3 4086 4029 4031
3 4087 4088 4027
3 4087 4027 4029
3 4088 4295 4025
3 4088 4025 4027
3 4088 4397 4295
3 447 4100 4294
3 447 4294 4033
3 4086 4085 3940
3 4397 4296 4091
3 4091 4296 4090
3 4296 4087 4090
3 4087 4086 4089
3 4087 4089 4090
3 4086 3940 4089
3 4162 4164 500
3 4252 631 570
3 4253 4251 570
3 4253 570 4298
3 4254 4253 4298
3 4254 4298 4299
3 4254 4299 4320
3 4254 4320 4321
3 4161 4248 4158
3 4297 631 4252
3 4067 4065 4075
3 4077 4069 4076
3 4069 4067 4075
3 4069 4075 4076
3 4065 4074 4075
3 4074 4300 4073
3 4300 4062 4072
3 4300 4072 4073
3 4062 3916 4072
3 4236 4240 4152
3 4236 4152 4153
3 4155 4241 4240
3 4155 4240 4236
3 4155 4247 4301
3 4155 4301 4241
3 4246 4301 4247
3 570 4251 4252
3 4095 4147 4302
3 4146 4302 4147
3 4061 4094 3916
3 4055 4093 4061
3 4070 4068 4303
3 4070 4303 4273
3 4068 4066 4304
3 4068 4304 4303
3 4066 4051 4064
3 4066 4064 4304
3 4051 4052 4063
3 4051 4063 4064
3 4052 4053 4063
3 4053 4055 4061
3 3910 4305 3901
3 3910 3901 3909
3 4305 3907 3901
3 4305 3908 3907
3 3908 3906 3905
3 3908 3905 3907
3 3899 3898 4306
3 4307 3906 3908
3 4307 3890 3903
3 4307 3903 3906
3 3890 3894 3903
3 3908 3899 4306
3 3908 4306 4307
3 3900 3898 3899
3 3893 3891 4308
3 3893 4308 3892
3 4308 3895 3892
3 4098 3933 3934
3 4092 4098 4099
3 4092 4099 4309
3 4057 4092 4309
3 4057 4309 4310
3 4310 4331 4057
3 4331 4310 4380
3 4056 4060 4311
3 4056 4311 4382
3 4312 3949 3938
3 4312 3938 3947
3 3947 4315 4316
3 3947 4316 4312
3 4317 667 4163
3 4314 4163 667
3 4314 4313 4315
3 4302 4146 4150
3 4302 4150 4151
3 4146 4106 4145
3 4146 4145 4150
3 4249 4254 4321
3 4249 4321 4250
3 4396 4058 4057
3 4090 4089 4059
3 4089 3941 4092
3 4192 502 4191
3 4192 540 534
3 4185 4192 4191
3 4185 4191 4189
3 4186 4185 4189
3 4186 4084 4083
3 4186 4083 4184
3 4150 4145 4149
3 4144 4143 4145
3 4143 4142 4148
3 4083 4084 4077
3 4076 4075 4322
3 4075 4074 4323
3 4075 4323 4322
3 4074 4073 4323
3 4077 4076 4083
3 4191 502 4317
3 4169 4324 4208
3 4252 4246 4161
3 4246 4245 4242
3 4162 4297 4161
3 4162 4161 4164
3 416 4100 447
3 4297 4252 4161
3 4252 4251 4246
3 4237 4244 4249
3 4241 4301 4242
3 4237 4239 4244
3 4239 4241 4242
3 4156 4157 4164
3 4157 4101 3942
3 4157 3942 4164
3 4164 4158 4156
3 4237 4249 4250
3 3924 3930 4325
3 3921 3924 4325
3 3914 3921 4326
3 4326 4388 3914
3 3921 4325 4326
3 4380 4379 4352
3 4339 4406 4340
3 4406 4339 4327
3 4340 4406 4407
3 3920 3859 4341
3 3920 4341 4353
3 3859 3913 4341
3 3913 3914 4343
3 4364 4365 3920
3 3896 3888 4365
3 4368 4328 4377
3 4341 4342 4344
3 4341 4344 4361
3 4343 4370 4344
3 4370 4387 4386
3 4365 4364 4363
3 4366 4347 4414
3 4366 4414 4442
3 4368 4377 4349
3 4368 4349 4348
3 4353 4360 4358
3 4353 4358 4362
3 4352 4379 4378
3 4352 4378 4350
3 4344 4389 4361
3 4369 4469 4344
3 4369 4390 4469
3 4360 4391 4359
3 4360 4361 4391
3 4414 4347 4392
3 4432 4388 3915
3 4366 4442 4406
3 4366 4406 4327
3 3896 4365 4363
3 3896 4363 4334
3 4363 4355 4333
3 4363 4333 4335
3 4359 4393 4357
3 4393 4394 4354
3 4393 4354 4357
3 4394 4351 4354
3 3920 4362 4364
3 4362 4363 4364
3 4363 4335 4334
3 4353 4341 4361
3 4353 4361 4360
3 4363 4356 4355
3 4363 4362 4358
3 4363 4358 4356
3 4360 4359 4358
3 4359 4357 4356
3 4359 4356 4358
3 4357 4354 4355
3 4357 4355 4356
3 3913 4343 4342
3 3913 4342 4341
3 4343 4388 4387
3 4380 4352 4331
3 4381 4336 4382
3 4334 4332 3896
3 4344 4469 4389
3 4342 4343 4344
3 4398 4022 4340
3 4398 4340 4407
3 4022 4024 4339
3 4022 4339 4340
3 4056 4382 4336
3 4335 4333 4332
3 4335 4332 4334
3 4398 4407 4602
3 4293 4339 4024
3 4025 4338 4293
3 4293 4371 4339
3 4338 4371 4293
3 4371 4327 4339
3 4338 4367 4371
3 4371 4372 4366
3 4371 4366 4327
3 4367 4372 4371
3 4367 4345 4372
3 4372 4373 4347
3 4372 4347 4366
3 4345 4373 4372
3 4345 4346 4373
3 4373 4392 4347
3 4295 4374 4338
3 4295 4338 4025
3 4397 4337 4374
3 4397 4374 4295
3 4337 4328 4374
3 4374 4367 4338
3 4374 4375 4367
3 4328 4368 4375
3 4328 4375 4374
3 4375 4345 4367
3 4375 4376 4346
3 4375 4346 4345
3 4368 4348 4376
3 4368 4376 4375
3 4330 4328 4337
3 4330 4337 4329
3 4377 4328 4330
3 4091 4329 4337
3 4091 4337 4397
3 4381 4351 4378
3 4381 4378 4379
3 4381 4379 4380
3 4380 4336 4381
3 4056 4336 4380
3 4355 4351 4381
3 4355 4381 4333
3 4381 4382 4333
3 4333 4382 4332
3 4344 4370 4369
3 4395 4350 4427
3 4349 4383 4395
3 4383 4352 4350
3 4349 4377 4383
3 4383 4384 4352
3 4377 4384 4383
3 4377 4330 4384
3 4384 4331 4352
3 4384 4385 4331
3 4330 4329 4385
3 4330 4385 4384
3 4385 4396 4331
3 4329 4091 4396
3 4329 4396 4385
3 4387 4432 4654
3 4369 4386 4654
3 4369 4654 4653
3 4654 4386 4387
3 4653 4674 4390
3 4653 4390 4369
3 4343 3914 4388
3 4432 4387 4388
3 4370 4343 4387
3 4369 4370 4386
3 4389 4451 4361
3 4390 4452 4469
3 4391 4435 4359
3 4391 4361 4451
3 4435 4393 4359
3 4394 4428 4351
3 4428 4427 4350
3 4428 4350 4378
3 4463 4392 4373
3 4346 4463 4373
3 4613 4346 4376
3 4425 4613 4376
3 4425 4376 4348
3 4426 4348 4349
3 4383 4350 4395
3 4426 4349 4395
3 4652 4390 4674
3 3868 3867 3944
3 4049 3935 4045
3 4049 4045 4048
3 4210 4194 4195
3 4209 4194 4210
3 4209 4197 4194
3 4165 4205 4209
3 4165 4166 4205
3 4168 4167 4166
3 4175 4187 4176
3 4196 4187 4175
3 4196 4193 4187
3 4196 4195 4193
3 4210 4195 4196
3 4659 4432 3915
3 4627 4563 4655
3 4817 4696 4814
3 4525 4629 4622
3 4595 4579 4566
3 4577 4579 4595
3 4577 4595 4594
3 4573 4577 4594
3 4564 4572 4412
3 4554 4412 4572
3 4554 4572 4599
3 4569 4554 4599
3 4692 4513 4514
3 4709 4710 4479
3 4477 4479 4710
3 4711 4477 4710
3 4617 4500 4525
3 4528 4686 4503
3 4684 4698 4685
3 4690 4519 4476
3 4690 4476 4678
3 4519 4494 4476
3 4519 4546 4494
3 4546 4519 4518
3 4546 4518 4508
3 4689 4553 4519
3 4689 4519 4690
3 4553 4517 4519
3 4688 4512 4553
3 4688 4553 4689
3 4512 4517 4553
3 4693 4636 4512
3 4693 4512 4688
3 4694 4552 4551
3 4552 4549 4551
3 4552 4492 4490
3 4552 4490 4549
3 4498 4552 4694
3 4498 4542 4492
3 4498 4492 4552
3 4697 4550 4547
3 4697 4547 4696
3 4550 4548 4547
3 4548 4487 4547
3 4548 4489 4487
3 4551 4550 4697
3 4551 4549 4548
3 4551 4548 4550
3 4549 4490 4548
3 4490 4489 4548
3 4696 4547 4703
3 4696 4703 4980
3 4547 4487 4702
3 4547 4702 4703
3 4487 4486 4701
3 4487 4701 4702
3 4486 4485 4700
3 4486 4700 4701
3 4485 4483 4700
3 4533 4531 4488
3 4535 4533 4488
3 4537 4535 4491
3 4542 4544 4492
3 4496 4540 4542
3 4545 4507 4496
3 4546 4508 4507
3 4546 4507 4545
3 4545 4493 4494
3 4545 4494 4546
3 4695 4476 4499
3 4496 4495 4493
3 4496 4493 4545
3 4683 4695 4499
3 4495 4683 4499
3 4543 4538 4537
3 4517 4516 4518
3 4517 4518 4519
3 4515 4518 4516
3 4512 4511 4517
3 4511 4516 4517
3 4510 4515 4516
3 4636 4635 4511
3 4636 4511 4512
3 4478 4477 4500
3 4478 4500 4501
3 4494 4493 4499
3 4494 4499 4476
3 4493 4495 4499
3 4498 4497 4496
3 4498 4496 4542
3 4497 4495 4496
3 4492 4491 4490
3 4491 4489 4490
3 4489 4488 4487
3 4488 4486 4487
3 4485 4484 4483
3 4484 4526 4482
3 4484 4482 4483
3 4526 4629 4480
3 4526 4480 4482
3 4479 4477 4478
3 4476 4695 4678
3 4407 4406 4405
3 4409 4408 4404
3 4409 4404 4403
3 4408 4602 4601
3 4601 4404 4408
3 4402 4409 4403
3 4409 4402 4603
3 4404 4601 4650
3 4404 4650 4440
3 4660 4348 4426
3 4473 4662 4472
3 4445 4663 4471
3 4445 4471 4446
3 4457 4664 4663
3 4457 4663 4445
3 4467 4665 4451
3 4467 4451 4468
3 4435 4391 4665
3 4435 4665 4433
3 4667 4666 4646
3 4667 4646 4459
3 4454 4668 4664
3 4454 4664 4457
3 4453 4669 4668
3 4453 4668 4454
3 4437 4654 4432
3 4443 4429 4440
3 4419 4455 4421
3 4444 4439 4423
3 4438 4444 4423
3 4430 4438 4431
3 4637 4423 4422
3 4637 4422 4421
3 4417 4642 4671
3 4417 4671 4670
3 4670 4648 4417
3 4448 4456 4445
3 4419 4453 4455
3 4657 4672 4450
3 4448 4445 4446
3 4448 4446 4447
3 4399 4439 3979
3 4399 3979 4677
3 4439 4444 4676
3 4439 4676 3979
3 4444 4438 4675
3 4444 4675 4676
3 4438 4430 4675
3 4605 4642 4417
3 4605 4417 4418
3 4403 4404 4440
3 4403 4440 4429
3 4442 4441 4405
3 4442 4405 4406
3 4650 4405 4441
3 4417 4648 4649
3 4417 4649 4418
3 4420 4422 4439
3 4420 4439 4399
3 4422 4423 4439
3 4423 4424 4438
3 4424 4436 4431
3 4424 4431 4438
3 4658 4659 4431
3 4658 4431 4436
3 4435 4433 4661
3 4435 4661 4393
3 4403 4429 4605
3 4403 4605 4402
3 4677 4411 4400
3 4677 4400 4399
3 4424 4423 4637
3 4422 4420 4419
3 4422 4419 4421
3 4420 4401 4649
3 4420 4649 4419
3 4401 4399 4400
3 4507 4540 4496
3 4544 4537 4491
3 4575 4578 4515
3 4578 4580 4593
3 4578 4593 4515
3 4580 4568 4505
3 4580 4505 4593
3 4568 4567 4505
3 4567 4570 4598
3 4570 4571 4598
3 4571 4572 4600
3 4538 4600 4572
3 4538 4572 4564
3 4473 4472 4596
3 4473 4596 4597
3 4472 4434 4596
3 4434 4433 4592
3 4433 4467 4592
3 4407 4601 4602
3 4407 4405 4601
3 4405 4650 4601
3 4603 4402 4604
3 4603 4604 4410
3 4401 4604 4418
3 4400 4604 4401
3 4411 4410 4604
3 4411 4604 4400
3 4402 4605 4418
3 4402 4418 4604
3 4650 4416 4443
3 4442 4414 4606
3 4442 4606 4441
3 4414 4392 4459
3 4414 4459 4606
3 4459 4607 4667
3 4392 4463 4607
3 4392 4607 4459
3 4501 4611 4527
3 4478 4501 4527
3 4346 4475 4463
3 4521 4634 4522
3 4613 4614 4475
3 4613 4475 4346
3 4425 4582 4614
3 4425 4614 4613
3 4504 4634 4521
3 4524 4611 4501
3 4524 4618 4522
3 4524 4522 4611
3 4610 4523 4618
3 4610 4618 4524
3 4618 4521 4522
3 4523 4521 4618
3 4521 4520 4504
3 4509 4502 4520
3 4509 4635 4502
3 4516 4511 4510
3 4518 4505 4508
3 4508 4505 4506
3 4508 4506 4507
3 4540 4507 4506
3 4540 4506 4539
3 4540 4539 4541
3 4540 4541 4542
3 4544 4542 4541
3 4544 4541 4543
3 4544 4543 4537
3 4537 4536 4535
3 4538 4536 4537
3 4536 4533 4535
3 4536 4534 4533
3 4533 4619 4531
3 4534 4532 4619
3 4534 4619 4533
3 4619 4530 4529
3 4619 4529 4531
3 4532 4530 4619
3 4530 4620 4526
3 4530 4526 4529
3 4526 4620 4622
3 4526 4622 4629
3 4589 4628 4591
3 4589 4591 4590
3 4621 4628 4589
3 4621 4589 4625
3 4623 4555 4630
3 4623 4630 4628
3 4621 4622 4620
3 4621 4620 4556
3 4623 4624 4558
3 4623 4558 4555
3 4624 4559 4560
3 4624 4560 4558
3 4557 4559 4624
3 4559 4561 4560
3 4561 4562 4563
3 4562 4564 4563
3 4572 4571 4599
3 4599 4571 4570
3 4599 4570 4569
3 4565 4569 4570
3 4565 4570 4567
3 4567 4568 4566
3 4567 4566 4565
3 4568 4580 4595
3 4568 4595 4566
3 4578 4594 4595
3 4578 4595 4580
3 4594 4578 4575
3 4594 4575 4573
3 4576 4616 4633
3 4576 4633 4574
3 4576 4581 4616
3 4616 4615 4582
3 4616 4583 4584
3 4616 4584 4615
3 4583 4586 4584
3 4583 4585 4586
3 4585 4609 4608
3 4585 4608 4586
3 4609 4588 4608
3 4609 4587 4588
3 4589 4590 4632
3 4589 4632 4631
3 4587 4610 4524
3 4587 4609 4610
3 4610 4626 4523
3 4609 4585 4626
3 4609 4626 4610
3 4626 4585 4521
3 4626 4521 4523
3 4585 4583 4520
3 4585 4520 4521
3 4583 4581 4520
3 4616 4581 4583
3 4509 4520 4581
3 4576 4509 4581
3 4575 4515 4510
3 4593 4518 4515
3 4505 4518 4593
3 4505 4567 4506
3 4506 4567 4598
3 4506 4598 4539
3 4598 4571 4541
3 4598 4541 4539
3 4541 4571 4600
3 4541 4600 4543
3 4538 4562 4536
3 4564 4562 4538
3 4562 4534 4536
3 4562 4561 4534
3 4561 4559 4532
3 4561 4532 4534
3 4532 4557 4530
3 4559 4557 4532
3 4623 4556 4557
3 4460 4630 4555
3 4466 4465 4590
3 4466 4590 4591
3 4464 4632 4644
3 4464 4608 4588
3 4464 4607 4608
3 4607 4463 4608
3 4463 4586 4608
3 4586 4475 4584
3 4475 4614 4615
3 4475 4615 4584
3 4614 4582 4615
3 4474 4574 4633
3 4596 4577 4573
3 4596 4573 4597
3 4579 4577 4596
3 4579 4596 4434
3 4592 4566 4579
3 4592 4579 4434
3 4592 4467 4565
3 4592 4565 4566
3 4569 4565 4467
3 4569 4467 4468
3 4554 4569 4468
3 4554 4468 4413
3 4554 4413 4412
3 4461 4460 4555
3 4461 4555 4558
3 4462 4461 4558
3 4462 4558 4560
3 4470 4560 4561
3 4470 4462 4560
3 4627 4470 4561
3 4627 4561 4563
3 4471 4470 4627
3 4651 4655 4563
3 4651 4563 4564
3 4556 4623 4628
3 4556 4628 4621
3 4631 4625 4589
3 4620 4530 4557
3 4620 4557 4556
3 4623 4557 4624
3 4481 4480 4629
3 4647 4669 4453
3 4628 4630 4591
3 4466 4591 4630
3 4466 4630 4460
3 4480 4477 4711
3 4481 4500 4477
3 4481 4477 4480
3 4501 4500 4617
3 4501 4617 4524
3 4588 4631 4632
3 4524 4617 4625
3 4464 4588 4632
3 4587 4524 4625
3 4587 4625 4631
3 4587 4631 4588
3 4538 4543 4600
3 4504 4502 4528
3 4520 4502 4504
3 4425 4348 4660
3 4425 4660 4582
3 4616 4582 4633
3 4528 4502 4513
3 4528 4513 4692
3 4513 4502 4635
3 4513 4635 4636
3 4514 4513 4636
3 4514 4636 4693
3 4492 4544 4491
3 4491 4535 4489
3 4489 4535 4488
3 4488 4531 4486
3 4485 4486 4531
3 4484 4485 4531
3 4484 4531 4529
3 4526 4484 4529
3 4481 4629 4525
3 4500 4481 4525
3 4527 4611 4522
3 4612 4527 4522
3 4634 4612 4522
3 4634 4504 4503
3 4504 4528 4503
3 4455 4456 4637
3 4455 4637 4421
3 4456 4448 4424
3 4456 4424 4637
3 4447 4436 4424
3 4447 4424 4448
3 4657 4658 4436
3 4657 4436 4447
3 4653 4654 4437
3 4653 4437 4450
3 4635 4638 4510
3 4509 4638 4635
3 4638 4575 4510
3 4638 4639 4575
3 4509 4576 4639
3 4509 4639 4638
3 4639 4573 4575
3 4639 4640 4573
3 4576 4574 4640
3 4576 4640 4639
3 4640 4597 4573
3 4640 4641 4473
3 4640 4473 4597
3 4574 4474 4641
3 4574 4641 4640
3 4395 4427 4662
3 4395 4662 4673
3 4426 4395 4673
3 4426 4673 4660
3 4510 4511 4635
3 4617 4621 4625
3 4458 4643 4466
3 4645 4646 4671
3 4645 4671 4642
3 4429 4645 4642
3 4429 4642 4605
3 4643 4646 4666
3 4590 4465 4644
3 4590 4644 4632
3 4415 4459 4646
3 4415 4646 4645
3 4443 4416 4645
3 4443 4645 4429
3 4416 4415 4645
3 4419 4648 4453
3 4419 4649 4648
3 4418 4649 4401
3 4420 4399 4401
3 4458 4466 4647
3 4441 4606 4416
3 4441 4416 4650
3 4606 4415 4416
3 4606 4459 4415
3 4443 4440 4650
3 4412 4452 4651
3 4390 4652 4452
3 4450 4672 4674
3 4450 4674 4653
3 4412 4651 4564
3 4412 4469 4452
3 4430 4659 3915
3 4446 4471 4656
3 4447 4446 4657
3 4437 4432 4659
3 4437 4659 4658
3 4430 4431 4659
3 4471 4627 4655
3 4450 4437 4658
3 4450 4658 4657
3 4474 4633 4660
3 4394 4393 4661
3 4394 4661 4434
3 4394 4434 4472
3 4394 4472 4428
3 4427 4428 4472
3 4427 4472 4662
3 4655 4651 4449
3 4655 4449 4656
3 4470 4471 4663
3 4462 4470 4663
3 4462 4663 4664
3 4651 4652 4449
3 4468 4451 4389
3 4468 4389 4413
3 4391 4451 4665
3 4433 4665 4467
3 4464 4644 4666
3 4464 4666 4667
3 4461 4462 4664
3 4461 4664 4668
3 4460 4461 4668
3 4460 4668 4669
3 4670 4671 4643
3 4670 4643 4458
3 4458 4647 4648
3 4458 4648 4670
3 4457 4456 4455
3 4457 4455 4454
3 4445 4456 4457
3 4453 4454 4455
3 4656 4449 4672
3 4656 4672 4657
3 4433 4434 4661
3 4413 4389 4469
3 4413 4469 4412
3 4607 4464 4667
3 4475 4586 4463
3 4460 4669 4647
3 4582 4660 4633
3 4641 4673 4662
3 4641 4662 4473
3 4474 4660 4673
3 4474 4673 4641
3 4466 4643 4465
3 4646 4643 4671
3 4465 4643 4666
3 4465 4666 4644
3 4453 4648 4647
3 4466 4460 4647
3 4452 4652 4651
3 4449 4652 4674
3 4449 4674 4672
3 4471 4655 4656
3 4446 4656 4657
3 4692 4514 4687
3 4847 4690 4678
3 4847 4678 4809
3 4846 4689 4690
3 4846 4690 4847
3 4688 4689 4846
3 4953 4693 4688
3 4723 4691 4686
3 4684 4721 4709
3 4694 4551 4828
3 4806 4498 4694
3 4827 4697 4696
3 4827 4696 4817
3 4828 4551 4697
3 4828 4697 4827
3 4814 4696 4980
3 4814 4980 4810
3 4678 4695 4679
3 4683 4679 4695
3 4495 4682 4683
3 4683 4680 4679
3 4682 4680 4683
3 4682 4805 4720
3 4682 4720 4680
3 4498 4806 4681
3 4498 4681 4497
3 4497 4681 4682
3 4497 4682 4495
3 4681 4805 4682
3 4806 4803 4681
3 4720 4809 4680
3 4680 4809 4678
3 4680 4678 4679
3 4685 4691 4723
3 4723 4686 4948
3 4948 4686 4692
3 4686 4528 4692
3 4687 4514 4693
3 4687 4693 4953
3 4621 4525 4622
3 4621 4617 4525
3 4699 4698 4684
3 4691 4503 4686
3 4612 4634 4698
3 4612 4698 4699
3 4612 4699 4478
3 4612 4478 4527
3 4699 4479 4478
3 4699 4684 4709
3 4699 4709 4479
3 4634 4691 4698
3 4691 4685 4698
3 4503 4691 4634
3 4869 4825 4853
3 4916 4793 4912
3 4863 4889 4879
3 4834 4833 4870
3 4816 4813 4849
3 4854 4850 4851
3 4836 4832 4837
3 4724 4950 4685
3 4911 4912 4952
3 4944 4938 4993
3 4716 4937 4945
3 4732 4754 4730
3 4960 4961 4959
3 4739 4978 4742
3 4482 4480 4708
3 4480 4711 4981
3 4480 4981 4708
3 4708 4981 4704
3 4702 4701 4706
3 4701 4700 4706
3 4483 4482 4708
3 4483 4708 4700
3 4980 4703 4707
3 4703 4702 4706
3 4703 4706 4707
3 4706 4700 4705
3 4700 4708 4704
3 4700 4704 4705
3 4707 4706 4705
3 4837 4860 4803
3 4858 4927 4869
3 4858 4869 4853
3 4927 4975 4893
3 4927 4893 4869
3 4926 4925 4888
3 4926 4888 4893
3 4802 4878 4966
3 4802 4775 4878
3 4856 4924 4927
3 4856 4927 4858
3 4924 4975 4927
3 4923 4922 4925
3 4923 4925 4926
3 4921 4802 4966
3 4921 4800 4802
3 4855 4920 4924
3 4855 4924 4856
3 4919 4918 4922
3 4919 4922 4923
3 4917 4798 4800
3 4917 4800 4921
3 4840 4954 4920
3 4840 4920 4855
3 4954 4896 4920
3 4896 4899 4918
3 4896 4918 4919
3 4901 4776 4798
3 4901 4798 4917
3 4793 4916 4894
3 4793 4894 4767
3 4894 4916 4895
3 4915 4914 4864
3 4915 4864 4895
3 4913 4847 4809
3 4913 4809 4928
3 4846 4847 4913
3 4846 4913 4909
3 4952 4845 4911
3 4845 4846 4909
3 4965 4903 4907
3 4965 4907 4781
3 4959 4949 4843
3 4959 4843 4904
3 4902 4961 4960
3 4898 4956 4957
3 4898 4957 4958
3 4725 4956 4954
3 4725 4954 4840
3 4864 4863 4879
3 4864 4879 4895
3 4872 4894 4895
3 4872 4895 4879
3 4872 4768 4767
3 4872 4767 4894
3 4833 4818 4865
3 4833 4865 4870
3 4893 4868 4869
3 4866 4974 4865
3 4974 4870 4865
3 4888 4887 4893
3 4887 4886 4867
3 4886 4885 4892
3 4886 4892 4867
3 4885 4884 4892
3 4890 4891 4881
3 4890 4881 4880
3 4889 4890 4880
3 4889 4880 4879
3 4878 4877 4967
3 4877 4876 4968
3 4877 4968 4967
3 4876 4772 4969
3 4876 4969 4968
3 4772 4875 4970
3 4772 4970 4969
3 4875 4874 4970
3 4874 4771 4929
3 4771 4871 4881
3 4771 4881 4929
3 4871 4873 4880
3 4871 4880 4881
3 4873 4872 4879
3 4873 4879 4880
3 4775 4774 4877
3 4775 4877 4878
3 4774 4773 4876
3 4774 4876 4877
3 4773 4772 4876
3 4772 4762 4875
3 4762 4761 4874
3 4762 4874 4875
3 4761 4771 4874
3 4770 4769 4873
3 4770 4873 4871
3 4769 4768 4872
3 4769 4872 4873
3 4770 4871 4771
3 4869 4868 4824
3 4869 4824 4825
3 4868 4867 4823
3 4868 4823 4824
3 4867 4866 4821
3 4867 4821 4823
3 4866 4865 4818
3 4866 4818 4821
3 4808 4928 4809
3 4807 4862 4808
3 4804 4861 4862
3 4804 4862 4807
3 4803 4860 4861
3 4803 4861 4804
3 4803 4836 4837
3 4814 4826 4817
3 4850 4859 4852
3 4850 4852 4849
3 4859 4858 4853
3 4859 4853 4852
3 4839 4857 4859
3 4839 4859 4850
3 4857 4856 4858
3 4857 4858 4859
3 4722 4857 4839
3 4722 4855 4856
3 4722 4856 4857
3 4722 4840 4855
3 4721 4710 4709
3 4721 4854 4710
3 4839 4854 4721
3 4854 4851 4710
3 4851 4711 4710
3 4839 4850 4854
3 4852 4816 4849
3 4853 4825 4816
3 4853 4816 4852
3 4711 4851 4848
3 4711 4848 4981
3 4851 4850 4813
3 4851 4813 4848
3 4850 4849 4813
3 4848 4813 4838
3 4981 4848 4838
3 4981 4838 4704
3 4844 4688 4846
3 4953 4688 4844
3 4949 4692 4687
3 4949 4687 4843
3 4841 4724 4723
3 4841 4723 4842
3 4950 4724 4841
3 4840 4722 4725
3 4722 4839 4721
3 4813 4811 4838
3 4810 4980 4707
3 4810 4707 4811
3 4811 4707 4705
3 4838 4811 4705
3 4838 4705 4704
3 4836 4835 4830
3 4836 4830 4832
3 4835 4694 4828
3 4835 4828 4830
3 4803 4806 4835
3 4803 4835 4836
3 4806 4694 4835
3 4833 4831 4819
3 4833 4819 4818
3 4831 4829 4826
3 4831 4826 4819
3 4829 4827 4817
3 4829 4817 4826
3 4834 4832 4831
3 4834 4831 4833
3 4832 4830 4829
3 4832 4829 4831
3 4830 4828 4827
3 4830 4827 4829
3 4816 4824 4812
3 4824 4822 4815
3 4824 4815 4812
3 4822 4820 4814
3 4822 4814 4815
3 4820 4819 4826
3 4820 4826 4814
3 4825 4824 4816
3 4824 4823 4822
3 4823 4821 4820
3 4823 4820 4822
3 4821 4818 4819
3 4821 4819 4820
3 4816 4812 4813
3 4812 4815 4810
3 4815 4814 4810
3 4813 4812 4811
3 4812 4810 4811
3 4805 4807 4720
3 4738 4737 4736
3 4738 4736 4785
3 4713 4712 4736
3 4802 4801 4766
3 4802 4766 4775
3 4801 4750 4766
3 4801 4736 4712
3 4801 4712 4750
3 4800 4799 4801
3 4800 4801 4802
3 4799 4785 4801
3 4785 4736 4801
3 4798 4797 4799
3 4798 4799 4800
3 4797 4735 4785
3 4797 4785 4799
3 4776 4797 4798
3 4776 4779 4797
3 4779 4735 4797
3 4796 4744 4719
3 4796 4795 4747
3 4796 4747 4744
3 4795 4794 4757
3 4795 4757 4747
3 4794 4793 4767
3 4794 4767 4757
3 4792 4796 4934
3 4792 4791 4796
3 4791 4790 4795
3 4791 4795 4796
3 4790 4789 4794
3 4790 4794 4795
3 4789 4793 4794
3 4788 4791 4792
3 4788 4787 4790
3 4788 4790 4791
3 4787 4786 4789
3 4787 4789 4790
3 4933 4783 4788
3 4783 4787 4788
3 4783 4782 4787
3 4782 4781 4786
3 4782 4786 4787
3 4735 4779 4718
3 4735 4738 4785
3 4717 4783 4933
3 4784 4783 4717
3 4716 4780 4784
3 4716 4784 4717
3 4718 4780 4716
3 4784 4972 4783
3 4972 4782 4783
3 4972 4965 4781
3 4972 4781 4782
3 4971 4778 4780
3 4971 4777 4778
3 4766 4765 4774
3 4766 4774 4775
3 4765 4764 4773
3 4765 4773 4774
3 4764 4763 4772
3 4764 4772 4773
3 4763 4762 4772
3 4761 4760 4770
3 4761 4770 4771
3 4760 4759 4769
3 4760 4769 4770
3 4759 4758 4768
3 4759 4768 4769
3 4758 4757 4767
3 4758 4767 4768
3 4750 4756 4765
3 4750 4765 4766
3 4756 4755 4764
3 4756 4764 4765
3 4755 4741 4763
3 4755 4763 4764
3 4741 4754 4762
3 4741 4762 4763
3 4753 4749 4760
3 4753 4760 4761
3 4749 4752 4759
3 4749 4759 4760
3 4752 4751 4758
3 4752 4758 4759
3 4751 4747 4757
3 4751 4757 4758
3 4750 4715 4756
3 4715 4727 4755
3 4715 4755 4756
3 4734 4749 4753
3 4749 4746 4752
3 4746 4748 4751
3 4746 4751 4752
3 4748 4747 4751
3 4712 4715 4750
3 4731 5160 4732
3 4734 4743 4749
3 4743 4746 4749
3 4746 4745 4748
3 4745 4744 4747
3 4745 4747 4748
3 4733 4743 4734
3 4743 4742 4746
3 4742 4740 4745
3 4742 4745 4746
3 4740 4719 4744
3 4740 4744 4745
3 4733 4739 4743
3 4739 4742 4743
3 4740 4742 4978
3 4728 4936 5159
3 4728 5159 4729
3 4947 4731 4729
3 4726 4714 4942
3 4726 4942 4935
3 4740 4931 4719
3 4739 4733 4932
3 4738 4735 4946
3 4713 4736 4737
3 4718 4945 4946
3 4718 4946 4735
3 4730 4729 4731
3 4727 4715 4714
3 4727 4714 4726
3 4725 4722 4721
3 4725 4721 4684
3 4942 4714 4713
3 4934 4796 4719
3 4934 4719 4931
3 4718 4716 4945
3 4715 4712 4713
3 4715 4713 4714
3 4911 4910 4914
3 4911 4914 4915
3 4881 4891 4882
3 4909 4913 4914
3 4909 4914 4910
3 4913 4864 4914
3 4863 4862 4889
3 4862 4861 4890
3 4862 4890 4889
3 4861 4860 4891
3 4861 4891 4890
3 4860 4882 4891
3 4870 4882 4837
3 4870 4837 4834
3 4882 4860 4837
3 4862 4863 4808
3 4863 4864 4928
3 4863 4928 4808
3 4864 4913 4928
3 4951 4845 4952
3 4834 4837 4832
3 4803 4804 4805
3 4803 4805 4681
3 4804 4807 4805
3 4807 4808 4720
3 4808 4809 4720
3 4846 4845 4844
3 4845 4951 4953
3 4845 4953 4844
3 4906 4930 4964
3 4911 4915 4916
3 4911 4916 4912
3 4915 4895 4916
3 4881 4882 4929
3 4716 5161 4937
3 4977 4932 4973
3 4977 4973 5005
3 4935 4979 4990
3 4942 4943 5104
3 4939 4944 4993
3 4938 4937 5158
3 4717 5074 5161
3 4717 5161 4716
3 5158 4937 5161
3 4938 4946 4945
3 4944 4738 4946
3 4944 4946 4938
3 4939 4737 4738
3 4939 4738 4944
3 4943 4713 4737
3 4943 4737 4939
3 4933 4788 4941
3 4941 4788 4792
3 4941 4792 4976
3 4977 4739 4932
3 4935 4942 4979
3 4942 4713 4943
3 4945 4937 4938
3 4685 4723 4724
3 4842 4723 4948
3 4842 4948 4692
3 4842 4692 4949
3 4684 4685 4950
3 4684 4950 4725
3 4956 4725 4950
3 4956 4950 4897
3 4843 4687 4953
3 4843 4953 4951
3 4904 4843 4951
3 4904 4951 4952
3 4899 4896 4954
3 4899 4954 4955
3 4901 4955 4900
3 4955 4954 4956
3 4955 4956 4898
3 4897 4950 4841
3 4897 4841 4902
3 4957 4897 4902
3 4961 4842 4959
3 4906 4902 4960
3 4959 4842 4949
3 4960 4959 4905
3 4961 4902 4841
3 4961 4841 4842
3 4908 4904 4952
3 4910 4845 4909
3 4911 4845 4910
3 4908 4952 4912
3 4908 4912 4962
3 4905 4904 4908
3 4960 4905 4930
3 4960 4930 4906
3 4962 4930 4908
3 4963 4930 4962
3 4963 4962 4912
3 4963 4912 4793
3 4963 4793 4789
3 4786 4964 4963
3 4786 4963 4789
3 4963 4964 4930
3 4781 4907 4964
3 4781 4964 4786
3 4900 4903 4965
3 4900 4965 4777
3 4777 4776 4901
3 4777 4901 4900
3 4906 4958 4957
3 4906 4957 4902
3 4908 4930 4905
3 4906 4964 4907
3 4903 4958 4906
3 4903 4906 4907
3 4898 4958 4903
3 4898 4903 4900
3 4900 4955 4898
3 4899 4955 4901
3 4899 4901 4917
3 4899 4917 4918
3 4918 4917 4921
3 4918 4921 4922
3 4925 4966 4878
3 4925 4878 4888
3 4922 4921 4966
3 4922 4966 4925
3 4878 4967 4887
3 4878 4887 4888
3 4967 4968 4886
3 4967 4886 4887
3 4968 4969 4885
3 4968 4885 4886
3 4969 4970 4884
3 4969 4884 4885
3 4970 4874 4883
3 4970 4883 4884
3 4874 4929 4882
3 4874 4882 4883
3 4718 4779 4971
3 4718 4971 4780
3 4779 4776 4777
3 4779 4777 4971
3 4778 4777 4965
3 4778 4965 4972
3 4780 4778 4972
3 4780 4972 4784
3 4741 4755 4727
3 4727 4728 4741
3 4741 4728 4730
3 4730 4728 4729
3 4729 5159 4947
3 4728 4727 4726
3 4936 4728 4726
3 4936 4726 4935
3 4936 4935 4990
3 4936 4990 5159
3 4741 4730 4754
3 5160 4947 5159
3 4731 4947 5160
3 4732 4730 4731
3 5160 4973 4932
3 4932 4733 4732
3 4932 4732 5160
3 4732 4733 4734
3 4734 4753 4754
3 4734 4754 4732
3 4753 4761 4762
3 4753 4762 4754
3 4926 4893 4975
3 4923 4926 4975
3 4923 4975 4924
3 4919 4923 4924
3 4919 4924 4920
3 4896 4919 4920
3 4893 4887 4868
3 4887 4867 4868
3 4867 4892 4866
3 4892 4884 4974
3 4892 4974 4866
3 4884 4883 4870
3 4884 4870 4974
3 4883 4882 4870
3 4959 4904 4905
3 4957 4956 4897
3 5074 4717 4933
3 5162 4976 4934
3 4976 4792 4934
3 4978 4739 4977
3 4977 5096 5094
3 4940 5094 5004
3 5005 5096 4977
3 4931 4740 4940
3 4931 4940 5004
3 4931 5004 5050
3 5050 5162 4934
3 5050 4934 4931
3 4978 4940 4740
3 4978 4977 4940
3 4977 5094 4940
3 4942 5104 4979
3 5043 5155 5044
3 5081 5246 5102
3 5156 5035 4989
3 5093 5246 5090
3 5334 5051 5101
3 5114 5088 5044
3 5098 5077 5079
3 5098 5079 5078
3 4985 5098 5078
3 4985 5078 4993
3 5046 5048 5077
3 5046 5077 5076
3 5075 5046 5076
3 5098 4984 5076
3 5071 5047 5046
3 5071 5046 5016
3 4994 5016 5046
3 5074 4933 4994
3 4985 4993 4938
3 4992 4939 4993
3 4939 5125 4943
3 5091 5069 4999
3 5091 4999 5019
3 5091 5019 5018
3 4995 5017 5016
3 4995 5016 5070
3 5015 5017 5090
3 5071 5016 5017
3 5071 5017 5015
3 4984 5075 5076
3 4987 5159 4990
3 5074 5046 5075
3 4997 5069 5092
3 4997 5092 4996
3 5162 4997 4976
3 5158 4985 4938
3 5158 4984 4985
3 5098 4985 4984
3 5075 5161 5074
3 4933 5070 4994
3 5070 5016 4994
3 4976 4997 4996
3 5091 5090 5092
3 5094 5096 5097
3 5094 5097 5095
3 4998 5004 5095
3 5097 5096 5005
3 5097 5005 5133
3 4998 5050 5004
3 4984 5161 5075
3 5076 5077 5098
3 4984 5158 5161
3 5079 5077 5155
3 4941 4995 5070
3 4941 5070 4933
3 4976 4996 4941
3 5092 4995 4996
3 4941 4996 4995
3 5091 5092 5069
3 5090 5091 5018
3 5090 5018 5093
3 5090 5017 5092
3 5092 5017 4995
3 4997 5099 5069
3 5050 5099 4997
3 5050 4997 5162
3 5099 5050 4998
3 5099 4998 5180
3 5180 4998 5095
3 5180 5095 5083
3 4994 5046 5074
3 5095 5004 5094
3 5095 5009 5083
3 5009 5097 5133
3 5009 5095 5097
3 5045 5039 5022
3 5332 5102 5084
3 5101 5051 5064
3 5066 5101 5064
3 5026 5067 5066
3 5026 5066 5062
3 5149 5067 5026
3 5149 5148 5067
3 5067 5148 5060
3 5028 5065 5157
3 5065 4983 5137
3 5104 5125 5126
3 5052 5104 5126
3 5088 5105 5404
3 5334 5107 5051
3 5041 5086 5313
3 5041 5108 5086
3 5080 5112 5109
3 5039 5112 5080
3 5084 5102 5244
3 5084 5244 4991
3 5155 5043 5461
3 5045 5155 5461
3 5045 5461 5039
3 5071 5082 5047
3 5115 5116 5048
3 5116 5115 5389
3 5048 5116 5114
3 5044 5048 5114
3 5408 5115 5087
3 5047 5082 5049
3 5117 5100 5015
3 5081 5117 5246
3 5264 5246 5093
3 5037 5110 5040
3 5120 5110 5037
3 5080 5109 5110
3 5080 5110 5120
3 5073 5022 5036
3 5122 5022 5073
3 5124 5073 5036
3 5124 5036 5053
3 5079 5045 5122
3 5079 5122 5078
3 5078 5122 5073
3 4993 5078 5073
3 4993 5073 4992
3 4992 5073 5124
3 5103 5002 5072
3 5103 5127 5002
3 5103 5000 5127
3 5003 5002 5001
3 5164 5003 5001
3 4982 5072 5002
3 5072 4982 5063
3 5147 5072 5063
3 5147 5270 5103
3 5147 5103 5072
3 5245 5019 5000
3 5245 5000 5103
3 5019 4999 5000
3 5085 5059 5391
3 5085 5068 5059
3 5089 5387 5391
3 5089 5391 5059
3 5452 5387 5089
3 5032 5014 5013
3 5031 5032 5013
3 5010 5024 5131
3 5010 5131 5153
3 5131 5030 5153
3 5153 5030 5012
3 5010 5132 5024
3 5041 5106 5068
3 5106 5334 5101
3 5106 5101 5068
3 5068 5134 5060
3 5068 5101 5134
3 5060 5134 5067
3 5067 5134 5066
3 5028 5026 5062
3 5028 5062 5065
3 5134 5101 5066
3 5051 5042 5064
3 5051 4991 5042
3 5064 5042 5135
3 5064 5135 5257
3 5066 5064 5062
3 5062 4983 5065
3 5157 5137 5061
3 5257 5136 5064
3 5257 5147 5136
3 5062 5136 5063
3 5064 5136 5062
3 5136 5147 5063
3 5062 5063 4983
3 5063 4982 4983
3 4983 4982 5003
3 4983 5003 5137
3 5137 5128 5061
3 5058 5060 5029
3 5058 5029 5020
3 5058 5020 5057
3 5130 5058 5057
3 5057 5139 5130
3 5038 5037 5139
3 5059 5068 5060
3 5059 5060 5058
3 5089 5059 5058
3 5130 5138 5058
3 5037 5040 5119
3 5119 5138 5130
3 5139 5119 5130
3 5037 5119 5139
3 5057 5020 5021
3 5021 5054 5056
3 5038 5139 5023
3 5139 5057 5021
3 5139 5021 5023
3 5055 5023 5144
3 5144 5023 5021
3 5144 5021 5056
3 5141 5140 5038
3 5141 5038 5023
3 5141 5111 5140
3 5036 5141 5121
3 5121 5141 5023
3 5121 5023 5055
3 5034 5027 5033
3 5123 5121 5055
3 5053 5036 5123
3 5036 5121 5123
3 5143 5056 5142
3 5123 5055 5143
3 5055 5144 5143
3 5143 5144 5056
3 5056 5054 5142
3 5054 5145 5142
3 5054 5034 5145
3 5034 5033 5145
3 5035 5145 5150
3 5145 5033 5146
3 4989 5035 5150
3 5142 5156 5143
3 5052 5123 5156
3 5123 5143 5156
3 4979 5052 4990
3 4979 5104 5052
3 5126 5123 5052
3 5053 5123 5126
3 5125 5053 5126
3 5142 5145 5035
3 5107 5084 5051
3 5107 5332 5084
3 5022 5039 5111
3 5022 5111 5141
3 5048 5047 5115
3 5115 5047 5049
3 5122 5045 5022
3 5041 5313 5106
3 5461 5112 5039
3 5039 5080 5111
3 5140 5120 5037
3 5140 5037 5038
3 5111 5120 5140
3 5111 5080 5120
3 5021 5020 5034
3 5020 5029 5034
3 5021 5034 5054
3 5033 5027 5025
3 5025 5028 5014
3 5028 5149 5026
3 5025 5148 5149
3 5025 5149 5028
3 5027 5148 5025
3 5029 5148 5027
3 5029 5027 5034
3 5146 5025 5014
3 5146 5014 5032
3 5146 5032 5031
3 5150 5146 5031
3 5150 5031 5030
3 4988 5150 5030
3 5131 4988 5030
3 5036 5022 5141
3 5118 5018 5019
3 5118 5019 5245
3 5100 5117 5081
3 5014 5157 5186
3 5030 5031 5012
3 5011 5010 5153
3 5132 5010 5011
3 5189 5007 5132
3 5189 5133 5007
3 5009 5133 5189
3 5006 5008 5024
3 5132 5006 5024
3 5007 5006 5132
3 5133 5005 5006
3 5133 5006 5007
3 5128 5003 5164
3 5002 5127 5001
3 5000 5129 5127
3 4999 5129 5000
3 4992 5124 5125
3 5053 5125 5124
3 5244 5260 4991
3 5150 5145 5146
3 4989 5150 4988
3 4986 4989 4988
3 4986 4987 4989
3 5065 5137 5157
3 5137 5003 5128
3 4982 5002 5003
3 5151 5014 5186
3 5013 5014 5151
3 5051 5084 4991
3 5333 5100 5081
3 5087 5086 5108
3 5087 5317 5086
3 5085 5041 5068
3 5408 5087 5108
3 5115 5049 5087
3 5138 5089 5058
3 5138 5452 5089
3 5127 5172 5164
3 5127 5164 5001
3 5164 5163 5128
3 5061 5128 5170
3 5157 5061 5186
3 5061 5170 5186
3 5154 5189 5132
3 5011 5154 5132
3 5187 5011 5153
3 5187 5153 5176
3 5153 5152 5176
3 5012 5152 5153
3 5012 5031 5152
3 5031 5151 5152
3 5031 5013 5151
3 5113 5082 5100
3 5264 5093 5118
3 5093 5018 5118
3 4973 5006 5005
3 5160 5008 5006
3 5160 5006 4973
3 5160 4986 5008
3 5159 4987 4986
3 5159 4986 5160
3 4943 5125 5104
3 4939 4992 5125
3 5155 5048 5044
3 5077 5048 5155
3 5117 5015 5090
3 5117 5090 5246
3 5048 5046 5047
3 5079 5155 5045
3 4990 5052 5156
3 4987 4990 5156
3 4987 5156 4989
3 5142 5035 5156
3 5014 5028 5157
3 5029 5060 5148
3 5024 5008 4986
3 5024 4986 5131
3 4986 4988 5131
3 5033 5025 5146
3 5100 5071 5015
3 5100 5082 5071
3 5172 5182 5181
3 5069 5175 4999
3 5166 5083 5009
3 5166 5177 5083
3 5174 5177 5166
3 5174 5178 5177
3 5083 5177 5180
3 5180 5177 5171
3 5180 5175 5099
3 5171 5179 5175
3 5099 5175 5069
3 5175 5179 5181
3 5180 5171 5175
3 5129 5175 5182
3 5127 5129 5182
3 5172 5127 5182
3 5181 5193 5172
3 5183 5178 5174
3 5183 5174 5184
3 5170 5211 5198
3 5182 5175 5181
3 5173 5170 5169
3 5167 5188 5187
3 5176 5167 5187
3 5168 5167 5176
3 5186 5170 5173
3 5173 5176 5152
3 5188 5185 5154
3 5154 5185 5189
3 5185 5166 5189
3 5151 5186 5173
3 5151 5173 5152
3 5187 5188 5011
3 5170 5198 5168
3 5170 5168 5169
3 5165 5192 5163
3 5176 5169 5168
3 5173 5169 5176
3 5128 5163 5170
3 5168 5194 5167
3 5194 5188 5167
3 5194 5174 5188
3 5188 5174 5185
3 5174 5166 5185
3 5172 5165 5164
3 5164 5165 5163
3 5170 5163 5211
3 5189 5166 5009
3 5188 5154 5011
3 5129 4999 5175
3 5179 5193 5181
3 5207 5179 5178
3 5207 5178 5183
3 5193 5179 5207
3 5178 5179 5171
3 5178 5171 5177
3 5194 5184 5174
3 5183 5184 5195
3 5172 5193 5210
3 5196 5184 5194
3 5195 5184 5196
3 5218 5194 5168
3 5218 5196 5194
3 5163 5192 5212
3 5163 5212 5190
3 5172 5210 5192
3 5172 5192 5165
3 5168 5198 5218
3 5192 5210 5191
3 5192 5191 5212
3 5213 5226 5206
3 5190 5213 5206
3 5190 5212 5213
3 5212 5191 5225
3 5212 5225 5214
3 5213 5212 5214
3 5215 5216 5209
3 5215 5203 5216
3 5216 5203 5208
3 5202 5193 5207
3 5216 5208 5201
3 5216 5201 5205
3 5217 5216 5205
3 5209 5216 5217
3 5208 5207 5201
3 5201 5207 5183
3 5218 5198 5199
3 5199 5200 5206
3 5198 5211 5200
3 5200 5190 5206
3 5211 5163 5190
3 5205 5201 5195
3 5205 5195 5197
3 5205 5197 5219
3 5201 5183 5195
3 5219 5197 5228
3 5228 5197 5218
3 5228 5218 5204
3 5191 5210 5202
3 5191 5202 5203
3 5225 5191 5215
3 5191 5203 5215
3 5202 5207 5203
3 5203 5207 5208
3 5200 5211 5190
3 5200 5199 5198
3 5218 5199 5204
3 5197 5196 5218
3 5197 5195 5196
3 5193 5202 5210
3 5230 5235 5221
3 5229 5224 5231
3 5229 5231 5235
3 5229 5235 5230
3 5227 5220 5239
3 5214 5225 5223
3 5220 5229 5239
3 5231 5215 5209
3 5234 5239 5229
3 5239 5234 5238
3 5235 5217 5221
3 5231 5209 5217
3 5231 5217 5235
3 5237 5238 5236
3 5222 5237 5240
3 5240 5237 5236
3 5199 5222 5240
3 5199 5240 5204
3 5227 5239 5238
3 5241 5227 5238
3 5241 5238 5237
3 5199 5206 5222
3 5242 5227 5241
3 5226 5242 5233
3 5242 5241 5233
3 5206 5233 5222
3 5206 5226 5233
3 5221 5217 5205
3 5219 5221 5205
3 5236 5228 5240
3 5204 5240 5228
3 5223 5227 5242
3 5242 5214 5223
3 5226 5214 5242
3 5226 5213 5214
3 5225 5215 5224
3 5224 5215 5231
3 5223 5225 5224
3 5223 5220 5227
3 5238 5234 5232
3 5233 5241 5222
3 5222 5241 5237
3 5232 5221 5219
3 5220 5224 5229
3 5234 5230 5221
3 5234 5221 5232
3 5236 5232 5219
3 5236 5219 5228
3 5229 5230 5234
3 5220 5223 5224
3 5236 5238 5232
3 5259 5277 5247
3 5264 5265 5246
3 5260 5250 4991
3 5250 5042 4991
3 5102 5265 5244
3 5246 5265 5102
3 5258 5103 5270
3 5245 5103 5258
3 5264 5243 5265
3 5267 5118 5245
3 5267 5264 5118
3 5243 5264 5267
3 5266 5258 5271
3 5265 5243 5272
3 5265 5272 5249
3 5244 5265 5249
3 5260 5244 5249
3 5260 5249 5250
3 5263 5277 5259
3 5271 5270 5252
3 5270 5271 5258
3 5252 5270 5253
3 5253 5270 5147
3 5253 5147 5257
3 5253 5257 5268
3 5262 5268 5257
3 5261 5256 5262
3 5262 5256 5268
3 5135 5261 5262
3 5135 5262 5257
3 5255 5256 5261
3 5042 5255 5261
3 5042 5250 5255
3 5042 5261 5135
3 5255 5254 5269
3 5255 5250 5254
3 5272 5243 5273
3 5272 5273 5259
3 5273 5251 5263
3 5259 5273 5263
3 5273 5267 5251
3 5273 5243 5267
3 5263 5251 5266
3 5266 5251 5258
3 5252 5253 5276
3 5251 5267 5245
3 5251 5245 5258
3 5250 5249 5248
3 5250 5248 5254
3 5249 5272 5247
3 5249 5247 5248
3 5272 5259 5247
3 5248 5247 5278
3 5277 5281 5283
3 5278 5283 5305
3 5278 5277 5283
3 5247 5277 5278
3 5281 5277 5263
3 5281 5263 5280
3 5280 5263 5266
3 5284 5281 5280
3 5280 5266 5271
3 5286 5252 5276
3 5304 5286 5276
3 5304 5276 5279
3 5276 5253 5268
3 5276 5268 5279
3 5256 5288 5279
3 5268 5256 5279
3 5288 5269 5275
3 5288 5275 5287
3 5255 5269 5288
3 5256 5255 5288
3 5269 5254 5274
3 5275 5269 5274
3 5254 5282 5274
3 5254 5248 5282
3 5248 5278 5282
3 5289 5281 5284
3 5283 5281 5289
3 5288 5287 5279
3 5279 5287 5304
3 5278 5305 5282
3 5284 5280 5285
3 5285 5280 5271
3 5285 5271 5252
3 5285 5252 5286
3 5301 5303 5282
3 5307 5302 5299
3 5301 5300 5308
3 5303 5301 5308
3 5300 5301 5299
3 5297 5308 5295
3 5307 5311 5285
3 5307 5285 5290
3 5308 5306 5295
3 5282 5294 5301
3 5303 5308 5297
3 5293 5297 5310
3 5293 5310 5298
3 5306 5302 5296
3 5301 5294 5299
3 5294 5289 5299
3 5299 5289 5311
3 5285 5286 5290
3 5290 5286 5312
3 5309 5312 5291
3 5309 5296 5312
3 5286 5304 5291
3 5292 5310 5291
3 5298 5310 5292
3 5310 5309 5291
3 5291 5304 5287
3 5275 5292 5287
3 5293 5274 5297
3 5275 5274 5293
3 5297 5274 5303
3 5274 5282 5303
3 5306 5296 5295
3 5306 5300 5302
3 5308 5300 5306
3 5311 5284 5285
3 5289 5284 5311
3 5294 5283 5289
3 5305 5283 5294
3 5282 5305 5294
3 5275 5293 5298
3 5292 5275 5298
3 5291 5287 5292
3 5312 5286 5291
3 5296 5290 5312
3 5296 5307 5290
3 5307 5299 5311
3 5300 5299 5302
3 5302 5307 5296
3 5297 5295 5310
3 5295 5296 5309
3 5295 5309 5310
3 5082 5113 5049
3 5086 5319 5314
3 5317 5319 5086
3 5317 5316 5319
3 5333 5081 5102
3 5087 5049 5316
3 5087 5316 5317
3 5313 5086 5314
3 5113 5100 5315
3 5314 5319 5343
3 5319 5331 5343
3 5337 5335 5351
3 5107 5323 5332
3 5319 5316 5330
3 5319 5330 5331
3 5331 5330 5322
3 5325 5318 5333
3 5325 5333 5102
3 5325 5102 5332
3 5335 5332 5323
3 5335 5325 5332
3 5324 5318 5337
3 5337 5318 5335
3 5318 5325 5335
3 5336 5338 5348
3 5330 5336 5348
3 5330 5348 5322
3 5316 5336 5330
3 5316 5329 5336
3 5049 5113 5329
3 5049 5329 5316
3 5338 5318 5324
3 5336 5329 5338
3 5338 5329 5318
3 5329 5113 5315
3 5329 5315 5318
3 5315 5100 5333
3 5340 5339 5320
3 5356 5323 5339
3 5334 5328 5320
3 5339 5334 5320
3 5323 5107 5334
3 5323 5334 5339
3 5321 5340 5320
3 5321 5320 5327
3 5327 5320 5328
3 5328 5334 5106
3 5328 5106 5327
3 5327 5326 5321
3 5327 5313 5326
3 5106 5313 5327
3 5326 5314 5343
3 5313 5314 5326
3 5318 5315 5333
3 5351 5335 5323
3 5326 5343 5352
3 5326 5352 5321
3 5348 5349 5322
3 5337 5351 5350
3 5345 5354 5361
3 5345 5355 5354
3 5331 5345 5343
3 5331 5355 5345
3 5350 5351 5323
3 5350 5323 5356
3 5363 5356 5362
3 5350 5356 5363
3 5359 5324 5337
3 5322 5355 5331
3 5322 5349 5355
3 5355 5349 5353
3 5358 5350 5363
3 5358 5337 5350
3 5359 5337 5358
3 5349 5348 5341
3 5349 5341 5379
3 5349 5379 5353
3 5341 5324 5359
3 5341 5348 5324
3 5338 5324 5348
3 5357 5347 5342
3 5362 5356 5357
3 5357 5339 5340
3 5357 5340 5347
3 5356 5339 5357
3 5342 5347 5346
3 5342 5346 5360
3 5347 5340 5321
3 5347 5321 5346
3 5346 5352 5344
3 5344 5360 5346
3 5321 5352 5346
3 5344 5352 5361
3 5352 5345 5361
3 5352 5343 5345
3 5342 5362 5357
3 5355 5353 5354
3 5365 5380 5368
3 5368 5376 5378
3 5367 5375 5374
3 5374 5377 5382
3 5382 5377 5373
3 5365 5371 5380
3 5365 5378 5367
3 5366 5363 5362
3 5381 5362 5377
3 5381 5366 5362
3 5353 5380 5354
3 5358 5363 5366
3 5364 5358 5366
3 5381 5376 5366
3 5368 5383 5376
3 5353 5379 5383
3 5376 5383 5364
3 5374 5375 5385
3 5374 5385 5381
3 5378 5375 5367
3 5370 5367 5382
3 5382 5367 5374
3 5384 5382 5373
3 5372 5370 5384
3 5370 5382 5384
3 5377 5362 5369
3 5369 5362 5342
3 5377 5369 5373
3 5373 5360 5384
3 5369 5342 5373
3 5360 5344 5372
3 5360 5372 5384
3 5371 5370 5372
3 5372 5361 5371
3 5371 5365 5367
3 5371 5367 5370
3 5354 5380 5371
3 5380 5383 5368
3 5376 5364 5366
3 5379 5341 5383
3 5341 5364 5383
3 5364 5341 5359
3 5364 5359 5358
3 5373 5342 5360
3 5344 5361 5372
3 5361 5354 5371
3 5380 5353 5383
3 5374 5381 5377
3 5385 5376 5381
3 5368 5378 5365
3 5378 5376 5385
3 5375 5378 5385
3 5452 5388 5405
3 5404 5388 5452
3 5452 5405 5387
3 5386 5041 5085
3 5386 5108 5041
3 5386 5406 5108
3 5406 5392 5108
3 5404 5390 5388
3 5105 5390 5404
3 5390 5398 5420
3 5388 5390 5420
3 5388 5420 5400
3 5410 5406 5414
3 5405 5388 5400
3 5405 5400 5395
3 5395 5400 5427
3 5395 5427 5411
3 5427 5400 5420
3 5393 5408 5108
3 5389 5408 5393
3 5399 5393 5392
3 5425 5399 5413
3 5410 5413 5399
3 5425 5393 5399
3 5399 5392 5406
3 5410 5399 5406
3 5398 5409 5423
3 5407 5397 5425
3 5407 5425 5409
3 5409 5398 5390
3 5390 5407 5409
3 5105 5396 5397
3 5105 5397 5407
3 5088 5396 5105
3 5114 5116 5396
3 5114 5396 5088
3 5425 5423 5409
3 5397 5393 5425
3 5389 5393 5397
3 5396 5389 5397
3 5116 5389 5396
3 5115 5408 5389
3 5387 5405 5395
3 5387 5395 5403
3 5414 5406 5401
3 5401 5386 5085
3 5406 5386 5401
3 5402 5429 5401
3 5401 5394 5402
3 5401 5085 5394
3 5394 5085 5391
3 5421 5402 5403
3 5402 5394 5403
3 5394 5391 5403
3 5391 5387 5403
3 5414 5401 5429
3 5403 5395 5411
3 5403 5411 5421
3 5105 5407 5390
3 5393 5108 5392
3 5417 5413 5410
3 5451 5426 5417
3 5424 5412 5436
3 5412 5426 5433
3 5425 5413 5423
3 5411 5427 5422
3 5427 5419 5422
3 5420 5424 5419
3 5420 5419 5427
3 5417 5414 5415
3 5421 5411 5428
3 5428 5411 5422
3 5422 5416 5428
3 5428 5430 5421
3 5421 5430 5402
3 5398 5412 5424
3 5423 5412 5398
3 5422 5419 5416
3 5451 5417 5448
3 5416 5431 5428
3 5428 5431 5430
3 5430 5418 5402
3 5418 5415 5414
3 5429 5402 5418
3 5418 5414 5429
3 5414 5417 5410
3 5426 5413 5417
3 5412 5413 5426
3 5423 5413 5412
3 5420 5398 5424
3 5436 5434 5432
3 5446 5435 5444
3 5444 5435 5436
3 5436 5435 5434
3 5446 5441 5435
3 5432 5434 5442
3 5446 5449 5443
3 5435 5441 5442
3 5442 5441 5450
3 5433 5451 5444
3 5432 5442 5447
3 5450 5441 5443
3 5446 5445 5449
3 5416 5447 5438
3 5438 5447 5439
3 5442 5450 5439
3 5450 5440 5439
3 5450 5443 5440
3 5437 5449 5418
3 5449 5415 5418
3 5438 5437 5430
3 5438 5430 5431
3 5431 5416 5438
3 5440 5438 5439
3 5437 5418 5430
3 5416 5419 5447
3 5449 5448 5415
3 5426 5451 5433
3 5412 5433 5436
3 5448 5417 5415
3 5419 5424 5432
3 5444 5451 5445
3 5433 5444 5436
3 5424 5436 5432
3 5447 5419 5432
3 5440 5437 5438
3 5443 5449 5437
3 5445 5451 5448
3 5434 5435 5442
3 5447 5442 5439
3 5441 5446 5443
3 5445 5446 5444
3 5443 5437 5440
3 5445 5448 5449
3 5466 5112 5461
3 5088 5404 5453
3 5454 5458 5088
3 5454 5088 5453
3 5452 5453 5404
3 5112 5455 5482
3 5112 5466 5455
3 5109 5112 5482
3 5040 5110 5459
3 5464 5458 5454
3 5458 5460 5088
3 5456 5458 5463
3 5453 5473 5464
3 5464 5454 5453
3 5482 5477 5109
3 5461 5043 5466
3 5043 5460 5466
3 5043 5044 5460
3 5460 5044 5088
3 5462 5453 5452
3 5138 5462 5452
3 5462 5138 5457
3 5480 5457 5467
3 5467 5457 5138
3 5467 5138 5119
3 5459 5467 5119
3 5465 5477 5474
3 5480 5465 5474
3 5119 5040 5459
3 5109 5465 5110
3 5459 5110 5465
3 5459 5465 5467
3 5466 5460 5458
3 5455 5466 5456
3 5466 5458 5456
3 5464 5463 5458
3 5467 5465 5480
3 5109 5477 5465
3 5455 5456 5482
3 5456 5498 5478
3 5456 5478 5497
3 5469 5456 5497
3 5474 5477 5470
3 5478 5498 5488
3 5463 5494 5498
3 5456 5463 5498
3 5478 5488 5497
3 5489 5479 5475
3 5473 5475 5479
3 5453 5462 5475
3 5473 5453 5475
3 5489 5475 5462
3 5472 5489 5462
3 5468 5489 5472
3 5471 5468 5472
3 5471 5472 5480
3 5474 5470 5471
3 5474 5471 5480
3 5457 5480 5472
3 5498 5494 5481
3 5472 5462 5457
3 5477 5476 5470
3 5477 5469 5476
3 5469 5497 5476
3 5494 5473 5479
3 5482 5456 5469
3 5463 5464 5494
3 5494 5464 5473
3 5477 5482 5469
3 5495 5483 5496
3 5485 5486 5491
3 5485 5483 5486
3 5484 5485 5492
3 5492 5485 5491
3 5470 5476 5492
3 5487 5489 5490
3 5490 5493 5491
3 5491 5486 5490
3 5476 5484 5492
3 5486 5487 5490
3 5483 5487 5486
3 5484 5496 5485
3 5468 5471 5493
3 5470 5493 5471
3 5476 5497 5484
3 5498 5481 5488
3 5479 5481 5494
3 5487 5479 5489
3 5490 5489 5468
3 5490 5468 5493
3 5493 5470 5491
3 5488 5481 5495
3 5488 5495 5496
3 5484 5488 5496
3 5491 5470 5492
3 5496 5483 5485
3 5481 5479 5487
3 5483 5495 5481
3 5483 5481 5487
3 5497 5488 5484
