1539	69
1540	620
1541	68
1542	575
1543	176
1544	67
1545	251
1546	76
1547	565
1548	827
1549	596
1550	246
1551	293
1552	76
1553	596
1554	734
1555	328
1556	276
1557	325
1558	325
1559	282
1560	282
1561	747
1562	289
1563	565
1564	630
1565	630
1566	251
1567	71
1580	36
1585	265
1586	108
1587	264
1588	264
1589	98
1590	98
1591	264
1592	98
1593	265
1594	97
1595	265
1596	97
1597	265
1598	783
1599	712
1600	328
1601	276
1602	79
1603	325
1604	275
1605	274
1606	274
1607	273
1608	135
1609	74
1610	74
1611	113
1612	428
1613	693
1614	430
1615	693
1616	434
1617	432
1618	434
1619	434
1620	435
1621	435
1622	435
1623	435
1624	2566
1625	129
1626	101
1627	100
1628	99
1629	99
1630	396
1631	2310
1632	396
1633	101
1634	185
1635	412
1636	36
1637	35
1638	329
1639	123
1640	123
1641	123
1642	391
1643	102
1644	102
1645	226
1646	140
1647	323
1648	322
1649	143
1650	151
1651	152
1652	146
1653	153
1654	147
1655	147
1656	148
1657	150
1658	155
1659	156
1660	157
1661	313
1662	158
1663	149
1664	154
1665	162
1666	163
1667	164
1668	304
1669	166
1670	160
1671	161
1672	169
1673	170
1674	315
1675	160
1676	165
1677	167
1678	562
1679	307
1680	312
1681	314
1682	310
1683	310
1684	173
1685	309
1686	176
1687	137
1688	448
1689	121
1690	121
1691	118
1692	432
1693	116
1694	116
1695	117
1696	114
1697	123
1698	179
1699	117
1700	181
1701	264
1702	263
1703	448
1704	448
1705	123
1706	94
1707	186
1708	368
1709	34
1710	34
1711	34
1712	186
1713	189
1722	323
1723	195
1724	196
1725	151
1726	155
1727	162
1728	169
1729	307
1733	3
1734	189
1735	93
1736	221
1737	95
1738	222
1740	92
1742	211
1744	374
1746	339
1748	216
1750	217
1751	342
1752	218
1753	220
1754	218
1755	3
1756	3
1758	1
1762	205
1763	206
1764	208
1765	92
1766	212
1767	214
1768	224
1769	224
1770	2484
1771	218
1772	218
1773	109
1774	109
1775	275
1776	109
1777	275
1778	105
1779	75
1780	111
1781	234
1782	272
1783	84
1784	271
1785	280
1786	110
1787	81
1788	241
1789	301
1790	240
1791	85
1792	270
1793	279
1794	239
1795	239
1796	268
1797	291
1798	75
1799	238
1800	303
1801	241
1802	242
1803	243
1804	2512
1805	297
1806	295
1807	306
1808	306
1809	254
1810	801
1811	807
1812	807
1813	254
1814	709
1815	708
1816	702
1817	327
1818	708
1819	328
1820	702
1821	78
1822	707
1823	808
1824	700
1825	78
1826	78
1827	79
1828	263
1829	2440
1830	108
1831	596
1832	698
1833	697
1834	777
1835	778
1836	777
1837	284
1838	283
1839	287
1840	782
1841	781
1842	791
1843	791
1844	281
1845	325
1846	792
1847	281
1848	793
1849	793
1850	779
1851	741
1852	777
1853	777
1854	698
1855	286
1856	793
1857	793
1858	779
1859	779
1860	283
1861	745
1862	779
1863	786
1864	725
1865	727
1866	883
1867	726
1868	840
1869	726
1870	724
1871	725
1872	774
1873	746
1874	742
1875	742
1876	725
1877	727
1878	841
1879	883
1880	827
1881	698
1882	697
1883	698
1884	698
1885	285
1886	697
1887	294
1888	243
1889	246
1890	575
1891	245
1892	295
1893	236
1894	2508
1895	2511
1896	2513
1897	242
1898	241
1899	303
1900	303
1901	266
1902	233
1903	233
1904	304
1905	305
1906	158
1907	841
1908	883
1909	840
1910	299
1911	296
1912	242
1913	251
1914	251
1915	176
1916	307
1917	307
1918	309
1919	310
1920	309
1921	311
1922	319
1923	68
1924	236
1925	293
1926	237
1927	298
1928	310
1929	173
1930	157
1931	157
1932	157
1933	311
1934	319
1935	314
1936	171
1937	157
1938	164
1939	315
1940	157
1941	316
1942	317
1943	145
1944	171
1945	620
1946	157
1947	313
1948	146
1949	146
1950	318
1951	145
1952	144
1953	144
1954	146
1955	108
1956	325
1957	281
1958	281
1959	779
1960	709
1961	107
1962	79
1963	79
1964	79
1965	276
1966	793
1967	793
1968	78
1969	77
1970	77
1971	77
1972	328
1973	738
1974	738
1975	254
1976	818
1977	818
1978	567
1979	449
2162	366
2169	709
2170	705
2171	801
2172	801
2173	705
2174	801
2175	708
2176	709
2177	799
2178	807
2179	801
2180	705
2181	709
2182	709
2183	799
2184	67
2185	67
2186	218
2187	218
2188	2484
2189	216
2190	224
2191	213
2192	212
2193	92
2194	206
2195	206
2196	205
2197	186
2198	186
2199	123
2200	117
2201	117
2202	120
2203	123
2204	123
2205	220
2206	218
2207	217
2208	337
2209	339
2210	374
2211	211
2212	91
2213	222
2214	95
2215	204
2216	94
2217	123
2218	448
2219	448
2220	116
2221	116
2222	121
2223	121
2224	699
2225	281
2226	779
2227	325
2228	265
2229	108
2230	325
2231	99
2232	98
2233	185
2237	397
2238	422
2239	422
2240	424
2241	425
2242	401
2243	917
2244	580
2245	579
2258	37
2263	690
2264	415
2265	417
2266	417
2267	691
2268	691
2269	690
2270	442
2271	418
2272	441
2273	418
2274	439
2275	441
2276	397
2277	397
2278	422
2279	422
2280	423
2281	423
2282	425
2283	425
2284	425
2285	541
2286	4102
2287	4102
2288	3912
2289	4102
2290	3912
2291	429
2292	431
2293	496
2294	499
2295	493
2296	436
2297	497
2298	501
2299	450
2300	501
2301	504
2302	4039
2303	4036
2304	4032
2305	4289
2306	439
2307	440
2308	4032
2309	438
2310	4036
2311	4032
2312	4289
2313	504
2314	518
2315	411
2316	4250
2317	537
2318	4202
2319	519
2320	451
2321	443
2322	439
2323	441
2324	457
2325	455
2326	456
2327	492
2328	458
2329	459
2330	625
2331	460
2332	467
2333	461
2334	463
2335	464
2336	465
2337	466
2338	624
2339	619
2340	461
2341	462
2342	469
2343	470
2344	471
2345	624
2346	609
2347	481
2348	475
2349	476
2350	477
2351	478
2352	623
2353	486
2354	480
2355	482
2356	483
2357	484
2358	485
2359	621
2360	486
2361	616
2362	489
2363	615
2364	491
2365	451
2366	503
2367	4202
2368	450
2369	498
2370	493
2371	499
2372	493
2373	4148
2374	4142
2375	4201
2376	4200
2377	499
2378	4206
2379	417
2380	415
2381	504
2382	519
2383	521
2384	521
2385	521
2386	4313
2387	519
2388	519
2389	519
2390	521
2391	522
2400	509
2401	510
2402	511
2403	512
2404	513
2405	514
2406	515
2407	515
2411	521
2412	522
2413	410
2414	523
2415	524
2416	524
2418	526
2420	528
2422	641
2424	645
2426	644
2428	533
2429	665
2430	667
2431	665
2432	667
2433	521
2434	410
2436	62
2440	523
2441	523
2442	525
2443	527
2444	529
2445	641
2446	532
2447	531
2448	534
2449	533
2450	667
2451	418
2452	419
2453	419
2454	420
2455	419
2456	453
2457	544
2458	453
2459	608
2460	549
2461	548
2462	402
2463	404
2464	420
2465	542
2466	557
2467	550
2468	557
2469	547
2470	579
2471	405
2472	551
2473	552
2474	578
2475	578
2476	577
2477	553
2478	552
2479	554
2480	555
2481	556
2482	603
2483	602
2484	564
2485	563
2486	600
2487	566
2488	569
2489	817
2490	817
2491	566
2492	817
2493	813
2494	397
2495	573
2496	819
2497	573
2498	397
2499	573
2500	397
2501	816
2502	914
2503	422
2504	631
2505	414
2506	414
2507	4297
2508	413
2509	593
2510	599
2511	590
2512	590
2513	597
2514	405
2515	591
2516	586
2517	581
2518	400
2519	400
2520	583
2521	583
2522	424
2523	583
2524	583
2525	399
2526	399
2527	689
2528	689
2529	597
2530	595
2531	593
2532	889
2533	584
2534	588
2535	582
2536	583
2537	598
2538	592
2539	689
2540	836
2541	861
2542	885
2543	827
2544	833
2545	827
2546	859
2547	889
2548	598
2549	891
2550	890
2551	900
2552	589
2553	861
2554	595
2555	593
2556	827
2557	593
2558	596
2559	593
2560	594
2561	594
2562	596
2563	601
2564	556
2565	559
2566	576
2567	559
2568	611
2569	604
2570	606
2571	603
2572	603
2573	555
2574	554
2575	607
2576	605
2577	577
2578	608
2579	545
2580	472
2581	610
2582	473
2583	895
2584	827
2585	885
2586	604
2587	600
2588	555
2589	251
2590	251
2591	176
2592	613
2593	614
2594	615
2595	616
2596	615
2597	617
2598	620
2599	618
2600	550
2601	293
2602	611
2603	561
2604	487
2605	488
2606	619
2607	624
2608	467
2609	486
2610	620
2611	621
2612	622
2613	624
2614	623
2615	471
2616	625
2617	471
2618	466
2619	459
2620	622
2621	624
2622	470
2623	460
2624	4259
2625	456
2626	456
2627	628
2628	509
2629	625
2630	413
2631	423
2632	424
2633	583
2634	582
2635	569
2636	414
2637	414
2638	414
2639	422
2640	422
2641	582
2642	582
2643	631
2644	572
2645	572
2646	572
2647	632
2648	398
2649	398
2650	630
2651	630
2652	630
2653	688
2654	565
2837	4313
2844	569
2845	569
2846	687
2847	569
2848	569
2849	571
2850	813
2851	813
2852	912
2853	817
2854	817
2855	569
2856	569
2857	569
2858	817
2859	617
2860	667
2861	533
2862	533
2863	531
2864	645
2865	641
2866	528
2867	526
2868	524
2869	523
2870	522
2871	522
2872	521
2873	537
2874	499
2875	499
2876	4204
2877	4202
2878	537
2879	665
2880	667
2881	638
2882	644
2883	645
2884	641
2885	528
2886	526
2887	524
2888	410
2889	522
2890	521
2891	521
2892	519
2893	503
2894	4148
2895	495
2896	498
2897	4202
2898	914
2899	583
2900	689
2901	424
2902	418
2903	419
2904	425
2905	440
2906	442
2907	4289
2913	36
2914	36
2915	501
2916	434
2917	494
2918	436
2919	431
2920	427
2921	428
2922	427
2923	818
2924	912
2925	799
2926	912
2927	614
2928	695
2929	1936
2930	827
2931	839
2932	798
2933	708
2934	708
2935	710
2936	783
2937	808
2938	798
2939	822
2940	798
2941	708
2942	700
2943	734
2944	785
2945	708
2946	713
2947	713
2948	798
2949	736
2950	733
2951	738
2952	735
2953	713
2954	728
2955	786
2956	862
2957	754
2958	717
2959	717
2960	754
2961	754
2962	719
2963	755
2964	754
2965	754
2966	754
2967	754
2968	754
2969	971
2970	970
2971	958
2972	862
2973	969
2974	957
2975	879
2976	879
2977	840
2978	883
2979	789
2980	789
2981	729
2982	732
2983	732
2984	719
2985	804
2986	739
2987	735
2988	789
2989	735
2990	789
2991	736
2992	736
2993	732
2994	732
2995	794
2996	794
2997	716
2998	716
2999	716
3000	716
3001	716
3002	716
3003	716
3004	721
3005	721
3006	721
3007	772
3008	754
3009	724
3010	724
3011	726
3012	957
3013	957
3014	958
3015	970
3016	971
3017	974
3018	767
3019	754
3020	754
3021	754
3022	754
3023	755
3024	756
3025	757
3026	806
3027	810
3028	718
3029	730
3030	730
3031	759
3032	759
3033	761
3034	761
3035	761
3036	843
3037	957
3038	957
3039	959
3040	1899
3041	1898
3042	1341
3043	975
3044	975
3045	767
3046	767
3047	768
3048	756
3049	754
3050	879
3051	717
3052	754
3053	715
3054	769
3055	696
3056	749
3057	810
3058	758
3059	759
3060	760
3061	761
3062	840
3063	840
3064	840
3065	735
3066	792
3067	716
3068	716
3069	716
3070	721
3071	840
3072	840
3073	862
3074	804
3075	804
3076	736
3077	736
3078	795
3079	794
3080	955
3081	955
3082	955
3083	728
3084	762
3085	762
3086	762
3087	956
3088	969
3089	1339
3090	971
3091	754
3092	754
3093	754
3094	754
3095	754
3096	754
3097	754
3098	715
3099	719
3100	806
3101	718
3102	729
3103	789
3104	761
3105	728
3106	879
3107	955
3108	779
3109	779
3110	779
3111	740
3112	740
3113	795
3114	733
3115	736
3116	735
3117	713
3118	716
3119	716
3120	738
3121	795
3122	794
3123	794
3124	794
3125	794
3126	715
3127	754
3128	734
3129	734
3130	795
3131	795
3132	795
3133	739
3134	715
3135	715
3136	755
3137	804
3138	733
3139	733
3140	733
3141	736
3142	708
3143	731
3144	736
3145	736
3146	757
3147	806
3148	718
3149	718
3150	736
3151	789
3152	789
3153	735
3154	735
3155	789
3156	735
3157	789
3158	789
3159	761
3160	761
3161	761
3162	789
3163	713
3164	713
3165	821
3166	821
3167	713
3168	728
3169	728
3170	728
3171	762
3172	762
3173	761
3174	728
3175	713
3176	736
3177	784
3178	784
3179	798
3180	822
3181	729
3182	729
3183	736
3184	736
3185	736
3186	797
3187	737
3188	699
3189	699
3190	805
3191	805
3192	805
3193	737
3194	739
3195	739
3196	715
3197	804
3198	719
3199	756
3200	756
3201	756
3202	740
3203	716
3204	821
3205	822
3206	822
3207	709
3208	798
3209	821
3210	798
3211	798
3212	708
3213	708
3214	699
3215	785
3216	785
3217	805
3218	785
3219	708
3220	822
3221	822
3222	739
3223	804
3224	756
3225	756
3226	756
3227	699
3228	716
3229	717
3230	716
3231	716
3232	754
3233	767
3234	754
3235	754
3236	779
3237	826
3238	907
3239	907
3240	814
3241	397
3242	814
3243	812
3244	392
3245	826
3246	813
3247	914
3248	633
3249	824
3250	907
3251	825
3252	826
3253	826
3254	907
3255	824
3256	633
3257	825
3258	826
3259	837
3260	836
3261	870
3262	855
3263	855
3264	870
3265	870
3266	952
3267	870
3268	870
3269	869
3270	882
3271	882
3272	869
3273	882
3274	868
3275	947
3276	920
3277	954
3278	955
3279	955
3280	864
3281	827
3282	827
3283	800
3284	790
3285	899
3286	851
3287	844
3288	853
3289	847
3290	892
3291	911
3292	800
3293	911
3294	849
3295	910
3296	910
3297	908
3298	851
3299	854
3300	906
3301	856
3302	856
3303	888
3304	888
3305	888
3306	888
3307	888
3308	918
3309	918
3310	831
3311	890
3312	896
3313	859
3314	828
3315	868
3316	955
3317	955
3318	964
3319	963
3320	1630
3321	882
3322	882
3323	882
3324	870
3325	870
3326	870
3327	871
3328	952
3329	951
3330	875
3331	876
3332	876
3333	921
3334	899
3335	788
3336	787
3337	787
3338	787
3339	763
3340	763
3341	955
3342	955
3343	1686
3344	965
3345	963
3346	1630
3347	1963
3348	1963
3349	1629
3350	1629
3351	1629
3352	1746
3353	869
3354	865
3355	831
3356	831
3357	906
3358	951
3359	868
3360	868
3361	937
3362	921
3363	788
3364	787
3365	763
3366	895
3367	895
3368	865
3369	911
3370	592
3371	589
3372	918
3373	900
3374	890
3375	885
3376	837
3377	837
3378	892
3379	847
3380	849
3381	823
3382	904
3383	901
3384	955
3385	920
3386	947
3387	868
3388	882
3389	869
3390	869
3391	870
3392	870
3393	870
3394	870
3395	870
3396	874
3397	844
3398	820
3399	899
3400	790
3401	763
3402	955
3403	589
3404	589
3405	589
3406	588
3407	584
3408	633
3409	824
3410	893
3411	850
3412	911
3413	856
3414	901
3415	633
3416	584
3417	901
3418	854
3419	854
3420	855
3421	870
3422	870
3423	815
3424	820
3425	820
3426	892
3427	848
3428	906
3429	906
3430	871
3431	871
3432	905
3433	824
3434	824
3435	814
3436	907
3437	907
3438	851
3439	910
3440	893
3441	966
3442	966
3443	844
3444	844
3445	893
3446	842
3447	849
3448	849
3449	849
3450	842
3451	850
3452	800
3453	790
3454	787
3455	787
3456	787
3457	790
3458	826
3459	911
3460	821
3461	821
3462	911
3463	800
3464	800
3465	800
3466	762
3467	762
3468	763
3469	763
3470	911
3471	825
3472	825
3473	825
3474	812
3475	822
3476	899
3477	910
3478	910
3479	893
3480	893
3481	914
3482	915
3483	914
3484	914
3485	853
3486	823
3487	852
3488	915
3489	848
3490	848
3491	871
3492	853
3493	853
3494	871
3495	871
3496	952
3497	588
3498	901
3499	821
3500	821
3501	812
3502	812
3503	826
3504	821
3505	826
3506	812
3507	813
3508	812
3509	914
3510	915
3511	915
3512	916
3513	824
3514	813
3515	912
3516	817
3517	848
3518	847
3519	1963
3520	952
3521	952
3522	914
3523	888
3524	831
3525	900
3526	888
3527	870
3528	1629
3529	870
3530	870
3531	589
3532	822
3533	821
3534	799
3535	821
3536	821
3537	822
3538	821
3539	821
3540	713
3541	728
3542	728
3543	713
3544	838
3545	762
3546	737
3547	930
3548	975
3549	760
3550	760
3551	760
3552	760
3553	762
3554	760
3555	761
3556	762
3557	760
3558	760
3559	760
3560	760
3561	773
3562	773
3563	976
3564	930
3565	930
3566	1652
3567	1123
3568	1704
3569	1647
3570	1647
3571	762
3572	1704
3573	1709
3574	938
3575	938
3576	1071
3577	938
3578	1698
3579	923
3580	938
3581	930
3582	923
3583	930
3584	930
3585	760
3586	760
3587	760
3588	773
3589	760
3590	760
3591	760
3592	760
3593	760
3594	760
3595	760
3596	760
3597	981
3598	760
3599	762
3600	762
3601	761
3602	762
3603	762
3604	762
3605	762
3606	760
3607	981
3608	981
3609	762
3610	760
3611	760
3612	762
3613	761
3614	760
3615	760
3616	760
3617	771
3618	1745
3619	1724
3620	1745
3621	928
3622	928
3623	776
3624	776
3625	762
3626	928
3627	762
3628	762
3629	776
3630	776
3631	926
3632	926
3633	927
3634	926
3635	1744
3636	1725
3637	1725
3638	1721
3639	1967
3640	1918
3641	1636
3642	1693
3643	1749
3644	1692
3645	1967
3646	1723
3647	1967
3648	1967
3649	1750
3650	1965
3651	1723
3652	1623
3653	1964
3654	1964
3655	1964
3656	928
3657	928
3658	925
3659	926
3660	928
3661	928
3662	776
3663	776
3664	928
3665	776
3666	776
3667	928
3668	928
3669	928
3670	762
3671	762
3672	776
3673	762
3674	762
3675	762
3676	928
3677	928
3678	928
3679	776
3680	928
3681	762
3682	762
3683	776
3684	776
3685	927
3686	927
3687	762
3688	762
3689	762
3690	787
3691	776
3692	927
3693	927
3694	937
3695	1625
3696	1625
3697	1744
3698	1963
3699	1963
3700	1963
3701	1963
3702	1748
3703	1725
3704	1725
3705	1686
3706	960
3707	1636
3708	1936
3709	1936
3710	962
3711	1647
3712	1647
3713	1699
3714	1652
3715	1123
3716	930
3717	930
3718	975
3719	975
3720	975
3721	769
3722	769
3723	770
3724	810
3725	758
3726	760
3727	760
3728	761
3729	761
3730	762
3731	762
3732	1028
3733	1028
3734	1028
3735	1028
3736	1028
3737	1036
3738	1348
3739	1171
3740	1410
3741	1040
3742	1040
3743	1171
3744	1171
3745	1036
3746	1036
3747	1036
3748	1036
3749	1036
3750	1171
3751	1171
3752	1171
3753	1171
3754	1171
3755	1036
3756	1036
3757	1036
3758	1028
3759	1036
3760	1036
3761	1036
3762	1036
3763	1028
3764	1028
3765	1171
3766	1171
3767	1036
3768	1171
3769	1036
3770	1171
3771	1036
3772	1028
3773	1028
3774	1036
3775	1028
3776	1028
3777	1028
3778	1036
3779	1036
3780	1036
3781	1036
3782	1036
3783	1036
3784	1937
3785	762
3786	1414
3787	1917
3788	1151
3789	1290
3790	1707
3791	981
3792	1000
3793	1001
3794	1149
3795	1149
3796	1149
3797	1149
3798	1149
3799	1018
3800	1018
3801	1018
3802	1014
3803	1463
3804	1463
3805	1014
3806	1014
3807	1266
3808	1266
3809	1014
3810	1463
3811	1018
3812	1018
3813	1018
3814	1018
3815	1018
3816	1014
3817	1014
3818	1014
3819	1014
3820	1463
3821	1114
3822	1114
3823	1114
3824	1074
3825	1074
3826	1074
3827	1114
3828	1211
3829	1175
3830	1175
3831	1175
3832	1175
3833	1175
3834	1175
3835	1058
3836	1058
3837	1074
3838	1221
3839	1074
3840	1074
3841	1074
3842	1074
3843	1463
3844	1266
3845	1266
3846	1266
3847	1266
3848	1014
3849	1014
3850	1018
3851	1018
3852	1018
3853	1014
3854	1014
3855	1266
3856	1266
3857	1004
3858	1021
3859	1429
3860	1018
3861	1014
3862	1014
3863	1014
3864	1014
3865	1014
3866	1018
3867	1175
3868	1175
3869	1175
3870	1463
3871	1463
3872	1463
3873	1266
3874	1463
3875	1236
3876	1236
3877	1228
3878	1228
3879	1228
3880	1228
3881	1228
3882	1228
3883	1228
3884	1228
3885	1429
3886	1228
3887	1236
3888	1413
3889	1377
3890	1377
3891	1060
3892	1160
3893	1371
3894	1423
3895	1154
3896	1063
3897	1063
3898	1059
3899	1413
3900	1423
3901	1063
3902	1343
3903	1343
3904	1343
3905	1343
3906	1423
3907	1377
3908	1062
3909	1062
3910	1150
3911	1163
3912	1163
3913	1161
3914	1166
3915	1150
3916	1084
3917	1089
3918	1089
3919	1062
3920	1154
3921	1150
3922	1266
3923	1213
3924	1236
3925	1231
3926	1443
3927	1221
3928	1216
3929	1441
3930	1441
3931	999
3932	999
3933	999
3934	1224
3935	1443
3936	1229
3937	999
3938	1228
3939	999
3940	1444
3941	1228
3942	1231
3943	1444
3944	1349
3945	1349
3946	1001
3947	1001
3948	1441
3949	1441
3950	999
3951	999
3952	999
3953	999
3954	999
3955	999
3956	999
3957	996
3958	1429
3959	1429
3960	996
3961	1351
3962	1351
3963	1351
3964	996
3965	996
3966	996
3967	996
3968	996
3969	996
3970	996
3971	996
3972	1149
3973	1149
3974	996
3975	1351
3976	1036
3977	1170
3978	1170
3979	1170
3980	1170
3981	1147
3982	1170
3983	1147
3984	1348
3985	1416
3986	1149
3987	1416
3988	1416
3989	1416
3990	1416
3991	1416
3992	1416
3993	1416
3994	1148
3995	1148
3996	1228
3997	1228
3998	1205
3999	1205
4000	1253
4001	945
4002	1251
4003	1249
4004	1211
4005	1219
4006	1224
4007	1219
4008	1220
4009	1175
4010	1220
4011	1436
4012	1429
4013	1211
4014	1211
4015	1114
4016	1114
4017	1175
4018	1205
4019	996
4020	1148
4021	1148
4022	996
4023	1148
4024	1149
4025	981
4026	981
4027	981
4028	760
4029	1172
4030	1170
4031	1172
4032	1172
4033	1411
4034	1411
4035	1410
4036	1411
4037	929
4038	1043
4039	981
4040	981
4041	1020
4042	1018
4043	1020
4044	1020
4045	1020
4046	1020
4047	1020
4048	1266
4049	1020
4050	1020
4051	1020
4052	1020
4053	1020
4054	1351
4055	1149
4056	1149
4057	1149
4058	1149
4059	1149
4060	1149
4061	1205
4062	1429
4063	1204
4064	1266
4065	1021
4066	1020
4067	1429
4068	1020
4069	1429
4070	1351
4071	1351
4072	1351
4073	1266
4074	1266
4075	1266
4076	1266
4077	1018
4078	1021
4079	1020
4080	1020
4081	1171
4082	1040
4083	1149
4084	1149
4085	1149
4086	1149
4087	1149
4088	1409
4089	1409
4090	1409
4091	1118
4092	1118
4093	1119
4094	1348
4095	1348
4096	1348
4097	1170
4098	1170
4099	1170
4100	1170
4101	1411
4102	1410
4103	1410
4104	929
4105	929
4106	1170
4107	1170
4108	1170
4109	1170
4110	1042
4111	1108
4112	1042
4113	1118
4114	943
4115	945
4116	1109
4117	945
4118	1410
4119	1040
4120	1040
4121	981
4122	981
4123	981
4124	981
4125	981
4126	760
4127	760
4128	773
4129	773
4130	979
4131	979
4132	978
4133	978
4134	978
4135	929
4136	1410
4137	1040
4138	1040
4139	1040
4140	1040
4141	1040
4142	1040
4143	929
4144	981
4145	981
4146	981
4147	981
4148	981
4149	809
4150	771
4151	770
4152	978
4153	977
4154	977
4155	1149
4156	1149
4157	1149
4158	1020
4159	1149
4160	1020
4161	1023
4162	1018
4163	1023
4164	1020
4165	1020
4166	1180
4167	1014
4168	1018
4169	1018
4170	1018
4171	1018
4172	1018
4173	1018
4174	1018
4175	1018
4176	1019
4177	1019
4178	1023
4179	1023
4180	1020
4181	1020
4182	1149
4183	1149
4184	1149
4185	1149
4186	1149
4187	1149
4188	1149
4189	1149
4190	1149
4191	1149
4192	1149
4193	1149
4194	1149
4195	1149
4196	1149
4197	1149
4198	1149
4199	1149
4200	1149
4201	1149
4202	1149
4203	1149
4204	1149
4205	1149
4206	1149
4207	1149
4208	1149
4209	1149
4210	1014
4211	1018
4212	1018
4213	1018
4214	1018
4215	1149
4216	1149
4217	1149
4218	1149
4219	1149
4220	1149
4221	1149
4222	1149
4223	1149
4224	1149
4225	1149
4226	1149
4227	1149
4228	1149
4229	1149
4230	1149
4231	1149
4232	1149
4233	1149
4234	1149
4235	1149
4236	1149
4237	1149
4238	1149
4239	1149
4240	1149
4241	1149
4242	1149
4243	1028
4244	1028
4245	1028
4246	1028
4247	1028
4248	1028
4249	1028
4250	1028
4251	1028
4252	1028
4253	1149
4254	1149
4255	1149
4256	1149
4257	1149
4258	1149
4259	1149
4260	1149
4261	1149
4262	1149
4263	1149
4264	1149
4265	1149
4266	1149
4267	1149
4268	1149
4269	1149
4270	1149
4271	1149
4272	1149
4273	1149
4274	1149
4275	1149
4276	1149
4277	1149
4278	1149
4279	1149
4280	1149
4281	1028
4282	1028
4283	1028
4284	1028
4285	1028
4286	1028
4287	1028
4288	1028
4289	1028
4290	1028
4291	1028
4292	1028
4293	1149
4294	1149
4295	1149
4296	1149
4297	1149
4298	1149
4299	1149
4300	1149
4301	1149
4302	1149
4303	1149
4304	1149
4305	1149
4306	1149
4307	1149
4308	1149
4309	1149
4310	1348
4311	1028
4312	1028
4313	1028
4314	1028
4315	1028
4316	1028
4317	1028
4318	1028
4319	1028
4320	1028
4321	1028
4322	1028
4323	1149
4324	1149
4325	1149
4326	1149
4327	1149
4328	1149
4329	1348
4330	1028
4331	1149
4332	1149
4333	1149
4334	1149
4335	1149
4336	1149
4337	1149
4338	1149
4339	1149
4340	1149
4341	1429
4342	1020
4343	1020
4344	1023
4345	1042
4346	1042
4347	1018
4348	1018
4349	1018
4350	1036
4351	1172
4352	1429
4353	1463
4354	1463
4355	1463
4356	1463
4357	1262
4358	1463
4359	1463
4360	1236
4361	1236
4362	1001
4363	999
4364	1059
4365	1349
4366	1349
4367	1343
4368	1343
4369	1074
4370	1058
4371	1058
4372	1058
4373	1058
4374	1058
4375	1058
4376	939
4377	1698
4378	1651
4379	1074
4380	1074
4381	1056
4382	1056
4383	1056
4384	1074
4385	1074
4386	1056
4387	1056
4388	1056
4389	1056
4390	1056
4391	1074
4392	1074
4393	1385
4394	1061
4395	1061
4396	1353
4397	1353
4398	1065
4399	1056
4400	1065
4401	1353
4402	1065
4403	1065
4404	1110
4405	1116
4406	1116
4407	1110
4408	1703
4409	1175
4410	1175
4411	1678
4412	1711
4413	1711
4414	1716
4415	1717
4416	1717
4417	1074
4418	1288
4419	1358
4420	1884
4421	1079
4422	1079
4423	1079
4424	1357
4425	1287
4426	1884
4427	1362
4428	1362
4429	1362
4430	1086
4431	1287
4432	1075
4433	1354
4434	1355
4435	1354
4436	1354
4437	1061
4438	1082
4439	1061
4440	1061
4441	1385
4442	1102
4443	1100
4444	1101
4445	1945
4446	1083
4447	1682
4448	1654
4449	1682
4450	1654
4451	1661
4452	1654
4453	1114
4454	1114
4455	1114
4456	922
4457	939
4458	939
4459	939
4460	1114
4461	1175
4462	1175
4463	1114
4464	1175
4465	1175
4466	1074
4467	1116
4468	1116
4469	939
4470	1110
4471	944
4472	944
4473	939
4474	922
4475	1678
4476	1706
4477	1707
4478	1712
4479	1713
4480	1679
4481	1947
4482	1706
4483	1707
4484	1708
4485	1708
4486	1681
4487	1700
4488	1333
4489	1702
4490	1703
4491	1681
4492	1700
4493	1701
4494	1702
4495	1703
4496	1130
4497	1130
4498	1701
4499	1696
4500	1703
4501	1130
4502	1130
4503	1131
4504	1114
4505	1114
4506	1074
4507	1110
4508	944
4509	945
4510	945
4511	924
4512	945
4513	924
4514	944
4515	1174
4516	1173
4517	1174
4518	1353
4519	1354
4520	1373
4521	1084
4522	1084
4523	1084
4524	1084
4525	1089
4526	1089
4527	1089
4528	1061
4529	1363
4530	1363
4531	1363
4532	1385
4533	1353
4534	1385
4535	1061
4536	1061
4537	1058
4538	1223
4539	1074
4540	1074
4541	1222
4542	1056
4543	1056
4544	1056
4545	1065
4546	1363
4547	1363
4548	1354
4549	1355
4550	1084
4551	1084
4552	1079
4553	1078
4554	1355
4555	1355
4556	1079
4557	1079
4558	1376
4559	1061
4560	943
4561	924
4562	1109
4563	1360
4564	980
4565	1042
4566	943
4567	924
4568	924
4569	980
4570	980
4571	979
4572	924
4573	924
4574	775
4575	980
4576	979
4577	978
4578	924
4579	922
4580	1074
4581	1074
4582	1074
4583	1058
4584	1175
4585	1175
4586	1113
4587	1116
4588	1116
4589	1116
4590	1116
4591	1114
4592	1116
4593	1116
4594	1116
4595	1116
4596	1343
4597	1349
4598	1014
4599	1014
4600	1008
4601	1343
4602	1343
4603	1349
4604	999
4605	1441
4606	1236
4607	1236
4608	1266
4609	1363
4610	1237
4611	1056
4612	1363
4613	1040
4614	981
4615	1250
4616	1429
4617	1429
4618	1429
4619	1429
4620	1429
4621	1429
4622	1429
4623	1429
4624	1429
4625	1014
4626	1014
4627	1014
4628	1014
4629	1266
4630	1266
4631	1266
4632	1008
4633	1008
4634	1349
4635	1349
4636	1349
4637	1568
4638	1568
4639	1149
4640	1149
4641	1149
4642	1149
4643	1149
4644	1149
4645	1168
4646	1168
4647	1168
4648	1049
4649	1180
4650	1180
4651	1568
4652	1018
4653	1568
4654	1018
4655	1568
4656	1568
4657	1018
4658	1018
4659	1568
4660	1019
4661	1568
4662	1344
4663	1149
4664	1149
4665	1149
4666	1149
4667	1149
4668	1149
4669	1149
4670	1149
4671	1149
4672	1149
4673	1149
4674	1149
4675	1149
4676	1149
4677	1149
4678	1180
4679	1018
4680	1180
4681	1018
4682	1018
4683	1018
4684	1018
4685	1018
4686	1018
4687	1018
4688	1019
4689	1019
4690	1023
4691	1023
4692	1020
4693	1020
4694	1149
4695	1149
4696	1149
4697	1149
4698	1149
4699	1149
4700	1149
4701	1149
4702	1149
4703	1149
4704	1149
4705	1149
4706	1149
4707	1149
4708	1149
4709	1149
4710	1149
4711	1149
4712	1180
4713	1018
4714	1180
4715	1018
4716	1018
4717	1018
4718	1018
4719	1018
4720	1018
4721	1018
4722	1019
4723	1019
4724	1023
4725	1023
4726	1020
4727	1020
4728	1149
4729	1149
4730	1149
4731	1149
4732	1149
4733	1149
4734	1149
4735	1149
4736	1149
4737	1149
4738	1149
4739	1149
4740	1149
4741	1149
4742	1149
4743	1149
4744	1149
4745	1149
4746	1149
4747	1149
4748	1149
4749	1149
4750	1149
4751	1149
4752	1149
4753	1149
4754	1149
4755	1149
4756	1149
4757	1168
4758	1168
4759	1168
4760	1168
4761	1168
4762	1168
4763	1029
4764	1029
4765	1029
4766	1029
4767	1029
4768	1029
4769	1149
4770	1149
4771	1149
4772	1149
4773	1149
4774	1149
4775	1149
4776	1149
4777	1149
4778	1149
4779	1149
4780	1149
4781	1168
4782	1149
4783	1168
4784	1168
4785	1168
4786	1168
4787	1029
4788	1029
4789	1029
4790	1029
4791	1029
4792	1029
4793	1149
4794	1149
4795	1149
4796	1149
4797	1149
4798	1149
4799	1149
4800	1149
4801	1149
4802	1149
4803	1149
4804	1149
4805	1149
4806	1149
4807	1168
4808	1029
4809	1029
4810	1029
4811	1029
4812	1029
4813	1029
4814	1029
4815	1029
4816	1029
4817	1149
4818	1149
4819	1028
4820	1029
4821	1028
4822	1028
4823	1029
4824	1028
4825	1029
4826	1029
4827	1028
4828	1028
4829	1211
4830	1175
4831	1211
4832	1175
4833	1211
4834	1175
4835	1211
4836	1175
4837	1211
4838	1175
4839	1211
4840	1175
4841	1175
4842	1058
4843	1058
4844	1175
4845	1175
4846	1175
4847	1175
4848	1175
4849	1175
4850	1175
4851	1175
4852	1175
4853	1175
4854	1175
4855	1114
4856	1114
4857	1114
4858	1116
4859	1116
4860	1116
4861	1116
4862	1116
4863	1116
4864	1116
4865	1116
4866	1116
4867	1116
4868	1116
4869	1116
4870	1116
4871	1116
4872	1116
4873	1116
4874	1116
4875	1116
4876	1116
4877	1116
4878	1116
4879	1116
4880	1114
4881	1114
4882	1116
4883	1116
4884	1116
4885	1116
4886	1116
4887	1116
4888	1116
4889	1116
4890	1114
4891	1116
4892	1116
4893	1114
4894	1114
4895	1058
4896	1058
4897	1116
4898	1114
4899	1058
4900	1116
4901	1116
4902	1058
4903	1058
4904	1058
4905	1058
4906	1211
4907	1175
4908	1114
4909	1114
4910	1114
4911	1058
4912	1058
4913	1058
4914	1058
4915	1058
4916	1116
4917	1116
4918	1074
4919	1074
4920	1074
4921	1074
4922	1074
4923	1074
4924	1074
4925	1074
4926	1074
4927	1074
4928	1058
4929	1058
4930	1175
4931	1175
4932	1175
4933	1175
4934	1074
4935	1074
4936	1074
4937	1074
4938	1058
4939	1058
4940	1058
4941	1058
4942	1058
4943	1058
4944	1175
4945	1175
4946	1113
4947	1113
4948	1113
4949	1113
4950	1116
4951	1116
4952	1114
4953	1114
4954	1114
4955	1114
4956	1114
4957	1116
4958	1058
4959	1058
4960	1058
4961	1058
4962	1058
4963	1058
4964	1058
4965	1074
4966	1116
4967	1116
4968	1175
4969	1175
4970	1058
4971	1058
4972	1058
4973	1058
4974	1074
4975	1074
4976	1074
4977	1074
4978	1074
4979	1074
4980	1074
4981	1175
4982	1175
4983	1175
4984	1114
4985	1114
4986	1211
4987	1211
4988	1211
4989	1074
4990	1113
4991	1175
4992	1113
4993	1113
4994	1175
4995	1175
4996	1058
4997	1058
4998	1058
4999	1058
5000	1058
5001	1058
5002	1058
5003	1074
5004	1074
5005	1074
5006	1113
5007	1113
5008	1175
5009	1058
5010	1058
5011	1058
5012	1074
5013	1113
5014	1175
5015	1175
5016	1175
5017	1175
5018	1175
5019	1175
5020	1175
5021	1175
5022	1175
5023	1175
5024	1175
5025	1175
5026	1175
5027	1175
5028	1175
5029	1175
5030	1175
5031	1058
5032	1058
5033	1058
5034	1058
5035	1058
5036	1058
5037	1058
5038	1058
5039	1058
5040	1058
5041	1058
5042	1221
5043	1223
5044	1058
5045	1058
5046	1058
5047	1074
5048	1074
5049	1074
5050	1223
5051	1058
5052	1074
5053	1074
5054	1074
5055	1074
5056	1074
5057	1074
5058	1058
5059	1058
5060	1074
5061	1074
5062	1074
5063	1074
5064	1074
5065	1074
5066	1074
5067	1074
5068	1074
5069	1058
5070	1074
5071	1074
5072	1074
5073	1058
5074	1058
5075	1175
5076	1058
5077	1058
5078	1058
5079	1058
5080	1058
5081	1058
5082	1058
5083	1175
5084	1175
5085	1175
5086	1175
5087	1175
5088	1175
5089	1175
5090	1175
5091	1175
5092	1175
5093	1175
5094	1114
5095	1114
5096	1114
5097	1114
5098	1114
5099	1114
5100	1114
5101	1114
5102	1114
5103	1114
5104	1211
5105	1116
5106	1116
5107	1116
5108	1116
5109	1116
5110	1116
5111	1116
5112	1116
5113	1114
5114	1114
5115	1175
5116	1175
5117	1175
5118	1116
5119	1116
5120	1116
5121	1116
5122	1114
5123	1114
5124	1114
5125	1114
5126	1114
5127	1114
5128	1114
5129	1114
5130	1114
5131	1114
5132	1114
5133	1114
5134	1114
5135	1175
5136	1175
5137	1175
5138	1175
5139	1175
5140	1114
5141	1114
5142	1114
5143	1114
5144	1114
5145	1113
5146	1113
5147	1113
5148	1175
5149	1175
5150	1175
5151	1211
5152	1175
5153	1114
5154	981
5155	981
5156	1171
5157	1231
5158	1231
5159	1236
5160	1236
5161	1236
5162	1463
5163	1463
5164	1463
5165	1463
5166	1262
5167	1008
5168	1349
5169	1349
5170	1001
5171	1001
5172	1001
5173	1000
5174	999
5175	999
5176	999
5177	999
5178	1444
5179	1235
5180	1235
5181	1235
5182	1235
5183	1235
5184	1463
5185	1463
5186	1463
5187	1463
5188	1463
5189	1463
5190	1463
5191	1235
5192	1235
5193	1235
5194	1235
5195	1235
5196	1235
5197	1235
5198	1235
5199	1235
5200	1235
5201	1235
5202	1235
5203	1235
5204	1235
5205	1235
5206	1235
5207	1235
5208	1235
5209	1235
5210	1235
5211	1235
5212	1235
5213	1001
5214	1235
5215	1235
5216	1001
5217	1001
5218	1235
5219	1235
5220	1235
5221	1235
5222	1235
5223	999
5224	999
5225	1001
5226	1001
5227	1001
5228	1000
5229	999
5230	999
5231	1235
5232	1235
5233	1235
5234	1235
5235	1235
5236	1001
5237	999
5238	1463
5239	1463
5240	1463
5241	1463
5242	1213
5243	1213
5244	1236
5245	1236
5246	1236
5247	1231
5248	1235
5249	1001
5250	1001
5251	1001
5252	1001
5253	1001
5254	1349
5255	1349
5256	1235
5257	1235
5258	1235
5259	1235
5260	1235
5261	1235
5262	1235
5263	1235
5264	1235
5265	1235
5266	1235
5267	1235
5268	1235
5269	1235
5270	1235
5271	1235
5272	1235
5273	1235
5274	1235
5275	1235
5276	1235
5277	1235
5278	1235
5279	1235
5280	1235
5281	1235
5282	1235
5283	1235
5284	1235
5285	1235
5286	1235
5287	1235
5288	1235
5289	1235
5290	1235
5291	1235
5292	1235
5293	1235
5294	1235
5295	1235
5296	1235
5297	1235
5298	1235
5299	1235
5300	1235
5301	1235
5302	1235
5303	1235
5304	1235
5305	1235
5306	1235
5307	1235
5308	1235
5309	1235
5310	1235
5311	1235
5312	1235
5313	1235
5314	1235
5315	1235
5316	1235
5317	1235
5318	1235
5319	1235
5320	1235
5321	1001
5322	1001
5323	1001
5324	1001
5325	1001
5326	1001
5327	1001
5328	1001
5329	1235
5330	1235
5331	1235
5332	1235
5333	1235
5334	1235
5335	1235
5336	1001
5337	1001
5338	1001
5339	1001
5340	1001
5341	1001
5342	1001
5343	1235
5344	1235
5345	1235
5346	1235
5347	1235
5348	1001
5349	1001
5350	1001
5351	1001
5352	1001
5353	1001
5354	1001
5355	1235
5356	1235
5357	1001
5358	1001
5359	1001
5360	1001
5361	1001
5362	1001
5363	1001
5364	1001
5365	1001
5366	1001
5367	1001
5368	1001
5369	1001
5370	1001
5371	1001
5372	1001
5373	1001
5374	1001
5375	1001
5376	1001
5377	1001
5378	1001
5379	1001
5380	1001
5381	1001
5382	1001
5383	1001
5384	1001
5385	1001
5386	1001
5387	1001
5388	1001
5389	1001
5390	1001
5391	1349
5392	1349
5393	1001
5394	1001
5395	1001
5396	1001
5397	1001
5398	1406
5399	1001
5400	1001
5401	1406
5402	1406
5403	1001
5404	1001
5405	1406
5406	1406
5407	1001
5408	1001
5409	1001
5410	1406
5411	1001
5412	1406
5413	1001
5414	1349
5415	1406
5416	1406
5417	1406
5418	1406
5419	1262
5420	1463
5421	1262
5422	1262
5423	1463
5424	1463
5425	1262
5426	1262
5427	1463
5428	1463
5429	1262
5430	1262
5431	1262
5432	1262
5433	1262
5434	1262
5435	1262
5436	1262
5437	1262
5438	1262
5439	1262
5440	1262
5441	1262
5442	1262
5443	1262
5444	1406
5445	1262
5446	1262
5447	1463
5448	1463
5449	1463
5450	1463
5451	1463
5452	1463
5453	1463
5454	1463
5455	1463
5456	1463
5457	1463
5458	1463
5459	1463
5460	1463
5461	1463
5462	1463
5463	1463
5464	1463
5465	1262
5466	1463
5467	1262
5468	1262
5469	1463
5470	1463
5471	1262
5472	1262
5473	1463
5474	1463
5475	1463
5476	1463
5477	1463
5478	1463
5479	1463
5480	1463
5481	1463
5482	1463
5483	1463
5484	1463
5485	1463
5486	1463
5487	1463
5488	1463
5489	1463
5490	1463
5491	1463
5492	1463
5493	1463
5494	1463
5495	1463
5496	1463
5497	1463
5498	1463
5499	1463
5500	1463
5501	1463
5502	1463
5503	1463
5504	1463
5505	1463
5506	1463
5507	1463
5508	1463
5509	1463
5510	1463
5511	1463
5512	1463
5513	1463
5514	1463
5515	1463
5516	1463
5517	1463
5518	1463
5519	1463
5520	1463
5521	1463
5522	1463
5523	1463
5524	1463
5525	1463
5526	1463
5527	1463
5528	1463
5529	1463
5530	1463
5531	1463
5532	1463
5533	1463
5534	1463
5535	1463
5536	1463
5537	1463
5538	1463
5539	1463
5540	1463
5541	1463
5542	1463
5543	1463
5544	1463
5545	1463
5546	1463
5547	1463
5548	1463
5549	1463
5550	1463
5551	1463
5552	1463
5553	1463
5554	1463
5555	1463
5556	1463
5557	1463
5558	1463
5559	1463
5560	1463
5561	1463
5562	1463
5563	1463
5564	1463
5565	1463
5566	1463
5567	1463
5568	1463
5569	1463
5570	1463
5571	1463
5572	1463
5573	1463
5574	1463
5575	1463
5576	1463
5577	1463
5578	1463
5579	1463
5580	1463
5581	1463
5582	1463
5583	1463
5584	1463
5585	1463
5586	1463
5587	1463
5588	1463
5589	1463
5590	1463
5591	1463
5592	1463
5593	1463
5594	1463
5595	1235
5596	1235
5597	1235
5598	1235
5599	1235
5600	1235
5601	1235
5602	1235
5603	1235
5604	1235
5605	1235
5606	1235
5607	1235
5608	1235
5609	1235
5610	1235
5611	1235
5612	1235
5613	1235
5614	1235
5615	1235
5616	1235
5617	1235
5618	1235
5619	1235
5620	1235
5621	1235
5622	1235
5623	1235
5624	1235
5625	1236
5626	1235
5627	1235
5628	1235
5629	1235
5630	1235
5631	1235
5632	1235
5633	1235
5634	1235
5635	1235
5636	1236
5637	1235
5638	1235
5639	1235
5640	1235
5641	1235
5642	1235
5643	1235
5644	1235
5645	1235
5646	1235
5647	1235
5648	1568
5649	1568
5650	1568
5651	1568
5652	1149
5653	1149
5654	1149
5655	1149
5656	1149
5657	1149
5658	1149
5659	1149
5660	1149
5661	1168
5662	1029
5663	1029
5664	1149
5665	1149
5666	1568
5667	1568
5668	1568
5669	1568
5670	1568
5671	1568
5672	1149
5673	1149
5674	1149
5675	1149
5676	1149
5677	1149
5678	1149
5679	1149
5680	1149
5681	1149
5682	1149
5683	1149
5684	1149
5685	1168
5686	1168
5687	1168
5688	1168
5689	1029
5690	1029
5691	1049
5692	1454
5693	1454
5694	1014
5695	1014
5696	1014
5697	1014
5698	1014
5699	1018
5700	1018
5701	1018
5702	1018
5703	1018
5704	1014
5705	1014
5706	1014
5707	1683
5708	1288
5709	1079
5710	1079
5711	1079
5712	1162
5713	1153
5714	1161
5715	1423
5716	1009
5717	1008
5718	1008
5719	1054
5720	1054
5721	1463
5722	1463
5723	1463
5724	1463
5725	1463
5726	1463
5727	1463
5728	1463
5729	1266
5730	1266
5731	1266
5732	1463
5733	1463
5734	1463
5735	1463
5736	1463
5737	1454
5738	1454
5739	1454
5740	1463
5741	1463
5742	1463
5743	1463
5744	1463
5745	1463
5746	1463
5747	1463
5748	1463
5749	1463
5750	1463
5751	1463
5752	1463
5753	1463
5754	1463
5755	1463
5756	1463
5757	1463
5758	1463
5759	1463
5760	1463
5761	1463
5762	1463
5763	1463
5764	1463
5765	1463
5766	1463
5767	1463
5768	1463
5769	1054
5770	1054
5771	1008
5772	1054
5773	1054
5774	1054
5775	1054
5776	1008
5777	1454
5778	1454
5779	1454
5780	1454
5781	1014
5782	1014
5783	1454
5784	1454
5785	1463
5786	1463
5787	1463
5788	1054
5789	1054
5790	1177
5791	1177
5792	1177
5793	1006
5794	1404
5795	1007
5796	1007
5797	1007
5798	1291
5799	1291
5800	1291
5801	1011
5802	1424
5803	1424
5804	1424
5805	1011
5806	1011
5807	1152
5808	1014
5809	1014
5810	1014
5811	1014
5812	1014
5813	1014
5814	1014
5815	1014
5816	1014
5817	1014
5818	1014
5819	1014
5820	1014
5821	1014
5822	1014
5823	1454
5824	1454
5825	1454
5826	1463
5827	1463
5828	1463
5829	1463
5830	1463
5831	1454
5832	1454
5833	1454
5834	1454
5835	1454
5836	1454
5837	1454
5838	1454
5839	1454
5840	1463
5841	1463
5842	1463
5843	1463
5844	1463
5845	1463
5846	1463
5847	1463
5848	1463
5849	1463
5850	1463
5851	1463
5852	1463
5853	1463
5854	1463
5855	1463
5856	1463
5857	1463
5858	1014
5859	1014
5860	1014
5861	1014
5862	1018
5863	1463
5864	1463
5865	1463
5866	1463
5867	1463
5868	1463
5869	1463
5870	1018
5871	1018
5872	1014
5873	1014
5874	1014
5875	1014
5876	1014
5877	1014
5878	1014
5879	1014
5880	1014
5881	1014
5882	1014
5883	1014
5884	1014
5885	1014
5886	1014
5887	1423
5888	1423
5889	1424
5890	1404
5891	1424
5892	1423
5893	1009
5894	1404
5895	1404
5896	1404
5897	1404
5898	1404
5899	1404
5900	1404
5901	1404
5902	1423
5903	1424
5904	1163
5905	1011
5906	1424
5907	1012
5908	1054
5909	1463
5910	1463
5911	1463
5912	1463
5913	1463
5914	1463
5915	1463
5916	1463
5917	1463
5918	1054
5919	1054
5920	1054
5921	1054
5922	1054
5923	1177
5924	1177
5925	1014
5926	1014
5927	1008
5928	1926
5929	1665
5930	1671
5931	1289
5932	1289
5933	1289
5934	1315
5935	1315
5936	1358
5937	1923
5938	1163
5939	1372
5940	1289
5941	1008
5942	1008
5943	1008
5944	1008
5945	1008
5946	1177
5947	1177
5948	1177
5949	1054
5950	1054
5951	1054
5952	1054
5953	1463
5954	1014
5955	1014
5956	1454
5957	1454
5958	1454
5959	1454
5960	1454
5961	1463
5962	1014
5963	1014
5964	1014
5965	1014
5966	1014
5967	1014
5968	1454
5969	1455
5970	1454
5971	1454
5972	1454
5973	1463
5974	1463
5975	1463
5976	1463
5977	1454
5978	1454
5979	1454
5980	1454
5981	1454
5982	1014
5983	1014
5984	1014
5985	1014
5986	1454
5987	1454
5988	1454
5989	1014
5990	1014
5991	1014
5992	1014
5993	1014
5994	1014
5995	1014
5996	1014
5997	1014
5998	1014
5999	1018
6000	1014
6001	1454
6002	1014
6003	1014
6004	1463
6005	1463
6006	1463
6007	1463
6008	1463
6009	1463
6010	1463
6011	1463
6012	1463
6013	1463
6014	1018
6015	1018
6016	1454
6017	1463
6018	1677
6019	1715
6020	1040
6021	1717
6022	981
6023	1040
6024	1291
6025	1151
6026	1714
6027	1291
6028	1665
6029	1675
6030	1314
6031	1314
6032	1853
6033	1717
6034	1717
6035	1713
6036	1376
6037	1385
6038	1376
6039	1060
6040	1062
6041	1062
6042	1363
6043	1363
6044	1060
6045	1363
6046	1363
6047	1363
6048	1059
6049	1363
6050	1363
6051	1363
6052	1204
6053	996
6054	997
6055	1253
6056	1205
6057	1059
6058	1059
6059	1363
6060	1238
6061	1238
6062	1238
6063	1443
6064	1443
6065	1200
6066	1176
6067	1444
6068	1443
6069	1443
6070	1463
6071	1463
6072	1463
6073	1463
6074	1463
6075	1463
6076	1463
6077	1463
6078	1463
6079	1463
6080	1463
6081	1463
6082	1463
6083	1463
6084	1175
6085	1211
6086	945
6087	945
6088	945
6089	945
6090	1065
6091	1056
6092	1056
6093	1074
6094	1058
6095	1114
6096	1114
6097	1174
6098	1228
6099	1228
6100	997
6101	1353
6102	1061
6103	1354
6104	1362
6105	1079
6106	1079
6107	1289
6108	1314
6109	1110
6110	1110
6111	939
6112	1110
6113	1110
6114	1110
6115	939
6116	939
6117	1110
6118	939
6119	1697
6120	1703
6121	1703
6122	1708
6123	1708
6124	1937
6125	1937
6126	1116
6127	1377
6128	1062
6129	996
6130	1351
6131	1056
6132	1065
6133	1061
6134	1354
6135	1362
6136	1079
6137	1336
6138	1385
6139	1289
6140	1314
6141	1056
6142	1353
6143	1061
6144	1354
6145	1362
6146	1079
6147	1079
6148	1289
6149	1314
6150	1074
6151	1056
6152	1056
6153	1065
6154	1353
6155	1061
6156	1354
6157	1362
6158	1079
6159	1079
6160	1289
6161	1314
6162	1056
6163	1065
6164	1353
6165	1061
6166	1354
6167	1362
6168	1357
6169	1288
6170	1315
6171	1315
6172	1056
6173	1065
6174	1065
6175	1385
6176	1354
6177	1287
6178	1357
6179	1358
6180	1315
6181	1061
6182	1353
6183	1065
6184	1056
6185	1079
6186	1079
6187	1079
6188	1355
6189	1355
6190	1354
6191	1372
6192	1151
6193	1084
6194	1078
6195	1084
6196	1084
6197	1089
6198	1061
6199	1061
6200	1065
6201	1353
6202	1056
6203	1164
6204	1151
6205	1166
6206	1084
6207	1084
6208	1373
6209	1163
6210	1151
6211	1385
6212	1385
6213	1385
6214	1385
6215	1385
6216	1385
6217	1353
6218	1363
6219	1065
6220	1353
6221	939
6222	1127
6223	1127
6224	1132
6225	1131
6226	1130
6227	1130
6228	1105
6229	1353
6230	1385
6231	1385
6232	1385
6233	1385
6234	1060
6235	1385
6236	1363
6237	1385
6238	1385
6239	1065
6240	1065
6241	1661
6242	1661
6243	1661
6244	1684
6245	1102
6246	1102
6247	1665
6248	1665
6249	1074
6250	1100
6251	1100
6252	1101
6253	1944
6254	1944
6255	1944
6256	1680
6257	1074
6258	1671
6259	1671
6260	1036
6261	1036
6262	1036
6263	1036
6264	1036
6265	1036
6266	1036
6267	1036
6268	1036
6269	1036
6270	1036
6271	1036
6272	1036
6273	1036
6274	1036
6275	1036
6276	1036
6277	1036
6278	1170
6279	1036
6280	1171
6281	1171
6282	1171
6283	1171
6284	1036
6285	1036
6286	1036
6287	1036
6288	1036
6289	1036
6290	1171
6291	1036
6292	1171
6293	1036
6294	1036
6295	1036
6296	1171
6297	1171
6298	1171
6299	1036
6300	1171
6301	1171
6302	1171
6303	1171
6304	1171
6305	1171
6306	1040
6307	1171
6308	1171
6309	1171
6310	1171
6311	1171
6312	1171
6313	1171
6314	1171
6315	1171
6316	1171
6317	1171
6318	1171
6319	1171
6320	1171
6321	1040
6322	1171
6323	1040
6324	1040
6325	1040
6326	1040
6327	1171
6328	1170
6329	1170
6330	1036
6331	1036
6332	1036
6333	1036
6334	1028
6335	1028
6336	1028
6337	1028
6338	1028
6339	1028
6340	1028
6341	1028
6342	1028
6343	1028
6344	1028
6345	1028
6346	1028
6347	1028
6348	1028
6349	1028
6350	1028
6351	1028
6352	1028
6353	1028
6354	1028
6355	1028
6356	1028
6357	1028
6358	1028
6359	1036
6360	1028
6361	1036
6362	1028
6363	1028
6364	1028
6365	1036
6366	1036
6367	1036
6368	1028
6369	1036
6370	1028
6371	1028
6372	1028
6373	1028
6374	1028
6375	1028
6376	1028
6377	1036
6378	1028
6379	1036
6380	1036
6381	1170
6382	1036
6383	1036
6384	1036
6385	1036
6386	1028
6387	1028
6388	1028
6389	1036
6390	1028
6391	1036
6392	1036
6393	1036
6394	1171
6395	1036
6396	1171
6397	1040
6398	1171
6399	1171
6400	1171
6401	1171
6402	1171
6403	1171
6404	1171
6405	1410
6406	1171
6407	1036
6408	1036
6409	1036
6410	1036
6411	1036
6412	1036
6413	1036
6414	1036
6415	1036
6416	1036
6417	1028
6418	1036
6419	1028
6420	1036
6421	1036
6422	1036
6423	1036
6424	1036
6425	1036
6426	1036
6427	1036
6428	1036
6429	1036
6430	1036
6431	1040
6432	1171
6433	1171
6434	1171
6435	1036
6436	1036
6437	1036
6438	1036
6439	1036
6440	1036
6441	1036
6442	1036
6443	1036
6444	1036
6445	1036
6446	1036
6447	1036
6448	1036
6449	1036
6450	1014
6451	1014
6452	1014
6453	1014
6454	1014
6455	1454
6456	1014
6457	1014
6458	1014
6459	1014
6460	1014
6461	1014
6462	1014
6463	1014
6464	1014
6465	1018
6466	1018
6467	1014
6468	1014
6469	1014
6470	1014
6471	1018
6472	1018
6473	1018
6474	1018
6475	1018
6476	1018
6477	1266
6478	1463
6479	1266
6480	1266
6481	1266
6482	1266
6483	1266
6484	1266
6485	1266
6486	1266
6487	1266
6488	1266
6489	1266
6490	1266
6491	1014
6492	1018
6493	1014
6494	1018
6495	1018
6496	1018
6497	1018
6498	1018
6499	1018
6500	1018
6501	1018
6502	1018
6503	1018
6504	1018
6505	1018
6506	1018
6507	1463
6508	1266
6509	1266
6510	1266
6511	1266
6512	1266
6513	1266
6514	1014
6515	1014
6516	1266
6517	1463
6518	1463
6519	1014
6520	1266
6521	1014
6522	1014
6523	1266
6524	1266
6525	1014
6526	1014
6527	1014
6528	1014
6529	1014
6530	1014
6531	1014
6532	1014
6533	1014
6534	1014
6535	1014
6536	1014
6537	1463
6538	1454
6539	1454
6540	1454
6541	1463
6542	1463
6543	1463
6544	1463
6545	1454
6546	1014
6547	1014
6548	1014
6549	1014
6550	1018
6551	1018
6552	1014
6553	1454
6554	1014
6555	1014
6556	1014
6557	1014
6558	1014
6559	1014
6560	1014
6561	1014
6562	1014
6563	1018
6564	1014
6565	1018
6566	1018
6567	1018
6568	1018
6569	1014
6570	1018
6571	1020
6572	1021
6573	1018
6574	1018
6575	1018
6576	1018
6577	1018
6578	1018
6579	1018
6580	1018
6581	1018
6582	1018
6583	1266
6584	1463
6585	1266
6586	1266
6587	1266
6588	1266
6589	1266
6590	1266
6591	1266
6592	1266
6593	1266
6594	1004
6595	1021
6596	1021
6597	1266
6598	1266
6599	1429
6600	1429
6601	1212
6602	1212
6603	1429
6604	1236
6605	1236
6606	1212
6607	1266
6608	1266
6609	1236
6610	1429
6611	1429
6612	1429
6613	1236
6614	1236
6615	1429
6616	1429
6617	1429
6618	1429
6619	1228
6620	1228
6621	1429
6622	1429
6623	1429
6624	1429
6625	1429
6626	1429
6627	1228
6628	1228
6629	1205
6630	1429
6631	1429
6632	1205
6633	1205
6634	1228
6635	1228
6636	1205
6637	1205
6638	1205
6639	1253
6640	1205
6641	1228
6642	1205
6643	1228
6644	1228
6645	1228
6646	1228
6647	1253
6648	1228
6649	1228
6650	1228
6651	1224
6652	1229
6653	1229
6654	1436
6655	1224
6656	1218
6657	1224
6658	1224
6659	1224
6660	1205
6661	1205
6662	1205
6663	1205
6664	1429
6665	1429
6666	1205
6667	1429
6668	1429
6669	1429
6670	1204
6671	1429
6672	1429
6673	1429
6674	1351
6675	1429
6676	996
6677	1429
6678	1429
6679	1429
6680	1429
6681	1429
6682	1429
6683	1429
6684	1429
6685	1429
6686	1429
6687	1429
6688	1429
6689	1429
6690	1429
6691	1429
6692	1429
6693	1429
6694	1429
6695	1429
6696	1020
6697	1429
6698	1429
6699	981
6700	980
6701	980
6702	1043
6703	981
6704	981
6705	981
6706	760
6707	981
6708	981
6709	981
6710	929
6711	981
6712	981
6713	981
6714	981
6715	981
6716	980
6717	980
6718	1043
6719	1043
6720	929
6721	929
6722	929
6723	929
6724	929
6725	929
6726	929
6727	1042
6728	980
6729	1411
6730	1043
6731	1043
6732	1043
6733	1410
6734	1410
6735	1410
6736	929
6737	929
6738	1250
6739	1251
6740	1204
6741	1250
6742	1249
6743	1249
6744	1251
6745	1251
6746	996
6747	996
6748	1249
6749	1249
6750	996
6751	996
6752	996
6753	1119
6754	996
6755	996
6756	1416
6757	1416
6758	1119
6759	1360
6760	1253
6761	1255
6762	1253
6763	997
6764	997
6765	1205
6766	1204
6767	996
6768	996
6769	996
6770	996
6771	996
6772	996
6773	1020
6774	1020
6775	1020
6776	1020
6777	1021
6778	1410
6779	1040
6780	1040
6781	1040
6782	1040
6783	929
6784	1410
6785	929
6786	1040
6787	1040
6788	1040
6789	929
6790	929
6791	929
6792	981
6793	981
6794	981
6795	981
6796	981
6797	981
6798	981
6799	981
6800	1040
6801	1040
6802	1040
6803	981
6804	981
6805	981
6806	1040
6807	1040
6808	1040
6809	981
6810	981
6811	1040
6812	1040
6813	1040
6814	1040
6815	1171
6816	1040
6817	1040
6818	1040
6819	1040
6820	1040
6821	1040
6822	1040
6823	1040
6824	1040
6825	1040
6826	1040
6827	1040
6828	1040
6829	1040
6830	1040
6831	1040
6832	981
6833	981
6834	1410
6835	1410
6836	1410
6837	1410
6838	1410
6839	1059
6840	1063
6841	1059
6842	1059
6843	1059
6844	1363
6845	1363
6846	1059
6847	1059
6848	1059
6849	1059
6850	1059
6851	1000
6852	1059
6853	1363
6854	1059
6855	1059
6856	1343
6857	1343
6858	1343
6859	1349
6860	1349
6861	1063
6862	1063
6863	1343
6864	1377
6865	1343
6866	1413
6867	1377
6868	1377
6869	1377
6870	1377
6871	1413
6872	1413
6873	1423
6874	1343
6875	1343
6876	1343
6877	1343
6878	1343
6879	1009
6880	1423
6881	1167
6882	1167
6883	1423
6884	1423
6885	999
6886	999
6887	1238
6888	1441
6889	1363
6890	1363
6891	1363
6892	1363
6893	1056
6894	1363
6895	1363
6896	1363
6897	1363
6898	999
6899	1441
6900	1238
6901	1238
6902	1238
6903	1238
6904	1056
6905	1056
6906	1056
6907	999
6908	1441
6909	1238
6910	1238
6911	1238
6912	1238
6913	1237
6914	1237
6915	1216
6916	1216
6917	1056
6918	1056
6919	1056
6920	999
6921	1238
6922	1238
6923	1238
6924	1238
6925	1238
6926	1216
6927	1216
6928	1216
6929	1074
6930	1222
6931	1443
6932	999
6933	1441
6934	1443
6935	1443
6936	1443
6937	1443
6938	1443
6939	1232
6940	1443
6941	1232
6942	1232
6943	1216
6944	1363
6945	1363
6946	1213
6947	1236
6948	1236
6949	1236
6950	1236
6951	1213
6952	1213
6953	1463
6954	1266
6955	1236
6956	1236
6957	1236
6958	1236
6959	1213
6960	1236
6961	1236
6962	1236
6963	1236
6964	1236
6965	1236
6966	1236
6967	1236
6968	1236
6969	1236
6970	1236
6971	1228
6972	1236
6973	1463
6974	1266
6975	1463
6976	1463
6977	1463
6978	1463
6979	1463
6980	1463
6981	1463
6982	1231
6983	1231
6984	1231
6985	1231
6986	1228
6987	1228
6988	1231
6989	1228
6990	1228
6991	1231
6992	1231
6993	1231
6994	1228
6995	1228
6996	1228
6997	1228
6998	1228
6999	1231
7000	1231
7001	1228
7002	1228
7003	1444
7004	1231
7005	1235
7006	1231
7007	1444
7008	1444
7009	1444
7010	1444
7011	999
7012	999
7013	1235
7014	1444
7015	999
7016	999
7017	999
7018	999
7019	999
7020	999
7021	999
7022	999
7023	999
7024	999
7025	999
7026	999
7027	999
7028	999
7029	999
7030	999
7031	999
7032	999
7033	1000
7034	999
7035	1000
7036	1000
7037	1228
7038	1228
7039	999
7040	999
7041	999
7042	999
7043	999
7044	999
7045	999
7046	999
7047	999
7048	999
7049	1000
7050	999
7051	1000
7052	1000
7053	1001
7054	1001
7055	1001
7056	1001
7057	1008
7058	1343
7059	1343
7060	1008
7061	1008
7062	1008
7063	1008
7064	1008
7065	1000
7066	1000
7067	1349
7068	1066
7069	1059
7070	1349
7071	1001
7072	1349
7073	1343
7074	1349
7075	1349
7076	1343
7077	1343
7078	1008
7079	1009
7080	1463
7081	1463
7082	1266
7083	1266
7084	1266
7085	1266
7086	1266
7087	1204
7088	1014
7089	1014
7090	1014
7091	1014
7092	1014
7093	1014
7094	1014
7095	1014
7096	1020
7097	1020
7098	1020
7099	1020
7100	1018
7101	1020
7102	1020
7103	1349
7104	1349
7105	1349
7106	1349
7107	1343
7108	1463
7109	1463
7110	1463
7111	1262
7112	1262
7113	1054
7114	1463
7115	1463
7116	1463
7117	1110
7118	1116
7119	1116
7120	1116
7121	1116
7122	1110
7123	1110
7124	1110
7125	1110
7126	1110
7127	1116
7128	1116
7129	1110
7130	1110
7131	1116
7132	1116
7133	1116
7134	1116
7135	1110
7136	1110
7137	922
7138	922
7139	922
7140	944
7141	944
7142	944
7143	944
7144	922
7145	922
7146	944
7147	944
7148	924
7149	922
7150	1110
7151	944
7152	1110
7153	1110
7154	944
7155	1110
7156	945
7157	945
7158	945
7159	1110
7160	1110
7161	978
7162	978
7163	978
7164	978
7165	978
7166	924
7167	924
7168	924
7169	979
7170	979
7171	978
7172	978
7173	978
7174	978
7175	980
7176	980
7177	979
7178	979
7179	979
7180	979
7181	775
7182	773
7183	773
7184	980
7185	981
7186	981
7187	760
7188	760
7189	922
7190	922
7191	809
7192	981
7193	981
7194	981
7195	981
7196	922
7197	978
7198	977
7199	977
7200	924
7201	924
7202	924
7203	1175
7204	1219
7205	1175
7206	1211
7207	1211
7208	1175
7209	1175
7210	1175
7211	978
7212	978
7213	978
7214	978
7215	978
7216	771
7217	771
7218	978
7219	771
7220	773
7221	773
7222	771
7223	773
7224	760
7225	924
7226	924
7227	978
7228	943
7229	943
7230	979
7231	979
7232	979
7233	980
7234	980
7235	945
7236	924
7237	924
7238	924
7239	924
7240	924
7241	924
7242	943
7243	943
7244	943
7245	943
7246	943
7247	980
7248	980
7249	945
7250	945
7251	945
7252	945
7253	945
7254	945
7255	945
7256	945
7257	945
7258	945
7259	943
7260	924
7261	924
7262	924
7263	943
7264	943
7265	943
7266	943
7267	1042
7268	1042
7269	1042
7270	1219
7271	1219
7272	1219
7273	1251
7274	1251
7275	1176
7276	1176
7277	1176
7278	1109
7279	1109
7280	1176
7281	1119
7282	1109
7283	1119
7284	1148
7285	1148
7286	1118
7287	1119
7288	1211
7289	1211
7290	1211
7291	1211
7292	1114
7293	1114
7294	1174
7295	1109
7296	1109
7297	1109
7298	1109
7299	1109
7300	1109
7301	1118
7302	1118
7303	1108
7304	1118
7305	1118
7306	1118
7307	1114
7308	1114
7309	1211
7310	1211
7311	1173
7312	1173
7313	1174
7314	1174
7315	1174
7316	1174
7317	1174
7318	945
7319	945
7320	945
7321	945
7322	945
7323	945
7324	943
7325	943
7326	943
7327	1042
7328	1174
7329	945
7330	945
7331	981
7332	981
7333	981
7334	981
7335	981
7336	981
7337	981
7338	981
7339	981
7340	981
7341	981
7342	1061
7343	1061
7344	1061
7345	1061
7346	1376
7347	1061
7348	1385
7349	1385
7350	1061
7351	1089
7352	1089
7353	1061
7354	1061
7355	1089
7356	1089
7357	1089
7358	1089
7359	1089
7360	1089
7361	1084
7362	1084
7363	1089
7364	1089
7365	1084
7366	1373
7367	1166
7368	1150
7369	1084
7370	1166
7371	1163
7372	1163
7373	1162
7374	1162
7375	1363
7376	1363
7377	1363
7378	1056
7379	1056
7380	1363
7381	1363
7382	1363
7383	1363
7384	1363
7385	1056
7386	1056
7387	1363
7388	1363
7389	1363
7390	1056
7391	1056
7392	1056
7393	1056
7394	1056
7395	1056
7396	1056
7397	1222
7398	1056
7399	1074
7400	1074
7401	1056
7402	1221
7403	1221
7404	1074
7405	1058
7406	1058
7407	1074
7408	1221
7409	1218
7410	1223
7411	1175
7412	1220
7413	1058
7414	1385
7415	1385
7416	1385
7417	1385
7418	1385
7419	1376
7420	1385
7421	1353
7422	1353
7423	1353
7424	1385
7425	1363
7426	1363
7427	1060
7428	1060
7429	1363
7430	1363
7431	1173
7432	1173
7433	1114
7434	1114
7435	1114
7436	1211
7437	1175
7438	1174
7439	1110
7440	1174
7441	1173
7442	1173
7443	1173
7444	945
7445	945
7446	945
7447	945
7448	945
7449	944
7450	944
7451	1110
7452	1211
7453	1175
7454	1175
7455	1211
7456	1211
7457	1114
7458	1114
7459	1211
7460	1211
7461	1175
7462	1175
7463	1175
7464	1175
7465	1175
7466	1175
7467	1175
7468	922
7469	944
7470	939
7471	1110
7472	1114
7473	1114
7474	1114
7475	1116
7476	1114
7477	1116
7478	1116
7479	1116
7480	1116
7481	1175
7482	1175
7483	1116
7484	1116
7485	1110
7486	1008
7487	1008
7488	1008
7489	1008
7490	1343
7491	1349
7492	1349
7493	1001
7494	1001
7495	1001
7496	1001
7497	1001
7498	1001
7499	1001
7500	1236
7501	1236
7502	1236
7503	1236
7504	1463
7505	1463
7506	1463
7507	1463
7508	1463
7509	1463
7510	1463
7511	1463
7512	1463
7513	1463
7514	1463
7515	1463
7516	1463
7517	1463
7518	1463
7519	1463
7520	1463
7521	1463
7522	1463
7523	1463
7524	1463
7525	1463
7526	1463
7527	1463
7528	1463
7529	1463
7530	1463
7531	1463
7532	1463
7533	1463
7534	1463
7535	1463
7536	1463
7537	1463
7538	1463
7539	1463
7540	1463
7541	1463
7542	1463
7543	1463
7544	1463
7545	1463
7546	1014
7547	1014
7548	1014
7549	1005
7550	1014
7551	1014
7552	1014
7553	1014
7554	1014
7555	1348
7556	1170
7557	1170
7558	1348
7559	1348
7560	1348
7561	1348
7562	1036
7563	1348
7564	1028
7565	1028
7566	1036
7567	1348
7568	1348
7569	1036
7570	1348
7571	1147
7572	1348
7573	1149
7574	1348
7575	1149
7576	1348
7577	1348
7578	1149
7579	1149
7580	1149
7581	1149
7582	1149
7583	1149
7584	1149
7585	1149
7586	1005
7587	1005
7588	1014
7589	1014
7590	1351
7591	1429
7592	1429
7593	1416
7594	1416
7595	1416
7596	1416
7597	1416
7598	1416
7599	1416
7600	1416
7601	1416
7602	1018
7603	1149
7604	1149
7605	1416
7606	1351
7607	1149
7608	1042
7609	1411
7610	1411
7611	1411
7612	1411
7613	1170
7614	1170
7615	1171
7616	1171
7617	1410
7618	1410
7619	1170
7620	1171
7621	1171
7622	1170
7623	1170
7624	1170
7625	1170
7626	1170
7627	1170
7628	1170
7629	1170
7630	1170
7631	1170
7632	1170
7633	1172
7634	1170
7635	1172
7636	1170
7637	1172
7638	1172
7639	1108
7640	1172
7641	1172
7642	1172
7643	1108
7644	1108
7645	1108
7646	1108
7647	1409
7648	1409
7649	1172
7650	1020
7651	1020
7652	1020
7653	1020
7654	1020
7655	1020
7656	1020
7657	1351
7658	1020
7659	1020
7660	1351
7661	1149
7662	1351
7663	1149
7664	1149
7665	1351
7666	1351
7667	1351
7668	1351
7669	1149
7670	1149
7671	1149
7672	1149
7673	1149
7674	1416
7675	1149
7676	1149
7677	1416
7678	1416
7679	1172
7680	1172
7681	1409
7682	1409
7683	1149
7684	1149
7685	1149
7686	1149
7687	1149
7688	1149
7689	1149
7690	1149
7691	1149
7692	1149
7693	1170
7694	1170
7695	1409
7696	1147
7697	1147
7698	1170
7699	1170
7700	1170
7701	1170
7702	1170
7703	1170
7704	1170
7705	1170
7706	1149
7707	1020
7708	1149
7709	1149
7710	1149
7711	1149
7712	1149
7713	1020
7714	1020
7715	1020
7716	1020
7717	1020
7718	1020
7719	1020
7720	1149
7721	1020
7722	1020
7723	1020
7724	1020
7725	1020
7726	1020
7727	1180
7728	1180
7729	1180
7730	1014
7731	1014
7732	1018
7733	1014
7734	1014
7735	1014
7736	1014
7737	1018
7738	1018
7739	1018
7740	1018
7741	1018
7742	1018
7743	1014
7744	1014
7745	1018
7746	1018
7747	1018
7748	1018
7749	1014
7750	1018
7751	1018
7752	1018
7753	1018
7754	1018
7755	1018
7756	1018
7757	1018
7758	1018
7759	1018
7760	1018
7761	1023
7762	1018
7763	1018
7764	1020
7765	1020
7766	1023
7767	1020
7768	1020
7769	1020
7770	1019
7771	1023
7772	1020
7773	1020
7774	1020
7775	1018
7776	1020
7777	1020
7778	1018
7779	1018
7780	1018
7781	1018
7782	1018
7783	1411
7784	1411
7785	1410
7786	1018
7787	1018
7788	1020
7789	1020
7790	1020
7791	1020
7792	1416
7793	1148
7794	1148
7795	1416
7796	1409
7797	1409
7798	1042
7799	1108
7800	1042
7801	1014
7802	1018
7803	1018
7804	1020
7805	1020
7806	1020
7807	1020
7808	1020
7809	1020
7810	1020
7811	1020
7812	1149
7813	1149
7814	1351
7815	1351
7816	1149
7817	1149
7818	1149
7819	1351
7820	1351
7821	1020
7822	1020
7823	1020
7824	1020
7825	1351
7826	1351
7827	1351
7828	1351
7829	1351
7830	1020
7831	1149
7832	1020
7833	1149
7834	1149
7835	1149
7836	1149
7837	1149
7838	1149
7839	1149
7840	1149
7841	1149
7842	1149
7843	1149
7844	1149
7845	1149
7846	1149
7847	1149
7848	1149
7849	1149
7850	1149
7851	1149
7852	1149
7853	1149
7854	1149
7855	1149
7856	1149
7857	1149
7858	1149
7859	1149
7860	1149
7861	1149
7862	1149
7863	1149
7864	1149
7865	1149
7866	1149
7867	1149
7868	1149
7869	1149
7870	1149
7871	1149
7872	1149
7873	1149
7874	1028
7875	1028
7876	1028
7877	1028
7878	1028
7879	1028
7880	1028
7881	1028
7882	1028
7883	1028
7884	1028
7885	1028
7886	1028
7887	1028
7888	1028
7889	1028
7890	1028
7891	1028
7892	1348
7893	1028
7894	1028
7895	1149
7896	1348
7897	1348
7898	1348
7899	1149
7900	1149
7901	1348
7902	1149
7903	1149
7904	1149
7905	1149
7906	1149
7907	1149
7908	1149
7909	1149
7910	1149
7911	1149
7912	1149
7913	1149
7914	1149
7915	1149
7916	1149
7917	1149
7918	1149
7919	1149
7920	1149
7921	1149
7922	1149
7923	1149
7924	1149
7925	1149
7926	1028
7927	1028
7928	1028
7929	1028
7930	1028
7931	1028
7932	1028
7933	1028
7934	1028
7935	1028
7936	1028
7937	1028
7938	1028
7939	1028
7940	1028
7941	1028
7942	1028
7943	1028
7944	1028
7945	1028
7946	1028
7947	1028
7948	1028
7949	1028
7950	1028
7951	1028
7952	1028
7953	1028
7954	1028
7955	1028
7956	1028
7957	1028
7958	1028
7959	1028
7960	1028
7961	1028
7962	1028
7963	1028
7964	1028
7965	1149
7966	1149
7967	1149
7968	1028
7969	1149
7970	1149
7971	1149
7972	1149
7973	1149
7974	1149
7975	1149
7976	1149
7977	1149
7978	1149
7979	1149
7980	1149
7981	1149
7982	1149
7983	1149
7984	1149
7985	1149
7986	1149
7987	1149
7988	1149
7989	1149
7990	1149
7991	1149
7992	1149
7993	1149
7994	1149
7995	1149
7996	1149
7997	1149
7998	1149
7999	1149
8000	1149
8001	1149
8002	1149
8003	1149
8004	1149
8005	1149
8006	1149
8007	1149
8008	1149
8009	1149
8010	1149
8011	1149
8012	1149
8013	1149
8014	1149
8015	1149
8016	1149
8017	1149
8018	1149
8019	1149
8020	1149
8021	1149
8022	1149
8023	1149
8024	1149
8025	1149
8026	1149
8027	1149
8028	1149
8029	1149
8030	1149
8031	1149
8032	1149
8033	1149
8034	1149
8035	1149
8036	1149
8037	1149
8038	1149
8039	1149
8040	1149
8041	1149
8042	1149
8043	1149
8044	1149
8045	1149
8046	1028
8047	1028
8048	1028
8049	1028
8050	1028
8051	1028
8052	1028
8053	1028
8054	1028
8055	1028
8056	1028
8057	1028
8058	1028
8059	1028
8060	1028
8061	1028
8062	1028
8063	1028
8064	1028
8065	1028
8066	1028
8067	1028
8068	1028
8069	1028
8070	1028
8071	1028
8072	1028
8073	1028
8074	1028
8075	1028
8076	1028
8077	1028
8078	1028
8079	1149
8080	1028
8081	1028
8082	1028
8083	1149
8084	1149
8085	1149
8086	1149
8087	1149
8088	1149
8089	1149
8090	1149
8091	1149
8092	1149
8093	1149
8094	1149
8095	1149
8096	1149
8097	1149
8098	1149
8099	1149
8100	1149
8101	1149
8102	1149
8103	1149
8104	1149
8105	1149
8106	1149
8107	1149
8108	1149
8109	1149
8110	1149
8111	1149
8112	1149
8113	1149
8114	1149
8115	1149
8116	1149
8117	1149
8118	1149
8119	1149
8120	1149
8121	1149
8122	1149
8123	1149
8124	1149
8125	1149
8126	1149
8127	1149
8128	1149
8129	1149
8130	1149
8131	1149
8132	1149
8133	1149
8134	1149
8135	1149
8136	1149
8137	1149
8138	1149
8139	1149
8140	1149
8141	1149
8142	1149
8143	1149
8144	1149
8145	1149
8146	1149
8147	1149
8148	1149
8149	1149
8150	1149
8151	1149
8152	1149
8153	1149
8154	1149
8155	1149
8156	1149
8157	1149
8158	1149
8159	1149
8160	1149
8161	1149
8162	1149
8163	1149
8164	1149
8165	1149
8166	1149
8167	1149
8168	1149
8169	1149
8170	1149
8171	1149
8172	1149
8173	1020
8174	1149
8175	1149
8176	1149
8177	1020
8178	1020
8179	1149
8180	1149
8181	1149
8182	1149
8183	1028
8184	1028
8185	1028
8186	1028
8187	1028
8188	1028
8189	1028
8190	1028
8191	1028
8192	1028
8193	1028
8194	1028
8195	1028
8196	1028
8197	1028
8198	1149
8199	1028
8200	1028
8201	1149
8202	1149
8203	1149
8204	1149
8205	1149
8206	1149
8207	1149
8208	1149
8209	1149
8210	1149
8211	1149
8212	1149
8213	1149
8214	1149
8215	1149
8216	1149
8217	1149
8218	1149
8219	1149
8220	1149
8221	1149
8222	1149
8223	1149
8224	1149
8225	1149
8226	1149
8227	1149
8228	1149
8229	1149
8230	1149
8231	1149
8232	1149
8233	1149
8234	1149
8235	1149
8236	1149
8237	1149
8238	1149
8239	1149
8240	1149
8241	1149
8242	1149
8243	1149
8244	1149
8245	1149
8246	1149
8247	1149
8248	1149
8249	1149
8250	1149
8251	1149
8252	1149
8253	1149
8254	1149
8255	1149
8256	1149
8257	1149
8258	1149
8259	1149
8260	1149
8261	1149
8262	1149
8263	1149
8264	1149
8265	1149
8266	1149
8267	1149
8268	1149
8269	1149
8270	1149
8271	1149
8272	1149
8273	1149
8274	1149
8275	1149
8276	1149
8277	1149
8278	1149
8279	1149
8280	1149
8281	1149
8282	1149
8283	1149
8284	1149
8285	1020
8286	1020
8287	1149
8288	1149
8289	1020
8290	1020
8291	1020
8292	1019
8293	1023
8294	1019
8295	1019
8296	1019
8297	1018
8298	1018
8299	1018
8300	1018
8301	1018
8302	1018
8303	1018
8304	1018
8305	1018
8306	1018
8307	1018
8308	1018
8309	1018
8310	1018
8311	1018
8312	1014
8313	1180
8314	1180
8315	1149
8316	1149
8317	1149
8318	1149
8319	1149
8320	1149
8321	1149
8322	1149
8323	1149
8324	1149
8325	1149
8326	1149
8327	1149
8328	1149
8329	1149
8330	1149
8331	1149
8332	1149
8333	1149
8334	1149
8335	1149
8336	1149
8337	1149
8338	1149
8339	1149
8340	1149
8341	1149
8342	1149
8343	1149
8344	1149
8345	1149
8346	1149
8347	1149
8348	1149
8349	1149
8350	1149
8351	1149
8352	1149
8353	1149
8354	1149
8355	1149
8356	1149
8357	1020
8358	1149
8359	1149
8360	1023
8361	1020
8362	1020
8363	1019
8364	1019
8365	1019
8366	1018
8367	1018
8368	1018
8369	1018
8370	1018
8371	1018
8372	1018
8373	1018
8374	1018
8375	1018
8376	1018
8377	1018
8378	1180
8379	1018
8380	1018
8381	1180
8382	1180
8383	1149
8384	1149
8385	981
8386	981
8387	981
8388	981
8389	981
8390	981
8391	929
8392	1040
8393	1040
8394	1040
8395	1040
8396	1410
8397	1410
8398	1410
8399	978
8400	979
8401	773
8402	760
8403	760
8404	760
8405	981
8406	762
8407	762
8408	981
8409	981
8410	981
8411	1040
8412	1040
8413	1109
8414	1109
8415	1118
8416	1042
8417	1108
8418	1411
8419	1411
8420	1411
8421	1170
8422	1170
8423	1170
8424	1170
8425	1410
8426	1410
8427	1170
8428	1170
8429	1170
8430	1170
8431	1170
8432	1348
8433	1118
8434	1148
8435	1409
8436	1148
8437	1148
8438	1409
8439	1148
8440	1409
8441	1348
8442	1348
8443	1149
8444	1149
8445	1149
8446	1020
8447	1020
8448	1021
8449	1266
8450	1266
8451	1463
8452	1266
8453	1266
8454	1266
8455	1351
8456	1020
8457	1429
8458	1021
8459	996
8460	996
8461	1205
8462	1020
8463	1020
8464	1020
8465	981
8466	981
8467	929
8468	1411
8469	1411
8470	1172
8471	981
8472	1416
8473	1416
8474	996
8475	1416
8476	1416
8477	1148
8478	996
8479	996
8480	996
8481	996
8482	996
8483	996
8484	996
8485	996
8486	996
8487	996
8488	996
8489	996
8490	996
8491	996
8492	1351
8493	996
8494	996
8495	996
8496	996
8497	1351
8498	1351
8499	996
8500	1351
8501	1351
8502	1351
8503	1351
8504	996
8505	996
8506	996
8507	996
8508	996
8509	996
8510	996
8511	1416
8512	1148
8513	1436
8514	1253
8515	1211
8516	1211
8517	1211
8518	1211
8519	1436
8520	1175
8521	1175
8522	1249
8523	1228
8524	1205
8525	1200
8526	1200
8527	996
8528	1416
8529	1416
8530	1416
8531	1348
8532	1147
8533	1170
8534	1170
8535	1351
8536	1351
8537	996
8538	996
8539	996
8540	996
8541	996
8542	996
8543	1351
8544	996
8545	1463
8546	1463
8547	999
8548	999
8549	999
8550	999
8551	999
8552	999
8553	999
8554	999
8555	999
8556	999
8557	999
8558	999
8559	999
8560	999
8561	999
8562	999
8563	999
8564	1001
8565	1001
8566	1349
8567	1001
8568	1001
8569	1001
8570	1349
8571	1349
8572	1349
8573	1349
8574	1001
8575	1349
8576	1349
8577	1349
8578	1008
8579	1349
8580	1349
8581	1349
8582	1444
8583	1444
8584	1235
8585	1235
8586	1231
8587	1231
8588	1444
8589	1444
8590	997
8591	1443
8592	1443
8593	1443
8594	1443
8595	1224
8596	999
8597	999
8598	999
8599	1441
8600	1443
8601	1443
8602	1216
8603	1231
8604	1231
8605	1228
8606	1266
8607	1463
8608	1463
8609	1062
8610	1376
8611	1062
8612	1062
8613	1062
8614	1150
8615	1062
8616	1062
8617	1062
8618	1089
8619	1150
8620	1160
8621	1150
8622	1371
8623	1371
8624	1150
8625	1150
8626	1154
8627	1154
8628	1154
8629	1160
8630	1089
8631	1089
8632	1089
8633	1373
8634	1150
8635	1163
8636	1163
8637	1161
8638	1162
8639	1063
8640	1059
8641	1377
8642	1063
8643	1377
8644	1377
8645	1063
8646	1413
8647	1413
8648	1343
8649	1413
8650	1423
8651	1423
8652	1423
8653	1423
8654	1423
8655	1343
8656	1343
8657	1063
8658	1423
8659	1423
8660	1154
8661	1413
8662	1266
8663	1266
8664	1266
8665	1266
8666	1236
8667	1236
8668	1236
8669	1236
8670	1228
8671	1236
8672	1228
8673	1228
8674	1228
8675	1228
8676	1228
8677	1228
8678	1228
8679	1463
8680	1463
8681	1463
8682	1266
8683	1266
8684	1463
8685	1463
8686	1463
8687	1463
8688	1463
8689	1463
8690	1463
8691	1463
8692	1175
8693	1175
8694	1175
8695	1014
8696	1014
8697	1014
8698	1014
8699	1014
8700	1014
8701	1014
8702	1014
8703	1463
8704	1266
8705	1266
8706	1266
8707	1266
8708	1014
8709	1014
8710	1014
8711	1018
8712	1018
8713	1018
8714	1018
8715	1018
8716	1266
8717	1463
8718	1463
8719	981
8720	981
8721	1410
8722	1349
8723	1349
8724	1349
8725	1349
8726	1349
8727	1008
8728	1008
8729	1008
8730	1008
8731	1008
8732	1262
8733	1054
8734	1054
8735	1262
8736	1262
8737	1008
8738	1008
8739	1008
8740	1262
8741	1262
8742	1349
8743	1008
8744	1008
8745	1349
8746	1349
8747	1001
8748	1001
8749	1000
8750	1008
8751	1008
8752	1149
8753	1149
8754	1149
8755	1149
8756	1149
8757	1149
8758	1149
8759	1149
8760	1149
8761	1149
8762	1149
8763	1149
8764	1149
8765	1149
8766	1149
8767	1149
8768	1149
8769	1149
8770	1149
8771	1149
8772	1149
8773	1149
8774	1149
8775	1149
8776	1149
8777	1149
8778	1149
8779	1149
8780	1149
8781	1149
8782	1149
8783	1149
8784	1149
8785	1149
8786	1149
8787	1149
8788	1149
8789	1149
8790	1149
8791	1149
8792	1020
8793	1149
8794	1149
8795	1023
8796	1020
8797	1020
8798	1019
8799	1019
8800	1019
8801	1018
8802	1018
8803	1018
8804	1018
8805	1018
8806	1018
8807	1018
8808	1018
8809	1018
8810	1018
8811	1018
8812	1018
8813	1180
8814	1018
8815	1018
8816	1180
8817	1180
8818	1149
8819	1149
8820	1149
8821	1149
8822	1149
8823	1149
8824	1149
8825	1149
8826	1149
8827	1149
8828	1149
8829	1149
8830	1149
8831	1149
8832	1149
8833	1149
8834	1149
8835	1149
8836	1149
8837	1149
8838	1149
8839	1149
8840	1149
8841	1149
8842	1149
8843	1149
8844	1149
8845	1149
8846	1149
8847	1149
8848	1149
8849	1149
8850	1149
8851	1149
8852	1149
8853	1149
8854	1149
8855	1149
8856	1149
8857	1149
8858	1149
8859	1149
8860	1149
8861	1149
8862	1149
8863	1149
8864	1149
8865	1149
8866	1149
8867	1149
8868	1149
8869	1149
8870	1149
8871	1020
8872	1149
8873	1020
8874	1020
8875	1149
8876	1149
8877	1023
8878	1020
8879	1019
8880	1023
8881	1020
8882	1020
8883	1019
8884	1019
8885	1018
8886	1019
8887	1019
8888	1019
8889	1018
8890	1018
8891	1018
8892	1018
8893	1019
8894	1018
8895	1018
8896	1018
8897	1018
8898	1018
8899	1018
8900	1018
8901	1018
8902	1018
8903	1018
8904	1018
8905	1018
8906	1018
8907	1018
8908	1018
8909	1018
8910	1018
8911	1018
8912	1018
8913	1180
8914	1018
8915	1180
8916	1180
8917	1180
8918	1018
8919	1018
8920	1180
8921	1180
8922	1149
8923	1149
8924	1149
8925	1149
8926	1149
8927	1149
8928	1149
8929	1149
8930	1149
8931	1149
8932	1149
8933	1149
8934	1149
8935	1149
8936	1149
8937	1149
8938	1149
8939	1149
8940	1149
8941	1149
8942	1149
8943	1149
8944	1149
8945	1149
8946	1149
8947	1149
8948	1149
8949	1149
8950	1149
8951	1149
8952	1149
8953	1149
8954	1149
8955	1149
8956	1149
8957	1149
8958	1149
8959	1149
8960	1149
8961	1149
8962	1149
8963	1149
8964	1149
8965	1149
8966	1149
8967	1149
8968	1149
8969	1149
8970	1149
8971	1149
8972	1149
8973	1020
8974	1149
8975	1023
8976	1020
8977	1149
8978	1149
8979	1023
8980	1023
8981	1344
8982	1344
8983	1568
8984	1023
8985	1019
8986	1019
8987	1019
8988	1019
8989	1568
8990	1344
8991	1018
8992	1019
8993	1018
8994	1018
8995	1568
8996	1019
8997	1018
8998	1018
8999	1018
9000	1018
9001	1018
9002	1018
9003	1018
9004	1018
9005	1018
9006	1018
9007	1018
9008	1018
9009	1018
9010	1018
9011	1180
9012	1018
9013	1018
9014	1018
9015	1180
9016	1018
9017	1180
9018	1180
9019	1180
9020	1180
9021	1180
9022	1180
9023	1180
9024	1149
9025	1149
9026	1149
9027	1149
9028	1149
9029	1149
9030	1149
9031	1149
9032	1149
9033	1149
9034	1149
9035	1149
9036	1149
9037	1149
9038	1149
9039	1149
9040	1149
9041	1149
9042	1149
9043	1149
9044	1149
9045	1149
9046	1149
9047	1149
9048	1149
9049	1149
9050	1149
9051	1568
9052	1149
9053	1149
9054	1149
9055	1568
9056	1568
9057	1568
9058	1568
9059	1149
9060	1568
9061	1568
9062	1568
9063	1568
9064	1568
9065	1568
9066	1568
9067	1568
9068	1568
9069	1568
9070	1568
9071	1568
9072	1568
9073	1018
9074	1568
9075	1018
9076	1568
9077	1568
9078	1568
9079	1568
9080	1568
9081	1568
9082	1568
9083	1568
9084	1568
9085	1018
9086	1568
9087	1568
9088	1568
9089	1568
9090	1568
9091	1180
9092	1180
9093	1049
9094	1049
9095	1049
9096	1049
9097	1180
9098	1049
9099	1049
9100	1028
9101	1028
9102	1028
9103	1028
9104	1028
9105	1028
9106	1028
9107	1029
9108	1028
9109	1028
9110	1028
9111	1028
9112	1028
9113	1028
9114	1028
9115	1149
9116	1028
9117	1028
9118	1149
9119	1149
9120	1028
9121	1029
9122	1029
9123	1029
9124	1029
9125	1029
9126	1029
9127	1028
9128	1029
9129	1028
9130	1029
9131	1029
9132	1029
9133	1029
9134	1029
9135	1029
9136	1029
9137	1029
9138	1029
9139	1028
9140	1029
9141	1029
9142	1029
9143	1029
9144	2099
9145	1028
9146	1029
9147	1149
9148	1567
9149	1567
9150	1029
9151	1029
9152	1029
9153	1149
9154	1149
9155	1168
9156	1567
9157	1149
9158	1149
9159	1149
9160	1149
9161	1149
9162	1149
9163	1149
9164	1149
9165	1149
9166	1149
9167	1149
9168	1149
9169	1149
9170	1149
9171	1149
9172	1149
9173	1149
9174	1149
9175	1149
9176	1149
9177	1149
9178	1149
9179	1149
9180	1029
9181	1029
9182	1029
9183	1029
9184	1029
9185	1029
9186	1029
9187	1029
9188	1029
9189	1029
9190	1029
9191	1029
9192	1029
9193	1029
9194	1029
9195	1029
9196	1029
9197	1029
9198	1029
9199	1029
9200	1029
9201	1168
9202	1029
9203	1029
9204	1029
9205	1168
9206	1168
9207	1149
9208	1168
9209	1168
9210	1168
9211	1168
9212	1168
9213	1149
9214	1149
9215	1168
9216	1168
9217	1149
9218	1149
9219	1149
9220	1149
9221	1149
9222	1149
9223	1149
9224	1149
9225	1149
9226	1149
9227	1149
9228	1149
9229	1149
9230	1149
9231	1149
9232	1149
9233	1149
9234	1149
9235	1149
9236	1149
9237	1149
9238	1149
9239	1149
9240	1149
9241	1149
9242	1149
9243	1149
9244	1149
9245	1149
9246	1149
9247	1149
9248	1149
9249	1149
9250	1149
9251	1149
9252	1149
9253	1149
9254	1029
9255	1029
9256	1029
9257	1029
9258	1029
9259	1029
9260	1029
9261	1029
9262	1029
9263	1029
9264	1029
9265	1029
9266	1029
9267	1029
9268	1029
9269	1168
9270	1029
9271	1029
9272	1029
9273	1168
9274	1029
9275	1168
9276	1168
9277	1168
9278	1168
9279	1168
9280	1168
9281	1168
9282	1168
9283	1168
9284	1168
9285	1168
9286	1168
9287	1149
9288	1168
9289	1168
9290	1168
9291	1149
9292	1149
9293	1149
9294	1149
9295	1149
9296	1149
9297	1149
9298	1149
9299	1149
9300	1149
9301	1149
9302	1149
9303	1149
9304	1149
9305	1149
9306	1149
9307	1149
9308	1149
9309	1149
9310	1149
9311	1149
9312	1149
9313	1149
9314	1149
9315	1149
9316	1149
9317	1149
9318	1149
9319	1149
9320	1149
9321	1149
9322	1149
9323	1149
9324	1149
9325	1149
9326	1149
9327	1149
9328	1029
9329	1029
9330	1029
9331	1029
9332	1029
9333	1049
9334	1049
9335	1029
9336	1029
9337	1029
9338	1029
9339	1029
9340	1029
9341	1029
9342	1029
9343	1168
9344	1168
9345	1029
9346	1029
9347	1168
9348	1168
9349	1168
9350	1168
9351	1168
9352	1168
9353	1168
9354	1168
9355	1168
9356	1168
9357	1168
9358	1168
9359	1168
9360	1168
9361	1168
9362	1168
9363	1168
9364	1168
9365	1149
9366	1168
9367	1149
9368	1149
9369	1149
9370	1149
9371	1149
9372	1149
9373	1149
9374	1149
9375	1149
9376	1149
9377	1149
9378	1149
9379	1149
9380	1149
9381	1149
9382	1149
9383	1149
9384	1149
9385	1149
9386	1149
9387	1149
9388	1149
9389	1149
9390	1149
9391	1149
9392	1149
9393	1149
9394	1149
9395	1149
9396	1149
9397	1149
9398	1074
9399	1074
9400	1074
9401	1074
9402	1074
9403	1074
9404	1074
9405	1074
9406	1114
9407	1114
9408	1113
9409	1113
9410	1113
9411	1114
9412	1114
9413	1114
9414	1113
9415	1113
9416	1113
9417	1113
9418	1113
9419	1116
9420	1116
9421	1116
9422	1116
9423	1116
9424	1116
9425	1116
9426	1116
9427	1116
9428	1116
9429	1116
9430	1110
9431	1116
9432	1175
9433	1175
9434	1175
9435	1175
9436	1175
9437	1175
9438	1058
9439	1058
9440	1175
9441	1175
9442	1058
9443	1058
9444	1058
9445	1058
9446	1058
9447	1058
9448	1058
9449	1058
9450	1058
9451	1074
9452	1074
9453	1074
9454	1074
9455	1058
9456	1058
9457	1074
9458	1116
9459	1114
9460	1114
9461	1175
9462	1175
9463	1175
9464	1058
9465	1058
9466	1175
9467	1175
9468	1058
9469	1058
9470	1058
9471	1175
9472	1058
9473	1058
9474	1058
9475	1058
9476	1058
9477	1058
9478	1058
9479	1058
9480	1175
9481	1058
9482	1175
9483	1175
9484	1175
9485	1175
9486	1175
9487	1175
9488	1175
9489	1175
9490	1175
9491	1114
9492	1114
9493	1114
9494	1116
9495	1114
9496	1114
9497	1114
9498	1114
9499	1114
9500	1114
9501	1114
9502	1211
9503	1114
9504	1114
9505	1114
9506	1113
9507	1175
9508	1175
9509	1113
9510	1113
9511	1113
9512	1113
9513	1175
9514	1175
9515	1058
9516	1058
9517	1058
9518	1058
9519	1058
9520	1058
9521	1058
9522	1058
9523	1058
9524	1058
9525	1058
9526	1058
9527	1058
9528	1074
9529	1058
9530	1058
9531	1175
9532	1175
9533	1175
9534	1175
9535	1175
9536	1175
9537	1175
9538	1175
9539	1175
9540	1114
9541	1211
9542	1211
9543	1114
9544	1114
9545	1114
9546	1114
9547	1211
9548	1211
9549	1114
9550	1114
9551	1114
9552	1114
9553	1114
9554	1114
9555	1175
9556	1175
9557	1175
9558	1175
9559	1175
9560	1175
9561	1175
9562	1175
9563	1175
9564	1175
9565	1175
9566	1175
9567	1175
9568	1175
9569	1175
9570	1175
9571	1175
9572	1175
9573	1175
9574	1175
9575	1175
9576	1175
9577	1175
9578	1175
9579	1175
9580	1175
9581	1211
9582	1175
9583	1175
9584	1175
9585	1175
9586	1175
9587	1175
9588	1175
9589	1211
9590	1211
9591	1175
9592	1211
9593	1211
9594	1114
9595	1114
9596	1211
9597	1211
9598	1114
9599	1114
9600	1175
9601	1175
9602	1211
9603	1211
9604	1114
9605	1114
9606	1114
9607	1114
9608	1114
9609	1114
9610	1114
9611	1175
9612	1175
9613	1175
9614	1175
9615	1175
9616	1175
9617	1175
9618	1175
9619	1175
9620	1175
9621	1175
9622	1175
9623	1058
9624	1058
9625	1175
9626	1175
9627	1175
9628	1175
9629	1175
9630	1175
9631	1175
9632	1175
9633	1175
9634	1175
9635	1175
9636	1058
9637	1058
9638	1175
9639	1175
9640	1175
9641	1175
9642	1175
9643	1175
9644	1175
9645	1211
9646	1211
9647	1211
9648	1211
9649	1114
9650	1211
9651	1175
9652	1175
9653	1175
9654	1175
9655	1211
9656	1211
9657	1175
9658	1211
9659	1211
9660	1211
9661	1175
9662	1058
9663	1058
9664	1058
9665	1058
9666	1058
9667	1058
9668	1175
9669	1058
9670	1058
9671	1058
9672	1058
9673	1058
9674	1175
9675	1175
9676	1175
9677	1175
9678	1175
9679	1058
9680	1058
9681	1058
9682	1074
9683	1058
9684	1058
9685	1058
9686	1058
9687	1058
9688	1058
9689	1058
9690	1058
9691	1058
9692	1074
9693	1074
9694	1074
9695	1074
9696	1074
9697	1074
9698	1074
9699	1074
9700	1074
9701	1074
9702	1074
9703	1058
9704	1058
9705	1058
9706	1058
9707	1058
9708	1058
9709	1175
9710	1114
9711	1114
9712	1114
9713	1114
9714	1114
9715	1114
9716	1114
9717	1114
9718	1074
9719	1074
9720	1116
9721	1116
9722	1116
9723	1116
9724	1116
9725	1114
9726	1116
9727	1116
9728	1116
9729	1116
9730	1116
9731	1116
9732	1116
9733	1114
9734	1114
9735	1114
9736	1114
9737	1114
9738	1114
9739	1116
9740	1116
9741	1114
9742	1114
9743	1116
9744	1114
9745	1116
9746	1116
9747	1116
9748	1116
9749	1116
9750	1116
9751	1058
9752	1058
9753	1058
9754	1074
9755	1058
9756	1074
9757	1074
9758	1074
9759	1074
9760	1074
9761	1058
9762	1074
9763	1074
9764	1058
9765	1058
9766	1058
9767	1058
9768	1074
9769	1074
9770	1074
9771	1074
9772	1058
9773	1074
9774	1074
9775	1074
9776	1058
9777	1058
9778	1058
9779	1074
9780	1074
9781	1175
9782	1175
9783	1175
9784	1175
9785	1175
9786	1175
9787	1175
9788	1175
9789	1175
9790	1175
9791	1175
9792	1175
9793	1175
9794	1114
9795	1114
9796	1175
9797	1175
9798	1175
9799	1175
9800	1175
9801	1175
9802	1175
9803	1211
9804	1175
9805	1175
9806	1175
9807	1175
9808	1175
9809	1175
9810	1175
9811	1175
9812	1175
9813	1114
9814	1175
9815	1114
9816	1113
9817	1113
9818	1175
9819	1175
9820	1175
9821	1114
9822	1113
9823	1113
9824	1113
9825	1175
9826	1175
9827	1114
9828	1113
9829	1113
9830	1113
9831	1175
9832	1175
9833	1114
9834	1114
9835	1113
9836	1113
9837	1114
9838	1114
9839	1113
9840	1113
9841	1114
9842	1114
9843	1113
9844	1113
9845	1113
9846	1114
9847	1114
9848	1113
9849	1113
9850	1113
9851	1113
9852	1114
9853	1114
9854	1113
9855	1113
9856	1113
9857	1175
9858	1175
9859	1175
9860	1211
9861	1211
9862	1211
9863	1211
9864	1114
9865	1114
9866	1211
9867	1114
9868	1114
9869	1114
9870	1114
9871	1114
9872	1114
9873	1114
9874	1114
9875	1114
9876	1114
9877	1114
9878	1114
9879	1114
9880	1114
9881	1114
9882	1114
9883	1114
9884	1114
9885	1114
9886	1114
9887	1114
9888	1114
9889	1114
9890	1114
9891	1116
9892	1114
9893	1114
9894	1175
9895	1114
9896	1114
9897	1114
9898	1114
9899	1114
9900	1114
9901	1114
9902	1114
9903	1114
9904	1114
9905	1114
9906	1114
9907	1116
9908	1114
9909	1114
9910	1116
9911	1114
9912	1114
9913	1116
9914	1116
9915	1114
9916	1116
9917	1116
9918	1114
9919	1116
9920	1116
9921	1116
9922	1116
9923	1116
9924	1116
9925	1114
9926	1114
9927	1114
9928	1114
9929	1114
9930	1116
9931	1114
9932	1114
9933	1139
9934	1116
9935	1114
9936	1116
9937	1116
9938	1116
9939	1116
9940	1116
9941	1116
9942	1116
9943	1116
9944	1116
9945	1116
9946	1116
9947	1116
9948	1116
9949	1116
9950	1116
9951	1116
9952	1116
9953	1116
9954	1116
9955	1175
9956	1211
9957	1116
9958	1114
9959	1114
9960	1116
9961	1116
9962	1116
9963	1116
9964	1116
9965	1116
9966	1116
9967	1116
9968	1116
9969	1116
9970	1116
9971	1116
9972	1116
9973	1116
9974	1116
9975	1116
9976	1116
9977	1116
9978	1116
9979	1116
9980	1116
9981	1116
9982	1114
9983	1116
9984	1116
9985	1116
9986	1116
9987	1116
9988	1116
9989	1114
9990	1114
9991	1114
9992	1114
9993	1114
9994	1114
9995	1114
9996	1114
9997	1114
9998	1211
9999	1211
10000	1114
10001	1114
10002	1211
10003	1211
10004	1114
10005	1114
10006	1211
10007	1211
10008	1175
10009	1175
10010	1175
10011	1175
10012	1175
10013	1175
10014	1175
10015	1175
10016	1175
10017	1175
10018	1175
10019	1175
10020	1175
10021	1175
10022	1175
10023	1175
10024	1175
10025	1175
10026	1175
10027	1175
10028	1175
10029	1175
10030	1175
10031	1175
10032	1175
10033	1058
10034	1058
10035	1175
10036	1058
10037	1058
10038	1175
10039	1058
10040	1058
10041	1058
10042	1058
10043	1058
10044	1058
10045	1058
10046	1058
10047	1058
10048	1058
10049	1058
10050	1058
10051	1058
10052	1058
10053	1058
10054	1058
10055	1058
10056	1058
10057	1058
10058	1058
10059	1058
10060	1058
10061	1058
10062	1058
10063	1058
10064	1058
10065	1175
10066	1074
10067	1074
10068	1074
10069	1074
10070	1074
10071	1074
10072	1074
10073	1074
10074	1074
10075	1074
10076	1074
10077	1074
10078	1074
10079	1074
10080	1074
10081	1074
10082	1074
10083	1074
10084	1074
10085	1074
10086	1058
10087	1058
10088	1074
10089	1074
10090	1074
10091	1074
10092	1074
10093	1074
10094	1074
10095	1074
10096	1074
10097	1074
10098	1074
10099	1074
10100	1074
10101	1074
10102	1074
10103	1074
10104	1074
10105	1074
10106	1074
10107	1074
10108	1074
10109	1074
10110	1074
10111	1074
10112	1074
10113	1074
10114	1074
10115	1074
10116	1074
10117	1074
10118	1074
10119	1074
10120	1074
10121	1074
10122	1074
10123	1074
10124	1074
10125	1074
10126	1074
10127	1074
10128	1074
10129	1074
10130	1074
10131	1074
10132	1074
10133	1074
10134	1058
10135	1058
10136	1074
10137	1074
10138	1074
10139	1074
10140	1074
10141	1074
10142	1058
10143	1058
10144	1058
10145	1223
10146	1074
10147	1221
10148	1074
10149	1074
10150	1074
10151	1074
10152	1074
10153	1074
10154	1074
10155	1074
10156	1074
10157	1074
10158	1074
10159	1074
10160	1058
10161	1074
10162	1074
10163	1058
10164	1058
10165	1058
10166	1058
10167	1058
10168	1058
10169	1223
10170	1058
10171	1223
10172	1221
10173	1223
10174	1221
10175	1074
10176	1074
10177	1074
10178	1058
10179	1074
10180	1074
10181	1074
10182	1074
10183	1058
10184	1074
10185	1074
10186	1058
10187	1058
10188	1058
10189	1058
10190	1058
10191	1058
10192	1058
10193	1058
10194	1058
10195	1058
10196	1175
10197	1058
10198	1058
10199	1175
10200	1058
10201	1058
10202	1223
10203	1058
10204	1058
10205	1058
10206	1058
10207	1058
10208	1058
10209	1175
10210	1058
10211	1058
10212	1175
10213	1058
10214	1058
10215	1175
10216	1058
10217	1058
10218	1175
10219	1058
10220	1175
10221	1175
10222	1058
10223	1175
10224	1175
10225	1058
10226	1175
10227	1175
10228	1175
10229	1058
10230	1058
10231	1058
10232	1175
10233	1058
10234	1058
10235	1175
10236	1175
10237	1175
10238	1175
10239	1175
10240	1175
10241	1175
10242	1175
10243	1175
10244	1175
10245	1175
10246	1175
10247	1175
10248	1175
10249	1175
10250	1175
10251	1175
10252	1175
10253	1175
10254	1175
10255	1074
10256	1074
10257	1074
10258	1074
10259	1074
10260	1234
10261	1074
10262	1074
10263	1074
10264	1058
10265	1058
10266	1074
10267	1058
10268	1058
10269	1058
10270	1058
10271	1058
10272	1058
10273	1058
10274	1175
10275	1058
10276	1058
10277	1175
10278	1175
10279	1113
10280	1175
10281	1175
10282	1175
10283	1175
10284	1113
10285	1175
10286	1113
10287	1113
10288	1074
10289	1074
10290	1074
10291	1074
10292	1074
10293	1074
10294	1074
10295	1058
10296	1074
10297	1074
10298	1058
10299	1058
10300	1058
10301	1058
10302	1058
10303	1058
10304	1058
10305	1058
10306	1175
10307	1175
10308	1175
10309	1113
10310	1113
10311	1074
10312	1074
10313	1074
10314	1074
10315	1074
10316	1074
10317	1074
10318	1058
10319	1058
10320	1058
10321	1175
10322	1113
10323	1058
10324	1058
10325	1211
10326	1074
10327	1074
10328	1074
10329	1058
10330	1058
10331	1058
10332	1058
10333	1074
10334	1058
10335	1058
10336	1074
10337	1058
10338	1058
10339	1058
10340	1058
10341	1058
10342	1058
10343	1058
10344	1058
10345	1058
10346	1058
10347	1058
10348	1058
10349	1116
10350	1116
10351	1114
10352	1114
10353	1114
10354	1114
10355	1114
10356	1211
10357	1211
10358	1175
10359	1175
10360	1175
10361	1175
10362	1175
10363	1116
10364	1116
10365	1116
10366	1116
10367	1116
10368	1114
10369	1211
10370	1175
10371	1175
10372	1175
10373	1116
10374	1116
10375	1116
10376	1116
10377	1116
10378	1116
10379	1116
10380	1116
10381	1116
10382	1116
10383	1116
10384	1116
10385	1116
10386	1116
10387	1116
10388	1116
10389	1116
10390	1116
10391	1116
10392	1116
10393	1116
10394	1116
10395	1116
10396	1116
10397	1116
10398	1116
10399	1116
10400	1116
10401	1116
10402	1116
10403	1116
10404	1116
10405	1116
10406	1116
10407	1116
10408	1116
10409	1114
10410	1114
10411	1113
10412	1114
10413	1114
10414	1116
10415	1116
10416	1116
10417	1116
10418	1113
10419	1175
10420	1058
10421	1058
10422	1058
10423	1074
10424	1175
10425	1058
10426	1074
10427	1074
10428	1074
10429	1074
10430	1074
10431	1058
10432	1116
10433	1116
10434	1116
10435	1058
10436	1114
10437	1114
10438	1114
10439	1114
10440	1114
10441	1114
10442	1114
10443	1116
10444	1058
10445	1058
10446	1114
10447	1114
10448	1116
10449	1114
10450	1116
10451	1114
10452	1058
10453	1116
10454	1116
10455	1116
10456	1116
10457	1116
10458	1116
10459	1116
10460	1116
10461	1116
10462	1116
10463	1116
10464	1116
10465	1116
10466	1116
10467	1116
10468	1116
10469	1114
10470	1175
10471	1175
10472	1175
10473	1175
10474	1175
10475	1175
10476	1211
10477	1211
10478	1211
10479	1211
10480	1211
10481	1211
10482	1074
10483	1074
10484	1074
10485	1074
10486	1058
10487	1175
10488	1175
10489	1175
10490	1211
10491	1114
10492	1463
10493	1463
10494	1463
10495	1463
10496	1463
10497	1014
10498	1014
10499	1014
10500	1018
10501	1018
10502	1018
10503	1014
10504	1266
10505	1463
10506	1463
10507	1149
10508	1149
10509	1463
10510	1463
10511	1463
10512	1463
10513	1463
10514	1463
10515	1463
10516	1001
10517	1001
10518	1000
10519	1001
10520	1001
10521	1349
10522	1001
10523	1001
10524	1349
10525	1349
10526	1349
10527	1349
10528	1008
10529	1262
10530	1262
10531	1406
10532	1262
10533	1349
10534	1349
10535	1235
10536	1235
10537	999
10538	999
10539	999
10540	999
10541	999
10542	999
10543	1463
10544	1463
10545	1463
10546	1463
10547	1463
10548	1463
10549	1463
10550	1001
10551	1001
10552	1001
10553	1463
10554	1463
10555	1463
10556	1463
10557	1001
10558	1001
10559	1463
10560	1463
10561	1463
10562	1463
10563	1463
10564	1463
10565	1262
10566	1463
10567	1463
10568	1262
10569	1262
10570	1406
10571	1406
10572	1235
10573	1235
10574	1235
10575	1235
10576	1235
10577	1236
10578	1236
10579	1231
10580	1235
10581	1235
10582	1235
10583	1235
10584	1235
10585	1235
10586	1235
10587	1235
10588	1235
10589	1235
10590	1235
10591	1235
10592	1235
10593	1235
10594	1235
10595	1235
10596	1235
10597	1235
10598	1235
10599	1235
10600	1235
10601	1235
10602	1235
10603	1235
10604	1235
10605	1235
10606	1235
10607	1235
10608	1235
10609	1235
10610	1235
10611	1235
10612	1235
10613	1235
10614	1235
10615	1235
10616	1235
10617	1235
10618	1235
10619	1235
10620	1235
10621	1235
10622	1235
10623	1235
10624	1235
10625	1235
10626	1235
10627	1235
10628	1235
10629	1235
10630	1235
10631	1235
10632	1235
10633	1235
10634	1235
10635	1235
10636	1235
10637	1235
10638	1235
10639	1236
10640	1236
10641	1236
10642	1236
10643	1235
10644	1235
10645	1235
10646	1235
10647	1235
10648	1235
10649	1235
10650	1235
10651	1235
10652	1235
10653	1235
10654	1235
10655	1235
10656	1235
10657	1235
10658	1235
10659	1235
10660	1235
10661	1235
10662	1235
10663	1235
10664	1235
10665	1235
10666	1235
10667	1235
10668	1235
10669	1235
10670	1235
10671	1235
10672	1235
10673	1236
10674	1236
10675	1236
10676	1236
10677	1235
10678	1235
10679	1235
10680	1235
10681	1235
10682	1235
10683	1235
10684	1235
10685	1235
10686	1235
10687	1235
10688	1235
10689	1235
10690	1235
10691	1235
10692	1235
10693	1235
10694	1235
10695	1235
10696	1235
10697	1235
10698	1235
10699	1235
10700	1235
10701	1235
10702	1235
10703	1235
10704	1235
10705	1235
10706	1235
10707	1235
10708	1213
10709	1213
10710	1236
10711	1235
10712	1235
10713	1235
10714	1235
10715	1235
10716	1235
10717	1235
10718	1235
10719	1235
10720	1235
10721	1235
10722	1235
10723	1235
10724	1235
10725	1235
10726	1235
10727	1235
10728	1235
10729	1235
10730	1235
10731	1235
10732	1235
10733	1235
10734	1235
10735	1235
10736	1235
10737	1235
10738	1235
10739	1235
10740	1235
10741	1213
10742	1235
10743	1213
10744	1213
10745	1235
10746	1235
10747	1235
10748	1235
10749	1235
10750	1235
10751	1235
10752	1235
10753	1235
10754	1235
10755	1463
10756	1235
10757	1235
10758	1463
10759	1235
10760	1235
10761	1463
10762	1235
10763	1235
10764	1463
10765	1235
10766	1235
10767	1463
10768	1463
10769	1235
10770	1463
10771	1463
10772	1235
10773	1463
10774	1463
10775	1235
10776	1463
10777	1463
10778	1213
10779	1235
10780	1463
10781	1463
10782	1235
10783	1463
10784	1463
10785	1235
10786	1463
10787	1463
10788	1463
10789	1463
10790	1463
10791	1463
10792	1463
10793	1463
10794	1463
10795	1463
10796	1463
10797	1463
10798	1463
10799	1463
10800	1463
10801	1463
10802	1463
10803	1463
10804	1463
10805	1463
10806	1463
10807	1463
10808	1463
10809	1463
10810	1463
10811	1463
10812	1463
10813	1463
10814	1463
10815	1463
10816	1463
10817	1463
10818	1463
10819	1463
10820	1463
10821	1463
10822	1463
10823	1463
10824	1463
10825	1463
10826	1463
10827	1463
10828	1463
10829	1463
10830	1463
10831	1463
10832	1463
10833	1463
10834	1463
10835	1463
10836	1463
10837	1463
10838	1463
10839	1463
10840	1463
10841	1463
10842	1463
10843	1463
10844	1463
10845	1463
10846	1463
10847	1463
10848	1463
10849	1463
10850	1463
10851	1463
10852	1463
10853	1463
10854	1463
10855	1463
10856	1463
10857	1463
10858	1463
10859	1463
10860	1463
10861	1463
10862	1463
10863	1463
10864	1463
10865	1463
10866	1463
10867	1463
10868	1463
10869	1463
10870	1463
10871	1463
10872	1463
10873	1463
10874	1463
10875	1463
10876	1463
10877	1463
10878	1463
10879	1463
10880	1463
10881	1463
10882	1463
10883	1463
10884	1463
10885	1463
10886	1463
10887	1463
10888	1463
10889	1463
10890	1463
10891	1463
10892	1463
10893	1463
10894	1463
10895	1463
10896	1463
10897	1463
10898	1463
10899	1463
10900	1463
10901	1463
10902	1463
10903	1463
10904	1463
10905	1463
10906	1463
10907	1463
10908	1463
10909	1463
10910	1463
10911	1463
10912	1463
10913	1463
10914	1463
10915	1463
10916	1463
10917	1463
10918	1463
10919	1463
10920	1463
10921	1463
10922	1463
10923	1463
10924	1463
10925	1463
10926	1463
10927	1463
10928	1463
10929	1463
10930	1463
10931	1463
10932	1463
10933	1463
10934	1463
10935	1463
10936	1463
10937	1463
10938	1463
10939	1463
10940	1463
10941	1463
10942	1463
10943	1463
10944	1463
10945	1463
10946	1463
10947	1463
10948	1463
10949	1463
10950	1463
10951	1463
10952	1463
10953	1463
10954	1463
10955	1463
10956	1463
10957	1463
10958	1463
10959	1463
10960	1463
10961	1463
10962	1463
10963	1463
10964	1463
10965	1463
10966	1463
10967	1463
10968	1463
10969	1463
10970	1463
10971	1463
10972	1463
10973	1463
10974	1463
10975	1463
10976	1463
10977	1463
10978	1463
10979	1463
10980	1463
10981	1463
10982	1463
10983	1463
10984	1463
10985	1463
10986	1463
10987	1463
10988	1463
10989	1463
10990	1463
10991	1463
10992	1463
10993	1463
10994	1463
10995	1463
10996	1463
10997	1463
10998	1463
10999	1463
11000	1463
11001	1463
11002	1463
11003	1463
11004	1463
11005	1463
11006	1463
11007	1463
11008	1463
11009	1463
11010	1463
11011	1463
11012	1463
11013	1463
11014	1463
11015	1463
11016	1463
11017	1463
11018	1463
11019	1463
11020	1463
11021	1463
11022	1463
11023	1463
11024	1463
11025	1463
11026	1463
11027	1463
11028	1463
11029	1463
11030	1463
11031	1463
11032	1463
11033	1463
11034	1463
11035	1463
11036	1463
11037	1463
11038	1463
11039	1463
11040	1463
11041	1463
11042	1463
11043	1463
11044	1463
11045	1463
11046	1463
11047	1463
11048	1463
11049	1463
11050	1463
11051	1463
11052	1463
11053	1463
11054	1463
11055	1463
11056	1463
11057	1463
11058	1463
11059	1463
11060	1463
11061	1463
11062	1463
11063	1463
11064	1463
11065	1463
11066	1463
11067	1463
11068	1463
11069	1463
11070	1463
11071	1463
11072	1463
11073	1463
11074	1463
11075	1463
11076	1463
11077	1463
11078	1463
11079	1463
11080	1463
11081	1463
11082	1463
11083	1463
11084	1463
11085	1463
11086	1463
11087	1463
11088	1463
11089	1463
11090	1463
11091	1463
11092	1463
11093	1463
11094	1463
11095	1463
11096	1463
11097	1463
11098	1463
11099	1463
11100	1463
11101	1463
11102	1463
11103	1463
11104	1463
11105	1463
11106	1463
11107	1463
11108	1463
11109	1463
11110	1463
11111	1463
11112	1463
11113	1463
11114	1463
11115	1463
11116	1463
11117	1463
11118	1463
11119	1463
11120	1463
11121	1463
11122	1463
11123	1463
11124	1463
11125	1463
11126	1463
11127	1463
11128	1463
11129	1463
11130	1463
11131	1463
11132	1463
11133	1463
11134	1463
11135	1463
11136	1463
11137	1463
11138	1463
11139	1463
11140	1463
11141	1463
11142	1463
11143	1463
11144	1463
11145	1463
11146	1463
11147	1463
11148	1463
11149	1463
11150	1463
11151	1463
11152	1463
11153	1463
11154	1463
11155	1463
11156	1463
11157	1463
11158	1463
11159	1463
11160	1463
11161	1463
11162	1463
11163	1463
11164	1463
11165	1463
11166	1463
11167	1463
11168	1463
11169	1463
11170	1262
11171	1463
11172	1262
11173	1262
11174	1262
11175	1262
11176	1262
11177	1262
11178	1262
11179	1262
11180	1463
11181	1262
11182	1463
11183	1262
11184	1262
11185	1262
11186	1262
11187	1262
11188	1262
11189	1262
11190	1262
11191	1262
11192	1463
11193	1262
11194	1262
11195	1262
11196	1262
11197	1262
11198	1463
11199	1463
11200	1463
11201	1262
11202	1463
11203	1262
11204	1262
11205	1262
11206	1463
11207	1463
11208	1262
11209	1262
11210	1463
11211	1463
11212	1463
11213	1463
11214	1463
11215	1463
11216	1262
11217	1262
11218	1463
11219	1463
11220	1262
11221	1463
11222	1463
11223	1463
11224	1463
11225	1463
11226	1463
11227	1463
11228	1262
11229	1463
11230	1463
11231	1463
11232	1463
11233	1463
11234	1463
11235	1463
11236	1463
11237	1463
11238	1463
11239	1463
11240	1463
11241	1463
11242	1463
11243	1463
11244	1463
11245	1262
11246	1406
11247	1262
11248	1406
11249	1262
11250	1406
11251	1406
11252	1406
11253	1406
11254	1406
11255	1406
11256	1262
11257	1262
11258	1262
11259	1406
11260	1262
11261	1406
11262	1406
11263	1406
11264	1406
11265	1406
11266	1406
11267	1406
11268	1262
11269	1262
11270	1406
11271	1406
11272	1001
11273	1406
11274	1262
11275	1262
11276	1262
11277	1406
11278	1262
11279	1406
11280	1001
11281	1406
11282	1262
11283	1262
11284	1001
11285	1001
11286	1262
11287	1262
11288	1262
11289	1262
11290	1262
11291	1262
11292	1001
11293	1406
11294	1262
11295	1262
11296	1001
11297	1406
11298	1262
11299	1262
11300	1463
11301	1262
11302	1262
11303	1262
11304	1001
11305	1406
11306	1262
11307	1262
11308	1001
11309	1406
11310	1463
11311	1262
11312	1463
11313	1262
11314	1262
11315	1262
11316	1001
11317	1406
11318	1262
11319	1001
11320	1001
11321	1349
11322	1349
11323	1406
11324	1349
11325	1349
11326	1001
11327	1001
11328	1001
11329	1001
11330	1349
11331	1406
11332	1001
11333	1001
11334	1001
11335	1001
11336	1001
11337	1001
11338	1001
11339	1001
11340	1001
11341	1001
11342	1001
11343	1001
11344	1001
11345	1001
11346	1001
11347	1001
11348	1001
11349	1001
11350	1001
11351	1001
11352	1001
11353	1001
11354	1001
11355	1001
11356	1001
11357	1001
11358	1001
11359	1001
11360	1001
11361	1001
11362	1001
11363	1001
11364	1001
11365	1001
11366	1001
11367	1001
11368	1001
11369	1001
11370	1001
11371	1001
11372	1001
11373	1001
11374	1001
11375	1001
11376	1001
11377	1001
11378	1001
11379	1001
11380	1001
11381	1001
11382	1001
11383	1001
11384	1001
11385	1001
11386	1001
11387	1001
11388	1001
11389	1001
11390	1001
11391	1001
11392	1001
11393	1001
11394	1001
11395	1001
11396	1349
11397	1349
11398	1001
11399	1001
11400	1001
11401	1001
11402	1001
11403	1001
11404	1001
11405	1001
11406	1001
11407	1001
11408	1001
11409	1001
11410	1001
11411	1001
11412	1001
11413	1001
11414	1001
11415	1001
11416	1001
11417	1001
11418	1001
11419	1001
11420	1001
11421	1001
11422	1001
11423	1001
11424	1001
11425	1001
11426	1001
11427	1001
11428	1001
11429	1001
11430	1001
11431	1001
11432	1001
11433	1001
11434	1001
11435	1001
11436	1001
11437	1001
11438	1001
11439	1001
11440	1001
11441	1001
11442	1001
11443	1001
11444	1001
11445	1001
11446	1001
11447	1001
11448	1001
11449	1001
11450	1001
11451	1001
11452	1001
11453	1001
11454	1001
11455	1001
11456	1001
11457	1001
11458	1001
11459	1235
11460	1001
11461	1001
11462	1001
11463	1001
11464	1235
11465	1001
11466	1001
11467	1235
11468	1235
11469	1235
11470	1235
11471	1235
11472	1001
11473	1001
11474	1001
11475	1001
11476	1001
11477	1001
11478	1001
11479	1001
11480	1001
11481	1001
11482	1001
11483	1001
11484	1001
11485	1001
11486	1001
11487	1001
11488	1001
11489	1001
11490	1001
11491	1001
11492	1001
11493	1001
11494	1001
11495	1235
11496	1001
11497	1001
11498	1235
11499	1235
11500	1235
11501	1235
11502	1235
11503	1235
11504	1235
11505	1235
11506	1235
11507	1235
11508	1235
11509	1235
11510	1235
11511	1235
11512	1001
11513	1001
11514	1001
11515	1001
11516	1001
11517	1001
11518	1001
11519	1001
11520	1001
11521	1001
11522	1001
11523	1001
11524	1001
11525	1001
11526	1001
11527	1001
11528	1001
11529	1001
11530	1001
11531	1235
11532	1235
11533	1235
11534	1235
11535	1235
11536	1235
11537	1235
11538	1235
11539	1235
11540	1235
11541	1235
11542	1235
11543	1235
11544	1235
11545	1235
11546	1235
11547	1235
11548	1235
11549	1235
11550	1235
11551	1001
11552	1001
11553	1001
11554	1001
11555	1001
11556	1001
11557	1001
11558	1001
11559	1001
11560	1001
11561	1001
11562	1001
11563	1235
11564	1001
11565	1235
11566	1235
11567	1235
11568	1235
11569	1235
11570	1235
11571	1235
11572	1235
11573	1235
11574	1235
11575	1235
11576	1235
11577	1235
11578	1235
11579	1235
11580	1235
11581	1235
11582	1235
11583	1235
11584	1235
11585	1235
11586	1235
11587	1235
11588	1235
11589	1001
11590	1001
11591	1001
11592	1001
11593	1001
11594	1001
11595	1001
11596	1001
11597	1001
11598	1001
11599	1001
11600	1001
11601	1001
11602	1001
11603	1001
11604	1001
11605	1001
11606	1001
11607	1001
11608	1001
11609	1001
11610	1001
11611	1235
11612	1235
11613	1235
11614	1235
11615	1235
11616	1235
11617	1235
11618	1235
11619	1235
11620	1235
11621	1235
11622	1235
11623	1235
11624	1235
11625	1235
11626	1235
11627	1235
11628	1235
11629	1235
11630	1235
11631	1235
11632	1235
11633	1235
11634	1235
11635	1235
11636	1235
11637	1235
11638	1235
11639	1235
11640	1235
11641	1235
11642	1235
11643	1235
11644	1235
11645	1235
11646	1235
11647	1235
11648	1235
11649	1235
11650	1235
11651	1235
11652	1235
11653	1235
11654	1235
11655	1235
11656	1235
11657	1235
11658	1235
11659	1235
11660	1235
11661	1235
11662	1235
11663	1235
11664	1235
11665	1235
11666	1235
11667	1235
11668	1001
11669	1001
11670	999
11671	999
11672	999
11673	999
11674	1235
11675	1235
11676	1235
11677	1235
11678	1001
11679	1001
11680	1235
11681	1235
11682	1235
11683	1235
11684	1235
11685	1235
11686	1235
11687	1235
11688	1235
11689	1235
11690	1235
11691	1235
11692	1235
11693	1001
11694	1235
11695	1235
11696	1235
11697	1001
11698	1235
11699	1235
11700	1235
11701	1235
11702	1235
11703	1235
11704	1235
11705	1235
11706	1235
11707	1235
11708	1235
11709	1235
11710	1235
11711	1235
11712	1235
11713	1235
11714	1235
11715	1235
11716	1235
11717	1235
11718	1235
11719	1235
11720	1235
11721	1235
11722	1235
11723	1235
11724	1235
11725	1235
11726	1235
11727	1235
11728	1235
11729	1235
11730	1235
11731	1235
11732	1235
11733	1235
11734	1235
11735	1235
11736	1235
11737	1235
11738	1235
11739	1235
11740	1235
11741	1235
11742	1235
11743	1235
11744	1235
11745	1235
11746	1235
11747	1235
11748	1235
11749	1235
11750	1235
11751	1235
11752	1235
11753	1235
11754	1235
11755	1235
11756	1235
11757	1235
11758	1235
11759	1235
11760	1235
11761	1235
11762	1235
11763	1235
11764	1235
11765	1235
11766	1235
11767	1235
11768	1235
11769	1235
11770	1235
11771	1235
11772	1235
11773	1235
11774	1235
11775	1235
11776	1235
11777	1235
11778	1235
11779	1235
11780	1235
11781	1235
11782	1235
11783	1235
11784	1235
11785	1235
11786	1235
11787	1235
11788	1235
11789	1235
11790	1235
11791	1235
11792	1235
11793	1235
11794	1235
11795	1235
11796	1235
11797	1235
11798	1235
11799	1235
11800	1235
11801	1235
11802	1235
11803	1235
11804	1235
11805	1235
11806	1235
11807	1235
11808	1235
11809	1235
11810	1235
11811	1235
11812	1235
11813	1235
11814	1235
11815	1235
11816	1235
11817	1235
11818	1235
11819	1235
11820	1235
11821	1235
11822	1235
11823	1235
11824	1235
11825	1235
11826	1235
11827	1235
11828	1235
11829	1235
11830	1235
11831	1235
11832	1235
11833	1235
11834	1235
11835	1235
11836	1235
11837	1235
11838	1235
11839	1235
11840	1235
11841	1235
11842	1235
11843	1235
11844	1235
11845	1235
11846	1235
11847	1235
11848	1235
11849	1235
11850	1000
11851	1235
11852	1463
11853	999
11854	999
11855	1235
11856	1001
11857	1235
11858	1235
11859	1235
11860	1235
11861	1235
11862	1235
11863	1235
11864	999
11865	999
11866	999
11867	1001
11868	1001
11869	1001
11870	1001
11871	1001
11872	999
11873	1235
11874	1235
11875	1235
11876	1235
11877	1235
11878	1235
11879	1235
11880	1235
11881	1235
11882	1235
11883	1235
11884	1235
11885	1235
11886	1168
11887	1168
11888	1168
11889	1149
11890	1149
11891	1149
11892	1149
11893	1149
11894	1149
11895	1149
11896	1149
11897	1149
11898	1149
11899	1149
11900	1149
11901	1149
11902	1149
11903	1149
11904	1149
11905	1149
11906	1149
11907	1149
11908	1149
11909	1149
11910	1149
11911	1149
11912	1149
11913	1149
11914	1149
11915	1149
11916	1149
11917	1149
11918	1149
11919	1568
11920	1149
11921	1568
11922	1568
11923	1568
11924	1568
11925	1568
11926	1568
11927	1568
11928	1568
11929	1568
11930	1568
11931	1049
11932	1049
11933	1049
11934	1029
11935	1049
11936	1029
11937	1029
11938	1168
11939	1168
11940	1168
11941	1168
11942	1168
11943	1054
11944	1008
11945	1008
11946	1008
11947	1054
11948	1054
11949	1054
11950	1008
11951	1008
11952	1054
11953	1054
11954	1054
11955	1054
11956	1054
11957	1054
11958	1463
11959	1054
11960	1054
11961	1455
11962	1454
11963	1454
11964	1454
11965	1455
11966	1455
11967	1455
11968	1455
11969	1455
11970	1455
11971	1455
11972	1454
11973	1454
11974	1454
11975	1454
11976	1454
11977	1454
11978	1454
11979	1454
11980	1454
11981	1454
11982	1454
11983	1454
11984	1454
11985	1454
11986	1454
11987	1454
11988	1454
11989	1454
11990	1455
11991	1455
11992	1454
11993	1455
11994	1454
11995	1454
11996	1454
11997	1014
11998	1014
11999	1454
12000	1454
12001	1454
12002	1454
12003	1454
12004	1014
12005	1454
12006	1454
12007	1454
12008	1454
12009	1454
12010	1014
12011	1014
12012	1014
12013	1014
12014	1014
12015	1014
12016	1014
12017	1014
12018	1014
12019	1005
12020	1005
12021	1454
12022	1454
12023	1454
12024	1454
12025	1454
12026	1454
12027	1454
12028	1454
12029	1054
12030	1054
12031	1054
12032	1054
12033	1054
12034	1463
12035	1054
12036	1054
12037	1054
12038	1463
12039	1463
12040	1463
12041	1463
12042	1463
12043	1463
12044	1463
12045	1463
12046	1463
12047	1463
12048	1463
12049	1463
12050	1463
12051	1463
12052	1463
12053	1463
12054	1463
12055	1463
12056	1463
12057	1463
12058	1463
12059	1463
12060	1463
12061	1463
12062	1463
12063	1463
12064	1463
12065	1463
12066	1463
12067	1463
12068	1463
12069	1463
12070	1463
12071	1463
12072	1463
12073	1463
12074	1463
12075	1463
12076	1463
12077	1463
12078	1463
12079	1463
12080	1463
12081	1463
12082	1463
12083	1463
12084	1463
12085	1463
12086	1463
12087	1463
12088	1463
12089	1463
12090	1463
12091	1463
12092	1463
12093	1463
12094	1463
12095	1463
12096	1005
12097	1005
12098	1455
12099	1455
12100	1005
12101	1005
12102	1014
12103	1014
12104	1005
12105	1005
12106	1005
12107	1005
12108	1014
12109	1014
12110	1014
12111	1014
12112	1014
12113	1014
12114	1454
12115	1454
12116	1455
12117	1454
12118	1454
12119	1454
12120	1454
12121	1454
12122	1014
12123	1014
12124	1014
12125	1014
12126	1014
12127	1014
12128	1014
12129	1005
12130	1463
12131	1463
12132	1463
12133	1463
12134	1463
12135	1463
12136	1463
12137	1463
12138	1463
12139	1463
12140	1463
12141	1463
12142	1463
12143	1463
12144	1463
12145	1454
12146	1454
12147	1454
12148	1454
12149	1454
12150	1454
12151	1454
12152	1454
12153	1454
12154	1454
12155	1454
12156	1454
12157	1454
12158	1454
12159	1454
12160	1014
12161	1454
12162	1014
12163	1014
12164	1014
12165	1014
12166	1014
12167	1014
12168	1014
12169	1014
12170	1014
12171	1014
12172	1014
12173	1014
12174	1014
12175	1014
12176	1014
12177	1014
12178	1014
12179	1014
12180	1014
12181	1014
12182	1014
12183	1014
12184	1014
12185	1014
12186	1014
12187	1014
12188	1014
12189	1014
12190	1014
12191	1014
12192	1018
12193	1018
12194	1018
12195	1018
12196	1018
12197	1018
12198	1463
12199	1463
12200	1463
12201	1463
12202	1463
12203	1463
12204	1463
12205	1463
12206	1463
12207	1454
12208	1454
12209	1454
12210	1454
12211	1454
12212	1454
12213	1454
12214	1454
12215	1463
12216	1463
12217	1463
12218	1463
12219	1463
12220	1463
12221	1463
12222	1463
12223	1463
12224	1454
12225	1463
12226	1454
12227	1454
12228	1454
12229	1454
12230	1454
12231	1454
12232	1454
12233	1454
12234	1454
12235	1454
12236	1454
12237	1454
12238	1454
12239	1454
12240	1454
12241	1454
12242	1454
12243	1463
12244	1463
12245	1463
12246	1463
12247	1463
12248	1463
12249	1463
12250	1463
12251	1463
12252	1463
12253	1463
12254	1463
12255	1463
12256	1463
12257	1463
12258	1463
12259	1463
12260	1463
12261	1014
12262	1014
12263	1014
12264	1014
12265	1014
12266	1014
12267	1014
12268	1014
12269	1014
12270	1014
12271	1014
12272	1014
12273	1014
12274	1014
12275	1014
12276	1014
12277	1014
12278	1014
12279	1014
12280	1014
12281	1014
12282	1014
12283	1014
12284	1014
12285	1014
12286	1014
12287	1014
12288	1014
12289	1014
12290	1014
12291	1014
12292	1014
12293	1152
12294	1011
12295	1414
12296	1151
12297	1011
12298	1011
12299	1152
12300	1152
12301	1291
12302	1291
12303	1291
12304	1011
12305	1011
12306	1011
12307	1424
12308	1424
12309	1291
12310	1291
12311	1424
12312	1424
12313	1424
12314	1424
12315	1414
12316	1414
12317	1291
12318	1291
12319	1291
12320	1291
12321	1007
12322	1291
12323	1007
12324	1007
12325	1007
12326	1007
12327	1007
12328	1404
12329	1007
12330	1006
12331	1006
12332	1404
12333	1007
12334	1177
12335	1006
12336	1404
12337	1404
12338	1177
12339	1177
12340	1177
12341	1177
12342	1177
12343	1177
12344	1177
12345	1177
12346	1054
12347	1177
12348	1177
12349	1177
12350	1054
12351	1054
12352	1054
12353	1054
12354	1463
12355	1054
12356	1054
12357	1463
12358	1463
12359	1463
12360	1463
12361	1463
12362	1463
12363	1463
12364	1463
12365	1463
12366	1463
12367	1463
12368	1463
12369	1463
12370	1463
12371	1463
12372	1463
12373	1463
12374	1463
12375	1463
12376	1463
12377	1463
12378	1463
12379	1463
12380	1463
12381	1463
12382	1463
12383	1463
12384	1463
12385	1463
12386	1463
12387	1463
12388	1463
12389	1463
12390	1463
12391	1463
12392	1463
12393	1463
12394	1463
12395	1463
12396	1463
12397	1463
12398	1463
12399	1463
12400	1463
12401	1463
12402	1463
12403	1463
12404	1463
12405	1463
12406	1463
12407	1463
12408	1463
12409	1463
12410	1463
12411	1463
12412	1463
12413	1463
12414	1463
12415	1463
12416	1463
12417	1463
12418	1463
12419	1463
12420	1463
12421	1463
12422	1463
12423	1463
12424	1463
12425	1463
12426	1463
12427	1463
12428	1463
12429	1463
12430	1463
12431	1463
12432	1463
12433	1463
12434	1463
12435	1463
12436	1463
12437	1463
12438	1463
12439	1463
12440	1463
12441	1463
12442	1463
12443	1463
12444	1463
12445	1463
12446	1463
12447	1463
12448	1463
12449	1463
12450	1463
12451	1463
12452	1463
12453	1463
12454	1463
12455	1463
12456	1463
12457	1463
12458	1463
12459	1463
12460	1463
12461	1463
12462	1463
12463	1454
12464	1463
12465	1454
12466	1454
12467	1454
12468	1454
12469	1454
12470	1454
12471	1014
12472	1014
12473	1014
12474	1014
12475	1014
12476	1014
12477	1014
12478	1014
12479	1014
12480	1014
12481	1014
12482	1014
12483	1014
12484	1018
12485	1014
12486	1018
12487	1018
12488	1018
12489	1463
12490	1463
12491	1463
12492	1463
12493	1018
12494	1018
12495	1018
12496	1018
12497	1018
12498	1014
12499	1014
12500	1014
12501	1463
12502	1463
12503	1463
12504	1463
12505	1463
12506	1463
12507	1463
12508	1463
12509	1463
12510	1463
12511	1463
12512	1463
12513	1463
12514	1454
12515	1463
12516	1014
12517	1454
12518	1014
12519	1018
12520	1018
12521	1014
12522	1014
12523	1014
12524	1014
12525	1014
12526	1014
12527	1014
12528	1014
12529	1014
12530	1014
12531	1014
12532	1014
12533	1014
12534	1014
12535	1014
12536	1014
12537	1463
12538	1463
12539	1463
12540	1463
12541	1424
12542	1423
12543	1423
12544	1423
12545	1423
12546	1404
12547	1009
12548	1009
12549	1009
12550	1404
12551	1404
12552	1404
12553	1404
12554	1424
12555	1424
12556	1404
12557	1404
12558	1008
12559	1008
12560	1404
12561	1404
12562	1404
12563	1404
12564	1404
12565	1424
12566	1404
12567	1404
12568	1177
12569	1177
12570	1177
12571	1404
12572	1404
12573	1404
12574	1008
12575	1008
12576	1008
12577	1008
12578	1463
12579	1463
12580	1463
12581	1463
12582	1463
12583	1463
12584	1463
12585	1463
12586	1463
12587	1463
12588	1463
12589	1463
12590	1463
12591	1463
12592	1463
12593	1463
12594	1463
12595	1463
12596	1463
12597	1463
12598	1463
12599	1463
12600	1463
12601	1463
12602	1463
12603	1463
12604	1463
12605	1463
12606	1463
12607	1463
12608	1463
12609	1463
12610	1463
12611	1463
12612	1463
12613	1463
12614	1463
12615	1463
12616	1463
12617	1463
12618	1463
12619	1463
12620	1463
12621	1463
12622	1054
12623	1054
12624	1054
12625	1054
12626	1463
12627	1054
12628	1008
12629	1008
12630	1177
12631	1177
12632	1054
12633	1008
12634	1177
12635	1054
12636	1177
12637	1177
12638	1177
12639	1008
12640	1008
12641	1008
12642	1008
12643	1008
12644	1054
12645	1054
12646	1463
12647	1463
12648	1463
12649	1463
12650	1463
12651	1454
12652	1014
12653	1014
12654	1454
12655	1014
12656	1014
12657	1014
12658	1014
12659	1014
12660	1014
12661	1014
12662	1014
12663	1014
12664	1014
12665	1014
12666	1014
12667	1014
12668	1014
12669	1014
12670	1014
12671	1014
12672	1014
12673	1014
12674	1014
12675	1014
12676	1014
12677	1014
12678	1014
12679	1014
12680	1014
12681	1014
12682	1014
12683	1014
12684	1014
12685	1018
12686	1014
12687	1014
12688	1014
12689	1454
12690	1454
12691	1454
12692	1454
12693	1454
12694	1454
12695	1454
12696	1454
12697	1454
12698	1454
12699	1014
12700	1454
12701	1014
12702	1014
12703	1014
12704	1014
12705	1014
12706	1014
12707	1014
12708	1014
12709	1014
12710	1014
12711	1014
12712	1014
12713	1014
12714	1454
12715	1454
12716	1454
12717	1014
12718	1014
12719	1014
12720	1014
12721	1014
12722	1463
12723	1054
12724	1054
12725	1054
12726	1008
12727	1177
12728	1008
12729	1008
12730	1054
12731	1054
12732	1463
12733	1054
12734	1054
12735	1177
12736	1177
12737	1177
12738	1054
12739	1008
12740	1404
12741	1404
12742	1163
12743	1163
12744	1163
12745	1152
12746	1463
12747	1404
12748	1007
12749	1404
12750	1177
12751	1404
12752	1177
12753	1054
12754	1054
12755	1054
12756	1463
12757	1463
12758	1463
12759	1463
12760	1463
12761	1463
12762	1463
12763	1463
12764	1463
12765	1154
12766	1424
12767	1012
12768	1154
12769	1154
12770	1163
12771	1012
12772	1424
12773	1424
12774	1424
12775	1424
12776	1424
12777	1424
12778	1424
12779	1152
12780	1163
12781	1011
12782	1054
12783	1423
12784	1404
12785	1404
12786	1404
12787	1404
12788	1404
12789	1404
12790	1404
12791	1404
12792	1404
12793	1404
12794	1404
12795	1404
12796	1014
12797	1014
12798	1014
12799	1463
12800	1463
12801	1463
12802	1463
12803	1463
12804	1463
12805	1014
12806	1014
12807	1014
12808	1014
12809	1014
12810	1463
12811	1463
12812	1463
12813	1463
12814	1463
12815	1463
12816	1463
12817	1463
12818	1454
12819	1454
12820	1463
12821	1463
12822	1463
12823	1463
12824	1463
12825	1463
12826	1463
12827	1454
12828	1463
12829	1463
12830	1061
12831	1376
12832	1385
12833	1060
12834	1376
12835	1376
12836	1060
12837	1060
12838	1062
12839	1062
12840	1062
12841	1376
12842	1376
12843	1376
12844	1062
12845	1363
12846	1363
12847	1353
12848	1353
12849	1363
12850	1376
12851	1376
12852	1377
12853	1377
12854	1063
12855	1063
12856	1060
12857	1060
12858	1060
12859	1059
12860	1363
12861	1363
12862	1363
12863	1363
12864	1056
12865	1140
12866	1376
12867	1060
12868	1363
12869	1363
12870	1363
12871	1377
12872	1063
12873	1377
12874	996
12875	1204
12876	1255
12877	1255
12878	1436
12879	1059
12880	1059
12881	1363
12882	1238
12883	1238
12884	1238
12885	1443
12886	1443
12887	1200
12888	1176
12889	1230
12890	1443
12891	1063
12892	1444
12893	1228
12894	997
12895	1230
12896	1229
12897	1230
12898	1463
12899	1463
12900	1463
12901	1463
12902	1463
12903	1463
12904	1463
12905	1463
12906	1463
12907	1463
12908	1463
12909	1463
12910	1463
12911	1175
12912	1175
12913	924
12914	945
12915	945
12916	945
12917	1114
12918	1114
12919	1116
12920	1174
12921	1228
12922	1228
12923	997
12924	1110
12925	1110
12926	1110
12927	1110
12928	1110
12929	996
12930	1351
12931	1463
12932	1463
12933	1213
12934	1236
12935	1236
12936	1236
12937	1236
12938	1231
12939	1231
12940	1231
12941	1235
12942	1377
12943	1377
12944	1371
12945	1155
12946	1154
12947	1154
12948	1154
12949	1423
12950	1424
12951	1424
12952	1424
12953	1424
12954	1424
12955	1007
12956	1007
12957	1376
12958	1062
12959	1062
12960	1160
12961	1154
12962	1012
12963	1424
12964	1424
12965	1007
12966	1062
12967	1089
12968	1150
12969	1161
12970	1163
12971	1011
12972	1424
12973	1291
12974	1291
12975	1236
12976	1228
12977	1236
12978	1236
12979	1228
12980	1151
12981	1151
12982	1163
12983	1152
12984	1163
12985	1084
12986	1084
12987	1089
12988	1084
12989	1061
12990	1353
12991	1363
12992	1056
12993	1056
12994	1065
12995	1065
12996	1056
12997	1056
12998	1058
12999	1058
13000	1175
13001	1175
13002	1175
13003	1175
13004	1175
13005	1116
13006	1116
13007	1235
13008	1235
13009	1235
13010	1235
13011	1235
13012	1235
13013	1235
13014	1235
13015	1235
13016	1235
13017	1463
13018	1463
13019	1463
13020	1463
13021	1463
13022	1463
13023	1463
13024	1463
13025	1463
13026	1463
13027	1463
13028	1463
13029	1463
13030	1463
13031	1463
13032	1463
13033	1463
13034	1463
13035	1463
13036	1463
13037	1463
13038	1463
13039	1463
13040	1463
13041	1463
13042	1463
13043	1463
13044	1463
13045	1001
13046	1001
13047	1001
13048	1001
13049	1001
13050	1001
13051	1235
13052	1235
13053	1235
13054	1235
13055	1235
13056	1235
13057	1235
13058	1235
13059	1235
13060	1235
13061	1235
13062	1235
13063	1235
13064	1235
13065	1235
13066	1235
13067	1235
13068	1235
13069	1235
13070	1235
13071	1235
13072	1235
13073	1235
13074	1235
13075	1235
13076	1235
13077	1235
13078	1235
13079	1463
13080	1463
13081	1463
13082	1463
13083	1463
13084	1463
13085	1463
13086	1463
13087	1463
13088	1463
13089	1463
13090	1463
13091	1463
13092	1463
13093	1262
13094	1001
13095	1001
13096	1001
13097	1235
13098	1235
13099	1235
13100	1235
13101	1235
13102	1235
13103	1235
13104	1235
13105	1235
13106	1235
13107	1235
13108	1235
13109	1235
13110	1235
13111	1235
13112	1235
13113	1235
13114	1235
13115	1235
13116	1235
13117	1235
13118	1235
13119	1235
13120	1001
13121	1001
13122	1001
13123	1001
13124	1262
13125	1463
13126	1463
13127	1463
13128	1463
13129	1463
13130	1463
13131	1463
13132	1463
13133	1463
13134	1463
13135	1463
13136	1463
13137	1463
13138	1463
13139	1235
13140	1235
13141	1235
13142	1235
13143	1235
13144	1235
13145	1235
13146	1235
13147	1235
13148	1463
13149	1463
13150	1463
13151	1463
13152	1463
13153	1463
13154	1463
13155	1463
13156	1463
13157	1463
13158	1463
13159	1463
13160	1463
13161	1463
13162	1262
13163	1001
13164	1001
13165	1001
13166	1235
13167	1235
13168	1235
13169	1235
13170	1235
13171	1235
13172	1235
13173	1235
13174	1235
13175	1235
13176	1235
13177	1454
13178	1014
13179	1454
13180	1454
13181	1454
13182	1454
13183	1454
13184	1454
13185	1454
13186	1454
13187	1454
13188	1454
13189	1454
13190	1454
13191	1454
13192	1454
13193	1454
13194	1454
13195	1454
13196	1454
13197	1454
13198	1454
13199	1454
13200	1463
13201	1014
13202	1454
13203	1454
13204	1454
13205	1454
13206	1454
13207	1454
13208	1461
13209	1463
13210	1463
13211	1463
13212	1463
13213	1463
13214	1463
13215	1463
13216	1454
13217	1454
13218	1454
13219	1454
13220	1454
13221	1454
13222	1463
13223	1463
13224	1454
13225	1454
13226	1454
13227	1454
13228	1454
13229	1014
13230	1014
13231	1454
13232	1454
13233	1454
13234	1454
13235	1454
13236	1454
13237	1454
13238	1454
13239	1454
13240	1454
13241	1235
13242	1235
13243	1235
13244	1235
13245	1235
13246	1235
13247	1235
13248	1235
13249	1235
13250	1235
13251	1235
13252	1235
13253	1235
13254	1235
13255	1235
13256	1001
13257	1001
13258	1001
13259	1463
13260	1463
13261	1463
13262	1463
13263	1463
13264	1463
13265	1463
13266	1463
13267	1463
13268	1463
13269	1463
13270	1463
13271	1463
13272	1463
13273	1235
13274	1235
13275	1463
13276	1463
13277	1463
13278	1463
13279	1235
13280	1235
13281	1235
13282	1235
13283	1235
13284	1235
13285	1235
13286	1001
13287	1001
13288	1001
13289	1262
13290	1463
13291	1463
13292	1463
13293	1463
13294	1463
13295	1463
13296	1463
13297	1463
13298	1235
13299	1235
13300	1235
13301	1235
13302	1235
13303	1235
13304	1014
13305	1014
13306	1014
13307	1014
13308	1014
13309	1454
13310	1014
13311	1014
13312	1014
13313	1014
13314	1014
13315	1454
13316	1014
13317	1014
13318	1014
13319	1014
13320	1014
13321	1014
13322	1454
13323	1454
13324	1454
13325	1454
13326	1014
13327	1014
13328	1014
13329	1454
13330	1454
13331	1454
13332	1454
13333	1014
13334	1014
13335	1014
13336	1235
13337	1235
13338	1235
13339	1235
13340	1235
13341	1235
13342	1235
13343	1235
13344	1235
13345	1235
13346	1235
13347	1463
13348	1001
13349	1001
13350	1001
13351	1001
13352	1001
13353	1001
13354	1235
13355	1001
13356	1235
13357	1235
13358	1235
13359	1235
13360	1235
13361	1235
13362	1235
13363	1235
13364	1235
13365	1235
13366	1235
13367	1235
13368	1235
13369	1235
13370	1235
13371	1235
13372	1235
13373	1235
13374	1235
13375	1463
13376	1463
13377	1463
13378	1463
13379	1463
13380	1463
13381	1463
13382	1463
13383	1463
13384	1342
13385	1463
13386	1463
13387	1463
13388	1463
13389	1463
13390	1463
13391	1463
13392	1463
13393	1463
13394	1463
13395	1463
13396	1463
13397	1463
13398	1463
13399	1463
13400	1463
13401	1463
13402	1262
13403	1262
13404	1049
13405	1149
13406	1149
13407	1149
13408	1149
13409	1568
13410	1568
13411	1568
13412	1568
13413	1568
13414	1568
13415	1568
13416	1149
13417	1149
13418	1149
13419	1149
13420	1149
13421	1149
13422	1149
13423	1149
13424	1149
13425	1149
13426	1149
13427	1149
13428	1149
13429	1149
13430	1149
13431	1149
13432	1149
13433	1149
13434	1149
13435	1149
13436	1149
13437	1149
13438	1149
13439	1149
13440	1149
13441	1149
13442	1168
13443	1149
13444	1168
13445	1168
13446	1180
13447	1049
13448	1568
13449	1568
13450	1568
13451	1568
13452	1568
13453	1568
13454	1568
13455	1568
13456	1568
13457	1568
13458	1568
13459	1168
13460	1568
13461	1568
13462	1568
13463	1568
13464	1049
13465	1049
13466	1149
13467	1149
13468	1149
13469	1149
13470	1149
13471	1149
13472	1149
13473	1019
13474	1568
13475	1018
13476	1018
13477	1018
13478	1463
13479	1510
13480	1454
13481	1463
13482	1454
13483	1454
13484	1018
13485	1463
13486	1469
13487	1469
13488	1018
13489	1018
13490	1018
13491	1018
13492	1463
13493	1465
13494	1463
13495	1465
13496	1463
13497	1463
13498	1463
13499	1454
13500	1018
13501	1018
13502	1018
13503	1018
13504	1454
13505	1510
13506	1018
13507	1005
13508	1018
13509	1463
13510	1463
13511	1463
13512	1547
13513	1463
13514	1463
13515	1463
13516	1465
13517	1465
13518	1465
13519	1465
13520	1018
13521	1465
13522	1018
13523	1465
13524	1463
13525	1463
13526	1463
13527	1463
13528	1463
13529	1547
13530	1547
13531	1463
13532	1463
13533	1463
13534	1018
13535	1018
13536	1018
13537	1018
13538	1018
13539	1018
13540	1454
13541	1523
13542	1018
13543	1018
13544	1018
13545	1018
13546	1018
13547	1568
13548	1568
13549	1568
13550	1568
13551	1568
13552	1568
13553	1019
13554	1018
13555	1018
13556	1018
13557	1018
13558	1014
13559	1014
13560	1005
13561	1018
13562	1018
13563	1568
13564	1568
13565	1568
13566	1568
13567	1149
13568	1149
13569	1149
13570	1149
13571	1149
13572	1568
13573	1568
13574	1568
13575	1568
13576	1568
13577	1018
13578	1180
13579	1180
13580	1005
13581	1568
13582	1568
13583	1568
13584	1568
13585	1568
13586	1568
13587	1149
13588	1149
13589	1149
13590	1149
13591	1149
13592	1149
13593	1149
13594	1149
13595	1149
13596	1149
13597	1149
13598	1149
13599	1149
13600	1168
13601	1168
13602	1168
13603	1029
13604	1049
13605	1049
13606	1005
13607	1510
13608	1168
13609	1149
13610	1149
13611	1149
13612	1149
13613	1149
13614	1149
13615	1149
13616	1149
13617	1149
13618	1149
13619	1149
13620	1149
13621	1149
13622	1149
13623	1149
13624	1149
13625	1568
13626	1568
13627	1568
13628	1568
13629	1568
13630	1149
13631	1049
13632	1049
13633	1049
13634	1029
13635	1168
13636	1168
13637	1168
13638	1547
13639	1463
13640	1463
13641	1463
13642	1463
13643	1463
13644	1465
13645	1465
13646	1465
13647	1465
13648	1463
13649	1463
13650	1463
13651	1550
13652	1550
13653	1550
13654	1547
13655	1547
13656	1547
13657	1463
13658	1463
13659	1463
13660	1463
13661	1463
13662	1465
13663	1465
13664	1465
13665	1463
13666	1463
13667	1463
13668	1550
13669	1562
13670	1550
13671	1547
13672	1547
13673	1463
13674	1463
13675	1463
13676	1463
13677	1463
13678	1463
13679	1465
13680	1465
13681	1463
13682	1550
13683	1550
13684	1550
13685	1562
13686	1550
13687	1550
13688	1547
13689	1463
13690	1463
13691	1463
13692	1463
13693	1463
13694	1463
13695	1463
13696	1463
13697	1550
13698	1550
13699	1550
13700	1562
13701	1562
13702	1562
13703	1550
13704	1550
13705	1550
13706	1550
13707	1550
13708	1463
13709	1550
13710	1550
13711	1550
13712	1550
13713	1550
13714	1562
13715	2122
13716	1562
13717	1562
13718	1562
13719	1562
13720	1168
13721	1149
13722	1149
13723	1149
13724	1568
13725	1568
13726	1568
13727	1568
13728	1568
13729	1149
13730	1168
13731	1168
13732	1149
13733	1149
13734	1149
13735	1568
13736	1568
13737	1568
13738	1568
13739	1568
13740	1049
13741	1568
13742	1049
13743	1049
13744	1029
13745	1168
13746	1168
13747	1049
13748	1049
13749	1029
13750	1168
13751	1168
13752	1149
13753	1149
13754	1149
13755	1149
13756	1149
13757	1149
13758	1149
13759	1149
13760	1149
13761	1149
13762	1149
13763	1149
13764	1149
13765	1149
13766	1149
13767	1149
13768	1149
13769	1149
13770	1149
13771	1149
13772	1149
13773	1149
13774	1149
13775	1149
13776	1149
13777	1149
13778	1149
13779	770
13780	977
13781	1089
13782	1018
13783	1266
13784	1266
13785	1004
13786	1004
13787	1004
13788	1004
13789	1004
13790	1004
13791	1463
13792	1463
13793	1463
13794	1463
13795	1463
13796	1454
13797	1054
13798	1054
13799	1054
13800	1054
13801	1054
13802	1054
13803	1054
13804	1054
13805	1054
13806	1463
13807	1018
13808	1004
13809	1004
13810	1004
13811	1054
13812	1004
13813	1021
13814	1021
13815	1021
13816	1463
13817	1149
13818	1149
13819	1149
13820	1204
13821	996
13822	996
13823	996
13824	996
13825	996
13826	1174
13827	1176
13828	1176
13829	1174
13830	1176
13831	1174
13832	1174
13833	1174
13834	1176
13835	996
13836	996
13837	996
13838	996
13839	1205
13840	1204
13841	1204
13842	1205
13843	1204
13844	1204
13845	1200
13846	1200
13847	1200
13848	996
13849	1200
13850	1200
13851	996
13852	1200
13853	996
13854	1176
13855	1174
13856	945
13857	1176
13858	1176
13859	1200
13860	1203
13861	1200
13862	1203
13863	1200
13864	1247
13865	1200
13866	1247
13867	945
13868	1174
13869	1174
13870	1174
13871	1174
13872	1173
13873	1173
13874	1173
13875	1173
13876	1363
13877	1363
13878	1363
13879	1059
13880	1059
13881	1363
13882	1363
13883	1363
13884	977
13885	996
13886	1074
13887	977
13888	922
13889	922
13890	944
13891	939
13892	939
13893	939
13894	939
13895	1110
13896	1110
13897	1110
13898	1058
13899	1058
13900	1005
13901	1175
13902	1175
13903	1175
13904	1175
13905	1175
13906	1175
13907	1175
13908	1175
13909	1175
13910	1175
13911	1211
13912	1211
13913	1175
13914	1211
13915	1211
13916	1211
13917	1211
13918	1211
13919	1211
13920	1211
13921	1211
13922	1211
13923	1211
13924	1211
13925	1211
13926	1211
13927	1114
13928	1114
13929	1114
13930	1114
13931	1211
13932	1211
13933	1175
13934	1175
13935	1175
13936	1175
13937	1175
13938	1175
13939	1175
13940	1175
13941	1175
13942	1211
13943	1211
13944	1211
13945	1114
13946	1114
13947	1175
13948	1028
13949	1028
13950	1028
13951	1028
13952	1028
13953	1036
13954	1169
13955	1169
13956	1169
13957	1169
13958	1169
13959	1171
13960	1171
13961	1036
13962	1036
13963	1036
13964	1036
13965	1036
13966	1169
13967	1171
13968	1169
13969	1171
13970	1169
13971	1036
13972	1036
13973	1028
13974	1028
13975	1036
13976	1036
13977	1036
13978	1036
13979	1028
13980	1028
13981	1171
13982	1036
13983	1036
13984	1171
13985	1036
13986	1171
13987	1036
13988	1028
13989	1028
13990	1028
13991	1028
13992	1028
13993	1028
13994	1036
13995	1036
13996	1036
13997	1036
13998	1036
13999	1036
14000	2009
14001	1053
14002	993
14003	1026
14004	1026
14005	993
14006	993
14007	1002
14008	1002
14009	1002
14010	1002
14011	1013
14012	1013
14013	1002
14014	1002
14015	1002
14016	1002
14017	1002
14018	1293
14019	1002
14020	1002
14021	1002
14022	1002
14023	1002
14024	1002
14025	1002
14026	1002
14027	1002
14028	1002
14029	1593
14030	1593
14031	1593
14032	1831
14033	1831
14034	1831
14035	1593
14036	1593
14037	1605
14038	1605
14039	2007
14040	2007
14041	2007
14042	2007
14043	1833
14044	2037
14045	1835
14046	1835
14047	1836
14048	1836
14049	1831
14050	1838
14051	1013
14052	1293
14053	1293
14054	1293
14055	1293
14056	1002
14057	1002
14058	1002
14059	1002
14060	1002
14061	1002
14062	1002
14063	1293
14064	1002
14065	1002
14066	1002
14067	1002
14068	1002
14069	1005
14070	1005
14071	1005
14072	1005
14073	1002
14074	1002
14075	2007
14076	2007
14077	2007
14078	1457
14079	1470
14080	1470
14081	1293
14082	1457
14083	1293
14084	1293
14085	1452
14086	1452
14087	1452
14088	1449
14089	1449
14090	1449
14091	1294
14092	1301
14093	1477
14094	1002
14095	1293
14096	1306
14097	1303
14098	1871
14099	1871
14100	1306
14101	1303
14102	1425
14103	1425
14104	1305
14105	1305
14106	1305
14107	1306
14108	1425
14109	1305
14110	1305
14111	1305
14112	1306
14113	1306
14114	1304
14115	1305
14116	1303
14117	1862
14118	1308
14119	1308
14120	1308
14121	1307
14122	1296
14123	1296
14124	1296
14125	1873
14126	1873
14127	1873
14128	1307
14129	1303
14130	1470
14131	1293
14132	1452
14133	1452
14134	2025
14135	1835
14136	1838
14137	1891
14138	2025
14139	1891
14140	1891
14141	1891
14142	2037
14143	2025
14144	2025
14145	2025
14146	1449
14147	1449
14148	1449
14149	1449
14150	1449
14151	1449
14152	1324
14153	1310
14154	1310
14155	1310
14156	1891
14157	2010
14158	1891
14159	1891
14160	1053
14161	1891
14162	1891
14163	1891
14164	1891
14165	1026
14166	1026
14167	1026
14168	1026
14169	1026
14170	993
14171	993
14172	993
14173	993
14174	993
14175	993
14176	1026
14177	993
14178	993
14179	1052
14180	993
14181	993
14182	993
14183	993
14184	1034
14185	1035
14186	1035
14187	1034
14188	1035
14189	1034
14190	1035
14191	1034
14192	1034
14193	1034
14194	1034
14195	1034
14196	1034
14197	1034
14198	1034
14199	1034
14200	1034
14201	1034
14202	1034
14203	1034
14204	1452
14205	1452
14206	1476
14207	1294
14208	1449
14209	1614
14210	1616
14211	1589
14212	1594
14213	1846
14214	1846
14215	1846
14216	1846
14217	1846
14218	2007
14219	1591
14220	1907
14221	1593
14222	1605
14223	1593
14224	1593
14225	1605
14226	1447
14227	1052
14228	1034
14229	1034
14230	1026
14231	1034
14232	1034
14233	925
14234	928
14235	928
14236	928
14237	1035
14238	1035
14239	1169
14240	1169
14241	1169
14242	1169
14243	1169
14244	1169
14245	1400
14246	1400
14247	925
14248	925
14249	1002
14250	1002
14251	1002
14252	1026
14253	1026
14254	1026
14255	1026
14256	1002
14257	1026
14258	1026
14259	1026
14260	1026
14261	1026
14262	1026
14263	1026
14264	993
14265	993
14266	993
14267	993
14268	993
14269	1326
14270	1476
14271	1326
14272	1293
14273	1002
14274	1002
14275	1002
14276	1026
14277	1050
14278	1026
14279	1026
14280	1026
14281	1293
14282	1293
14283	1293
14284	1293
14285	1002
14286	1002
14287	1002
14288	1002
14289	1169
14290	1040
14291	1034
14292	1034
14293	1034
14294	1034
14295	1034
14296	1035
14297	1030
14298	1030
14299	1030
14300	1030
14301	1034
14302	1034
14303	1034
14304	1034
14305	1035
14306	1169
14307	1169
14308	1169
14309	1169
14310	1169
14311	1169
14312	946
14313	946
14314	1036
14315	1169
14316	1169
14317	1169
14318	1169
14319	1169
14320	1041
14321	1401
14322	1402
14323	1824
14324	1620
14325	1614
14326	1169
14327	1040
14328	1040
14329	928
14330	928
14331	928
14332	928
14333	928
14334	925
14335	925
14336	925
14337	925
14338	1039
14339	1039
14340	1958
14341	1958
14342	1615
14343	1169
14344	1169
14345	946
14346	946
14347	1040
14348	946
14349	1040
14350	1040
14351	946
14352	946
14353	928
14354	928
14355	928
14356	928
14357	937
14358	1039
14359	1625
14360	1625
14361	1615
14362	1615
14363	1028
14364	1048
14365	1048
14366	1026
14367	1026
14368	1026
14369	1026
14370	1026
14371	1026
14372	1026
14373	1026
14374	1180
14375	1180
14376	1180
14377	1180
14378	1180
14379	1180
14380	1002
14381	1002
14382	1026
14383	1002
14384	1026
14385	1026
14386	1026
14387	1026
14388	1026
14389	1026
14390	1026
14391	1026
14392	993
14393	993
14394	993
14395	993
14396	1048
14397	1048
14398	1048
14399	1048
14400	1048
14401	1048
14402	1048
14403	1048
14404	1048
14405	1048
14406	1048
14407	1048
14408	1048
14409	1048
14410	1048
14411	1048
14412	1048
14413	1048
14414	1048
14415	1048
14416	1048
14417	1048
14418	1180
14419	1005
14420	1005
14421	1002
14422	1002
14423	1026
14424	1026
14425	993
14426	1048
14427	993
14428	1048
14429	1048
14430	1048
14431	1048
14432	1048
14433	1048
14434	1048
14435	1048
14436	1048
14437	1048
14438	1048
14439	1048
14440	1048
14441	1048
14442	1048
14443	1048
14444	1048
14445	1048
14446	1048
14447	1034
14448	1034
14449	1028
14450	1028
14451	1028
14452	1028
14453	1028
14454	1028
14455	1028
14456	1028
14457	1028
14458	1028
14459	1028
14460	1028
14461	993
14462	1026
14463	1026
14464	993
14465	993
14466	993
14467	1048
14468	1048
14469	1048
14470	1048
14471	1048
14472	1048
14473	1048
14474	1048
14475	1048
14476	1048
14477	1048
14478	1034
14479	1034
14480	1034
14481	1034
14482	1034
14483	1034
14484	1034
14485	1034
14486	1034
14487	1028
14488	1028
14489	1028
14490	1028
14491	1028
14492	1028
14493	1028
14494	1028
14495	1028
14496	1028
14497	1028
14498	1028
14499	1028
14500	1028
14501	993
14502	993
14503	1048
14504	1048
14505	1048
14506	1048
14507	1048
14508	1048
14509	1048
14510	1034
14511	1034
14512	1034
14513	1034
14514	1034
14515	1034
14516	1034
14517	1028
14518	1034
14519	1028
14520	1028
14521	1028
14522	1028
14523	1028
14524	1028
14525	1028
14526	1028
14527	1028
14528	1028
14529	1028
14530	1028
14531	1048
14532	1048
14533	1048
14534	1034
14535	1034
14536	1034
14537	1034
14538	1034
14539	1034
14540	1034
14541	1048
14542	1048
14543	993
14544	993
14545	1034
14546	993
14547	993
14548	1048
14549	1026
14550	1026
14551	1026
14552	1002
14553	1400
14554	1041
14555	1002
14556	1002
14557	1002
14558	1034
14559	1035
14560	1050
14561	1461
14562	1460
14563	1460
14564	1457
14565	1182
14566	1461
14567	1461
14568	1452
14569	1452
14570	1310
14571	1890
14572	2009
14573	1324
14574	1324
14575	1324
14576	1324
14577	1752
14578	1833
14579	2007
14580	2007
14581	2007
14582	2007
14583	2007
14584	1967
14585	1768
14586	1971
14587	1828
14588	1828
14589	1753
14590	1825
14591	1902
14592	1902
14593	1904
14594	1959
14595	1902
14596	1753
14597	1962
14598	1596
14599	1902
14600	1828
14601	1900
14602	1600
14603	1873
14604	1981
14605	2015
14606	1959
14607	1902
14608	1970
14609	1900
14610	1959
14611	1961
14612	1956
14613	1903
14614	1903
14615	1974
14616	1692
14617	1605
14618	1605
14619	1677
14620	1940
14621	1719
14622	1938
14623	1937
14624	1936
14625	1902
14626	1882
14627	1882
14628	1915
14629	990
14630	1332
14631	1332
14632	1881
14633	1854
14634	1663
14635	1887
14636	1887
14637	1888
14638	1741
14639	1657
14640	1662
14641	1863
14642	1863
14643	1887
14644	1930
14645	1726
14646	1929
14647	1600
14648	1736
14649	1731
14650	1731
14651	1902
14652	1901
14653	1644
14654	1731
14655	1943
14656	1913
14657	1672
14658	1668
14659	1673
14660	1663
14661	1903
14662	1903
14663	1593
14664	1955
14665	1743
14666	1743
14667	1966
14668	1613
14669	1733
14670	1602
14671	1613
14672	1602
14673	1905
14674	1904
14675	1612
14676	1612
14677	1966
14678	1743
14679	1965
14680	1965
14681	1743
14682	1955
14683	1676
14684	1718
14685	1719
14686	1938
14687	1937
14688	1942
14689	1637
14690	1639
14691	1688
14692	1687
14693	1692
14694	1640
14695	1646
14696	1776
14697	1818
14698	1817
14699	1910
14700	1646
14701	1807
14702	1822
14703	1814
14704	1734
14705	1646
14706	1809
14707	1909
14708	1971
14709	1734
14710	1602
14711	1733
14712	1909
14713	1612
14714	1902
14715	1743
14716	1622
14717	1614
14718	1974
14719	1618
14720	1974
14721	1621
14722	1622
14723	1617
14724	1611
14725	1974
14726	1981
14727	1863
14728	1298
14729	2013
14730	2013
14731	2013
14732	1296
14733	1873
14734	1873
14735	1873
14736	1873
14737	1869
14738	1870
14739	1870
14740	1869
14741	1869
14742	1862
14743	1862
14744	1862
14745	1833
14746	1834
14747	1831
14748	1831
14749	1838
14750	1757
14751	1757
14752	1756
14753	1982
14754	1982
14755	1982
14756	1873
14757	1863
14758	1863
14759	2013
14760	2013
14761	990
14762	1863
14763	1332
14764	990
14765	990
14766	1862
14767	1862
14768	1041
14769	1824
14770	1034
14771	1034
14772	1400
14773	1400
14774	1038
14775	1957
14776	1626
14777	1400
14778	1400
14779	1824
14780	1958
14781	1958
14782	925
14783	925
14784	1038
14785	1958
14786	1958
14787	1955
14788	1752
14789	1902
14790	1904
14791	1904
14792	1905
14793	1826
14794	1605
14795	1613
14796	1903
14797	2126
14798	2126
14799	1906
14800	2128
14801	2126
14802	2128
14803	2126
14804	1324
14805	1310
14806	1002
14807	1002
14808	1408
14809	1324
14810	1324
14811	1305
14812	1877
14813	1890
14814	1452
14815	1293
14816	1293
14817	1890
14818	1838
14819	1756
14820	1890
14821	1040
14822	946
14823	1851
14824	1002
14825	1026
14826	1050
14827	1002
14828	1002
14829	1476
14830	1477
14831	1002
14832	1475
14833	1002
14834	1002
14835	1002
14836	1002
14837	1002
14838	1293
14839	1293
14840	1408
14841	1408
14842	1310
14843	1324
14844	1324
14845	1049
14846	1026
14847	1026
14848	1048
14849	1048
14850	1048
14851	1048
14852	1048
14853	1026
14854	1026
14855	1026
14856	1049
14857	1180
14858	1180
14859	1049
14860	1180
14861	1049
14862	1180
14863	1026
14864	1026
14865	1026
14866	1026
14867	1026
14868	1026
14869	1026
14870	1026
14871	1026
14872	1026
14873	1026
14874	1026
14875	1026
14876	1026
14877	993
14878	993
14879	993
14880	993
14881	1048
14882	1048
14883	1048
14884	1048
14885	1048
14886	1180
14887	1180
14888	1180
14889	1180
14890	1180
14891	1180
14892	1026
14893	1026
14894	1026
14895	1026
14896	1026
14897	1026
14898	1026
14899	1026
14900	1026
14901	1026
14902	1026
14903	1026
14904	1026
14905	1026
14906	993
14907	993
14908	993
14909	1048
14910	1048
14911	1048
14912	1048
14913	1048
14914	1048
14915	1048
14916	1048
14917	1048
14918	1048
14919	1048
14920	1180
14921	1180
14922	1180
14923	1180
14924	1180
14925	1180
14926	1002
14927	1026
14928	1002
14929	1026
14930	1026
14931	1026
14932	1026
14933	1026
14934	1026
14935	1026
14936	1026
14937	1026
14938	1026
14939	1026
14940	993
14941	993
14942	1048
14943	1048
14944	1048
14945	1048
14946	1048
14947	1048
14948	1048
14949	1048
14950	1048
14951	1048
14952	1048
14953	1048
14954	1048
14955	1048
14956	1048
14957	1048
14958	1048
14959	1048
14960	1048
14961	1048
14962	1048
14963	993
14964	993
14965	1026
14966	993
14967	1026
14968	1049
14969	1049
14970	1049
14971	1049
14972	1049
14973	1049
14974	1049
14975	1049
14976	1029
14977	1048
14978	1048
14979	1048
14980	1048
14981	1048
14982	1048
14983	1048
14984	1048
14985	1048
14986	1048
14987	1048
14988	1048
14989	993
14990	1048
14991	1049
14992	1049
14993	1049
14994	1049
14995	1049
14996	1049
14997	1049
14998	1029
14999	1029
15000	1029
15001	1048
15002	1048
15003	1048
15004	1048
15005	1048
15006	1048
15007	1048
15008	1048
15009	1048
15010	1048
15011	1048
15012	1048
15013	1048
15014	1048
15015	1048
15016	1049
15017	1048
15018	1048
15019	1029
15020	1029
15021	1029
15022	1029
15023	1029
15024	1029
15025	1048
15026	1048
15027	1048
15028	1048
15029	1028
15030	1028
15031	1029
15032	1028
15033	1029
15034	1029
15035	1028
15036	1028
15037	1593
15038	1605
15039	1593
15040	1605
15041	1593
15042	1605
15043	1593
15044	1605
15045	1593
15046	1605
15047	1593
15048	1605
15049	1605
15050	2007
15051	2007
15052	2007
15053	2007
15054	2007
15055	2007
15056	2007
15057	2007
15058	2007
15059	2007
15060	2007
15061	2007
15062	2007
15063	1903
15064	1593
15065	1903
15066	1903
15067	1903
15068	1903
15069	1903
15070	2127
15071	1903
15072	2127
15073	2128
15074	2128
15075	2127
15076	2128
15077	2127
15078	1903
15079	2127
15080	2127
15081	2128
15082	2128
15083	2128
15084	2128
15085	2128
15086	2128
15087	1903
15088	1903
15089	1903
15090	1903
15091	1903
15092	1903
15093	1903
15094	1903
15095	1903
15096	1903
15097	1903
15098	1903
15099	2128
15100	2127
15101	1903
15102	1593
15103	2007
15104	2007
15105	1903
15106	1611
15107	2007
15108	1903
15109	1903
15110	1833
15111	1833
15112	1833
15113	1833
15114	1593
15115	1605
15116	1593
15117	1903
15118	1611
15119	2007
15120	2007
15121	2007
15122	2007
15123	2007
15124	2128
15125	2127
15126	1828
15127	1828
15128	1831
15129	1831
15130	1831
15131	1831
15132	1836
15133	1831
15134	1835
15135	1835
15136	1833
15137	2007
15138	2007
15139	2007
15140	2007
15141	1604
15142	1752
15143	1752
15144	1904
15145	1904
15146	1904
15147	1904
15148	1826
15149	1826
15150	1826
15151	1826
15152	1905
15153	1905
15154	1605
15155	1605
15156	1605
15157	1906
15158	1903
15159	1903
15160	1903
15161	1903
15162	1906
15163	1906
15164	1593
15165	2127
15166	1833
15167	1833
15168	2032
15169	2032
15170	2007
15171	2007
15172	2007
15173	1752
15174	2127
15175	1903
15176	1605
15177	1605
15178	2007
15179	2007
15180	2007
15181	2007
15182	1752
15183	1752
15184	1752
15185	1752
15186	1752
15187	1752
15188	1752
15189	2007
15190	2007
15191	1605
15192	1593
15193	1593
15194	1593
15195	1593
15196	1593
15197	1752
15198	1605
15199	1605
15200	1605
15201	1605
15202	2007
15203	2007
15204	2007
15205	2007
15206	2007
15207	2007
15208	2007
15209	2007
15210	1904
15211	1752
15212	1904
15213	1752
15214	1605
15215	1605
15216	1905
15217	1826
15218	2007
15219	1904
15220	1904
15221	1605
15222	2007
15223	2007
15224	1605
15225	2007
15226	1605
15227	2007
15228	1605
15229	1846
15230	2007
15231	1846
15232	1846
15233	1846
15234	1846
15235	1846
15236	1846
15237	2007
15238	2007
15239	2007
15240	2007
15241	2007
15242	2032
15243	2032
15244	2032
15245	2032
15246	2007
15247	2007
15248	1833
15249	1833
15250	1835
15251	2032
15252	2032
15253	2007
15254	1833
15255	1833
15256	1831
15257	1836
15258	1835
15259	2032
15260	1833
15261	1833
15262	1831
15263	1831
15264	1831
15265	1831
15266	1834
15267	2032
15268	1828
15269	1828
15270	1828
15271	1831
15272	1831
15273	1828
15274	1828
15275	1828
15276	1831
15277	1834
15278	1752
15279	1828
15280	1833
15281	1833
15282	1846
15283	1846
15284	2007
15285	1833
15286	2007
15287	2007
15288	2007
15289	1833
15290	2007
15291	2007
15292	1846
15293	2007
15294	2007
15295	1846
15296	2007
15297	2007
15298	2007
15299	2007
15300	1605
15301	1605
15302	1593
15303	1593
15304	1593
15305	1611
15306	1611
15307	1593
15308	1611
15309	1593
15310	1593
15311	1593
15312	1593
15313	1903
15314	1903
15315	1903
15316	1903
15317	1903
15318	1903
15319	1903
15320	1903
15321	1903
15322	1903
15323	1605
15324	1830
15325	1605
15326	1903
15327	1903
15328	1903
15329	1903
15330	1903
15331	1611
15332	1611
15333	1593
15334	1903
15335	1903
15336	1903
15337	1903
15338	1611
15339	1593
15340	1593
15341	1593
15342	1593
15343	1593
15344	1605
15345	2007
15346	1604
15347	2007
15348	1906
15349	1906
15350	1906
15351	1605
15352	1605
15353	1593
15354	1593
15355	1605
15356	1605
15357	1605
15358	2007
15359	1593
15360	2007
15361	1593
15362	928
15363	928
15364	1169
15365	1449
15366	1452
15367	1452
15368	1452
15369	1452
15370	1470
15371	1457
15372	1461
15373	1461
15374	1182
15375	1182
15376	1450
15377	1310
15378	1450
15379	1053
15380	1053
15381	1053
15382	1876
15383	1876
15384	1876
15385	1876
15386	1449
15387	1053
15388	1053
15389	1053
15390	1053
15391	1053
15392	1470
15393	1470
15394	1470
15395	1470
15396	1470
15397	1470
15398	1470
15399	1328
15400	1328
15401	1328
15402	1328
15403	1328
15404	1328
15405	1328
15406	1053
15407	1053
15408	1053
15409	1053
15410	1053
15411	1328
15412	1053
15413	1328
15414	1328
15415	1328
15416	1328
15417	1328
15418	1053
15419	1328
15420	1328
15421	1053
15422	1053
15423	1053
15424	1053
15425	1053
15426	1053
15427	1053
15428	1053
15429	1053
15430	1053
15431	1053
15432	1053
15433	1053
15434	1053
15435	1053
15436	1053
15437	1876
15438	1053
15439	1053
15440	1053
15441	1053
15442	1053
15443	1053
15444	1053
15445	1876
15446	1470
15447	1470
15448	1470
15449	1470
15450	1272
15451	1292
15452	1452
15453	1452
15454	1452
15455	1452
15456	1053
15457	1053
15458	1450
15459	1450
15460	1450
15461	1450
15462	1450
15463	1450
15464	1053
15465	1053
15466	1053
15467	1053
15468	1328
15469	1053
15470	1328
15471	1053
15472	1328
15473	1053
15474	1328
15475	1053
15476	1328
15477	1328
15478	1328
15479	1328
15480	1328
15481	1053
15482	1053
15483	1053
15484	1053
15485	1053
15486	1053
15487	1053
15488	1053
15489	1053
15490	1053
15491	1053
15492	1053
15493	1053
15494	1053
15495	1053
15496	1053
15497	1053
15498	1053
15499	1053
15500	1053
15501	1053
15502	1053
15503	1053
15504	1053
15505	1053
15506	1053
15507	1053
15508	1053
15509	1053
15510	1053
15511	1053
15512	1053
15513	1053
15514	1053
15515	1053
15516	1053
15517	1053
15518	1053
15519	1053
15520	1053
15521	1053
15522	1053
15523	1053
15524	1053
15525	1053
15526	1053
15527	1053
15528	1053
15529	1053
15530	1053
15531	1053
15532	1053
15533	1053
15534	1053
15535	1053
15536	1053
15537	1053
15538	1053
15539	1053
15540	1053
15541	1053
15542	1053
15543	1053
15544	1053
15545	1053
15546	1053
15547	1053
15548	1053
15549	1053
15550	1053
15551	1053
15552	1053
15553	1053
15554	1053
15555	1053
15556	1053
15557	1053
15558	1450
15559	1450
15560	1450
15561	1450
15562	1450
15563	1053
15564	1450
15565	1450
15566	1450
15567	1450
15568	1450
15569	1450
15570	1450
15571	1450
15572	1450
15573	1450
15574	1450
15575	1450
15576	1450
15577	1450
15578	1450
15579	1450
15580	1450
15581	1450
15582	1450
15583	1450
15584	1450
15585	1450
15586	1450
15587	1450
15588	1450
15589	1450
15590	1450
15591	1450
15592	1450
15593	1450
15594	1450
15595	1450
15596	1450
15597	1450
15598	1450
15599	1450
15600	1450
15601	1450
15602	1450
15603	1450
15604	1450
15605	1450
15606	1450
15607	1450
15608	1450
15609	1450
15610	1450
15611	1450
15612	1450
15613	1450
15614	1450
15615	1450
15616	1450
15617	1450
15618	1450
15619	1450
15620	1450
15621	1450
15622	1450
15623	1450
15624	1450
15625	1450
15626	1450
15627	1450
15628	1459
15629	1450
15630	1450
15631	1459
15632	1459
15633	1450
15634	1450
15635	1459
15636	1459
15637	1450
15638	1450
15639	1450
15640	1450
15641	1450
15642	1450
15643	1450
15644	1450
15645	1450
15646	1450
15647	1450
15648	1450
15649	1182
15650	1182
15651	1182
15652	1182
15653	1182
15654	1182
15655	1459
15656	1459
15657	1459
15658	1459
15659	1459
15660	1459
15661	1459
15662	1459
15663	1459
15664	1459
15665	1459
15666	1459
15667	1459
15668	1459
15669	1460
15670	1460
15671	1459
15672	1459
15673	1182
15674	1460
15675	1182
15676	1182
15677	1460
15678	1460
15679	1182
15680	1182
15681	1460
15682	1461
15683	1459
15684	1459
15685	1459
15686	1459
15687	1459
15688	1470
15689	1470
15690	1470
15691	1470
15692	1470
15693	1470
15694	1470
15695	1470
15696	1470
15697	1470
15698	1470
15699	1470
15700	1470
15701	1459
15702	1470
15703	1460
15704	1460
15705	1470
15706	1460
15707	1460
15708	1460
15709	1460
15710	1460
15711	1459
15712	1459
15713	1459
15714	1470
15715	1459
15716	1470
15717	1470
15718	1470
15719	1470
15720	1470
15721	1470
15722	1470
15723	1470
15724	1470
15725	1470
15726	1470
15727	1470
15728	1470
15729	1470
15730	1460
15731	1470
15732	1470
15733	1460
15734	1460
15735	1460
15736	1460
15737	1459
15738	1459
15739	1459
15740	1470
15741	1459
15742	1470
15743	1470
15744	1470
15745	1470
15746	1470
15747	1470
15748	1470
15749	1470
15750	1470
15751	1470
15752	1470
15753	1457
15754	1457
15755	1470
15756	1457
15757	1459
15758	1459
15759	1459
15760	1470
15761	1459
15762	1470
15763	1470
15764	1470
15765	1470
15766	1470
15767	1470
15768	1470
15769	1470
15770	1470
15771	1470
15772	1470
15773	1470
15774	1470
15775	1470
15776	1470
15777	1470
15778	1470
15779	1459
15780	1470
15781	1470
15782	1470
15783	1470
15784	1470
15785	1470
15786	1470
15787	1470
15788	1470
15789	1470
15790	1470
15791	1470
15792	1470
15793	1470
15794	1470
15795	1470
15796	1470
15797	1470
15798	1470
15799	1470
15800	1470
15801	1470
15802	1470
15803	1470
15804	1470
15805	1470
15806	1470
15807	1470
15808	1470
15809	1470
15810	1470
15811	1470
15812	1450
15813	1450
15814	1450
15815	1276
15816	1276
15817	1276
15818	1276
15819	1276
15820	1276
15821	1276
15822	1276
15823	1450
15824	1450
15825	1450
15826	1328
15827	1328
15828	1328
15829	1328
15830	1328
15831	1452
15832	1452
15833	1452
15834	1328
15835	1328
15836	1328
15837	1328
15838	1328
15839	1328
15840	1328
15841	1328
15842	1452
15843	1452
15844	1452
15845	1328
15846	1328
15847	1328
15848	1328
15849	1328
15850	1328
15851	1328
15852	1328
15853	1328
15854	1452
15855	1452
15856	1049
15857	1049
15858	1026
15859	1026
15860	1026
15861	1026
15862	993
15863	993
15864	1048
15865	1048
15866	1048
15867	1048
15868	993
15869	1049
15870	1049
15871	1049
15872	1048
15873	1048
15874	1049
15875	1049
15876	1049
15877	1026
15878	1026
15879	1026
15880	1026
15881	1026
15882	993
15883	993
15884	1048
15885	1048
15886	1048
15887	1048
15888	1048
15889	1048
15890	1048
15891	1048
15892	993
15893	1026
15894	1026
15895	1026
15896	1049
15897	1049
15898	1049
15899	1049
15900	1002
15901	1002
15902	1002
15903	1002
15904	1002
15905	1002
15906	1002
15907	1002
15908	1002
15909	1002
15910	1002
15911	1002
15912	1005
15913	1005
15914	1005
15915	1935
15916	991
15917	1332
15918	1332
15919	1332
15920	1298
15921	1297
15922	1307
15923	1304
15924	1304
15925	1408
15926	1408
15927	1182
15928	1182
15929	1461
15930	1461
15931	1460
15932	1457
15933	1457
15934	1457
15935	1457
15936	1457
15937	1293
15938	1293
15939	1293
15940	1293
15941	1002
15942	1457
15943	1013
15944	1457
15945	1280
15946	1002
15947	1280
15948	1456
15949	1456
15950	1013
15951	1456
15952	1456
15953	1456
15954	1456
15955	1456
15956	1456
15957	1456
15958	1456
15959	1456
15960	1457
15961	1457
15962	1456
15963	1456
15964	1456
15965	1456
15966	1456
15967	1456
15968	1456
15969	1455
15970	1456
15971	1456
15972	1456
15973	1456
15974	1455
15975	1455
15976	1455
15977	1182
15978	1182
15979	1182
15980	1461
15981	1182
15982	1182
15983	1182
15984	1182
15985	1455
15986	1455
15987	1005
15988	1005
15989	1005
15990	1005
15991	1455
15992	1455
15993	1463
15994	1463
15995	1463
15996	1463
15997	1054
15998	1177
15999	1177
16000	1177
16001	1006
16002	1006
16003	1006
16004	1007
16005	1007
16006	1007
16007	1291
16008	1291
16009	1414
16010	1006
16011	1309
16012	1309
16013	1010
16014	1010
16015	1010
16016	1002
16017	1002
16018	1002
16019	1002
16020	1002
16021	1005
16022	1002
16023	1002
16024	1002
16025	1002
16026	1002
16027	1002
16028	1002
16029	1002
16030	1002
16031	1455
16032	1455
16033	1455
16034	1457
16035	1159
16036	1457
16037	1457
16038	1456
16039	1456
16040	1456
16041	1455
16042	1261
16043	1456
16044	1455
16045	1456
16046	1456
16047	1280
16048	1463
16049	1463
16050	1456
16051	1456
16052	1456
16053	1456
16054	1457
16055	1457
16056	1457
16057	1457
16058	1463
16059	1463
16060	1456
16061	1456
16062	1456
16063	1456
16064	1457
16065	1457
16066	1002
16067	1002
16068	1002
16069	1002
16070	1002
16071	1456
16072	1456
16073	1456
16074	1456
16075	1456
16076	1456
16077	1457
16078	1002
16079	1002
16080	1002
16081	1005
16082	1005
16083	1005
16084	1005
16085	1005
16086	1005
16087	1005
16088	1005
16089	1005
16090	1005
16091	1005
16092	1005
16093	1005
16094	1005
16095	1425
16096	1425
16097	1006
16098	1006
16099	1309
16100	1425
16101	1304
16102	1006
16103	1006
16104	1006
16105	1006
16106	1006
16107	1006
16108	1006
16109	1006
16110	1425
16111	1309
16112	1010
16113	1010
16114	1309
16115	1297
16116	1461
16117	1463
16118	1463
16119	1461
16120	1463
16121	1463
16122	1463
16123	1463
16124	1463
16125	1463
16126	1463
16127	1463
16128	1463
16129	1054
16130	1177
16131	1177
16132	1006
16133	1005
16134	1005
16135	1182
16136	1658
16137	1924
16138	1675
16139	1374
16140	1374
16141	1337
16142	1336
16143	1917
16144	1853
16145	1321
16146	1321
16147	1374
16148	1304
16149	1304
16150	1182
16151	1182
16152	1006
16153	1006
16154	1177
16155	1177
16156	1054
16157	1054
16158	1177
16159	1054
16160	1461
16161	1005
16162	1005
16163	1005
16164	1455
16165	1455
16166	1261
16167	1005
16168	1457
16169	1005
16170	1002
16171	1002
16172	1002
16173	1002
16174	1002
16175	1455
16176	1455
16177	1455
16178	1455
16179	1455
16180	1456
16181	1463
16182	1463
16183	1463
16184	1455
16185	1005
16186	1455
16187	1005
16188	1002
16189	1002
16190	1005
16191	1005
16192	1005
16193	1005
16194	1005
16195	1005
16196	1002
16197	1002
16198	1002
16199	1002
16200	1002
16201	1005
16202	1005
16203	1005
16204	1005
16205	1002
16206	1002
16207	1002
16208	1002
16209	1005
16210	1005
16211	1463
16212	1463
16213	1463
16214	1460
16215	1461
16216	1461
16217	1461
16218	1461
16219	1461
16220	1463
16221	1002
16222	1002
16223	1455
16224	1456
16225	1717
16226	1720
16227	1862
16228	1862
16229	1871
16230	1869
16231	1873
16232	1871
16233	1870
16234	1869
16235	1871
16236	1869
16237	1870
16238	1982
16239	1871
16240	1870
16241	1870
16242	1982
16243	1895
16244	1864
16245	2025
16246	1866
16247	1866
16248	1305
16249	1890
16250	1890
16251	2010
16252	1756
16253	1838
16254	2025
16255	2025
16256	1952
16257	1578
16258	1449
16259	2025
16260	2025
16261	1002
16262	1457
16263	1457
16264	1293
16265	1013
16266	1013
16267	1293
16268	1293
16269	1013
16270	1457
16271	1457
16272	1457
16273	1457
16274	1293
16275	2007
16276	1605
16277	1609
16278	1626
16279	1974
16280	1974
16281	1982
16282	1757
16283	1831
16284	1831
16285	2007
16286	1593
16287	1611
16288	1954
16289	1449
16290	1449
16291	2025
16292	1742
16293	1900
16294	1600
16295	1863
16296	1888
16297	1332
16298	1332
16299	1337
16300	2126
16301	2126
16302	2126
16303	2126
16304	2128
16305	1956
16306	2126
16307	2126
16308	1971
16309	1971
16310	1971
16311	1998
16312	1817
16313	1687
16314	1937
16315	1937
16316	1956
16317	1871
16318	1303
16319	993
16320	993
16321	1596
16322	1597
16323	1873
16324	1863
16325	1887
16326	990
16327	1332
16328	1981
16329	1374
16330	1753
16331	1962
16332	1742
16333	1900
16334	1600
16335	1863
16336	1887
16337	1332
16338	1332
16339	1374
16340	1902
16341	1753
16342	1959
16343	1742
16344	1900
16345	1600
16346	1863
16347	1888
16348	1332
16349	991
16350	1337
16351	1902
16352	1959
16353	2015
16354	1600
16355	1739
16356	1888
16357	991
16358	991
16359	1336
16360	1902
16361	1959
16362	1970
16363	1735
16364	1741
16365	1657
16366	1882
16367	1882
16368	1882
16369	1873
16370	1981
16371	1961
16372	1757
16373	990
16374	990
16375	2013
16376	1863
16377	1863
16378	1873
16379	1374
16380	2013
16381	990
16382	2013
16383	1863
16384	1873
16385	1873
16386	1862
16387	1982
16388	1981
16389	1757
16390	1321
16391	1873
16392	1296
16393	2013
16394	1298
16395	1010
16396	1868
16397	1868
16398	1868
16399	1868
16400	1869
16401	1869
16402	1869
16403	1869
16404	1970
16405	2015
16406	1971
16407	1971
16408	1612
16409	1612
16410	1733
16411	1602
16412	1734
16413	1902
16414	2015
16415	1900
16416	1900
16417	1900
16418	1900
16419	1599
16420	1868
16421	1869
16422	1980
16423	1599
16424	1959
16425	1901
16426	1672
16427	1669
16428	1672
16429	1934
16430	1901
16431	1901
16432	1669
16433	1902
16434	1902
16435	1902
16436	1910
16437	1641
16438	1912
16439	1942
16440	1942
16441	1902
16442	1671
16443	1036
16444	1036
16445	1036
16446	1036
16447	1036
16448	1036
16449	1036
16450	1036
16451	1036
16452	1036
16453	1036
16454	1036
16455	1036
16456	1036
16457	1036
16458	1036
16459	1036
16460	1036
16461	1169
16462	1036
16463	1169
16464	1169
16465	1169
16466	1169
16467	1036
16468	1036
16469	1036
16470	1036
16471	1036
16472	1036
16473	1171
16474	1036
16475	1171
16476	1036
16477	1036
16478	1036
16479	1171
16480	1171
16481	1171
16482	1036
16483	1169
16484	1169
16485	1169
16486	1169
16487	1169
16488	1171
16489	1040
16490	1171
16491	1171
16492	1171
16493	1171
16494	1171
16495	1171
16496	1171
16497	1171
16498	1171
16499	1171
16500	1171
16501	1169
16502	1171
16503	1171
16504	1169
16505	1169
16506	1040
16507	1169
16508	1169
16509	1169
16510	1169
16511	1169
16512	1399
16513	1036
16514	1036
16515	1036
16516	1036
16517	1028
16518	1028
16519	1028
16520	1028
16521	1028
16522	1028
16523	1028
16524	1028
16525	1028
16526	1028
16527	1028
16528	1028
16529	1028
16530	1028
16531	1028
16532	1028
16533	1028
16534	1028
16535	1028
16536	1028
16537	1028
16538	1028
16539	1028
16540	1028
16541	1028
16542	1028
16543	1028
16544	1028
16545	1028
16546	1028
16547	1028
16548	1028
16549	1034
16550	1034
16551	1034
16552	1028
16553	1028
16554	1028
16555	1028
16556	1028
16557	1028
16558	1028
16559	1028
16560	1028
16561	1028
16562	1036
16563	1036
16564	1035
16565	1036
16566	1036
16567	1036
16568	1036
16569	1028
16570	1028
16571	1028
16572	1036
16573	1028
16574	1036
16575	1036
16576	1036
16577	1171
16578	1036
16579	1171
16580	1040
16581	1171
16582	1171
16583	1171
16584	1171
16585	1169
16586	1171
16587	1169
16588	1169
16589	1169
16590	1036
16591	1036
16592	1036
16593	1036
16594	1036
16595	1036
16596	1036
16597	1036
16598	1036
16599	1036
16600	1028
16601	1028
16602	1028
16603	1036
16604	1036
16605	1036
16606	1036
16607	1036
16608	1036
16609	1036
16610	1036
16611	1036
16612	1036
16613	1028
16614	1040
16615	1169
16616	1169
16617	1171
16618	1036
16619	1036
16620	1036
16621	1036
16622	1036
16623	1036
16624	1036
16625	1036
16626	1036
16627	1036
16628	1036
16629	1036
16630	1036
16631	1036
16632	1036
16633	1002
16634	1002
16635	1002
16636	1002
16637	1002
16638	1002
16639	1002
16640	1002
16641	1002
16642	1002
16643	1002
16644	1002
16645	1002
16646	1002
16647	1002
16648	1002
16649	1002
16650	1002
16651	1002
16652	1002
16653	1002
16654	1002
16655	1002
16656	1002
16657	1002
16658	1002
16659	1002
16660	1293
16661	1293
16662	1293
16663	1293
16664	1293
16665	1002
16666	1293
16667	1293
16668	1293
16669	1002
16670	1002
16671	1002
16672	1002
16673	1002
16674	1002
16675	1002
16676	1002
16677	1002
16678	1002
16679	1002
16680	1002
16681	1002
16682	1002
16683	1002
16684	1002
16685	1002
16686	1002
16687	1002
16688	1002
16689	1002
16690	1293
16691	1293
16692	1293
16693	1293
16694	1293
16695	1002
16696	1002
16697	1002
16698	1002
16699	1002
16700	1293
16701	1002
16702	1002
16703	1002
16704	1002
16705	1002
16706	1293
16707	1002
16708	1002
16709	1002
16710	1002
16711	1002
16712	1002
16713	1002
16714	1002
16715	1002
16716	1002
16717	1002
16718	1002
16719	1002
16720	1002
16721	1280
16722	1013
16723	1002
16724	1002
16725	1002
16726	1293
16727	1002
16728	1002
16729	1002
16730	1002
16731	1002
16732	1002
16733	1002
16734	1002
16735	1002
16736	1002
16737	1002
16738	1002
16739	1002
16740	1002
16741	1002
16742	1002
16743	1002
16744	1002
16745	1002
16746	1002
16747	1002
16748	1002
16749	1002
16750	1002
16751	1002
16752	1002
16753	1002
16754	1002
16755	1002
16756	1002
16757	1002
16758	1002
16759	1002
16760	1002
16761	1002
16762	1002
16763	1002
16764	1002
16765	1002
16766	1293
16767	1013
16768	1293
16769	1293
16770	1293
16771	1293
16772	1293
16773	1293
16774	1002
16775	1293
16776	1293
16777	1002
16778	1002
16779	1002
16780	1293
16781	1293
16782	1002
16783	1002
16784	1293
16785	1293
16786	1002
16787	1002
16788	1293
16789	1293
16790	1293
16791	1293
16792	1002
16793	1002
16794	1477
16795	1002
16796	1293
16797	1293
16798	1002
16799	1002
16800	1475
16801	1477
16802	1302
16803	1002
16804	1475
16805	1475
16806	1476
16807	1476
16808	1475
16809	1475
16810	1452
16811	1301
16812	1294
16813	1475
16814	1476
16815	1294
16816	1294
16817	1452
16818	1294
16819	1449
16820	1326
16821	1294
16822	1866
16823	1449
16824	1449
16825	1449
16826	1449
16827	1449
16828	1449
16829	1449
16830	1449
16831	1449
16832	1449
16833	1449
16834	2017
16835	2025
16836	2017
16837	1591
16838	1591
16839	1846
16840	1846
16841	2017
16842	2017
16843	1326
16844	1294
16845	1326
16846	1326
16847	1476
16848	1183
16849	1476
16850	1476
16851	1026
16852	1026
16853	1026
16854	1026
16855	1050
16856	1026
16857	1026
16858	1026
16859	1026
16860	1026
16861	1002
16862	1002
16863	1050
16864	1002
16865	1050
16866	1050
16867	1002
16868	1002
16869	1002
16870	1050
16871	1050
16872	1050
16873	1026
16874	1026
16875	1002
16876	1002
16877	1002
16878	1002
16879	1050
16880	1050
16881	1050
16882	925
16883	925
16884	925
16885	1400
16886	1400
16887	925
16888	925
16889	925
16890	925
16891	928
16892	925
16893	946
16894	925
16895	928
16896	928
16897	928
16898	928
16899	1400
16900	1400
16901	1400
16902	1400
16903	1400
16904	1400
16905	1169
16906	946
16907	946
16908	946
16909	1400
16910	1400
16911	1400
16912	1169
16913	1169
16914	1169
16915	1400
16916	1169
16917	1169
16918	1169
16919	1169
16920	1169
16921	1616
16922	1616
16923	1851
16924	1907
16925	1589
16926	1589
16927	1616
16928	1616
16929	1864
16930	1893
16931	1589
16932	1589
16933	1864
16934	1034
16935	1052
16936	1034
16937	1047
16938	1052
16939	1034
16940	1034
16941	1034
16942	1034
16943	1449
16944	1908
16945	2011
16946	1449
16947	1449
16948	1866
16949	1851
16950	1026
16951	993
16952	993
16953	993
16954	1047
16955	1047
16956	1002
16957	1002
16958	1050
16959	1002
16960	1002
16961	1169
16962	1040
16963	946
16964	946
16965	1169
16966	1745
16967	1169
16968	946
16969	946
16970	946
16971	946
16972	946
16973	946
16974	946
16975	946
16976	928
16977	928
16978	928
16979	928
16980	928
16981	928
16982	928
16983	1040
16984	1040
16985	1040
16986	928
16987	928
16988	928
16989	1040
16990	1040
16991	928
16992	928
16993	1040
16994	1040
16995	1040
16996	1040
16997	1171
16998	1040
16999	1040
17000	1040
17001	1040
17002	1040
17003	1040
17004	1040
17005	1040
17006	1040
17007	1040
17008	1040
17009	1040
17010	1040
17011	946
17012	1040
17013	946
17014	946
17015	946
17016	1169
17017	1169
17018	1169
17019	1169
17020	1169
17021	1872
17022	1305
17023	1305
17024	1872
17025	1872
17026	1890
17027	1890
17028	1871
17029	1872
17030	1890
17031	1305
17032	1305
17033	2009
17034	2009
17035	1890
17036	1890
17037	1890
17038	1305
17039	1305
17040	1305
17041	1324
17042	1305
17043	1305
17044	1305
17045	1305
17046	1306
17047	1306
17048	1306
17049	1305
17050	1306
17051	1303
17052	1306
17053	1306
17054	1306
17055	1304
17056	1324
17057	1324
17058	1324
17059	1305
17060	1305
17061	1304
17062	1304
17063	1304
17064	1304
17065	1304
17066	1304
17067	1890
17068	1890
17069	2010
17070	1890
17071	1890
17072	1890
17073	1890
17074	1890
17075	2010
17076	1890
17077	1870
17078	1890
17079	1890
17080	2010
17081	2010
17082	2010
17083	2010
17084	2010
17085	2010
17086	2010
17087	2010
17088	2010
17089	1891
17090	1840
17091	1838
17092	1840
17093	1756
17094	1756
17095	1756
17096	1756
17097	1838
17098	1838
17099	1756
17100	1756
17101	1756
17102	1891
17103	1891
17104	2025
17105	1838
17106	1838
17107	1838
17108	1838
17109	1838
17110	1838
17111	1831
17112	1838
17113	2025
17114	1891
17115	2025
17116	2025
17117	2025
17118	2025
17119	2025
17120	2025
17121	2025
17122	2025
17123	2017
17124	2017
17125	2025
17126	1870
17127	1870
17128	1293
17129	1293
17130	1293
17131	1293
17132	1293
17133	1470
17134	1003
17135	1470
17136	1003
17137	1293
17138	1293
17139	1452
17140	1452
17141	1293
17142	1293
17143	1452
17144	1452
17145	1452
17146	1452
17147	1452
17148	1452
17149	1452
17150	1452
17151	1452
17152	1452
17153	1452
17154	1452
17155	1457
17156	1003
17157	1457
17158	1457
17159	1457
17160	1457
17161	1457
17162	1457
17163	1457
17164	1452
17165	1452
17166	1452
17167	1452
17168	1452
17169	1452
17170	1452
17171	1449
17172	1449
17173	1449
17174	1449
17175	1452
17176	1449
17177	1452
17178	1452
17179	1449
17180	1449
17181	1449
17182	1449
17183	1449
17184	1449
17185	1449
17186	1449
17187	1328
17188	1449
17189	1449
17190	1449
17191	1449
17192	1449
17193	1891
17194	1449
17195	1876
17196	1449
17197	1876
17198	1876
17199	1891
17200	1891
17201	1891
17202	1891
17203	1876
17204	1876
17205	1891
17206	1891
17207	1891
17208	1891
17209	1891
17210	1891
17211	1877
17212	1876
17213	1877
17214	1877
17215	1877
17216	1877
17217	1053
17218	1053
17219	1449
17220	1449
17221	1449
17222	1891
17223	1891
17224	1891
17225	1891
17226	1891
17227	1891
17228	2010
17229	1890
17230	1877
17231	1053
17232	1890
17233	2009
17234	1877
17235	1053
17236	1053
17237	1053
17238	1053
17239	1408
17240	1324
17241	1324
17242	1408
17243	1478
17244	1408
17245	1408
17246	1408
17247	2009
17248	2009
17249	1310
17250	2009
17251	1305
17252	1324
17253	1310
17254	1310
17255	1324
17256	1324
17257	1324
17258	1324
17259	1324
17260	1304
17261	1304
17262	1457
17263	1013
17264	1293
17265	1293
17266	1293
17267	1293
17268	1293
17269	1326
17270	1002
17271	1002
17272	1002
17273	1002
17274	1002
17275	1002
17276	1002
17277	1002
17278	1002
17279	1050
17280	1002
17281	1002
17282	1002
17283	1002
17284	1002
17285	1324
17286	1324
17287	1310
17288	1324
17289	1324
17290	1461
17291	1461
17292	1461
17293	1182
17294	1182
17295	1182
17296	1461
17297	1461
17298	1461
17299	2128
17300	2128
17301	2128
17302	2128
17303	2128
17304	2126
17305	2126
17306	2126
17307	2128
17308	2126
17309	2128
17310	2128
17311	2126
17312	2126
17313	1903
17314	2127
17315	2127
17316	2127
17317	1956
17318	2128
17319	1965
17320	1965
17321	1965
17322	1622
17323	1965
17324	1621
17325	1621
17326	1615
17327	1955
17328	1618
17329	1618
17330	1615
17331	1621
17332	1622
17333	1622
17334	1622
17335	1622
17336	1685
17337	1622
17338	1974
17339	1974
17340	1622
17341	1956
17342	1956
17343	1958
17344	1038
17345	1958
17346	1958
17347	1958
17348	1615
17349	1958
17350	1958
17351	925
17352	1039
17353	1039
17354	1039
17355	1038
17356	1038
17357	925
17358	925
17359	925
17360	925
17361	925
17362	925
17363	925
17364	925
17365	925
17366	925
17367	928
17368	925
17369	925
17370	925
17371	1615
17372	1615
17373	1615
17374	928
17375	928
17376	928
17377	928
17378	1955
17379	1615
17380	1615
17381	1615
17382	1957
17383	1958
17384	1958
17385	1605
17386	1846
17387	1846
17388	1593
17389	1605
17390	1605
17391	1605
17392	2007
17393	1958
17394	1039
17395	1958
17396	1615
17397	1039
17398	1039
17399	1039
17400	1628
17401	1039
17402	925
17403	925
17404	1039
17405	925
17406	928
17407	1957
17408	1958
17409	1958
17410	1038
17411	1038
17412	1038
17413	1400
17414	1400
17415	925
17416	1400
17417	1626
17418	1626
17419	1957
17420	1618
17421	1626
17422	1957
17423	1957
17424	1038
17425	1038
17426	1038
17427	1400
17428	1400
17429	1400
17430	1400
17431	1614
17432	1614
17433	1614
17434	1824
17435	1626
17436	1626
17437	1974
17438	1609
17439	1614
17440	1824
17441	1402
17442	1824
17443	1626
17444	1957
17445	1402
17446	1038
17447	1041
17448	1041
17449	1400
17450	1041
17451	1400
17452	1846
17453	1846
17454	1846
17455	1846
17456	1846
17457	1952
17458	1571
17459	1034
17460	1578
17461	1578
17462	1571
17463	1034
17464	1030
17465	1034
17466	1034
17467	1034
17468	1030
17469	1034
17470	1594
17471	1594
17472	1594
17473	1594
17474	1593
17475	1593
17476	1974
17477	1030
17478	1572
17479	1578
17480	1030
17481	982
17482	1030
17483	1030
17484	1030
17485	1030
17486	1030
17487	1401
17488	1030
17489	1593
17490	1593
17491	1593
17492	1593
17493	1617
17494	1593
17495	1754
17496	1610
17497	1954
17498	1954
17499	1617
17500	1974
17501	1974
17502	1974
17503	1974
17504	1614
17505	1614
17506	982
17507	1402
17508	1041
17509	1041
17510	1974
17511	1974
17512	1974
17513	928
17514	928
17515	928
17516	928
17517	928
17518	928
17519	928
17520	928
17521	928
17522	928
17523	1862
17524	1862
17525	1873
17526	1862
17527	1862
17528	1862
17529	1862
17530	1862
17531	1873
17532	1873
17533	1873
17534	1862
17535	1873
17536	1873
17537	1873
17538	1873
17539	1873
17540	1873
17541	1873
17542	1296
17543	1296
17544	1873
17545	1873
17546	1296
17547	2013
17548	1296
17549	1296
17550	1296
17551	2013
17552	1298
17553	1298
17554	1307
17555	1307
17556	1982
17557	1982
17558	1982
17559	1756
17560	1982
17561	1982
17562	1982
17563	1870
17564	1982
17565	1982
17566	1961
17567	1982
17568	1982
17569	1982
17570	1869
17571	1756
17572	1756
17573	1756
17574	1757
17575	1757
17576	1757
17577	1961
17578	1831
17579	1757
17580	1831
17581	1831
17582	1757
17583	2037
17584	1835
17585	1831
17586	1833
17587	1834
17588	1831
17589	1835
17590	2032
17591	2037
17592	1846
17593	1846
17594	1833
17595	1862
17596	1869
17597	1869
17598	1869
17599	1869
17600	1862
17601	1869
17602	1869
17603	1869
17604	1869
17605	1869
17606	1869
17607	1869
17608	1871
17609	1869
17610	1869
17611	1869
17612	1903
17613	1611
17614	1593
17615	1593
17616	1593
17617	1594
17618	1846
17619	1954
17620	1956
17621	1954
17622	1617
17623	1903
17624	1903
17625	1609
17626	1618
17627	1974
17628	1974
17629	1614
17630	1743
17631	1743
17632	1743
17633	1605
17634	1605
17635	1605
17636	1593
17637	1605
17638	1593
17639	1593
17640	1605
17641	1605
17642	2007
17643	1605
17644	2007
17645	2007
17646	2007
17647	2007
17648	1605
17649	1965
17650	1965
17651	1743
17652	1743
17653	1611
17654	1593
17655	1593
17656	1903
17657	1903
17658	1903
17659	1903
17660	1903
17661	1903
17662	1605
17663	1605
17664	2127
17665	2127
17666	1956
17667	1408
17668	1408
17669	1324
17670	1324
17671	1324
17672	1324
17673	1324
17674	2009
17675	2009
17676	1053
17677	1450
17678	1450
17679	1053
17680	1053
17681	1452
17682	1452
17683	1452
17684	1452
17685	1470
17686	1470
17687	1470
17688	1470
17689	1470
17690	1461
17691	1461
17692	1461
17693	1461
17694	1461
17695	1457
17696	1457
17697	1457
17698	1457
17699	1457
17700	1460
17701	1457
17702	1457
17703	1457
17704	1460
17705	1460
17706	1460
17707	1460
17708	1460
17709	1460
17710	1460
17711	1460
17712	1461
17713	1460
17714	1461
17715	1460
17716	1460
17717	1460
17718	1461
17719	1461
17720	1461
17721	1461
17722	1461
17723	1461
17724	1461
17725	1461
17726	1461
17727	1005
17728	1005
17729	1005
17730	1005
17731	1005
17732	1005
17733	1005
17734	1005
17735	1005
17736	1034
17737	1035
17738	1034
17739	1034
17740	1034
17741	1034
17742	1034
17743	1034
17744	1034
17745	1028
17746	1028
17747	1034
17748	1034
17749	1034
17750	1034
17751	1034
17752	1034
17753	1034
17754	1034
17755	1034
17756	1034
17757	1034
17758	1034
17759	1034
17760	1034
17761	1034
17762	1034
17763	1034
17764	1034
17765	1034
17766	1034
17767	1005
17768	1005
17769	1005
17770	1005
17771	1026
17772	1026
17773	1026
17774	1034
17775	1034
17776	1034
17777	1048
17778	1034
17779	1034
17780	1034
17781	1034
17782	1034
17783	1048
17784	1048
17785	1048
17786	1048
17787	993
17788	993
17789	1169
17790	1169
17791	1169
17792	1169
17793	1169
17794	1169
17795	1169
17796	1169
17797	1169
17798	1169
17799	1169
17800	1169
17801	1169
17802	1169
17803	1035
17804	1399
17805	1035
17806	1035
17807	1035
17808	1035
17809	1169
17810	1169
17811	1399
17812	1169
17813	1169
17814	1169
17815	1169
17816	1399
17817	1169
17818	1399
17819	1399
17820	1169
17821	1399
17822	1035
17823	1035
17824	1169
17825	1035
17826	1399
17827	1035
17828	1030
17829	1030
17830	1035
17831	1050
17832	1050
17833	1026
17834	1026
17835	1050
17836	1026
17837	1026
17838	1026
17839	1026
17840	1026
17841	993
17842	993
17843	993
17844	993
17845	993
17846	993
17847	993
17848	1026
17849	1026
17850	1048
17851	1048
17852	1034
17853	1048
17854	993
17855	1034
17856	1034
17857	1034
17858	1034
17859	1034
17860	1035
17861	1035
17862	1034
17863	1030
17864	993
17865	1048
17866	1048
17867	1048
17868	1034
17869	1048
17870	1034
17871	1034
17872	1034
17873	1034
17874	1035
17875	1035
17876	1034
17877	1034
17878	1035
17879	1035
17880	1035
17881	1035
17882	1035
17883	1035
17884	1035
17885	1035
17886	1035
17887	1026
17888	1026
17889	1026
17890	1026
17891	1026
17892	993
17893	1026
17894	1026
17895	1026
17896	1026
17897	1026
17898	1026
17899	1026
17900	1026
17901	1026
17902	1026
17903	1026
17904	1026
17905	1026
17906	1026
17907	1026
17908	1005
17909	1180
17910	1180
17911	1005
17912	1005
17913	1180
17914	1180
17915	1005
17916	1005
17917	1005
17918	1002
17919	1005
17920	1002
17921	1002
17922	1002
17923	1002
17924	1005
17925	1005
17926	1002
17927	1002
17928	1002
17929	1002
17930	1002
17931	1002
17932	1002
17933	1002
17934	1002
17935	1002
17936	1002
17937	1002
17938	1002
17939	1002
17940	1002
17941	1002
17942	1002
17943	1002
17944	1002
17945	1002
17946	1002
17947	1002
17948	1026
17949	1026
17950	1026
17951	1026
17952	1026
17953	1026
17954	1026
17955	1026
17956	1002
17957	1026
17958	1002
17959	1002
17960	1026
17961	1002
17962	1002
17963	1002
17964	1169
17965	1169
17966	1169
17967	1002
17968	1002
17969	1026
17970	1050
17971	1050
17972	1050
17973	1034
17974	1034
17975	1034
17976	1034
17977	1030
17978	1030
17979	1169
17980	1169
17981	1169
17982	1005
17983	1180
17984	1005
17985	1026
17986	1026
17987	1002
17988	1026
17989	1026
17990	1026
17991	1026
17992	1026
17993	993
17994	993
17995	1026
17996	1026
17997	993
17998	993
17999	1026
18000	1026
18001	1026
18002	1026
18003	1026
18004	1026
18005	1026
18006	1026
18007	1026
18008	1026
18009	1026
18010	1026
18011	1026
18012	1026
18013	1026
18014	1026
18015	1026
18016	1026
18017	993
18018	993
18019	993
18020	993
18021	993
18022	1034
18023	1034
18024	1034
18025	1034
18026	1048
18027	993
18028	1034
18029	1034
18030	993
18031	993
18032	993
18033	993
18034	1026
18035	993
18036	993
18037	993
18038	993
18039	993
18040	993
18041	1048
18042	1048
18043	1048
18044	1048
18045	1048
18046	1048
18047	1034
18048	1034
18049	1034
18050	1034
18051	1034
18052	1034
18053	1034
18054	1034
18055	1028
18056	1028
18057	1028
18058	1028
18059	1028
18060	1028
18061	1028
18062	1028
18063	1028
18064	1028
18065	1028
18066	1028
18067	1028
18068	1028
18069	1028
18070	1034
18071	1028
18072	1028
18073	1034
18074	1028
18075	1034
18076	1034
18077	1034
18078	1034
18079	1034
18080	1034
18081	1034
18082	1034
18083	1034
18084	1034
18085	1034
18086	1034
18087	1034
18088	1034
18089	1034
18090	1034
18091	1034
18092	1034
18093	1034
18094	1034
18095	1048
18096	1048
18097	1034
18098	1048
18099	1048
18100	1048
18101	1048
18102	1048
18103	1048
18104	993
18105	1048
18106	1048
18107	1028
18108	1028
18109	1028
18110	1028
18111	1028
18112	1028
18113	1028
18114	1028
18115	1028
18116	1028
18117	1028
18118	1028
18119	1028
18120	1028
18121	1028
18122	1028
18123	1028
18124	1028
18125	1028
18126	1028
18127	1028
18128	1028
18129	1028
18130	1028
18131	1028
18132	1028
18133	1028
18134	1028
18135	1028
18136	1028
18137	1028
18138	1028
18139	1028
18140	1028
18141	1028
18142	1028
18143	1028
18144	1034
18145	1028
18146	1034
18147	1028
18148	1028
18149	1028
18150	1034
18151	1034
18152	1034
18153	1034
18154	1034
18155	1034
18156	1034
18157	1034
18158	1034
18159	1034
18160	1034
18161	1034
18162	1034
18163	1034
18164	1034
18165	1034
18166	1034
18167	1034
18168	1034
18169	1034
18170	1034
18171	1034
18172	1034
18173	1034
18174	1034
18175	1034
18176	1034
18177	1034
18178	1048
18179	1048
18180	1048
18181	1034
18182	1034
18183	1034
18184	1048
18185	1048
18186	1048
18187	1048
18188	1048
18189	1048
18190	1048
18191	1048
18192	1048
18193	1048
18194	1048
18195	1048
18196	1048
18197	1048
18198	1048
18199	1048
18200	993
18201	1048
18202	1048
18203	1048
18204	1048
18205	1048
18206	1048
18207	993
18208	993
18209	993
18210	993
18211	993
18212	993
18213	993
18214	993
18215	1048
18216	1048
18217	993
18218	993
18219	993
18220	993
18221	993
18222	993
18223	1026
18224	993
18225	993
18226	993
18227	1028
18228	1028
18229	1028
18230	1028
18231	1028
18232	1028
18233	1028
18234	1028
18235	1028
18236	1028
18237	1028
18238	1028
18239	1028
18240	1028
18241	1028
18242	1028
18243	1028
18244	1028
18245	1028
18246	1028
18247	1028
18248	1028
18249	1028
18250	1028
18251	1028
18252	1028
18253	1028
18254	1028
18255	1028
18256	1028
18257	1028
18258	1028
18259	1028
18260	1028
18261	1028
18262	1028
18263	1028
18264	1028
18265	1028
18266	1028
18267	1028
18268	1028
18269	1028
18270	1034
18271	1034
18272	1034
18273	1034
18274	1048
18275	1028
18276	1034
18277	1034
18278	1034
18279	1034
18280	1034
18281	1034
18282	1034
18283	1034
18284	1034
18285	1034
18286	1048
18287	1034
18288	1034
18289	1034
18290	1048
18291	1034
18292	1048
18293	1048
18294	1034
18295	1034
18296	1048
18297	1048
18298	1048
18299	1048
18300	1048
18301	1048
18302	1048
18303	1048
18304	1048
18305	1048
18306	1048
18307	1048
18308	1048
18309	1048
18310	1048
18311	1048
18312	1048
18313	1048
18314	1048
18315	1048
18316	1048
18317	1048
18318	1048
18319	1048
18320	1048
18321	1048
18322	1048
18323	1048
18324	1048
18325	1048
18326	993
18327	1048
18328	1048
18329	1048
18330	1048
18331	1048
18332	993
18333	993
18334	1048
18335	1048
18336	993
18337	993
18338	993
18339	993
18340	993
18341	993
18342	993
18343	1026
18344	1026
18345	993
18346	993
18347	1026
18348	1026
18349	993
18350	993
18351	1026
18352	1026
18353	1026
18354	1026
18355	1026
18356	1026
18357	1026
18358	1026
18359	1026
18360	1026
18361	1026
18362	1026
18363	1026
18364	1028
18365	1028
18366	1028
18367	1028
18368	1028
18369	1028
18370	1028
18371	1028
18372	1028
18373	1028
18374	1028
18375	1028
18376	1028
18377	1028
18378	1028
18379	1028
18380	1028
18381	1028
18382	1028
18383	1028
18384	1028
18385	1048
18386	1048
18387	1048
18388	1048
18389	1048
18390	1048
18391	1048
18392	1048
18393	1048
18394	1048
18395	1048
18396	1048
18397	1048
18398	1048
18399	1048
18400	1048
18401	1048
18402	1048
18403	1048
18404	1048
18405	1048
18406	1048
18407	1048
18408	1048
18409	1048
18410	1048
18411	1048
18412	1048
18413	1048
18414	1048
18415	1048
18416	1048
18417	1048
18418	1048
18419	1048
18420	1048
18421	1048
18422	1048
18423	1048
18424	1048
18425	1048
18426	1048
18427	1048
18428	1048
18429	1048
18430	1048
18431	1048
18432	1048
18433	1048
18434	1048
18435	1048
18436	1048
18437	1048
18438	1048
18439	1048
18440	1048
18441	1048
18442	1048
18443	1048
18444	1048
18445	1048
18446	1048
18447	1048
18448	1048
18449	993
18450	1048
18451	1048
18452	1048
18453	993
18454	993
18455	1026
18456	993
18457	993
18458	993
18459	993
18460	993
18461	993
18462	993
18463	1026
18464	1026
18465	1026
18466	1026
18467	1026
18468	1026
18469	1026
18470	1026
18471	1026
18472	1026
18473	1026
18474	1026
18475	1026
18476	1026
18477	1026
18478	1026
18479	1026
18480	1026
18481	1002
18482	1002
18483	1002
18484	1002
18485	1180
18486	1002
18487	1002
18488	1180
18489	1180
18490	1180
18491	1180
18492	1180
18493	1180
18494	1180
18495	1180
18496	1048
18497	1048
18498	1048
18499	1048
18500	1048
18501	1048
18502	1048
18503	1048
18504	1048
18505	1048
18506	1048
18507	1048
18508	1048
18509	1048
18510	1048
18511	1048
18512	1048
18513	1048
18514	1048
18515	1048
18516	1048
18517	1048
18518	1048
18519	1048
18520	1048
18521	1048
18522	1048
18523	1048
18524	1048
18525	1048
18526	1048
18527	1048
18528	1048
18529	993
18530	993
18531	993
18532	993
18533	993
18534	993
18535	1026
18536	1026
18537	1026
18538	1026
18539	1026
18540	1026
18541	1026
18542	1026
18543	1026
18544	1026
18545	1026
18546	1026
18547	1002
18548	1026
18549	1026
18550	1002
18551	1002
18552	1002
18553	1180
18554	1002
18555	1002
18556	1180
18557	1180
18558	1180
18559	1180
18560	1180
18561	1180
18562	1180
18563	1180
18564	1048
18565	1048
18566	928
18567	928
18568	928
18569	928
18570	946
18571	946
18572	1040
18573	1040
18574	946
18575	1169
18576	1169
18577	1169
18578	1958
18579	1039
18580	925
18581	925
18582	928
18583	928
18584	928
18585	762
18586	928
18587	928
18588	928
18589	1040
18590	1040
18591	1620
18592	1824
18593	982
18594	1041
18595	1169
18596	1169
18597	1169
18598	1169
18599	1169
18600	1169
18601	1169
18602	1169
18603	1169
18604	1169
18605	1169
18606	1035
18607	1035
18608	1035
18609	1027
18610	1034
18611	1030
18612	1034
18613	1030
18614	1034
18615	1034
18616	1030
18617	1034
18618	1034
18619	1034
18620	1034
18621	1034
18622	1034
18623	1034
18624	1026
18625	1002
18626	1002
18627	1293
18628	1293
18629	1013
18630	1293
18631	1293
18632	1002
18633	1026
18634	1026
18635	1002
18636	1002
18637	1026
18638	1026
18639	1476
18640	1026
18641	1026
18642	1002
18643	928
18644	925
18645	1400
18646	1169
18647	1169
18648	1169
18649	928
18650	1034
18651	1034
18652	1047
18653	1034
18654	1034
18655	1034
18656	993
18657	1026
18658	1026
18659	993
18660	993
18661	993
18662	993
18663	993
18664	993
18665	993
18666	993
18667	993
18668	993
18669	993
18670	993
18671	993
18672	993
18673	993
18674	993
18675	993
18676	993
18677	993
18678	993
18679	1026
18680	993
18681	993
18682	1026
18683	993
18684	1026
18685	1026
18686	993
18687	1047
18688	1034
18689	1034
18690	1034
18691	1908
18692	1866
18693	1593
18694	1593
18695	1594
18696	1594
18697	1591
18698	1846
18699	1846
18700	1616
18701	1449
18702	1294
18703	1588
18704	1893
18705	993
18706	1047
18707	993
18708	1034
18709	1034
18710	1027
18711	1035
18712	1035
18713	993
18714	993
18715	993
18716	993
18717	993
18718	1026
18719	1026
18720	993
18721	1026
18722	1026
18723	1461
18724	1461
18725	1891
18726	1891
18727	1876
18728	1891
18729	1891
18730	1891
18731	1891
18732	1891
18733	1891
18734	1891
18735	1891
18736	1053
18737	1876
18738	1891
18739	1053
18740	1876
18741	1891
18742	1310
18743	1310
18744	1310
18745	1310
18746	1450
18747	1450
18748	1310
18749	1310
18750	1310
18751	1310
18752	1450
18753	1310
18754	1324
18755	1310
18756	1450
18757	1310
18758	1310
18759	1310
18760	1449
18761	1449
18762	1328
18763	1449
18764	1328
18765	1452
18766	1449
18767	1449
18768	2025
18769	2025
18770	2025
18771	2025
18772	2025
18773	2017
18774	1876
18775	1891
18776	1891
18777	1891
18778	1838
18779	2025
18780	1838
18781	1452
18782	1452
18783	1452
18784	1470
18785	1470
18786	1470
18787	1303
18788	1862
18789	1862
18790	1873
18791	1303
18792	1303
18793	1303
18794	1303
18795	1303
18796	1873
18797	1303
18798	1303
18799	1303
18800	1303
18801	1303
18802	1296
18803	1296
18804	1297
18805	1307
18806	1306
18807	1303
18808	1873
18809	1296
18810	1873
18811	1307
18812	1296
18813	1309
18814	1308
18815	1307
18816	1307
18817	1305
18818	1305
18819	1305
18820	1305
18821	1305
18822	1305
18823	1305
18824	1306
18825	1306
18826	1306
18827	1306
18828	1425
18829	1304
18830	1306
18831	1304
18832	1304
18833	1306
18834	1305
18835	1305
18836	1425
18837	1425
18838	1306
18839	1306
18840	1293
18841	1293
18842	1293
18843	1293
18844	1293
18845	1293
18846	1293
18847	1293
18848	1452
18849	1302
18850	1452
18851	1452
18852	1452
18853	1452
18854	1452
18855	1449
18856	1452
18857	1457
18858	1457
18859	1013
18860	1293
18861	1293
18862	1470
18863	1457
18864	1457
18865	1457
18866	1457
18867	1457
18868	1457
18869	1457
18870	2007
18871	2007
18872	2007
18873	1005
18874	1005
18875	1002
18876	1005
18877	1002
18878	1002
18879	1002
18880	1002
18881	1293
18882	1293
18883	1293
18884	1002
18885	1002
18886	1002
18887	1002
18888	1002
18889	1002
18890	1002
18891	1002
18892	1002
18893	1002
18894	1293
18895	1457
18896	1457
18897	928
18898	928
18899	1169
18900	1310
18901	1310
18902	1324
18903	1324
18904	1324
18905	1182
18906	1408
18907	1324
18908	1324
18909	1182
18910	1182
18911	1182
18912	1182
18913	1182
18914	1182
18915	1182
18916	1182
18917	1182
18918	1182
18919	1182
18920	1324
18921	1408
18922	1324
18923	1310
18924	1310
18925	1310
18926	1310
18927	2009
18928	1450
18929	1450
18930	993
18931	993
18932	993
18933	1026
18934	993
18935	993
18936	993
18937	993
18938	993
18939	993
18940	993
18941	1048
18942	993
18943	993
18944	993
18945	1048
18946	1048
18947	1048
18948	1048
18949	1048
18950	1048
18951	1048
18952	1048
18953	1048
18954	1048
18955	1048
18956	1048
18957	1048
18958	1048
18959	1048
18960	1048
18961	993
18962	993
18963	993
18964	1026
18965	993
18966	993
18967	1026
18968	1026
18969	1026
18970	1026
18971	1026
18972	1026
18973	1026
18974	1026
18975	1026
18976	1026
18977	1026
18978	1026
18979	1026
18980	1026
18981	1026
18982	1002
18983	1002
18984	1002
18985	1180
18986	1180
18987	1002
18988	1180
18989	1180
18990	1180
18991	1180
18992	1180
18993	1180
18994	1180
18995	1180
18996	1048
18997	1048
18998	1048
18999	1048
19000	1048
19001	1048
19002	1048
19003	1048
19004	1048
19005	1034
19006	1048
19007	1048
19008	1048
19009	1048
19010	1048
19011	1048
19012	1048
19013	1048
19014	1048
19015	1048
19016	1048
19017	1048
19018	1048
19019	1048
19020	1048
19021	1048
19022	1048
19023	1048
19024	1048
19025	1048
19026	1048
19027	993
19028	1048
19029	1048
19030	1048
19031	993
19032	993
19033	993
19034	993
19035	993
19036	993
19037	1026
19038	993
19039	1026
19040	1026
19041	993
19042	993
19043	1026
19044	1026
19045	1026
19046	1026
19047	1026
19048	1026
19049	1026
19050	1026
19051	1026
19052	1026
19053	1026
19054	1026
19055	1026
19056	1026
19057	1026
19058	1026
19059	1026
19060	1026
19061	1026
19062	1026
19063	1026
19064	1026
19065	1026
19066	1026
19067	1026
19068	1026
19069	1026
19070	1026
19071	1026
19072	1026
19073	1002
19074	1026
19075	1180
19076	1180
19077	1180
19078	1002
19079	1026
19080	1026
19081	1180
19082	1180
19083	1180
19084	1180
19085	1180
19086	1180
19087	1180
19088	1180
19089	1180
19090	1180
19091	1180
19092	1180
19093	1180
19094	1180
19095	1180
19096	1180
19097	1180
19098	1180
19099	1180
19100	1048
19101	1048
19102	1048
19103	1048
19104	1048
19105	1048
19106	1048
19107	1048
19108	1048
19109	1048
19110	1048
19111	1048
19112	1048
19113	1048
19114	1048
19115	1048
19116	1048
19117	1048
19118	1048
19119	1048
19120	1048
19121	1048
19122	1048
19123	1048
19124	1048
19125	993
19126	993
19127	1048
19128	1048
19129	1048
19130	1048
19131	993
19132	993
19133	993
19134	993
19135	993
19136	993
19137	993
19138	993
19139	1026
19140	993
19141	1026
19142	1026
19143	993
19144	993
19145	1026
19146	1026
19147	1026
19148	1026
19149	1026
19150	1026
19151	1026
19152	1026
19153	1026
19154	1026
19155	1026
19156	1026
19157	1026
19158	1026
19159	1026
19160	1026
19161	1026
19162	1026
19163	1026
19164	1026
19165	1026
19166	1026
19167	1026
19168	1026
19169	1026
19170	1026
19171	1026
19172	1026
19173	1026
19174	1026
19175	1026
19176	1026
19177	1180
19178	1180
19179	1180
19180	1026
19181	1026
19182	1026
19183	1180
19184	1180
19185	1180
19186	1180
19187	1180
19188	1180
19189	1180
19190	1180
19191	1180
19192	1180
19193	1180
19194	1180
19195	1180
19196	1180
19197	1180
19198	1180
19199	1180
19200	1180
19201	1180
19202	1048
19203	1048
19204	1048
19205	1048
19206	1048
19207	1048
19208	1048
19209	1048
19210	1048
19211	1048
19212	1048
19213	993
19214	1048
19215	993
19216	993
19217	1026
19218	993
19219	1026
19220	1026
19221	1026
19222	1026
19223	1026
19224	1026
19225	1026
19226	1026
19227	1026
19228	1026
19229	1026
19230	1026
19231	1026
19232	1026
19233	1026
19234	1026
19235	1026
19236	1026
19237	1026
19238	1026
19239	1026
19240	1026
19241	1026
19242	1026
19243	1026
19244	1026
19245	1026
19246	1026
19247	1026
19248	1026
19249	1026
19250	1026
19251	1026
19252	1026
19253	1180
19254	1049
19255	1049
19256	1049
19257	1026
19258	1026
19259	1049
19260	1049
19261	1049
19262	1049
19263	1180
19264	1049
19265	1049
19266	1049
19267	1049
19268	1049
19269	1180
19270	1180
19271	1049
19272	1049
19273	1049
19274	1049
19275	1180
19276	1049
19277	1049
19278	1028
19279	1028
19280	1028
19281	1028
19282	1028
19283	1028
19284	1028
19285	1028
19286	1028
19287	1028
19288	1028
19289	1028
19290	1028
19291	1028
19292	1028
19293	1048
19294	1048
19295	1048
19296	1048
19297	1048
19298	1028
19299	1029
19300	1028
19301	1029
19302	1029
19303	1029
19304	1029
19305	1028
19306	1029
19307	1028
19308	1029
19309	1029
19310	1029
19311	1029
19312	1029
19313	1029
19314	1029
19315	1029
19316	1029
19317	1028
19318	1028
19319	1048
19320	1048
19321	1029
19322	1029
19323	1048
19324	1048
19325	1048
19326	1048
19327	1048
19328	1048
19329	1048
19330	1048
19331	1048
19332	1048
19333	1048
19334	1048
19335	1048
19336	1048
19337	1048
19338	1048
19339	1048
19340	1048
19341	1048
19342	1048
19343	1048
19344	1048
19345	1048
19346	1048
19347	1048
19348	1048
19349	1048
19350	1048
19351	1048
19352	1048
19353	1048
19354	1048
19355	1048
19356	1048
19357	1048
19358	1029
19359	1029
19360	1029
19361	1029
19362	1029
19363	1029
19364	1029
19365	1029
19366	1029
19367	1029
19368	1029
19369	1029
19370	1029
19371	1029
19372	1029
19373	1049
19374	1049
19375	1049
19376	1029
19377	1048
19378	1049
19379	1049
19380	1049
19381	1049
19382	1049
19383	1048
19384	1048
19385	1048
19386	1048
19387	1048
19388	1048
19389	1049
19390	1049
19391	1048
19392	1048
19393	993
19394	1048
19395	1048
19396	1048
19397	1048
19398	1048
19399	1048
19400	1048
19401	1048
19402	1048
19403	1048
19404	1048
19405	1048
19406	1048
19407	1048
19408	1048
19409	1048
19410	1048
19411	1048
19412	1048
19413	1048
19414	1048
19415	1048
19416	1048
19417	1048
19418	1048
19419	1048
19420	1048
19421	1048
19422	1048
19423	1048
19424	1048
19425	1048
19426	1048
19427	1048
19428	1048
19429	1048
19430	1048
19431	1048
19432	1029
19433	1029
19434	1029
19435	1029
19436	1029
19437	1029
19438	1029
19439	1029
19440	1029
19441	1049
19442	1049
19443	1049
19444	1049
19445	1049
19446	1049
19447	1049
19448	1049
19449	1049
19450	1049
19451	1049
19452	1049
19453	1049
19454	1049
19455	1049
19456	1049
19457	1049
19458	1049
19459	993
19460	1049
19461	1049
19462	1049
19463	1049
19464	1049
19465	993
19466	993
19467	1026
19468	993
19469	1048
19470	993
19471	1048
19472	1048
19473	993
19474	993
19475	1048
19476	1048
19477	1048
19478	1048
19479	1048
19480	1048
19481	1048
19482	1048
19483	1048
19484	1048
19485	1048
19486	1048
19487	1048
19488	1048
19489	1048
19490	1048
19491	1048
19492	1048
19493	1048
19494	1048
19495	1048
19496	1048
19497	1048
19498	1048
19499	1048
19500	1048
19501	1048
19502	1048
19503	1048
19504	1048
19505	1048
19506	1049
19507	1049
19508	1049
19509	1049
19510	1049
19511	1049
19512	1049
19513	1049
19514	1049
19515	1049
19516	1049
19517	1049
19518	1049
19519	1049
19520	1049
19521	1049
19522	1049
19523	1049
19524	1049
19525	1049
19526	1049
19527	1026
19528	1049
19529	1049
19530	1049
19531	1026
19532	1026
19533	993
19534	1026
19535	1026
19536	1026
19537	1026
19538	1026
19539	993
19540	1026
19541	1026
19542	1026
19543	993
19544	993
19545	993
19546	993
19547	993
19548	1026
19549	1048
19550	1048
19551	1048
19552	1048
19553	993
19554	993
19555	1048
19556	1048
19557	1048
19558	1048
19559	1048
19560	1048
19561	1048
19562	1048
19563	1048
19564	1048
19565	1048
19566	1048
19567	1048
19568	1048
19569	1048
19570	1048
19571	1048
19572	1048
19573	1048
19574	1048
19575	1048
19576	1752
19577	1752
19578	1752
19579	1752
19580	1904
19581	1904
19582	1904
19583	1904
19584	1906
19585	1906
19586	1605
19587	1906
19588	1906
19589	1906
19590	1903
19591	1906
19592	1906
19593	1905
19594	1605
19595	1605
19596	1605
19597	1903
19598	1903
19599	1903
19600	1903
19601	1903
19602	1903
19603	1903
19604	2128
19605	1903
19606	2128
19607	2128
19608	2126
19609	2128
19610	1905
19611	1905
19612	1602
19613	1826
19614	1905
19615	1905
19616	1826
19617	1826
19618	1826
19619	1826
19620	1826
19621	1826
19622	1826
19623	1904
19624	1826
19625	1904
19626	1904
19627	1904
19628	1904
19629	1904
19630	1904
19631	1904
19632	1752
19633	2007
19634	2007
19635	1752
19636	1613
19637	1906
19638	1906
19639	2007
19640	2007
19641	2007
19642	2007
19643	2007
19644	2007
19645	2007
19646	2032
19647	2032
19648	2032
19649	1846
19650	1846
19651	2032
19652	2032
19653	2032
19654	2032
19655	2032
19656	2032
19657	2032
19658	1846
19659	1846
19660	2007
19661	2007
19662	2007
19663	2007
19664	2007
19665	2007
19666	2007
19667	2007
19668	2007
19669	1611
19670	1611
19671	1611
19672	1903
19673	1903
19674	1611
19675	1611
19676	1593
19677	1611
19678	1593
19679	1593
19680	1593
19681	1593
19682	1593
19683	1593
19684	1605
19685	1605
19686	1605
19687	1605
19688	1605
19689	1605
19690	1605
19691	2007
19692	2007
19693	1833
19694	1833
19695	1833
19696	1833
19697	1833
19698	1833
19699	1833
19700	1833
19701	1833
19702	1834
19703	1833
19704	1834
19705	1834
19706	1834
19707	1834
19708	1833
19709	1846
19710	1605
19711	1846
19712	1605
19713	1830
19714	2007
19715	2007
19716	1605
19717	1605
19718	1593
19719	1593
19720	1593
19721	1593
19722	1593
19723	1593
19724	1593
19725	1593
19726	1593
19727	1593
19728	1593
19729	1611
19730	1593
19731	1593
19732	1593
19733	2007
19734	1846
19735	2007
19736	2007
19737	2007
19738	2007
19739	2007
19740	2007
19741	2007
19742	2007
19743	2007
19744	1830
19745	2007
19746	2007
19747	2007
19748	2007
19749	1846
19750	1846
19751	2007
19752	1605
19753	1605
19754	1605
19755	1604
19756	1605
19757	1605
19758	1605
19759	1593
19760	1605
19761	2007
19762	1846
19763	1605
19764	1605
19765	1605
19766	1605
19767	1593
19768	1593
19769	1605
19770	1593
19771	1593
19772	1593
19773	1593
19774	1593
19775	1593
19776	1593
19777	1593
19778	1605
19779	1605
19780	1593
19781	1593
19782	1611
19783	1593
19784	1593
19785	1593
19786	1593
19787	1593
19788	1593
19789	2007
19790	2007
19791	2007
19792	2007
19793	2007
19794	2007
19795	2007
19796	2007
19797	2007
19798	2007
19799	2007
19800	2007
19801	2007
19802	2007
19803	2007
19804	2007
19805	2007
19806	2007
19807	2007
19808	2007
19809	2007
19810	2007
19811	2007
19812	2007
19813	1846
19814	1846
19815	1846
19816	2007
19817	2007
19818	2007
19819	2007
19820	2007
19821	1605
19822	2007
19823	1593
19824	1593
19825	1593
19826	1593
19827	1593
19828	1593
19829	1830
19830	2007
19831	1605
19832	1605
19833	1593
19834	1593
19835	1605
19836	1593
19837	1593
19838	1593
19839	1605
19840	1833
19841	1833
19842	2007
19843	2007
19844	1833
19845	2007
19846	2007
19847	2007
19848	2007
19849	2007
19850	2007
19851	2007
19852	2007
19853	2007
19854	2007
19855	2007
19856	2007
19857	2007
19858	2007
19859	2007
19860	1752
19861	1833
19862	1833
19863	1833
19864	2007
19865	2007
19866	2007
19867	2007
19868	2007
19869	1904
19870	1752
19871	1752
19872	1752
19873	1828
19874	1828
19875	1828
19876	1752
19877	1752
19878	1752
19879	1752
19880	1752
19881	2007
19882	2007
19883	2007
19884	2007
19885	2007
19886	2007
19887	2007
19888	1611
19889	1611
19890	1903
19891	1611
19892	1903
19893	1903
19894	1903
19895	1903
19896	1833
19897	1833
19898	1903
19899	1903
19900	1903
19901	1903
19902	1903
19903	1903
19904	1903
19905	1903
19906	1903
19907	1903
19908	1903
19909	1903
19910	1903
19911	1903
19912	1903
19913	1593
19914	1611
19915	1903
19916	1903
19917	1903
19918	1903
19919	1593
19920	1611
19921	1903
19922	1903
19923	2127
19924	2127
19925	1903
19926	1903
19927	1903
19928	1903
19929	1833
19930	1833
19931	1833
19932	1833
19933	1833
19934	1833
19935	1831
19936	1831
19937	1833
19938	1833
19939	1833
19940	1752
19941	1833
19942	2007
19943	1833
19944	1833
19945	1833
19946	1828
19947	1833
19948	1752
19949	1752
19950	2007
19951	1833
19952	1828
19953	1828
19954	2007
19955	2007
19956	1833
19957	1833
19958	1833
19959	2007
19960	2007
19961	2007
19962	2007
19963	2007
19964	2007
19965	2007
19966	2007
19967	1605
19968	1605
19969	2007
19970	2007
19971	2007
19972	1593
19973	1611
19974	1605
19975	1605
19976	1605
19977	2007
19978	2007
19979	1605
19980	1605
19981	1593
19982	1605
19983	1605
19984	1605
19985	2007
19986	2007
19987	1605
19988	1605
19989	2007
19990	1604
19991	1593
19992	1605
19993	1593
19994	1593
19995	1605
19996	1605
19997	2007
19998	1605
19999	1593
20000	1593
20001	1605
20002	1605
20003	2007
20004	1605
20005	1593
20006	1605
20007	1605
20008	1605
20009	2007
20010	1605
20011	1593
20012	1605
20013	1605
20014	1605
20015	1906
20016	1906
20017	1605
20018	1605
20019	1906
20020	1906
20021	1906
20022	1605
20023	1605
20024	1906
20025	1906
20026	1906
20027	1906
20028	1605
20029	1605
20030	1906
20031	1906
20032	1906
20033	1605
20034	1605
20035	2007
20036	1846
20037	1846
20038	1593
20039	1593
20040	1593
20041	1593
20042	1593
20043	1593
20044	1593
20045	1593
20046	1593
20047	1593
20048	1593
20049	1593
20050	1593
20051	1593
20052	1593
20053	1593
20054	1611
20055	1593
20056	1593
20057	1903
20058	1611
20059	1593
20060	1903
20061	1903
20062	1906
20063	1903
20064	1903
20065	1906
20066	1903
20067	1903
20068	1906
20069	1903
20070	1903
20071	1906
20072	1605
20073	1611
20074	1593
20075	1593
20076	1593
20077	1593
20078	1611
20079	1611
20080	1593
20081	1593
20082	1903
20083	1611
20084	1611
20085	1903
20086	1903
20087	1903
20088	1903
20089	1903
20090	1903
20091	1903
20092	1903
20093	1903
20094	1903
20095	1903
20096	1903
20097	1903
20098	1903
20099	1903
20100	1903
20101	1903
20102	1903
20103	1593
20104	1593
20105	1903
20106	1611
20107	1611
20108	1903
20109	1903
20110	1611
20111	1903
20112	1903
20113	2030
20114	1903
20115	1903
20116	1903
20117	1903
20118	1903
20119	1903
20120	1903
20121	1903
20122	1903
20123	1903
20124	1903
20125	1903
20126	1903
20127	1903
20128	1903
20129	1903
20130	1903
20131	1903
20132	1903
20133	1605
20134	1593
20135	1903
20136	1903
20137	1611
20138	1903
20139	1903
20140	1903
20141	1903
20142	2127
20143	1903
20144	1903
20145	2127
20146	2127
20147	1903
20148	2127
20149	2127
20150	1903
20151	2128
20152	2127
20153	1903
20154	2128
20155	2128
20156	1903
20157	2128
20158	2128
20159	1903
20160	1903
20161	1903
20162	1903
20163	1903
20164	1903
20165	1903
20166	1903
20167	1593
20168	1593
20169	1593
20170	1593
20171	1593
20172	1593
20173	1593
20174	1593
20175	1593
20176	1593
20177	1593
20178	1593
20179	1593
20180	1605
20181	1593
20182	1593
20183	1593
20184	1593
20185	1593
20186	1605
20187	1605
20188	1605
20189	1605
20190	2007
20191	1605
20192	1605
20193	1605
20194	1605
20195	1605
20196	1605
20197	1605
20198	1605
20199	1605
20200	1605
20201	2007
20202	2007
20203	2007
20204	2007
20205	2007
20206	2007
20207	2007
20208	2007
20209	2007
20210	1846
20211	2007
20212	2007
20213	2007
20214	2032
20215	2007
20216	1846
20217	2007
20218	2007
20219	2007
20220	2007
20221	2007
20222	2007
20223	2007
20224	2032
20225	2007
20226	2007
20227	2007
20228	2007
20229	2007
20230	2007
20231	2007
20232	2007
20233	2007
20234	2007
20235	2007
20236	2007
20237	1833
20238	2007
20239	2007
20240	2007
20241	2007
20242	2007
20243	1846
20244	1752
20245	1752
20246	1752
20247	1752
20248	1752
20249	1831
20250	1831
20251	1831
20252	1833
20253	1828
20254	1828
20255	1828
20256	1828
20257	1828
20258	1828
20259	1828
20260	1828
20261	1828
20262	1828
20263	1752
20264	1834
20265	1834
20266	1831
20267	1831
20268	1835
20269	1831
20270	1831
20271	1831
20272	1831
20273	1831
20274	1831
20275	1831
20276	1831
20277	1831
20278	1831
20279	1831
20280	1831
20281	1828
20282	1831
20283	1831
20284	1828
20285	1831
20286	1828
20287	1828
20288	1828
20289	1828
20290	1828
20291	1828
20292	1836
20293	1831
20294	1831
20295	1831
20296	1831
20297	1831
20298	1831
20299	1831
20300	1831
20301	1831
20302	1831
20303	1831
20304	1831
20305	1831
20306	1831
20307	1831
20308	1833
20309	1828
20310	1828
20311	1833
20312	2032
20313	2032
20314	1836
20315	1836
20316	1836
20317	1836
20318	1831
20319	1831
20320	2032
20321	1834
20322	1835
20323	1835
20324	1835
20325	1835
20326	1835
20327	1836
20328	1836
20329	1836
20330	1836
20331	1831
20332	1835
20333	1831
20334	1831
20335	1833
20336	1833
20337	1833
20338	1833
20339	1833
20340	1833
20341	1833
20342	1846
20343	2032
20344	2032
20345	2032
20346	2032
20347	1835
20348	2032
20349	2037
20350	1835
20351	2037
20352	1835
20353	1836
20354	1836
20355	1836
20356	1833
20357	1835
20358	1836
20359	1836
20360	1836
20361	1833
20362	1833
20363	1833
20364	1833
20365	1833
20366	1833
20367	2007
20368	1833
20369	1833
20370	2007
20371	2032
20372	2032
20373	2032
20374	1846
20375	2032
20376	2032
20377	1846
20378	2032
20379	2037
20380	2037
20381	2037
20382	2007
20383	1833
20384	1833
20385	1833
20386	1833
20387	2007
20388	2007
20389	1833
20390	2007
20391	2007
20392	2007
20393	2007
20394	2007
20395	2007
20396	2007
20397	1846
20398	1846
20399	1846
20400	1846
20401	1846
20402	1846
20403	1846
20404	1846
20405	1846
20406	1846
20407	2007
20408	2032
20409	2007
20410	2007
20411	2007
20412	2007
20413	2007
20414	2007
20415	2007
20416	2007
20417	2007
20418	2007
20419	2007
20420	2007
20421	1846
20422	1846
20423	1846
20424	1846
20425	2007
20426	2007
20427	2007
20428	2007
20429	2007
20430	2007
20431	2007
20432	1604
20433	1904
20434	1752
20435	1752
20436	1752
20437	1904
20438	1742
20439	1904
20440	1904
20441	1904
20442	1904
20443	1904
20444	1904
20445	1904
20446	1904
20447	1826
20448	1826
20449	1904
20450	2007
20451	1826
20452	1826
20453	1826
20454	1826
20455	2007
20456	1826
20457	1905
20458	1905
20459	1826
20460	1905
20461	1905
20462	1605
20463	1905
20464	1605
20465	1605
20466	1752
20467	1752
20468	1752
20469	1752
20470	1904
20471	1752
20472	1904
20473	1904
20474	1904
20475	1904
20476	1904
20477	1904
20478	2007
20479	2007
20480	2007
20481	2007
20482	2007
20483	2007
20484	2007
20485	2007
20486	1905
20487	1605
20488	1605
20489	2007
20490	1752
20491	1752
20492	1752
20493	1752
20494	1752
20495	1904
20496	2007
20497	2007
20498	2007
20499	2007
20500	1605
20501	2007
20502	2007
20503	1593
20504	1752
20505	1752
20506	1752
20507	2007
20508	2007
20509	2007
20510	2007
20511	1752
20512	2007
20513	2007
20514	1752
20515	2007
20516	2007
20517	2007
20518	2007
20519	2007
20520	2007
20521	2007
20522	2007
20523	2007
20524	2007
20525	2007
20526	2007
20527	1903
20528	1903
20529	1903
20530	1903
20531	1593
20532	1593
20533	1593
20534	1605
20535	1593
20536	1605
20537	1605
20538	1605
20539	2007
20540	2007
20541	1903
20542	1903
20543	1903
20544	1903
20545	1903
20546	1593
20547	1593
20548	1605
20549	1605
20550	2007
20551	2127
20552	2127
20553	2127
20554	2127
20555	1903
20556	1903
20557	1903
20558	2127
20559	2127
20560	2128
20561	1903
20562	1903
20563	2128
20564	2128
20565	2128
20566	2128
20567	2128
20568	2128
20569	2128
20570	2128
20571	2128
20572	2128
20573	2128
20574	2128
20575	2128
20576	2128
20577	2128
20578	1903
20579	1903
20580	2128
20581	2128
20582	2127
20583	2128
20584	2127
20585	1903
20586	2128
20587	1903
20588	1593
20589	1906
20590	1906
20591	1903
20592	1903
20593	1903
20594	1903
20595	2128
20596	1605
20597	1905
20598	1826
20599	1826
20600	1904
20601	1904
20602	2007
20603	1833
20604	1835
20605	1836
20606	1831
20607	1831
20608	1828
20609	1833
20610	2128
20611	2128
20612	2128
20613	2007
20614	1611
20615	1611
20616	1593
20617	1611
20618	1593
20619	1593
20620	1593
20621	2126
20622	2007
20623	2007
20624	1611
20625	1611
20626	1903
20627	1903
20628	1903
20629	1903
20630	2007
20631	1903
20632	1903
20633	1903
20634	1903
20635	1903
20636	2128
20637	2128
20638	2128
20639	2128
20640	2128
20641	2127
20642	2127
20643	1903
20644	2128
20645	1903
20646	1903
20647	1903
20648	2007
20649	2007
20650	2007
20651	2007
20652	2007
20653	2007
20654	1593
20655	1593
20656	1593
20657	1593
20658	1605
20659	1605
20660	1831
20661	1831
20662	1836
20663	1835
20664	2037
20665	2007
20666	2007
20667	1605
20668	1593
20669	1593
20670	1002
20671	1002
20672	1002
20673	1002
20674	1002
20675	1002
20676	1002
20677	1002
20678	1002
20679	1002
20680	1002
20681	1002
20682	1002
20683	1293
20684	1293
20685	1048
20686	1048
20687	1460
20688	1460
20689	1460
20690	1460
20691	1460
20692	1460
20693	1460
20694	1053
20695	1053
20696	1053
20697	1053
20698	1450
20699	1450
20700	1450
20701	1450
20702	1450
20703	1450
20704	1450
20705	1450
20706	1450
20707	1182
20708	1182
20709	1182
20710	1182
20711	1450
20712	1450
20713	1053
20714	1053
20715	1876
20716	1876
20717	1053
20718	1053
20719	1876
20720	1876
20721	1457
20722	1457
20723	1457
20724	1457
20725	1457
20726	1460
20727	1460
20728	1450
20729	1450
20730	1053
20731	1457
20732	1470
20733	1457
20734	1457
20735	1053
20736	1053
20737	1460
20738	1460
20739	1461
20740	1461
20741	1460
20742	1461
20743	1182
20744	1460
20745	1461
20746	1182
20747	1182
20748	1450
20749	1450
20750	1452
20751	1328
20752	1452
20753	1452
20754	1452
20755	1452
20756	1452
20757	1452
20758	1328
20759	1328
20760	1328
20761	1328
20762	1452
20763	1452
20764	1328
20765	1328
20766	1328
20767	1328
20768	1452
20769	1328
20770	1328
20771	1328
20772	1328
20773	1328
20774	1328
20775	1328
20776	1328
20777	1328
20778	1328
20779	1328
20780	1328
20781	1328
20782	1328
20783	1328
20784	1328
20785	1328
20786	1328
20787	1328
20788	1328
20789	1328
20790	1328
20791	1328
20792	1328
20793	1328
20794	1328
20795	1328
20796	1328
20797	1328
20798	1328
20799	1328
20800	1053
20801	1328
20802	1328
20803	1328
20804	1328
20805	1328
20806	1053
20807	1053
20808	1053
20809	1328
20810	1328
20811	1328
20812	1053
20813	1053
20814	1053
20815	1328
20816	1328
20817	1452
20818	1452
20819	1452
20820	1452
20821	1452
20822	1452
20823	1452
20824	1452
20825	1452
20826	1452
20827	1328
20828	1452
20829	1452
20830	1328
20831	1328
20832	1328
20833	1328
20834	1328
20835	1328
20836	1328
20837	1328
20838	1328
20839	1328
20840	1328
20841	1328
20842	1328
20843	1328
20844	1328
20845	1328
20846	1328
20847	1328
20848	1328
20849	1328
20850	1328
20851	1452
20852	1452
20853	1452
20854	1452
20855	1452
20856	1452
20857	1452
20858	1452
20859	1452
20860	1452
20861	1328
20862	1328
20863	1452
20864	1328
20865	1276
20866	1328
20867	1328
20868	1276
20869	1328
20870	1328
20871	1276
20872	1328
20873	1328
20874	1276
20875	1328
20876	1328
20877	1450
20878	1328
20879	1328
20880	1450
20881	1450
20882	1450
20883	1450
20884	1450
20885	1452
20886	1276
20887	1292
20888	1452
20889	1452
20890	1276
20891	1276
20892	1328
20893	1272
20894	1276
20895	1328
20896	1470
20897	1276
20898	1276
20899	1470
20900	1276
20901	1276
20902	1470
20903	1276
20904	1276
20905	1470
20906	1276
20907	1450
20908	1470
20909	1276
20910	1450
20911	1470
20912	1450
20913	1450
20914	1470
20915	1450
20916	1450
20917	1470
20918	1450
20919	1276
20920	1470
20921	1470
20922	1276
20923	1276
20924	1470
20925	1470
20926	1272
20927	1470
20928	1470
20929	1470
20930	1470
20931	1470
20932	1470
20933	1470
20934	1470
20935	1470
20936	1470
20937	1470
20938	1470
20939	1470
20940	1470
20941	1470
20942	1470
20943	1470
20944	1470
20945	1470
20946	1470
20947	1470
20948	1470
20949	1470
20950	1450
20951	1470
20952	1470
20953	1470
20954	1470
20955	1470
20956	1470
20957	1470
20958	1470
20959	1470
20960	1470
20961	1470
20962	1470
20963	1470
20964	1470
20965	1470
20966	1470
20967	1470
20968	1470
20969	1470
20970	1470
20971	1470
20972	1470
20973	1470
20974	1470
20975	1470
20976	1470
20977	1470
20978	1470
20979	1470
20980	1470
20981	1470
20982	1470
20983	1470
20984	1470
20985	1470
20986	1470
20987	1470
20988	1470
20989	1470
20990	1470
20991	1470
20992	1470
20993	1470
20994	1470
20995	1470
20996	1470
20997	1470
20998	1470
20999	1470
21000	1470
21001	1470
21002	1470
21003	1470
21004	1470
21005	1470
21006	1470
21007	1470
21008	1470
21009	1470
21010	1470
21011	1470
21012	1470
21013	1470
21014	1470
21015	1470
21016	1470
21017	1470
21018	1470
21019	1459
21020	1470
21021	1470
21022	1470
21023	1470
21024	1470
21025	1470
21026	1470
21027	1470
21028	1470
21029	1470
21030	1470
21031	1470
21032	1470
21033	1470
21034	1470
21035	1470
21036	1470
21037	1470
21038	1470
21039	1470
21040	1470
21041	1470
21042	1470
21043	1470
21044	1470
21045	1470
21046	1470
21047	1470
21048	1470
21049	1470
21050	1470
21051	1470
21052	1459
21053	1459
21054	1459
21055	1470
21056	1470
21057	1470
21058	1470
21059	1470
21060	1470
21061	1470
21062	1457
21063	1470
21064	1470
21065	1470
21066	1470
21067	1470
21068	1470
21069	1470
21070	1470
21071	1470
21072	1470
21073	1470
21074	1470
21075	1470
21076	1470
21077	1470
21078	1470
21079	1470
21080	1470
21081	1470
21082	1470
21083	1470
21084	1470
21085	1470
21086	1470
21087	1470
21088	1470
21089	1470
21090	1470
21091	1470
21092	1470
21093	1470
21094	1470
21095	1470
21096	1470
21097	1470
21098	1470
21099	1470
21100	1470
21101	1470
21102	1470
21103	1470
21104	1470
21105	1470
21106	1470
21107	1470
21108	1470
21109	1459
21110	1470
21111	1459
21112	1459
21113	1459
21114	1459
21115	1470
21116	1470
21117	1459
21118	1459
21119	1459
21120	1470
21121	1457
21122	1470
21123	1470
21124	1470
21125	1460
21126	1460
21127	1470
21128	1470
21129	1460
21130	1460
21131	1470
21132	1470
21133	1470
21134	1470
21135	1470
21136	1470
21137	1470
21138	1470
21139	1470
21140	1470
21141	1470
21142	1470
21143	1470
21144	1470
21145	1470
21146	1470
21147	1470
21148	1470
21149	1470
21150	1470
21151	1470
21152	1470
21153	1470
21154	1470
21155	1470
21156	1470
21157	1470
21158	1470
21159	1470
21160	1470
21161	1470
21162	1470
21163	1470
21164	1470
21165	1470
21166	1470
21167	1470
21168	1470
21169	1470
21170	1470
21171	1470
21172	1470
21173	1470
21174	1470
21175	1470
21176	1470
21177	1470
21178	1470
21179	1470
21180	1470
21181	1470
21182	1459
21183	1470
21184	1459
21185	1459
21186	1459
21187	1459
21188	1470
21189	1470
21190	1459
21191	1459
21192	1459
21193	1460
21194	1460
21195	1470
21196	1460
21197	1460
21198	1460
21199	1460
21200	1460
21201	1460
21202	1460
21203	1460
21204	1470
21205	1470
21206	1470
21207	1470
21208	1470
21209	1470
21210	1460
21211	1460
21212	1470
21213	1470
21214	1470
21215	1470
21216	1470
21217	1470
21218	1470
21219	1470
21220	1470
21221	1470
21222	1470
21223	1470
21224	1470
21225	1470
21226	1470
21227	1470
21228	1470
21229	1470
21230	1470
21231	1470
21232	1470
21233	1470
21234	1470
21235	1470
21236	1470
21237	1470
21238	1470
21239	1470
21240	1470
21241	1470
21242	1470
21243	1470
21244	1470
21245	1470
21246	1470
21247	1470
21248	1470
21249	1470
21250	1470
21251	1470
21252	1470
21253	1470
21254	1470
21255	1470
21256	1459
21257	1470
21258	1470
21259	1470
21260	1459
21261	1470
21262	1459
21263	1459
21264	1459
21265	1459
21266	1459
21267	1459
21268	1459
21269	1459
21270	1459
21271	1460
21272	1460
21273	1460
21274	1460
21275	1460
21276	1460
21277	1460
21278	1460
21279	1460
21280	1460
21281	1460
21282	1460
21283	1460
21284	1470
21285	1460
21286	1460
21287	1460
21288	1460
21289	1460
21290	1459
21291	1460
21292	1460
21293	1460
21294	1470
21295	1459
21296	1459
21297	1459
21298	1460
21299	1460
21300	1470
21301	1470
21302	1470
21303	1459
21304	1470
21305	1459
21306	1459
21307	1459
21308	1459
21309	1459
21310	1459
21311	1459
21312	1470
21313	1470
21314	1470
21315	1470
21316	1470
21317	1470
21318	1459
21319	1459
21320	1470
21321	1470
21322	1459
21323	1459
21324	1470
21325	1470
21326	1470
21327	1459
21328	1470
21329	1459
21330	1459
21331	1459
21332	1459
21333	1459
21334	1459
21335	1459
21336	1459
21337	1459
21338	1459
21339	1459
21340	1459
21341	1459
21342	1459
21343	1459
21344	1459
21345	1459
21346	1459
21347	1460
21348	1182
21349	1460
21350	1182
21351	1182
21352	1182
21353	1182
21354	1182
21355	1182
21356	1182
21357	1182
21358	1460
21359	1182
21360	1460
21361	1182
21362	1182
21363	1182
21364	1182
21365	1182
21366	1182
21367	1182
21368	1450
21369	1182
21370	1460
21371	1182
21372	1450
21373	1450
21374	1450
21375	1450
21376	1459
21377	1460
21378	1459
21379	1450
21380	1459
21381	1450
21382	1450
21383	1450
21384	1459
21385	1450
21386	1450
21387	1450
21388	1459
21389	1459
21390	1459
21391	1459
21392	1459
21393	1459
21394	1450
21395	1450
21396	1459
21397	1459
21398	1450
21399	1450
21400	1459
21401	1459
21402	1459
21403	1459
21404	1459
21405	1459
21406	1450
21407	1459
21408	1459
21409	1459
21410	1450
21411	1459
21412	1459
21413	1459
21414	1459
21415	1459
21416	1459
21417	1459
21418	1450
21419	1459
21420	1459
21421	1459
21422	1459
21423	1182
21424	1182
21425	1182
21426	1450
21427	1182
21428	1450
21429	1450
21430	1450
21431	1450
21432	1450
21433	1450
21434	1182
21435	1450
21436	1450
21437	1450
21438	1450
21439	1450
21440	1450
21441	1450
21442	1450
21443	1450
21444	1450
21445	1450
21446	1450
21447	1450
21448	1450
21449	1450
21450	1450
21451	1450
21452	1450
21453	1450
21454	1450
21455	1450
21456	1450
21457	1450
21458	1450
21459	1450
21460	1450
21461	1450
21462	1450
21463	1450
21464	1450
21465	1450
21466	1450
21467	1450
21468	1450
21469	1450
21470	1450
21471	1450
21472	1450
21473	1450
21474	1450
21475	1450
21476	1450
21477	1450
21478	1450
21479	1450
21480	1450
21481	1450
21482	1450
21483	1450
21484	1450
21485	1450
21486	1450
21487	1450
21488	1450
21489	1450
21490	1459
21491	1450
21492	1450
21493	1450
21494	1450
21495	1450
21496	1450
21497	1450
21498	1450
21499	1450
21500	1450
21501	1450
21502	1450
21503	1450
21504	1450
21505	1450
21506	1450
21507	1450
21508	1450
21509	1450
21510	1450
21511	1450
21512	1450
21513	1450
21514	1450
21515	1450
21516	1450
21517	1450
21518	1450
21519	1450
21520	1450
21521	1450
21522	1450
21523	1450
21524	1450
21525	1450
21526	1450
21527	1450
21528	1450
21529	1450
21530	1450
21531	1450
21532	1450
21533	1450
21534	1450
21535	1450
21536	1450
21537	1450
21538	1450
21539	1450
21540	1450
21541	1450
21542	1450
21543	1450
21544	1450
21545	1450
21546	1450
21547	1450
21548	1450
21549	1450
21550	1450
21551	1450
21552	1450
21553	1450
21554	1450
21555	1450
21556	1450
21557	1450
21558	1450
21559	1450
21560	1450
21561	1450
21562	1450
21563	1450
21564	1450
21565	1450
21566	1450
21567	1450
21568	1450
21569	1450
21570	1450
21571	1450
21572	1450
21573	1450
21574	1450
21575	1450
21576	1450
21577	1450
21578	1450
21579	1450
21580	1450
21581	1450
21582	1450
21583	1450
21584	1450
21585	1450
21586	1450
21587	1450
21588	1450
21589	1450
21590	1450
21591	1450
21592	1450
21593	1450
21594	1450
21595	1450
21596	1450
21597	1450
21598	1450
21599	1450
21600	1450
21601	1450
21602	1450
21603	1450
21604	1450
21605	1450
21606	1450
21607	1450
21608	1450
21609	1450
21610	1450
21611	1450
21612	1450
21613	1450
21614	1450
21615	1450
21616	1450
21617	1450
21618	1450
21619	1450
21620	1450
21621	1450
21622	1450
21623	1450
21624	1450
21625	1450
21626	1450
21627	1450
21628	1450
21629	1450
21630	1450
21631	1450
21632	1450
21633	1450
21634	1450
21635	1450
21636	1450
21637	1053
21638	1450
21639	1450
21640	1450
21641	1450
21642	1450
21643	1450
21644	1450
21645	1053
21646	1450
21647	1450
21648	1053
21649	1053
21650	1450
21651	1450
21652	1450
21653	1450
21654	1450
21655	1450
21656	1450
21657	1450
21658	1450
21659	1450
21660	1450
21661	1053
21662	1450
21663	1450
21664	1053
21665	1450
21666	1450
21667	1053
21668	1450
21669	1450
21670	1053
21671	1450
21672	1450
21673	1053
21674	1053
21675	1450
21676	1053
21677	1053
21678	1053
21679	1053
21680	1053
21681	1053
21682	1053
21683	1053
21684	1053
21685	1053
21686	1053
21687	1053
21688	1053
21689	1053
21690	1450
21691	1450
21692	1053
21693	1450
21694	1053
21695	1053
21696	1450
21697	1053
21698	1053
21699	1053
21700	1053
21701	1053
21702	1053
21703	1053
21704	1053
21705	1053
21706	1053
21707	1053
21708	1053
21709	1053
21710	1053
21711	1053
21712	1053
21713	1053
21714	1053
21715	1053
21716	1053
21717	1053
21718	1053
21719	1053
21720	1053
21721	1053
21722	1053
21723	1053
21724	1053
21725	1053
21726	1053
21727	1053
21728	1053
21729	1053
21730	1053
21731	1053
21732	1053
21733	1053
21734	1053
21735	1053
21736	1053
21737	1053
21738	1053
21739	1053
21740	1053
21741	1053
21742	1053
21743	1053
21744	1053
21745	1053
21746	1053
21747	1053
21748	1053
21749	1053
21750	1053
21751	1053
21752	1053
21753	1053
21754	1053
21755	1053
21756	1053
21757	1053
21758	1053
21759	1053
21760	1053
21761	1053
21762	1053
21763	1053
21764	1053
21765	1053
21766	1053
21767	1053
21768	1053
21769	1053
21770	1053
21771	1053
21772	1053
21773	1053
21774	1053
21775	1053
21776	1053
21777	1053
21778	1053
21779	1053
21780	1053
21781	1053
21782	1053
21783	1053
21784	1053
21785	1053
21786	1053
21787	1053
21788	1053
21789	1053
21790	1053
21791	1053
21792	1053
21793	1053
21794	1053
21795	1053
21796	1053
21797	1053
21798	1053
21799	1053
21800	1053
21801	1053
21802	1053
21803	1053
21804	1053
21805	1053
21806	1053
21807	1053
21808	1053
21809	1053
21810	1053
21811	1053
21812	1053
21813	1053
21814	1053
21815	1053
21816	1053
21817	1053
21818	1053
21819	1053
21820	1053
21821	1053
21822	1053
21823	1053
21824	1053
21825	1053
21826	1053
21827	1053
21828	1053
21829	1053
21830	1053
21831	1053
21832	1053
21833	1053
21834	1053
21835	1053
21836	1053
21837	1053
21838	1053
21839	1053
21840	1053
21841	1053
21842	1053
21843	1053
21844	1053
21845	1053
21846	1053
21847	1053
21848	1053
21849	1053
21850	1053
21851	1053
21852	1053
21853	1053
21854	1053
21855	1053
21856	1053
21857	1053
21858	1053
21859	1053
21860	1053
21861	1053
21862	1053
21863	1053
21864	1053
21865	1053
21866	1053
21867	1053
21868	1053
21869	1053
21870	1053
21871	1053
21872	1053
21873	1053
21874	1053
21875	1053
21876	1053
21877	1053
21878	1053
21879	1053
21880	1053
21881	1053
21882	1053
21883	1053
21884	1053
21885	1053
21886	1053
21887	1053
21888	1053
21889	1053
21890	1053
21891	1053
21892	1053
21893	1053
21894	1053
21895	1053
21896	1053
21897	1053
21898	1053
21899	1053
21900	1053
21901	1053
21902	1053
21903	1053
21904	1053
21905	1053
21906	1053
21907	1053
21908	1053
21909	1053
21910	1053
21911	1053
21912	1053
21913	1053
21914	1053
21915	1053
21916	1053
21917	1053
21918	1053
21919	1053
21920	1053
21921	1053
21922	1053
21923	1053
21924	1053
21925	1053
21926	1053
21927	1053
21928	1053
21929	1053
21930	1053
21931	1053
21932	1053
21933	1053
21934	1053
21935	1053
21936	1053
21937	1053
21938	1328
21939	1328
21940	1328
21941	1053
21942	1328
21943	1053
21944	1328
21945	1328
21946	1328
21947	1328
21948	1328
21949	1328
21950	1328
21951	1328
21952	1328
21953	1328
21954	1328
21955	1328
21956	1053
21957	1053
21958	1053
21959	1053
21960	1053
21961	1053
21962	1053
21963	1053
21964	1328
21965	1328
21966	1328
21967	1328
21968	1053
21969	1328
21970	1328
21971	1328
21972	1328
21973	1053
21974	1053
21975	1053
21976	1053
21977	1053
21978	1053
21979	1328
21980	1328
21981	1053
21982	1053
21983	1053
21984	1053
21985	1053
21986	1053
21987	1053
21988	1328
21989	1053
21990	1053
21991	1053
21992	1053
21993	1053
21994	1053
21995	1053
21996	1053
21997	1053
21998	1053
21999	1053
22000	1053
22001	1053
22002	1053
22003	1053
22004	1053
22005	1053
22006	1053
22007	1053
22008	1053
22009	1053
22010	1053
22011	1328
22012	1328
22013	1452
22014	1328
22015	1328
22016	1328
22017	1328
22018	1328
22019	1328
22020	1328
22021	1328
22022	1328
22023	1328
22024	1328
22025	1053
22026	1053
22027	1053
22028	1053
22029	1328
22030	1470
22031	1876
22032	1876
22033	1053
22034	1053
22035	1053
22036	1053
22037	1053
22038	1053
22039	1053
22040	1053
22041	1053
22042	1053
22043	1053
22044	1053
22045	1053
22046	1053
22047	1053
22048	1053
22049	1053
22050	1053
22051	1053
22052	1053
22053	1328
22054	1328
22055	1053
22056	1328
22057	1328
22058	1328
22059	1053
22060	1053
22061	1328
22062	1328
22063	1053
22064	1026
22065	1026
22066	1026
22067	993
22068	993
22069	1048
22070	993
22071	1048
22072	1048
22073	1048
22074	1048
22075	1048
22076	1048
22077	1048
22078	1048
22079	1048
22080	1048
22081	1048
22082	1048
22083	1048
22084	1048
22085	1048
22086	1048
22087	1048
22088	1048
22089	993
22090	993
22091	993
22092	993
22093	1026
22094	1026
22095	1026
22096	1026
22097	1026
22098	1026
22099	1026
22100	1026
22101	1026
22102	1026
22103	1049
22104	1026
22105	1049
22106	1049
22107	1049
22108	1049
22109	1049
22110	1049
22111	1049
22112	1049
22113	1049
22114	1049
22115	1049
22116	1049
22117	1049
22118	1026
22119	1049
22120	1026
22121	1182
22122	1182
22123	1182
22124	1408
22125	1182
22126	1182
22127	1182
22128	1182
22129	1182
22130	1182
22131	1182
22132	1182
22133	1182
22134	1273
22135	1182
22136	1461
22137	1182
22138	1182
22139	1455
22140	1455
22141	1455
22142	1455
22143	1455
22144	1455
22145	1455
22146	1455
22147	1455
22148	1455
22149	1455
22150	1455
22151	1455
22152	1455
22153	1455
22154	1455
22155	1455
22156	1455
22157	1455
22158	1455
22159	1455
22160	1261
22161	1261
22162	1261
22163	1002
22164	1280
22165	1261
22166	1456
22167	1280
22168	1005
22169	1455
22170	1455
22171	1455
22172	1005
22173	1005
22174	1005
22175	1005
22176	1005
22177	1005
22178	1005
22179	1455
22180	1005
22181	1005
22182	1002
22183	1002
22184	1005
22185	1005
22186	1005
22187	1005
22188	1002
22189	1002
22190	1002
22191	1002
22192	1002
22193	1002
22194	1002
22195	1002
22196	1005
22197	1005
22198	1005
22199	1455
22200	1455
22201	1455
22202	1455
22203	1455
22204	1455
22205	1455
22206	1455
22207	1054
22208	1054
22209	1054
22210	1054
22211	1054
22212	1463
22213	1463
22214	1054
22215	1054
22216	1463
22217	1463
22218	1463
22219	1463
22220	1463
22221	1463
22222	1463
22223	1463
22224	1463
22225	1463
22226	1463
22227	1463
22228	1463
22229	1463
22230	1463
22231	1463
22232	1463
22233	1463
22234	1463
22235	1463
22236	1463
22237	1463
22238	1463
22239	1463
22240	1463
22241	1463
22242	1463
22243	1463
22244	1463
22245	1456
22246	1463
22247	1463
22248	1463
22249	1463
22250	1463
22251	1456
22252	1463
22253	1463
22254	1463
22255	1463
22256	1463
22257	1456
22258	1456
22259	1463
22260	1463
22261	1463
22262	1456
22263	1456
22264	1463
22265	1463
22266	1463
22267	1455
22268	1455
22269	1456
22270	1455
22271	1455
22272	1455
22273	1455
22274	1005
22275	1005
22276	1005
22277	1005
22278	1005
22279	1005
22280	1005
22281	1005
22282	1005
22283	1005
22284	1005
22285	1005
22286	1005
22287	1005
22288	1005
22289	1005
22290	1005
22291	1005
22292	1455
22293	1455
22294	1005
22295	1455
22296	1455
22297	1455
22298	1455
22299	1455
22300	1002
22301	1005
22302	1002
22303	1002
22304	1002
22305	1005
22306	1002
22307	1005
22308	1457
22309	1457
22310	1457
22311	1457
22312	1457
22313	1457
22314	1457
22315	1457
22316	1457
22317	1457
22318	1457
22319	1457
22320	1457
22321	1456
22322	1456
22323	1261
22324	1261
22325	1455
22326	1261
22327	1261
22328	1455
22329	1455
22330	1455
22331	1455
22332	1261
22333	1455
22334	1455
22335	1455
22336	1455
22337	1455
22338	1005
22339	1005
22340	1005
22341	1005
22342	1005
22343	1005
22344	1005
22345	1005
22346	1005
22347	1005
22348	1005
22349	1005
22350	1005
22351	1005
22352	1005
22353	1005
22354	1005
22355	1005
22356	1005
22357	1005
22358	1005
22359	1005
22360	1005
22361	1005
22362	1005
22363	1005
22364	1005
22365	1005
22366	1005
22367	1005
22368	1005
22369	1005
22370	1002
22371	1002
22372	1002
22373	1002
22374	1002
22375	1002
22376	1456
22377	1456
22378	1457
22379	1457
22380	1456
22381	1463
22382	1463
22383	1456
22384	1463
22385	1456
22386	1456
22387	1456
22388	1456
22389	1456
22390	1456
22391	1455
22392	1261
22393	1456
22394	1456
22395	1456
22396	1456
22397	1456
22398	1456
22399	1456
22400	1456
22401	1456
22402	1456
22403	1456
22404	1456
22405	1456
22406	1456
22407	1456
22408	1456
22409	1456
22410	1455
22411	1456
22412	1456
22413	1456
22414	1455
22415	1455
22416	1455
22417	1455
22418	1455
22419	1456
22420	1455
22421	1456
22422	1456
22423	1457
22424	1457
22425	1457
22426	1457
22427	1013
22428	1457
22429	1457
22430	1457
22431	1457
22432	1457
22433	1457
22434	1457
22435	1457
22436	1457
22437	1457
22438	1457
22439	1002
22440	1002
22441	1002
22442	1002
22443	1002
22444	1002
22445	1002
22446	1002
22447	1002
22448	1002
22449	1002
22450	1002
22451	1002
22452	1002
22453	1002
22454	1002
22455	1002
22456	1002
22457	1002
22458	1002
22459	1002
22460	1002
22461	1002
22462	1002
22463	1002
22464	1002
22465	1002
22466	1002
22467	1002
22468	1002
22469	1002
22470	1002
22471	1414
22472	1414
22473	1414
22474	1414
22475	1010
22476	1010
22477	1010
22478	1010
22479	1291
22480	1414
22481	1010
22482	1010
22483	1010
22484	1010
22485	1007
22486	1291
22487	1291
22488	1291
22489	1007
22490	1007
22491	1309
22492	1309
22493	1414
22494	1291
22495	1291
22496	1291
22497	1007
22498	1007
22499	1007
22500	1007
22501	1007
22502	1006
22503	1006
22504	1006
22505	1006
22506	1006
22507	1006
22508	1006
22509	1006
22510	1006
22511	1006
22512	1006
22513	1006
22514	1177
22515	1177
22516	1006
22517	1006
22518	1177
22519	1177
22520	1177
22521	1177
22522	1054
22523	1177
22524	1177
22525	1177
22526	1054
22527	1054
22528	1054
22529	1054
22530	1463
22531	1463
22532	1054
22533	1463
22534	1463
22535	1463
22536	1463
22537	1463
22538	1463
22539	1463
22540	1463
22541	1463
22542	1455
22543	1455
22544	1456
22545	1455
22546	1455
22547	1455
22548	1456
22549	1456
22550	1456
22551	1456
22552	1455
22553	1456
22554	1456
22555	1456
22556	1456
22557	1456
22558	1456
22559	1456
22560	1456
22561	1456
22562	1456
22563	1456
22564	1456
22565	1456
22566	1456
22567	1456
22568	1456
22569	1456
22570	1456
22571	1456
22572	1456
22573	1456
22574	1456
22575	1455
22576	1456
22577	1463
22578	1456
22579	1456
22580	1013
22581	1013
22582	1457
22583	1457
22584	1457
22585	1456
22586	1456
22587	1456
22588	1456
22589	1456
22590	1456
22591	1456
22592	1456
22593	1456
22594	1456
22595	1456
22596	1457
22597	1456
22598	1463
22599	1456
22600	1463
22601	1461
22602	1461
22603	1463
22604	1463
22605	1463
22606	1461
22607	1461
22608	1463
22609	1463
22610	1463
22611	1461
22612	1463
22613	1463
22614	1463
22615	1463
22616	1456
22617	1456
22618	1456
22619	1456
22620	1457
22621	1456
22622	1456
22623	1456
22624	1456
22625	1456
22626	1456
22627	1456
22628	1456
22629	1456
22630	1456
22631	1456
22632	1456
22633	1463
22634	1461
22635	1463
22636	1463
22637	1463
22638	1455
22639	1455
22640	1456
22641	1455
22642	1280
22643	1456
22644	1002
22645	1002
22646	1455
22647	1005
22648	1005
22649	1005
22650	1005
22651	1005
22652	1005
22653	1005
22654	1005
22655	1005
22656	1005
22657	1005
22658	1005
22659	1005
22660	1002
22661	1002
22662	1002
22663	1002
22664	1002
22665	1293
22666	1293
22667	1013
22668	1013
22669	1002
22670	1002
22671	1002
22672	1002
22673	1002
22674	1002
22675	1002
22676	1002
22677	1456
22678	1456
22679	1457
22680	1457
22681	1456
22682	1293
22683	1013
22684	1293
22685	1456
22686	1456
22687	1293
22688	1013
22689	1293
22690	1456
22691	1456
22692	1002
22693	1002
22694	1002
22695	1002
22696	1002
22697	1002
22698	1002
22699	1002
22700	1002
22701	1002
22702	1002
22703	1002
22704	1002
22705	1002
22706	1002
22707	1002
22708	1002
22709	1002
22710	1005
22711	1005
22712	1005
22713	1457
22714	1013
22715	1013
22716	1457
22717	1006
22718	1425
22719	1425
22720	1425
22721	1425
22722	1006
22723	1304
22724	1304
22725	1304
22726	1006
22727	1006
22728	1006
22729	1006
22730	1425
22731	1425
22732	1006
22733	1006
22734	1006
22735	1006
22736	1006
22737	1006
22738	1006
22739	1006
22740	1006
22741	1006
22742	1006
22743	1006
22744	1006
22745	1177
22746	1006
22747	1006
22748	1006
22749	1006
22750	1182
22751	1182
22752	1182
22753	1182
22754	1457
22755	1457
22756	1457
22757	1457
22758	1457
22759	1457
22760	1457
22761	1457
22762	1457
22763	1457
22764	1460
22765	1461
22766	1461
22767	1461
22768	1461
22769	1461
22770	1461
22771	1463
22772	1461
22773	1461
22774	1461
22775	1461
22776	1461
22777	1461
22778	1461
22779	1461
22780	1461
22781	1457
22782	1456
22783	1456
22784	1456
22785	1457
22786	1457
22787	1457
22788	1463
22789	1463
22790	1463
22791	1463
22792	1463
22793	1463
22794	1456
22795	1463
22796	1456
22797	1456
22798	1054
22799	1054
22800	1054
22801	1054
22802	1463
22803	1463
22804	1182
22805	1177
22806	1177
22807	1177
22808	1182
22809	1182
22810	1177
22811	1054
22812	1177
22813	1177
22814	1177
22815	1304
22816	1304
22817	1304
22818	1408
22819	1408
22820	1054
22821	1054
22822	1457
22823	1457
22824	1457
22825	1457
22826	1457
22827	1005
22828	1002
22829	1002
22830	1261
22831	1005
22832	1005
22833	1005
22834	1005
22835	1002
22836	1005
22837	1005
22838	1005
22839	1002
22840	1002
22841	1002
22842	1002
22843	1002
22844	1002
22845	1002
22846	1002
22847	1002
22848	1002
22849	1002
22850	1002
22851	1002
22852	1002
22853	1005
22854	1002
22855	1005
22856	1005
22857	1005
22858	1005
22859	1005
22860	1005
22861	1002
22862	1002
22863	1002
22864	1002
22865	1005
22866	1005
22867	1005
22868	1005
22869	1261
22870	1005
22871	1261
22872	1005
22873	1005
22874	1455
22875	1005
22876	1005
22877	1005
22878	1005
22879	1005
22880	1005
22881	1005
22882	1005
22883	1005
22884	1005
22885	1002
22886	1002
22887	1002
22888	1002
22889	1002
22890	1002
22891	1455
22892	1455
22893	1002
22894	1002
22895	1002
22896	1005
22897	1005
22898	1461
22899	1054
22900	1054
22901	1182
22902	1304
22903	1006
22904	1006
22905	1304
22906	1463
22907	1273
22908	1463
22909	1182
22910	1177
22911	1177
22912	1177
22913	1177
22914	1273
22915	1006
22916	1006
22917	1006
22918	1298
22919	1010
22920	1298
22921	1010
22922	1013
22923	1006
22924	1007
22925	1006
22926	1177
22927	1006
22928	1177
22929	1177
22930	1054
22931	1463
22932	1463
22933	1463
22934	1463
22935	1463
22936	1463
22937	1463
22938	1463
22939	1463
22940	1461
22941	1307
22942	1309
22943	1297
22944	1425
22945	1297
22946	1309
22947	1309
22948	1309
22949	1309
22950	1309
22951	1309
22952	1309
22953	1309
22954	1309
22955	1010
22956	1309
22957	1010
22958	1425
22959	1304
22960	1006
22961	1006
22962	1006
22963	1006
22964	1006
22965	1006
22966	1006
22967	1006
22968	1006
22969	1006
22970	1006
22971	1304
22972	1005
22973	1005
22974	1005
22975	1457
22976	1456
22977	1456
22978	1293
22979	1013
22980	1293
22981	1002
22982	1002
22983	1002
22984	1002
22985	1002
22986	1456
22987	1456
22988	1457
22989	1457
22990	1457
22991	1457
22992	1456
22993	1456
22994	1455
22995	1005
22996	1456
22997	1456
22998	1293
22999	1456
23000	1013
23001	1280
23002	1013
23003	1280
23004	1013
23005	1013
23006	1862
23007	1862
23008	1862
23009	1871
23010	1862
23011	1871
23012	1871
23013	1869
23014	1873
23015	1862
23016	1862
23017	1862
23018	1871
23019	1871
23020	1873
23021	1870
23022	1982
23023	1869
23024	1869
23025	1869
23026	1871
23027	1871
23028	1303
23029	1871
23030	1871
23031	1871
23032	1871
23033	1871
23034	1871
23035	1871
23036	1869
23037	1982
23038	1870
23039	1982
23040	2045
23041	1870
23042	1862
23043	1871
23044	1870
23045	1982
23046	1870
23047	1305
23048	1305
23049	1871
23050	1893
23051	1851
23052	1908
23053	2025
23054	1580
23055	1305
23056	1890
23057	1890
23058	2010
23059	1756
23060	1838
23061	2025
23062	2025
23063	1632
23064	1572
23065	2025
23066	2025
23067	1305
23068	1449
23069	1449
23070	1449
23071	2025
23072	2025
23073	2025
23074	1457
23075	1457
23076	1293
23077	1013
23078	1013
23079	1013
23080	1013
23081	1457
23082	1457
23083	1457
23084	1457
23085	1457
23086	1013
23087	1605
23088	2007
23089	1626
23090	1618
23091	1974
23092	1974
23093	1611
23094	1593
23095	1903
23096	2127
23097	1449
23098	1449
23099	2025
23100	2126
23101	2126
23102	2126
23103	1956
23104	1956
23105	993
23106	1026
23107	1470
23108	1470
23109	1003
23110	1452
23111	1452
23112	1452
23113	1452
23114	1452
23115	1452
23116	1328
23117	1328
23118	1303
23119	1303
23120	1303
23121	1306
23122	1306
23123	1425
23124	1425
23125	1425
23126	1425
23127	1006
23128	1006
23129	1006
23130	1007
23131	1007
23132	1007
23133	1871
23134	1871
23135	1303
23136	1303
23137	1425
23138	1297
23139	1309
23140	1309
23141	1007
23142	1873
23143	1873
23144	1296
23145	1307
23146	1297
23147	1309
23148	1010
23149	1291
23150	1452
23151	1452
23152	1293
23153	1293
23154	1452
23155	1414
23156	1151
23157	1298
23158	1010
23159	1010
23160	2013
23161	2013
23162	1873
23163	1873
23164	1873
23165	1981
23166	1982
23167	1982
23168	1961
23169	1961
23170	1961
23171	1757
23172	1757
23173	1833
23174	1833
23175	2007
23176	2007
23177	2007
23178	2007
23179	2007
23180	1903
23181	1903
23182	1450
23183	1450
23184	1450
23185	1450
23186	1450
23187	1450
23188	1450
23189	1450
23190	1450
23191	1450
23192	1450
23193	1450
23194	1459
23195	1459
23196	1459
23197	1459
23198	1459
23199	1459
23200	1459
23201	1459
23202	1459
23203	1459
23204	1459
23205	1459
23206	1459
23207	1459
23208	1459
23209	1459
23210	1459
23211	1459
23212	1459
23213	1459
23214	1459
23215	1459
23216	1459
23217	1459
23218	1450
23219	1450
23220	1450
23221	1450
23222	1450
23223	1450
23224	1450
23225	1450
23226	1450
23227	1450
23228	1450
23229	1450
23230	1450
23231	1450
23232	1450
23233	1053
23234	1053
23235	1053
23236	1053
23237	1053
23238	1053
23239	1890
23240	1053
23241	1053
23242	1053
23243	1053
23244	1053
23245	1053
23246	1053
23247	1053
23248	1450
23249	1053
23250	1328
23251	1053
23252	1450
23253	1450
23254	1450
23255	1450
23256	1459
23257	1459
23258	1459
23259	1459
23260	1459
23261	1459
23262	1459
23263	1459
23264	1459
23265	1459
23266	1459
23267	1459
23268	1450
23269	1450
23270	1450
23271	1450
23272	1450
23273	1053
23274	1053
23275	1053
23276	1053
23277	1053
23278	1053
23279	1053
23280	1053
23281	1053
23282	1053
23283	1053
23284	1053
23285	1053
23286	1053
23287	1053
23288	1053
23289	1053
23290	1053
23291	1053
23292	1053
23293	1053
23294	1053
23295	1450
23296	1450
23297	1450
23298	1450
23299	1450
23300	1459
23301	1459
23302	1459
23303	1459
23304	1459
23305	1459
23306	1459
23307	1459
23308	1459
23309	1459
23310	1459
23311	1459
23312	1470
23313	1470
23314	1450
23315	1450
23316	1328
23317	1053
23318	1053
23319	1328
23320	1450
23321	1450
23322	1450
23323	1470
23324	1470
23325	1459
23326	1459
23327	1459
23328	1459
23329	1459
23330	1459
23331	1459
23332	1459
23333	1459
23334	1459
23335	1459
23336	1459
23337	1450
23338	1450
23339	1450
23340	1450
23341	1450
23342	1053
23343	1053
23344	1053
23345	1053
23346	1053
23347	1053
23348	1053
23349	1053
23350	1053
23351	1053
23352	1002
23353	1002
23354	1002
23355	1002
23356	1005
23357	1005
23358	1455
23359	1456
23360	1455
23361	1455
23362	1005
23363	1455
23364	1005
23365	1456
23366	1005
23367	1456
23368	1005
23369	1456
23370	1005
23371	1456
23372	1005
23373	1456
23374	1002
23375	1456
23376	1002
23377	1002
23378	1002
23379	1002
23380	1456
23381	1456
23382	1456
23383	1456
23384	1456
23385	1456
23386	1456
23387	1456
23388	1456
23389	1456
23390	1456
23391	1456
23392	1455
23393	1455
23394	1456
23395	1456
23396	1002
23397	1002
23398	1002
23399	1002
23400	1005
23401	1002
23402	1002
23403	1002
23404	1002
23405	1002
23406	1002
23407	1002
23408	1005
23409	1455
23410	1005
23411	1005
23412	1005
23413	1005
23414	1002
23415	1005
23416	1450
23417	1450
23418	1450
23419	1053
23420	1053
23421	1053
23422	1053
23423	1053
23424	1053
23425	1053
23426	1053
23427	1053
23428	1053
23429	1450
23430	1450
23431	1450
23432	1450
23433	1450
23434	1450
23435	1459
23436	1459
23437	1459
23438	1459
23439	1459
23440	1459
23441	1459
23442	1459
23443	1459
23444	1459
23445	1459
23446	1459
23447	1450
23448	1450
23449	1450
23450	1459
23451	1459
23452	1470
23453	1450
23454	1450
23455	1450
23456	1053
23457	1053
23458	1053
23459	1053
23460	1450
23461	1450
23462	1450
23463	1450
23464	1450
23465	1450
23466	1459
23467	1459
23468	1459
23469	1459
23470	1459
23471	1459
23472	1459
23473	1053
23474	1053
23475	1053
23476	1450
23477	1328
23478	1053
23479	1005
23480	1005
23481	1005
23482	1005
23483	1005
23484	1002
23485	1002
23486	1005
23487	1002
23488	1002
23489	1002
23490	1002
23491	1002
23492	1002
23493	1002
23494	1002
23495	1002
23496	1002
23497	1005
23498	1005
23499	1005
23500	1005
23501	1005
23502	1005
23503	1002
23504	1005
23505	1005
23506	1005
23507	1005
23508	1005
23509	1005
23510	1005
23511	1450
23512	1450
23513	1053
23514	1053
23515	1053
23516	1328
23517	1053
23518	1450
23519	1328
23520	1450
23521	1450
23522	1470
23523	1450
23524	1450
23525	1450
23526	1450
23527	1450
23528	1450
23529	1450
23530	1450
23531	1053
23532	1053
23533	1053
23534	1053
23535	1053
23536	1053
23537	1053
23538	1053
23539	1053
23540	1053
23541	1053
23542	1053
23543	1053
23544	1053
23545	1053
23546	1053
23547	1053
23548	1053
23549	1053
23550	1470
23551	1470
23552	1470
23553	1459
23554	1459
23555	1459
23556	1459
23557	1459
23558	1459
23559	1459
23560	1459
23561	1459
23562	1459
23563	1459
23564	1459
23565	1459
23566	1459
23567	1459
23568	1459
23569	1459
23570	1459
23571	1459
23572	1459
23573	1459
23574	1459
23575	1459
23576	1459
23577	1450
23578	1450
23579	993
23580	993
23581	993
23582	993
23583	1026
23584	1026
23585	1026
23586	1026
23587	1026
23588	1026
23589	1026
23590	1026
23591	1026
23592	1026
23593	1026
23594	993
23595	1026
23596	993
23597	993
23598	993
23599	993
23600	993
23601	993
23602	993
23603	993
23604	993
23605	993
23606	993
23607	993
23608	993
23609	993
23610	993
23611	993
23612	1026
23613	993
23614	1026
23615	1026
23616	1026
23617	1026
23618	1026
23619	1026
23620	1049
23621	1049
23622	1049
23623	1049
23624	1049
23625	1049
23626	1026
23627	1026
23628	1026
23629	1026
23630	1026
23631	1026
23632	1026
23633	1026
23634	1049
23635	1049
23636	1049
23637	1049
23638	1049
23639	1049
23640	1026
23641	1026
23642	1048
23643	993
23644	993
23645	993
23646	1026
23647	1478
23648	1478
23649	1510
23650	1510
23651	1523
23652	1510
23653	1510
23654	1510
23655	1510
23656	1510
23657	1510
23658	1510
23659	1510
23660	1523
23661	1523
23662	1510
23663	1510
23664	1510
23665	1523
23666	1523
23667	1523
23668	1523
23669	1523
23670	1523
23671	1523
23672	1523
23673	1478
23674	1478
23675	1478
23676	1478
23677	1478
23678	1478
23679	1510
23680	1478
23681	1478
23682	1478
23683	1548
23684	1523
23685	1547
23686	1548
23687	1548
23688	1548
23689	1548
23690	1548
23691	1523
23692	1548
23693	1523
23694	1523
23695	1523
23696	1523
23697	1523
23698	1523
23699	1523
23700	1523
23701	1523
23702	1523
23703	1547
23704	1547
23705	1523
23706	1523
23707	1523
23708	1523
23709	1510
23710	1510
23711	1510
23712	1510
23713	1510
23714	1510
23715	1523
23716	1478
23717	1510
23718	1510
23719	1510
23720	1510
23721	1478
23722	1478
23723	1478
23724	1478
23725	1478
23726	1478
23727	1478
23728	1478
23729	1478
23730	1478
23731	1478
23732	1478
23733	1478
23734	1478
23735	1478
23736	1478
23737	1478
23738	1478
23739	1478
23740	1478
23741	1026
23742	1026
23743	1026
23744	1026
23745	1026
23746	1026
23747	1026
23748	1478
23749	1478
23750	1478
23751	1478
23752	1478
23753	1180
23754	1005
23755	1049
23756	1049
23757	1049
23758	1026
23759	1026
23760	1026
23761	1026
23762	1026
23763	993
23764	993
23765	993
23766	993
23767	1048
23768	1048
23769	1048
23770	1048
23771	993
23772	993
23773	1026
23774	1026
23775	1026
23776	1049
23777	1049
23778	1049
23779	1049
23780	1026
23781	1026
23782	993
23783	993
23784	1048
23785	1048
23786	1048
23787	1048
23788	993
23789	993
23790	993
23791	993
23792	993
23793	993
23794	1026
23795	1026
23796	1026
23797	1026
23798	1026
23799	1026
23800	1049
23801	1049
23802	1048
23803	1049
23804	1049
23805	1049
23806	1049
23807	1049
23808	1026
23809	1026
23810	1547
23811	1547
23812	1547
23813	1548
23814	1548
23815	1548
23816	1548
23817	1548
23818	1548
23819	1548
23820	1548
23821	1548
23822	1548
23823	1560
23824	1550
23825	1550
23826	1547
23827	1548
23828	1548
23829	1548
23830	1548
23831	1548
23832	1548
23833	1548
23834	1548
23835	1548
23836	1548
23837	1524
23838	1562
23839	1562
23840	1562
23841	1548
23842	1548
23843	1548
23844	1548
23845	1548
23846	1548
23847	1548
23848	1548
23849	1548
23850	1548
23851	1562
23852	1562
23853	1562
23854	1562
23855	1562
23856	1550
23857	1548
23858	1548
23859	1548
23860	1548
23861	1548
23862	1548
23863	1560
23864	1560
23865	1562
23866	1562
23867	1562
23868	1562
23869	1562
23870	1562
23871	1560
23872	1560
23873	1560
23874	1560
23875	1560
23876	1560
23877	1560
23878	1562
23879	1562
23880	1562
23881	1562
23882	1562
23883	1562
23884	1562
23885	1562
23886	1026
23887	993
23888	1026
23889	1026
23890	1026
23891	1026
23892	1026
23893	1049
23894	1049
23895	1026
23896	1026
23897	1026
23898	993
23899	1026
23900	1026
23901	1026
23902	1026
23903	1026
23904	1049
23905	1049
23906	1049
23907	1049
23908	1049
23909	1049
23910	1049
23911	1049
23912	1049
23913	1049
23914	1049
23915	1049
23916	1049
23917	1026
23918	993
23919	1048
23920	1048
23921	1048
23922	1048
23923	1048
23924	1048
23925	1048
23926	1048
23927	1048
23928	993
23929	993
23930	1026
23931	993
23932	1048
23933	1048
23934	1048
23935	1048
23936	1048
23937	1048
23938	1048
23939	1048
23940	1048
23941	993
23942	993
23943	993
23944	1048
23945	1625
23946	1625
23947	1873
23948	1002
23949	1002
23950	1002
23951	1002
23952	1002
23953	1002
23954	1002
23955	1002
23956	1002
23957	1456
23958	1456
23959	1457
23960	1457
23961	1456
23962	1455
23963	1054
23964	1182
23965	1182
23966	1182
23967	1182
23968	1054
23969	1182
23970	1182
23971	1273
23972	1463
23973	1002
23974	1002
23975	1002
23976	1002
23977	1461
23978	1002
23979	1002
23980	1002
23981	1002
23982	1456
23983	1048
23984	1048
23985	1048
23986	1295
23987	1295
23988	1295
23989	1295
23990	1295
23991	1052
23992	1754
23993	1754
23994	1754
23995	1754
23996	1754
23997	1754
23998	1754
23999	1754
24000	1754
24001	1052
24002	993
24003	1052
24004	1326
24005	1326
24006	2049
24007	2012
24008	1295
24009	1326
24010	1326
24011	1034
24012	1754
24013	1588
24014	2012
24015	1588
24016	1052
24017	1052
24018	1052
24019	2012
24020	1572
24021	1754
24022	1572
24023	1572
24024	1754
24025	1588
24026	1754
24027	1588
24028	1754
24029	1589
24030	1954
24031	1588
24032	1589
24033	1610
24034	1754
24035	1754
24036	1610
24037	1754
24038	1754
24039	1754
24040	1754
24041	1754
24042	1890
24043	1890
24044	1890
24045	1890
24046	1890
24047	1869
24048	1870
24049	1870
24050	1615
24051	1052
24052	1752
24053	1615
24054	1964
24055	1965
24056	1965
24057	1965
24058	1743
24059	1743
24060	1743
24061	2126
24062	2126
24063	2126
24064	2007
24065	2007
24066	1005
24067	1605
24068	1605
24069	1846
24070	1605
24071	1605
24072	2007
24073	1846
24074	1846
24075	1846
24076	1605
24077	1593
24078	1593
24079	1593
24080	1593
24081	1593
24082	1593
24083	1593
24084	1593
24085	1593
24086	1593
24087	1593
24088	1593
24089	1593
24090	1593
24091	1593
24092	1593
24093	1593
24094	1593
24095	1593
24096	1593
24097	1593
24098	1593
24099	2007
24100	2007
24101	2007
24102	2007
24103	2007
24104	2007
24105	1830
24106	1605
24107	1605
24108	1593
24109	1593
24110	1593
24111	1593
24112	1593
24113	1605
24114	1180
24115	1180
24116	1180
24117	1180
24118	1180
24119	1180
24120	1180
24121	1180
24122	1180
24123	1180
24124	1180
24125	1005
24126	1180
24127	1180
24128	1005
24129	1180
24130	1180
24131	1180
24132	1005
24133	1463
24134	1005
24135	1455
24136	1463
24137	1005
24138	1455
24139	1455
24140	1455
24141	1005
24142	1455
24143	1455
24144	1455
24145	1455
24146	1455
24147	1455
24148	1005
24149	1005
24150	1005
24151	1005
24152	1463
24153	1463
24154	1463
24155	1463
24156	1463
24157	1463
24158	1463
24159	1463
24160	1463
24161	1463
24162	1463
24163	1463
24164	1463
24165	1463
24166	1463
24167	1463
24168	1463
24169	1463
24170	1463
24171	1036
24172	1171
24173	1036
24174	1036
24175	1036
24176	1036
24177	1036
24178	1171
24179	1036
24180	1036
24181	1036
24182	1036
24183	1028
24184	1036
24185	1028
24186	1036
24187	1028
24188	1028
24189	1036
24190	1036
24191	1036
24192	1036
24193	1028
24194	1028
24195	1028
24196	1028
24197	1028
24198	1028
24199	1029
24200	1028
24201	1028
24202	1028
24203	1028
24204	1028
24205	1028
24206	1028
24207	1028
24208	1028
24209	1028
24210	1028
24211	1028
24212	1028
24213	1029
24214	1029
24215	1049
24216	1049
24217	1049
24218	1029
24219	1029
24220	1029
24221	1029
24222	1049
24223	1049
24224	1049
24225	1029
24226	1180
24227	1049
24228	1029
24229	1029
24230	1029
24231	1029
24232	1049
24233	1049
24234	1049
24235	1049
24236	1049
24237	1049
24238	1049
24239	1005
24240	1005
24241	1005
24242	1005
24243	1005
24244	1180
24245	1005
24246	1005
24247	1005
24248	1049
24249	1463
24250	1463
24251	1463
24252	1463
24253	1463
24254	1463
24255	1463
24256	1463
24257	1463
24258	1463
24259	1463
24260	1463
24261	1463
24262	1463
24263	1054
24264	1054
24265	1177
24266	1054
24267	1054
24268	1463
24269	1177
24270	1177
24271	1177
24272	1177
24273	1006
24274	1006
24275	1007
24276	1007
24277	1006
24278	1006
24279	1177
24280	1007
24281	1007
24282	1007
24283	1040
24284	1171
24285	1171
24286	1040
24287	1180
24288	1291
24289	1291
24290	1007
24291	1040
24292	1040
24293	1040
24294	1040
24295	1510
24296	1151
24297	1510
24298	1547
24299	1510
24300	1547
24301	1523
24302	1547
24303	1547
24304	1550
24305	1562
24306	1562
24307	1116
24308	1903
24309	989
24310	1315
24311	1664
24312	1596
24313	1742
24314	1959
24315	1065
24316	1056
24317	1065
24318	1065
24319	1065
24320	1065
24321	2181
24322	2269
24323	2263
24324	2248
24325	2247
24326	2547
24327	2549
24328	2231
24329	2210
24330	2209
24331	2141
24332	2385
24333	2142
24334	2152
24335	2144
24336	321
24337	2145
24338	320
24339	320
24340	320
24341	2147
24342	320
24343	320
24344	320
24345	147
24346	2145
24347	2145
24348	146
24349	2540
24350	2143
24351	2143
24352	2144
24353	2146
24354	2151
24355	2401
24356	2296
24357	2181
24358	2196
24359	2170
24360	2174
24361	2174
24362	2170
24363	2361
24364	2332
24365	2174
24366	2174
24367	2363
24368	2571
24369	2362
24370	2330
24371	2691
24372	2361
24373	2690
24374	2640
24375	2181
24376	2191
24377	2578
24378	2578
24379	2343
24380	2538
24381	2538
24382	2538
24383	2538
24384	2538
24385	2538
24386	2538
24387	2538
24388	2538
24389	2538
24390	2538
24391	2538
24392	2175
24393	2538
24394	2538
24395	2330
24396	2331
24397	2342
24398	2342
24399	2342
24400	2342
24401	2342
24402	2174
24403	2578
24404	2578
24405	2578
24406	2578
24407	2578
24408	2578
24409	113
24410	2181
24411	2606
24412	2190
24413	2366
24414	2577
24415	2420
24416	2599
24417	2190
24418	2190
24419	2181
24420	2181
24421	2181
24422	2606
24423	2216
24424	2216
24425	2216
24426	2216
24427	2196
24428	2345
24429	2181
24430	2181
24431	2181
24432	2181
24433	2181
24434	2578
24435	2216
24436	2216
24437	2992
24438	2183
24439	2183
24440	2345
24441	2345
24442	2181
24443	2181
24444	2606
24445	2216
24446	2345
24447	2596
24448	2207
24449	2442
24450	2442
24451	2435
24452	2201
24453	2435
24454	2435
24455	2436
24456	2435
24457	2436
24458	2204
24459	2211
24460	2211
24461	2586
24462	2357
24463	2208
24464	2206
24465	185
24466	2442
24467	2209
24468	2231
24469	2211
24470	2211
24471	2211
24472	2212
24473	2212
24474	2214
24475	2214
24476	2214
24477	2213
24478	2213
24479	2214
24480	2586
24481	2585
24482	2213
24483	2213
24484	2214
24485	2378
24486	2586
24487	2585
24488	2213
24489	2214
24490	2382
24491	2220
24492	2585
24493	2213
24494	2214
24495	2585
24496	2213
24497	2215
24498	2240
24499	2241
24500	2213
24501	2215
24502	2215
24503	2216
24504	2216
24505	2196
24506	2196
24507	2249
24508	2250
24509	2241
24510	2214
24511	2216
24512	2305
24513	2302
24514	2304
24515	2567
24516	2567
24517	2567
24518	2567
24519	2308
24520	126
24521	126
24522	2216
24523	2297
24524	2315
24525	2315
24526	2294
24527	2253
24528	2251
24529	2251
24530	2264
24531	2267
24532	2264
24533	2263
24534	2268
24535	2274
24536	2279
24537	2275
24538	2561
24539	2252
24540	2562
24541	2253
24542	2264
24543	2316
24544	2316
24545	2255
24546	2255
24547	2316
24548	2316
24549	2315
24550	2297
24551	2298
24552	2255
24553	2316
24554	2316
24555	2311
24556	2311
24557	2299
24558	2298
24559	2318
24560	2313
24561	2312
24562	2304
24563	2311
24564	2302
24565	2299
24566	2302
24567	2311
24568	2300
24569	2302
24570	2300
24571	2360
24572	2301
24573	2301
24574	2360
24575	2571
24576	2359
24577	2362
24578	2358
24579	2358
24580	2357
24581	2357
24582	2373
24583	2373
24584	2359
24585	2358
24586	2357
24587	2569
24588	2303
24589	112
24590	2570
24591	2569
24592	2190
24593	2215
24594	2434
24595	2434
24596	2435
24597	2435
24598	2321
24599	2323
24600	2362
24601	2200
24602	2413
24603	2321
24604	2321
24605	2200
24606	2202
24607	2342
24608	2341
24609	2331
24610	2201
24611	2201
24612	2327
24613	2174
24614	2690
24615	2361
24616	2571
24617	2361
24618	2361
24619	2571
24620	2363
24621	2363
24622	2571
24623	2322
24624	2354
24625	2340
24626	2341
24627	2343
24628	2343
24629	2344
24630	2212
24631	2344
24632	2578
24633	2351
24634	2351
24635	2578
24636	2346
24637	2600
24638	2349
24639	2349
24640	2349
24641	2356
24642	2356
24643	2211
24644	2455
24645	2458
24646	2461
24647	2462
24648	2462
24649	2464
24650	2464
24651	2408
24652	2357
24653	2358
24654	2362
24655	2571
24656	2301
24657	2206
24658	2362
24659	2571
24660	2361
24661	2362
24662	2321
24663	2322
24664	2410
24665	2410
24666	2605
24667	2605
24668	2442
24669	2434
24670	2435
24671	2362
24672	2363
24673	2198
24674	2206
24675	2198
24676	2362
24677	2410
24678	2442
24679	100
24680	185
24681	2442
24682	2605
24683	185
24684	98
24685	252
24686	256
24687	2518
24688	113
24689	2374
24690	256
24691	2589
24692	2593
24693	2374
24694	2375
24695	2589
24696	390
24697	2592
24698	2591
24699	2381
24700	2141
24701	2385
24702	131
24703	131
24704	2137
24705	2135
24706	2272
24707	2276
24708	2273
24709	2283
24710	2289
24711	124
24712	133
24713	2393
24714	2551
24715	2389
24716	2393
24717	2386
24718	2397
24719	2386
24720	2149
24721	2150
24722	147
24723	2400
24724	2157
24725	2401
24726	2392
24727	2401
24728	2393
24729	2392
24730	2392
24731	2497
24732	2405
24733	2405
24734	2405
24735	2399
24736	150
24737	2407
24738	2588
24739	2408
24740	137
24741	2573
24742	2531
24743	2439
24744	2439
24745	2531
24746	2432
24747	115
24748	2182
24749	2376
24750	2182
24751	2376
24752	2374
24753	2377
24754	2377
24755	2379
24756	2428
24757	2437
24758	2429
24759	2419
24760	2517
24761	2415
24762	2376
24763	2376
24764	2416
24765	2417
24766	2418
24767	2420
24768	2525
24769	2520
24770	2523
24771	2575
24772	2531
24773	2410
24774	262
24775	2534
24776	2573
24777	2440
24778	2440
24779	2605
24780	2605
24781	2605
24782	2573
24783	2440
24784	2605
24785	113
24786	113
24787	2375
24788	2519
24789	2518
24790	2519
24791	2523
24792	2575
24793	2433
24794	2521
24795	262
24796	326
24797	326
24798	262
24799	262
24800	326
24801	326
24802	2408
24803	2588
24804	2605
24805	2440
24806	2440
24807	2604
24808	2538
24809	2604
24810	2604
24811	2538
24812	2604
24813	2538
24814	2450
24815	2476
24816	2450
24817	2416
24818	2416
24819	2416
24820	2604
24821	2604
24822	2604
24823	2604
24824	2424
24825	2417
24826	2417
24827	2604
24828	2604
24829	2424
24830	2425
24831	2417
24832	2450
24833	2447
24834	2447
24835	2426
24836	2426
24837	2450
24838	2451
24839	2187
24840	2187
24841	2420
24842	2187
24843	2187
24844	2599
24845	2450
24846	2472
24847	2451
24848	2465
24849	2456
24850	2186
24851	2188
24852	2472
24853	2465
24854	2465
24855	2456
24856	2456
24857	2457
24858	2455
24859	2472
24860	2465
24861	2465
24862	2466
24863	2467
24864	2457
24865	2461
24866	2460
24867	2467
24868	2466
24869	2467
24870	2460
24871	2598
24872	2463
24873	2463
24874	2598
24875	2469
24876	2464
24877	2472
24878	2465
24879	2465
24880	2466
24881	2467
24882	2468
24883	2598
24884	2598
24885	2469
24886	2588
24887	2472
24888	2465
24889	2465
24890	2466
24891	2467
24892	2467
24893	2597
24894	187
24895	2590
24896	368
24897	187
24898	187
24899	2471
24900	2480
24901	2480
24902	2471
24903	2480
24904	2472
24905	2465
24906	2480
24907	2480
24908	2480
24909	2480
24910	2495
24911	2493
24912	2494
24913	2495
24914	2495
24915	2495
24916	2495
24917	2495
24918	2495
24919	2471
24920	2471
24921	2471
24922	2471
24923	2471
24924	209
24925	210
24926	212
24927	2495
24928	2495
24929	224
24930	224
24931	2482
24932	2483
24933	223
24934	2482
24935	207
24936	2482
24937	207
24938	209
24939	209
24940	2480
24941	2480
24942	2465
24943	2465
24944	188
24945	223
24946	206
24947	207
24948	2480
24949	2466
24950	2466
24951	189
24952	189
24953	206
24954	206
24955	2485
24956	2467
24957	119
24958	189
24959	189
24960	2485
24961	2468
24962	218
24963	2597
24964	182
24965	182
24966	182
24967	182
24968	182
24969	182
24970	2483
24971	183
24972	184
24973	181
24974	181
24975	92
24976	2376
24977	181
24978	2415
24979	2415
24980	2422
24981	180
24982	2422
24983	2422
24984	2422
24985	184
24986	2422
24987	2422
24988	2422
24989	184
24990	184
24991	2422
24992	2488
24993	2488
24994	2488
24995	2488
24996	2488
24997	184
24998	2488
24999	2481
25000	2488
25001	2478
25002	2473
25003	2478
25004	2473
25005	2478
25006	2473
25007	224
25008	224
25009	224
25010	224
25011	2484
25012	2480
25013	224
25014	224
25015	209
25016	212
25017	2495
25018	2495
25019	224
25020	208
25021	209
25022	212
25023	212
25024	2495
25025	224
25026	207
25027	209
25028	210
25029	212
25030	214
25031	224
25032	2485
25033	206
25034	206
25035	208
25036	210
25037	212
25038	214
25039	224
25040	224
25041	2484
25042	2484
25043	2485
25044	139
25045	235
25046	2390
25047	2277
25048	2391
25049	2282
25050	2282
25051	2282
25052	2496
25053	125
25054	2496
25055	138
25056	228
25057	139
25058	229
25059	2504
25060	2502
25061	2504
25062	2505
25063	2503
25064	2515
25065	2514
25066	229
25067	231
25068	231
25069	303
25070	2509
25071	2508
25072	2498
25073	2500
25074	2500
25075	2499
25076	2499
25077	2502
25078	2499
25079	2502
25080	2501
25081	2507
25082	2507
25083	2501
25084	232
25085	229
25086	2512
25087	2507
25088	2576
25089	394
25090	259
25091	2527
25092	703
25093	259
25094	2527
25095	2528
25096	261
25097	106
25098	703
25099	706
25100	706
25101	703
25102	106
25103	260
25104	2534
25105	258
25106	2534
25107	2576
25108	706
25109	706
25110	259
25111	392
25112	394
25113	106
25114	327
25115	2529
25116	701
25117	706
25118	257
25119	2488
25120	2488
25121	2488
25122	2473
25123	2473
25124	2473
25125	2495
25126	2495
25127	2495
25128	2471
25129	2471
25130	2471
25131	2471
25132	2471
25133	2471
25134	2471
25135	2472
25136	2472
25137	2472
25138	2472
25139	2476
25140	2538
25141	2538
25142	2538
25143	2538
25144	2538
25145	2538
25146	2538
25147	2538
25148	2538
25149	2538
25150	2538
25151	2538
25152	2538
25153	2538
25154	2538
25155	2538
25156	2538
25157	2538
25158	2538
25159	2538
25160	2538
25161	2538
25162	2538
25163	2538
25164	2476
25165	2476
25166	2472
25167	2472
25168	2476
25169	2471
25170	2471
25171	2471
25172	2471
25173	2471
25174	2471
25175	2471
25176	2538
25177	2538
25178	2538
25179	2538
25180	2473
25181	2473
25182	2488
25183	2488
25184	2538
25185	2538
25186	2538
25187	2538
25188	2538
25189	2538
25190	2538
25191	2538
25192	2471
25193	2471
25194	2471
25195	2471
25196	2471
25197	2471
25198	2471
25199	2538
25200	2471
25201	2538
25202	2538
25203	2538
25204	2538
25205	2538
25206	2538
25207	2538
25208	2538
25209	2538
25210	2538
25211	2538
25212	2538
25213	2471
25214	2471
25215	2538
25216	2538
25217	2538
25218	2538
25219	2538
25220	2538
25221	2538
25222	2538
25223	2538
25224	2476
25225	2471
25226	2471
25227	2538
25228	2471
25229	2538
25230	2538
25231	2538
25232	2476
25233	2476
25234	2476
25235	2471
25236	2471
25237	2471
25238	2471
25239	2538
25240	2538
25241	2538
25242	2538
25243	2538
25244	2538
25245	2512
25246	2406
25247	2539
25248	318
25249	2540
25250	2382
25251	146
25252	146
25253	2145
25254	2152
25255	2385
25256	2141
25257	2213
25258	2552
25259	2210
25260	2140
25261	2241
25262	2240
25263	2139
25264	2351
25265	2212
25266	2214
25267	2351
25268	2267
25269	2267
25270	2561
25271	2240
25272	2241
25273	2543
25274	2239
25275	2237
25276	2553
25277	2213
25278	2213
25279	2585
25280	2226
25281	2213
25282	2380
25283	2213
25284	2585
25285	2213
25286	2204
25287	2214
25288	2212
25289	2137
25290	2146
25291	2150
25292	2146
25293	2548
25294	2267
25295	2249
25296	2547
25297	2547
25298	2276
25299	2390
25300	2390
25301	2275
25302	2252
25303	2279
25304	2273
25305	2273
25306	2270
25307	146
25308	2566
25309	2567
25310	2567
25311	2300
25312	2299
25313	2302
25314	2304
25315	2311
25316	2315
25317	2297
25318	2297
25319	2296
25320	2315
25321	2297
25322	2297
25323	2357
25324	2358
25325	2359
25326	2571
25327	2301
25328	2373
25329	2357
25330	2358
25331	2335
25332	2363
25333	2301
25334	2442
25335	2358
25336	2362
25337	2571
25338	2361
25339	2361
25340	2571
25341	2362
25342	2206
25343	2357
25344	2442
25345	2442
25346	264
25347	263
25348	263
25349	327
25350	702
25351	707
25352	701
25353	700
25354	699
25355	107
25356	258
25357	107
25358	107
25359	2350
25360	2349
25361	2350
25362	2348
25363	2348
25364	2346
25365	2350
25366	2529
25367	2533
25368	2533
25369	260
25370	106
25371	77
25372	2423
25373	2411
25374	2372
25375	2322
25376	2321
25377	2344
25378	2344
25379	2343
25380	2342
25381	2341
25382	2331
25383	2578
25384	2343
25385	2343
25386	2342
25387	2191
25388	2174
25389	2174
25390	2174
25391	2177
25392	2191
25393	2571
25394	2361
25395	2690
25396	2435
25397	2198
25398	2206
25399	2362
25400	2363
25401	2596
25402	2361
25403	2436
25404	2206
25405	2362
25406	2363
25407	2571
25408	2361
25409	2690
25410	2344
25411	2322
25412	2212
25413	2204
25414	2204
25415	2407
25419	371
25421	2588
25422	2588
25423	368
25425	2588
25427	386
25428	386
25430	2428
25431	705
25432	705
25433	705
25434	262
25435	705
25436	705
25437	394
25438	2605
25439	2442
25440	2197
25441	2207
25442	2361
25443	2571
25444	2362
25445	2362
25446	2357
25447	2442
25448	218
25449	2470
25450	187
25451	2598
25452	2469
25453	2464
25454	2464
25455	2419
25456	2577
25457	2437
25458	2379
25459	2377
25460	2376
25461	2376
25462	115
25463	2464
25464	2355
25465	2355
25466	2355
25467	2354
25468	2365
25469	2366
25470	2356
25471	2356
25472	2356
25473	187
25474	187
25475	2429
25476	2377
25477	2379
25478	2377
25479	2182
25480	2182
25481	2428
25482	2470
25483	2469
25484	2488
25485	2416
25486	2416
25487	2416
25488	260
25489	107
25490	260
25491	2440
25492	185
25493	326
25494	262
25495	185
25496	262
25497	258
25498	260
25499	706
25500	706
25501	2533
25502	261
25503	703
25504	2440
25505	2440
25506	2605
25507	326
25508	262
25509	185
25510	2214
25511	2345
25512	2216
25513	2216
25514	2216
25515	2190
25516	2190
25517	2619
25518	2608
25519	2655
25520	2991
25521	2655
25522	2655
25523	2655
25524	2655
25525	2619
25526	2655
25527	2619
25528	2655
25529	2619
25530	2608
25531	2619
25532	2608
25533	2619
25534	2656
25535	2618
25536	2618
25537	2618
25538	2618
25539	2618
25540	2691
25541	2691
25542	2694
25543	2689
25544	2963
25545	2675
25546	2963
25547	2962
25548	2962
25549	2753
25550	2961
25551	2657
25552	2658
25553	2628
25554	2651
25555	2657
25556	2657
25557	2651
25558	2651
25559	2619
25560	2619
25561	2619
25562	2608
25563	2608
25564	2608
25565	2656
25566	2657
25567	2656
25568	2656
25569	2609
25570	2608
25571	2656
25572	2656
25573	2656
25574	2656
25575	2731
25576	2989
25577	2694
25578	2638
25579	2689
25580	2651
25581	2609
25582	2609
25583	2651
25584	2651
25585	2651
25586	2744
25587	2714
25588	2714
25589	2564
25590	2609
25591	2609
25592	2674
25593	2705
25594	2608
25595	2608
25596	2608
25597	2608
25598	2638
25599	2638
25600	2618
25601	2689
25602	2689
25603	2609
25604	2609
25605	2688
25606	2656
25607	2609
25608	2656
25609	2656
25610	2656
25611	2656
25612	2657
25613	2753
25614	2609
25615	2609
25616	2656
25617	2737
25618	2618
25619	2619
25620	2618
25621	2618
25622	2618
25623	2619
25624	2619
25625	2608
25626	2656
25627	2656
25628	2609
25629	2651
25630	2658
25631	2618
25632	2618
25633	2655
25634	2655
25635	2656
25636	2656
25637	2656
25638	2657
25639	2658
25640	2618
25641	2618
25642	2655
25643	2655
25644	2656
25645	2656
25646	2656
25647	2657
25648	2657
25649	2651
25650	2609
25651	2656
25652	2656
25653	2608
25654	2655
25655	2619
25656	2619
25657	2618
25658	2609
25659	2656
25660	2608
25661	2608
25662	2608
25663	2619
25664	2619
25665	2619
25666	2968
25667	2737
25668	2962
25669	2962
25670	2657
25671	2609
25672	2656
25673	2656
25674	2608
25675	2655
25676	2619
25677	2618
25678	2618
25679	2753
25680	2968
25681	2968
25682	2731
25683	2989
25684	2907
25685	2715
25686	2715
25687	2966
25688	2966
25689	2714
25690	2907
25691	2628
25692	2714
25693	2628
25694	2651
25695	2658
25696	2651
25697	2658
25698	2658
25699	2628
25700	2628
25701	2658
25702	2658
25703	2658
25704	2183
25705	2691
25706	2183
25707	2619
25708	2133
25709	2689
25710	2690
25711	2690
25712	2690
25713	2691
25714	2690
25715	2690
25716	2607
25717	2184
25718	2184
25719	2607
25720	2690
25721	2690
25722	2690
25723	2690
25724	2691
25725	2691
25726	2691
25727	2690
25728	2690
25729	2691
25730	2190
25731	2471
25732	2471
25733	2471
25734	2480
25735	2480
25736	2480
25737	2472
25738	2472
25739	2472
25740	2472
25741	2450
25742	2538
25743	2538
25744	2604
25745	2604
25746	2488
25747	2488
25748	2488
25749	2488
25750	2478
25751	2478
25752	2478
25753	2473
25754	2495
25755	2495
25756	2495
25757	2471
25758	2963
25759	2694
25760	2694
25761	2963
25762	2620
25763	2704
25764	2620
25765	2620
25766	2704
25767	2619
25768	2608
25769	2619
25770	2608
25771	2619
25772	2692
25773	2692
25774	2693
25775	2694
25776	2955
25777	2762
25778	2952
25779	2952
25780	2628
25781	2651
25782	2714
25783	2651
25784	2961
25785	2703
25786	2743
25787	2737
25788	2969
25789	2968
25790	2737
25791	2737
25792	2968
25793	2659
25794	2659
25795	2659
25796	2628
25797	2628
25798	2172
25799	2704
25800	2989
25801	2731
25802	2731
25803	2989
25804	2681
25805	2908
25806	2976
25807	2913
25808	2908
25809	2705
25810	2968
25811	2968
25812	2731
25813	2731
25814	2963
25815	2753
25816	2705
25817	2704
25818	2609
25819	2608
25820	2609
25821	2656
25822	2609
25823	2609
25824	2705
25825	2989
25826	2989
25827	2989
25828	2984
25829	2748
25830	2750
25831	2750
25832	2984
25833	2942
25834	2659
25835	2762
25836	2745
25837	2955
25838	2752
25839	2752
25840	2673
25841	2753
25842	2984
25843	2752
25844	2907
25845	2769
25846	2932
25847	2955
25848	2913
25849	2976
25850	2952
25851	2768
25852	2952
25853	2952
25854	2952
25855	2769
25856	2932
25857	2932
25858	2913
25859	2913
25860	2913
25861	2913
25862	2913
25863	2620
25864	2620
25865	2619
25866	2619
25867	2619
25868	2782
25869	2782
25870	2915
25871	2829
25872	2829
25873	2915
25874	2829
25875	2915
25876	2829
25877	2829
25878	2829
25879	2829
25880	2829
25881	2781
25882	2829
25883	2781
25884	2829
25885	2781
25886	2781
25887	2785
25888	2785
25889	2781
25890	2781
25891	2781
25892	2781
25893	2781
25894	2781
25895	2781
25896	2781
25897	2781
25898	2829
25899	2782
25900	2829
25901	2829
25902	2829
25903	2782
25904	2829
25905	2783
25906	2782
25907	2783
25908	2783
25909	2783
25910	2783
25911	2782
25912	2829
25913	2935
25914	2824
25915	2914
25916	2914
25917	2824
25918	2914
25919	2914
25920	2824
25921	2877
25922	2914
25923	2911
25924	2911
25925	2803
25926	2803
25927	2889
25928	2889
25929	2824
25930	2914
25931	2829
25932	2914
25933	2915
25934	2915
25935	2889
25936	2824
25937	2914
25938	2829
25939	2911
25940	2824
25941	2914
25942	2889
25943	2824
25944	2889
25945	2825
25946	2889
25947	2824
25948	2918
25949	2824
25950	2824
25951	2803
25952	2914
25953	2914
25954	2915
25955	2914
25956	2803
25957	2918
25958	2931
25959	2826
25960	2785
25961	2831
25962	2785
25963	2831
25964	2926
25965	2936
25966	2936
25967	2803
25968	2936
25969	2803
25970	2936
25971	2785
25972	2783
25973	3199
25974	2829
25975	2829
25976	2829
25977	2829
25978	2785
25979	2785
25980	2783
25981	3199
25982	3199
25983	2781
25984	2783
25985	2783
25986	3035
25987	3035
25988	3199
25989	3199
25990	2783
25991	2783
25992	3199
25993	2915
25994	2829
25995	2782
25996	2782
25997	2937
25998	2937
25999	2934
26000	2859
26001	2859
26002	2934
26003	2859
26004	2934
26005	2859
26006	2858
26007	2859
26008	2934
26009	2920
26010	2934
26011	2891
26012	2909
26013	2918
26014	2918
26015	2937
26016	2918
26017	2918
26018	2918
26019	2766
26020	2766
26021	2918
26022	2910
26023	2766
26024	2918
26025	2909
26026	2821
26027	2910
26028	2766
26029	2910
26030	2766
26031	2910
26032	2909
26033	2910
26034	2891
26035	2922
26036	2767
26037	2767
26038	2803
26039	2824
26040	2826
26041	2910
26042	2909
26043	2935
26044	2935
26045	2935
26046	2935
26047	2803
26048	2824
26049	2824
26050	2824
26051	2825
26052	2825
26053	2824
26054	2826
26055	2889
26056	2889
26057	2910
26058	2910
26059	2910
26060	2909
26061	2909
26062	2766
26063	2767
26064	2767
26065	2891
26066	2891
26067	2826
26068	2826
26069	2803
26070	2803
26071	2826
26072	2891
26073	2767
26074	2918
26075	2803
26076	2935
26077	2922
26078	2892
26079	2964
26080	2619
26081	2619
26082	2608
26083	2704
26084	2608
26085	2693
26086	2706
26087	2706
26088	2702
26089	2705
26090	2704
26091	2704
26092	2914
26093	2651
26094	2628
26095	2681
26096	2913
26097	2909
26098	2910
26099	2826
26100	2825
26101	2609
26102	2659
26103	2913
26104	2909
26105	2910
26106	2889
26107	2824
26108	2914
26109	2914
26110	2687
26111	2913
26112	2766
26113	2910
26114	2889
26115	2824
26116	2918
26117	2826
26118	2911
26119	2911
26120	2911
26121	2911
26122	2911
26123	2911
26124	2825
26125	2931
26126	2931
26127	2831
26128	2831
26129	2911
26130	2826
26131	2918
26132	2918
26133	2937
26134	2937
26135	2933
26136	2933
26137	2933
26138	2933
26139	2933
26140	2922
26141	2890
26142	2890
26143	2890
26144	2890
26145	2910
26146	2910
26147	2891
26148	2891
26149	2918
26150	2918
26151	2918
26152	2918
26153	2918
26154	2918
26155	2918
26156	2889
26157	2889
26158	2889
26159	2918
26160	2918
26161	2832
26162	2757
26163	2920
26164	2892
26165	2952
26166	2952
26167	2767
26168	2909
26169	2909
26170	2909
26171	2909
26172	2766
26173	2766
26174	2766
26175	2927
26176	2927
26177	2927
26178	2927
26179	2892
26180	2922
26181	2933
26182	2891
26183	2782
26184	2829
26185	2829
26186	2935
26187	2803
26188	2769
26189	2920
26190	2937
26191	2934
26192	2922
26193	2952
26194	2933
26195	2829
26196	2829
26197	2935
26198	2829
26199	2824
26200	2826
26201	2891
26202	2767
26203	2891
26204	2918
26205	2952
26206	2910
26207	2914
26208	2914
26209	2824
26210	2911
26211	2889
26212	2889
26213	2910
26214	2890
26215	2913
26216	2766
26217	2659
26218	2766
26219	2914
26220	2914
26221	2915
26222	2914
26223	2914
26224	2915
26225	2824
26226	2824
26227	2914
26228	2914
26229	2915
26230	2785
26231	2785
26232	2785
26233	2785
26234	2785
26235	2785
26236	2785
26237	2803
26238	2803
26239	2824
26240	2824
26241	2824
26242	2824
26243	2824
26244	2824
26245	2824
26246	2824
26247	2824
26248	2824
26249	2824
26250	2824
26251	2968
26252	2967
26253	2967
26254	2967
26255	2825
26256	2889
26257	2889
26258	2910
26259	2890
26260	2766
26261	2971
26262	2913
26263	2659
26264	2920
26265	2891
26266	2743
26267	2744
26268	2714
26269	2906
26270	2952
26271	2744
26272	2714
26273	2762
26274	2752
26275	2961
26276	2737
26277	2969
26278	2714
26279	2651
26280	2609
26281	2609
26282	2892
26283	2768
26284	2752
26285	2750
26286	2967
26287	2968
26288	2731
26289	2989
26290	2892
26291	2952
26292	2955
26293	2934
26294	2769
26295	2984
26296	2750
26297	2967
26298	2968
26299	2731
26300	2989
26301	2681
26302	2681
26303	2985
26304	2985
26305	2985
26306	2681
26307	2965
26308	2965
26309	2965
26310	2749
26311	2749
26312	2965
26313	2976
26314	2976
26315	2976
26316	2976
26317	2976
26318	2976
26319	2955
26320	2985
26321	2965
26322	2965
26323	2966
26324	2907
26325	2966
26326	2966
26327	2966
26328	2966
26329	2966
26330	2628
26331	2966
26332	2966
26333	2966
26334	2714
26335	2714
26336	2714
26337	2985
26338	2908
26339	2985
26340	2681
26341	2681
26342	2681
26343	2955
26344	2681
26345	2955
26346	2955
26347	2907
26348	2955
26349	2966
26350	2185
26351	2185
26352	2185
26353	2691
26354	2185
26355	2607
26356	2693
26357	2607
26358	2184
26359	2298
26360	2298
26361	2692
26362	3047
26363	3199
26364	3199
26365	3047
26366	3179
26367	3047
26368	3047
26369	3199
26370	3047
26371	3047
26372	3199
26373	3199
26374	3002
26375	3002
26376	3002
26377	3002
26378	3002
26379	3002
26380	3002
26381	3047
26382	3002
26383	3002
26384	3002
26385	3002
26386	3178
26387	3199
26388	3048
26389	2784
26390	3199
26391	3199
26392	3199
26393	2784
26394	2784
26395	2784
26396	3022
26397	3021
26398	3022
26399	3022
26400	3021
26401	3178
26402	3178
26403	3022
26404	3022
26405	2911
26406	2911
26407	2911
26408	2911
26409	2911
26410	2911
26411	2915
26412	2829
26413	2829
26414	2829
26415	2915
26416	2915
26417	3022
26418	3022
26419	3022
26420	2782
26421	2781
26422	2781
26423	2783
26424	2783
26425	3199
26426	3199
26427	2781
26428	3199
26429	2783
26430	2783
26431	2783
26432	3199
26433	2783
26434	2783
26435	2783
26436	2783
26437	3199
26438	2784
26439	2783
26440	2783
26441	3021
26442	3021
26443	3021
26444	2783
26445	3106
26446	3041
26447	3041
26448	3106
26449	3119
26450	3041
26451	3286
26452	3295
26453	3295
26454	3061
26455	3295
26456	3071
26457	3048
26458	3048
26459	3047
26460	3047
26461	3048
26462	3047
26463	3048
26464	3048
26465	3047
26466	3048
26467	3047
26468	3041
26469	3106
26470	3041
26471	3106
26472	3042
26473	3106
26474	3042
26475	3106
26476	3043
26477	3106
26478	3295
26479	3042
26480	3119
26481	3286
26482	3105
26483	3041
26484	3041
26485	3295
26486	3295
26487	3295
26488	3295
26489	3295
26490	3295
26491	3105
26492	3105
26493	3115
26494	3043
26495	3043
26496	3043
26497	3043
26498	3111
26499	3111
26500	3111
26501	3106
26502	3327
26503	3327
26504	3327
26505	3287
26506	3105
26507	3115
26508	3104
26509	3104
26510	3104
26511	3104
26512	3104
26513	3104
26514	3104
26515	3327
26516	3105
26517	3105
26518	3129
26519	3129
26520	3320
26521	3320
26522	3320
26523	3320
26524	3102
26525	3102
26526	3102
26527	3102
26528	3103
26529	3103
26530	3103
26531	3319
26532	3319
26533	3108
26534	3129
26535	3129
26536	3129
26537	3129
26538	3129
26539	3130
26540	3320
26541	3103
26542	3320
26543	3104
26544	3104
26545	3105
26546	3105
26547	3106
26548	3106
26549	3103
26550	3129
26551	3104
26552	3105
26553	3106
26554	3042
26555	3042
26556	3042
26557	3106
26558	3298
26559	3042
26560	3042
26561	3106
26562	3106
26563	3103
26564	3129
26565	3104
26566	3105
26567	3106
26568	3106
26569	3298
26570	3103
26571	3129
26572	3104
26573	3327
26574	3111
26575	3043
26576	3295
26577	3103
26578	3129
26579	3104
26580	3327
26581	3111
26582	3043
26583	3105
26584	3129
26585	3102
26586	3129
26587	3105
26588	3104
26589	3102
26590	3129
26591	3106
26592	3115
26593	3327
26594	3102
26595	3129
26596	3200
26597	3200
26598	3048
26599	3048
26600	3202
26601	3048
26602	3179
26603	3047
26604	3181
26605	3179
26606	3181
26607	3181
26608	3179
26609	3047
26610	3047
26611	3179
26612	3179
26613	3179
26614	3179
26615	3179
26616	3179
26617	3179
26618	3048
26619	3048
26620	3179
26621	3048
26622	3198
26623	3204
26624	3204
26625	3198
26626	3204
26627	3198
26628	3204
26629	3201
26630	3204
26631	3201
26632	3179
26633	3179
26634	3179
26635	3148
26636	3179
26637	3204
26638	3204
26639	3201
26640	3200
26641	3178
26642	3179
26643	3048
26644	3200
26645	3047
26646	3047
26647	3047
26648	3047
26649	3047
26650	3047
26651	3048
26652	3179
26653	3048
26654	3048
26655	3181
26656	3048
26657	3048
26658	3181
26659	3181
26660	3200
26661	3200
26662	3181
26663	3200
26664	3200
26665	3047
26666	3048
26667	3183
26668	3047
26669	3048
26670	3183
26671	3047
26672	3048
26673	3183
26674	3048
26675	3181
26676	3047
26677	3047
26678	3179
26679	3047
26680	3047
26681	3179
26682	3179
26683	3047
26684	3047
26685	3204
26686	3201
26687	3048
26688	3048
26689	3048
26690	3179
26691	3179
26692	3047
26693	3047
26694	3047
26695	3047
26696	3047
26697	3200
26698	3202
26699	3201
26700	3202
26701	3201
26702	3214
26703	3264
26704	3264
26705	3264
26706	3264
26707	3264
26708	3334
26709	3334
26710	3334
26711	3334
26712	3334
26713	3242
26714	3264
26715	3101
26716	3103
26717	3101
26718	3101
26719	3103
26720	3103
26721	3130
26722	3130
26723	3130
26724	3130
26725	3262
26726	3262
26727	3262
26728	3262
26729	3262
26730	3321
26731	3321
26732	3321
26733	3321
26734	3220
26735	3263
26736	3263
26737	3263
26738	3262
26739	3262
26740	3262
26741	3262
26742	3262
26743	3262
26744	3262
26745	3101
26746	3103
26747	3263
26748	3263
26749	3264
26750	3263
26751	3264
26752	3265
26753	3262
26754	3261
26755	3261
26756	3263
26757	3101
26758	3264
26759	3263
26760	3262
26761	3101
26762	3263
26763	3262
26764	3264
26765	3263
26766	3262
26767	3101
26768	3264
26769	3263
26770	3262
26771	3101
26772	3103
26773	3321
26774	3263
26775	3334
26776	3130
26777	3321
26778	3262
26779	3334
26780	3130
26781	3321
26782	3262
26783	3334
26784	3048
26785	3215
26786	3242
26787	3321
26788	3048
26789	3200
26790	3308
26791	3321
26792	3321
26793	3321
26794	3308
26795	3308
26796	3200
26797	3200
26798	3180
26799	3180
26800	3048
26801	3200
26802	3242
26803	3321
26804	3321
26805	3242
26806	3242
26807	3200
26808	3200
26809	3200
26810	3181
26811	3202
26812	3202
26813	3201
26814	3202
26815	3242
26816	3321
26817	3180
26818	3200
26819	3321
26820	3286
26821	3295
26822	3286
26823	3295
26824	3295
26825	3512
26826	3329
26827	3295
26828	3295
26829	3286
26830	3286
26831	3514
26832	3443
26833	3447
26834	3447
26835	3360
26836	3361
26837	3447
26838	3447
26839	3447
26840	3447
26841	3447
26842	3353
26843	3443
26844	3511
26845	3511
26846	3443
26847	3512
26848	3403
26849	3511
26850	3511
26851	3443
26852	3443
26853	3353
26854	3353
26855	3352
26856	3447
26857	3286
26858	3286
26859	3286
26860	3353
26861	3119
26862	3286
26863	3286
26864	3286
26865	3119
26866	3286
26867	3291
26868	3047
26869	3048
26870	3181
26871	3200
26872	3047
26873	3048
26874	3183
26875	3047
26876	3048
26877	3183
26878	3048
26879	3256
26880	3200
26881	3180
26882	3302
26883	3200
26884	3264
26885	3047
26886	3048
26887	3264
26888	3263
26889	3262
26890	3264
26891	3263
26892	3264
26893	3264
26894	3263
26895	3262
26896	3264
26897	3263
26898	3264
26899	3264
26900	3242
26901	3264
26902	3242
26903	3263
26904	3262
26905	3263
26906	3321
26907	3101
26908	3101
26909	3103
26910	3261
26911	3103
26912	3262
26913	3262
26914	3321
26915	3321
26916	3321
26917	3321
26918	3321
26919	3321
26920	3261
26921	3261
26922	3261
26923	3261
26924	3261
26925	3261
26926	3101
26927	3101
26928	3321
26929	3106
26930	3105
26931	3104
26932	3320
26933	3320
26934	3104
26935	3105
26936	3106
26937	3105
26938	3105
26939	3106
26940	3041
26941	3443
26942	3286
26943	3041
26944	3106
26945	3041
26946	3041
26947	3286
26948	3443
26949	3105
26950	3106
26951	3042
26952	3295
26953	3514
26954	3443
26955	3443
26956	3514
26957	3295
26958	3042
26959	3106
26960	3105
26961	3104
26962	3105
26963	3106
26964	3043
26965	3295
26966	3514
26967	3443
26968	3443
26969	3295
26970	3295
26971	3043
26972	3106
26973	3105
26974	3104
26975	3320
26976	3263
26977	3244
26978	3263
26979	3263
26980	3263
26981	3263
26982	3263
26983	3263
26984	3334
26985	3334
26986	3334
26987	3334
26988	3334
26989	3242
26990	3242
26991	3242
26992	3334
26993	3242
26994	3242
26995	3512
26996	3361
26997	3345
26998	3345
26999	3511
27000	3511
27001	3511
27002	3295
27003	3295
27004	3295
27005	3512
27006	3403
27007	3511
27008	3295
27009	3511
27010	3295
27011	3295
27012	3511
27013	3295
27014	3353
27015	3353
27016	3352
27017	3199
27018	3199
27019	3199
27020	3199
27021	3199
27022	3199
27023	3199
27024	2784
27025	2784
27026	2784
27027	2784
27028	3662
27029	3810
27030	3662
27031	3662
27032	3662
27033	3662
27034	3662
27035	3423
27036	3423
27037	3418
27038	3418
27039	3423
27040	3423
27041	3423
27042	3423
27043	3402
27044	3402
27045	3402
27046	3423
27047	3423
27048	3352
27049	3664
27050	3687
27051	3418
27052	3418
27053	3423
27054	3418
27055	3423
27056	3418
27057	3423
27058	3386
27059	3386
27060	3386
27061	3386
27062	3367
27063	3346
27064	3498
27065	3388
27066	3497
27067	3388
27068	3388
27069	3507
27070	3388
27071	3507
27072	3404
27073	3409
27074	3387
27075	3382
27076	3409
27077	3409
27078	3409
27079	3409
27080	3489
27081	3409
27082	3410
27083	3761
27084	3505
27085	3505
27086	3505
27087	3505
27088	3662
27089	3508
27090	3455
27091	3343
27092	3455
27093	3343
27094	3423
27095	3423
27096	3404
27097	3495
27098	3404
27099	3441
27100	3442
27101	3424
27102	3442
27103	3424
27104	3424
27105	3399
27106	3399
27107	3399
27108	3399
27109	3399
27110	3400
27111	3510
27112	3510
27113	3459
27114	3510
27115	3391
27116	3391
27117	3391
27118	3391
27119	3409
27120	3391
27121	3381
27122	3384
27123	3662
27124	3410
27125	3505
27126	3505
27127	3410
27128	3410
27129	3810
27130	3477
27131	3596
27132	3341
27133	3342
27134	3375
27135	3358
27136	3358
27137	3358
27138	3358
27139	3596
27140	3442
27141	3423
27142	3375
27143	3358
27144	3375
27145	3375
27146	3342
27147	3477
27148	3477
27149	3342
27150	3413
27151	3413
27152	3478
27153	3478
27154	3674
27155	3674
27156	3662
27157	3341
27158	3341
27159	3477
27160	3358
27161	3358
27162	3477
27163	3341
27164	3478
27165	3437
27166	3413
27167	3478
27168	3478
27169	3442
27170	3442
27171	3402
27172	3442
27173	3420
27174	3420
27175	3420
27176	3399
27177	3448
27178	3402
27179	3402
27180	3420
27181	3369
27182	3369
27183	3369
27184	3420
27185	3420
27186	3420
27187	3402
27188	3402
27189	3356
27190	3444
27191	3356
27192	3437
27193	3614
27194	3596
27195	3421
27196	3596
27197	3596
27198	3596
27199	3596
27200	3414
27201	3608
27202	3395
27203	3395
27204	3602
27205	3395
27206	3673
27207	3673
27208	3687
27209	3687
27210	3664
27211	3664
27212	3596
27213	3596
27214	3596
27215	3358
27216	3358
27217	3358
27218	3435
27219	3375
27220	3358
27221	3478
27222	3509
27223	3509
27224	3510
27225	3510
27226	3487
27227	3487
27228	3487
27229	3487
27230	3381
27231	3381
27232	3507
27233	3352
27234	3352
27235	3482
27236	3482
27237	3687
27238	3664
27239	3414
27240	3370
27241	3419
27242	3419
27243	3352
27244	3352
27245	3418
27246	3418
27247	3419
27248	3419
27249	3369
27250	3369
27251	3356
27252	3375
27253	3375
27254	3375
27255	3478
27256	3478
27257	3413
27258	3421
27259	3608
27260	3488
27261	3608
27262	3414
27263	3413
27264	3349
27265	3349
27266	3674
27267	3349
27268	3761
27269	3662
27270	3681
27271	3681
27272	3664
27273	3664
27274	3469
27275	3440
27276	3664
27277	3664
27278	3673
27279	3673
27280	3674
27281	3673
27282	3674
27283	3674
27284	3674
27285	3674
27286	3673
27287	3674
27288	3674
27289	3674
27290	3674
27291	3507
27292	3497
27293	3494
27294	3494
27295	3494
27296	3387
27297	3347
27298	3347
27299	3482
27300	3365
27301	3534
27302	3509
27303	3810
27304	3681
27305	3505
27306	3410
27307	3370
27308	3352
27309	3362
27310	3362
27311	3482
27312	3501
27313	3501
27314	3510
27315	3510
27316	3509
27317	3509
27318	3481
27319	3501
27320	3481
27321	3501
27322	3415
27323	3419
27324	3501
27325	3369
27326	3370
27327	3419
27328	3356
27329	3376
27330	3419
27331	3375
27332	3596
27333	3505
27334	3505
27335	3411
27336	3384
27337	3411
27338	3743
27339	3681
27340	3384
27341	3381
27342	3509
27343	3381
27344	3478
27345	3435
27346	3487
27347	3478
27348	3381
27349	3358
27350	3596
27351	3404
27352	3404
27353	3470
27354	3662
27355	3662
27356	3431
27357	3400
27358	3681
27359	3664
27360	3687
27361	3673
27362	3674
27363	3674
27364	3610
27365	3610
27366	3437
27367	3488
27368	3414
27369	3414
27370	3488
27371	3423
27372	3352
27373	3367
27374	3386
27375	3347
27376	3356
27377	3419
27378	3370
27379	3369
27380	3419
27381	3419
27382	3418
27383	3358
27384	3510
27385	3501
27386	3481
27387	3386
27388	3423
27389	3386
27390	3386
27391	3423
27392	3410
27393	3409
27394	3387
27395	3388
27396	3388
27397	3347
27398	3494
27399	3494
27400	3352
27401	3423
27402	3418
27403	3419
27404	3419
27405	3419
27406	3419
27407	3369
27408	3369
27409	3376
27410	3376
27411	3358
27412	3596
27413	3596
27414	3435
27415	3415
27416	3435
27417	3415
27418	3510
27419	3510
27420	3501
27421	3501
27422	3481
27423	3481
27424	3386
27425	3386
27426	3386
27427	3362
27428	3362
27429	3362
27430	3478
27431	3487
27432	3347
27433	3347
27434	3386
27435	3386
27436	3367
27437	3367
27438	3482
27439	3482
27440	3501
27441	3510
27442	3510
27443	3510
27444	3509
27445	3509
27446	3384
27447	3384
27448	3381
27449	3381
27450	3494
27451	3387
27452	3387
27453	3409
27454	3409
27455	3391
27456	3391
27457	3505
27458	3505
27459	3404
27460	3343
27461	3343
27462	3474
27463	3404
27464	3343
27465	3343
27466	3474
27467	3404
27468	3508
27469	3507
27470	3496
27471	3388
27472	3423
27473	3423
27474	3444
27475	3419
27476	3423
27477	3419
27478	3418
27479	3418
27480	3423
27481	3423
27482	3423
27483	3510
27484	3501
27485	3481
27486	3358
27487	3376
27488	3356
27489	3418
27490	3423
27491	3386
27492	3362
27493	3510
27494	3482
27495	3367
27496	3386
27497	3347
27498	3505
27499	3494
27500	3497
27501	3346
27502	3347
27503	3497
27504	3347
27505	3346
27506	3494
27507	3497
27508	3346
27509	3347
27510	3409
27511	3387
27512	3409
27513	3387
27514	3482
27515	3498
27516	3388
27517	3507
27518	3497
27519	3388
27520	3388
27521	3388
27522	3507
27523	3407
27524	3507
27525	3388
27526	3507
27527	3507
27528	3496
27529	3388
27530	3404
27531	3386
27532	3386
27533	3507
27534	3474
27535	3404
27536	3508
27537	3474
27538	3343
27539	3508
27540	3343
27541	3343
27542	3474
27543	3687
27544	3596
27545	3358
27546	3358
27547	3358
27548	3358
27549	3596
27550	3596
27551	3596
27552	3596
27553	3488
27554	3375
27555	3358
27556	3358
27557	3369
27558	3369
27559	3375
27560	3375
27561	3439
27562	3381
27563	3381
27564	3381
27565	3381
27566	3662
27567	3439
27568	3674
27569	3674
27570	3674
27571	3674
27572	3674
27573	3349
27574	3674
27575	3349
27576	3674
27577	3674
27578	3674
27579	3349
27580	3349
27581	3674
27582	3674
27583	3674
27584	3674
27585	3478
27586	3413
27587	3413
27588	3413
27589	3478
27590	3478
27591	3478
27592	3478
27593	3478
27594	3439
27595	3687
27596	3687
27597	3687
27598	3664
27599	3664
27600	3687
27601	3687
27602	3687
27603	3687
27604	3687
27605	3673
27606	3673
27607	3687
27608	3687
27609	3687
27610	3687
27611	3664
27612	3681
27613	3681
27614	3664
27615	3664
27616	3673
27617	3687
27618	3673
27619	3664
27620	3673
27621	3673
27622	3673
27623	3673
27624	3679
27625	3673
27626	3674
27627	3673
27628	3674
27629	3674
27630	3664
27631	3679
27632	3674
27633	3674
27634	3674
27635	3674
27636	3674
27637	3437
27638	3674
27639	3437
27640	3674
27641	3674
27642	3674
27643	3399
27644	3399
27645	3399
27646	3413
27647	3413
27648	3413
27649	3413
27650	3674
27651	3478
27652	3664
27653	3664
27654	3810
27655	3681
27656	3409
27657	3409
27658	3409
27659	3409
27660	3409
27661	3761
27662	3410
27663	3410
27664	3410
27665	3409
27666	3409
27667	3409
27668	3409
27669	3662
27670	3440
27671	3662
27672	3662
27673	3440
27674	3662
27675	3662
27676	3662
27677	3423
27678	3354
27679	3352
27680	3352
27681	3352
27682	3418
27683	3418
27684	3423
27685	3674
27686	3414
27687	3602
27688	3488
27689	3414
27690	3414
27691	3488
27692	3687
27693	3687
27694	3687
27695	3687
27696	3673
27697	3673
27698	3673
27699	3674
27700	3674
27701	3674
27702	3675
27703	3674
27704	3674
27705	3610
27706	3610
27707	3674
27708	3674
27709	3674
27710	3395
27711	3395
27712	3674
27713	3608
27714	3608
27715	3602
27716	3608
27717	3414
27718	3414
27719	3414
27720	3414
27721	3596
27722	3421
27723	3596
27724	3596
27725	3596
27726	3596
27727	3596
27728	3596
27729	3596
27730	3596
27731	3596
27732	3681
27733	3664
27734	3664
27735	3664
27736	3664
27737	3664
27738	3349
27739	3610
27740	3610
27741	3610
27742	3610
27743	3610
27744	3596
27745	3596
27746	3596
27747	3596
27748	3596
27749	3596
27750	3596
27751	3596
27752	3596
27753	3596
27754	3596
27755	3596
27756	3596
27757	3596
27758	3596
27759	3596
27760	3608
27761	3410
27762	3410
27763	3810
27764	3505
27765	3410
27766	3410
27767	3810
27768	3381
27769	3381
27770	3381
27771	3381
27772	3381
27773	3381
27774	3381
27775	3487
27776	3381
27777	3381
27778	3381
27779	3381
27780	3381
27781	3487
27782	3509
27783	3509
27784	3478
27785	3478
27786	3478
27787	3478
27788	3487
27789	3478
27790	3478
27791	3478
27792	3487
27793	3487
27794	3413
27795	3487
27796	3487
27797	3487
27798	3413
27799	3487
27800	3487
27801	3413
27802	3413
27803	3413
27804	3487
27805	3487
27806	3487
27807	3435
27808	3435
27809	3435
27810	3478
27811	3478
27812	3478
27813	3421
27814	3478
27815	3596
27816	3596
27817	3435
27818	3608
27819	3437
27820	3381
27821	3381
27822	3437
27823	3437
27824	3437
27825	3488
27826	3488
27827	3487
27828	3487
27829	3487
27830	3487
27831	3487
27832	3381
27833	3381
27834	3381
27835	3384
27836	3384
27837	3384
27838	3384
27839	3381
27840	3381
27841	3509
27842	3391
27843	3384
27844	3384
27845	3439
27846	3384
27847	3411
27848	3439
27849	3439
27850	3743
27851	3439
27852	3384
27853	3411
27854	3384
27855	3384
27856	3391
27857	3391
27858	3391
27859	3681
27860	3681
27861	3411
27862	3746
27863	3746
27864	3743
27865	3384
27866	3411
27867	3411
27868	3391
27869	3391
27870	3391
27871	3505
27872	3411
27873	3746
27874	3411
27875	3746
27876	3410
27877	3505
27878	3505
27879	3391
27880	3505
27881	3505
27882	3505
27883	3505
27884	3505
27885	3810
27886	3505
27887	3488
27888	3608
27889	3608
27890	3596
27891	3608
27892	3608
27893	3414
27894	3596
27895	3596
27896	3414
27897	3375
27898	3358
27899	3375
27900	3375
27901	3375
27902	3356
27903	3375
27904	3375
27905	3375
27906	3356
27907	3419
27908	3419
27909	3356
27910	3356
27911	3419
27912	3419
27913	3418
27914	3370
27915	3419
27916	3419
27917	3356
27918	3375
27919	3375
27920	3419
27921	3356
27922	3418
27923	3370
27924	3419
27925	3418
27926	3418
27927	3370
27928	3418
27929	3352
27930	3352
27931	3352
27932	3418
27933	3423
27934	3370
27935	3370
27936	3418
27937	3505
27938	3810
27939	3662
27940	3662
27941	3433
27942	3810
27943	3809
27944	3505
27945	3410
27946	3505
27947	3505
27948	3505
27949	3761
27950	3761
27951	3505
27952	3505
27953	3505
27954	3761
27955	3810
27956	3810
27957	3761
27958	3505
27959	3505
27960	3505
27961	3662
27962	3662
27963	3662
27964	3662
27965	3505
27966	3505
27967	3662
27968	3681
27969	3681
27970	3681
27971	3664
27972	3664
27973	3664
27974	3664
27975	3810
27976	3810
27977	3410
27978	3409
27979	3409
27980	3378
27981	3378
27982	3673
27983	3674
27984	3674
27985	3674
27986	3395
27987	3395
27988	3674
27989	3395
27990	3395
27991	3395
27992	3395
27993	3395
27994	3349
27995	3414
27996	3414
27997	3395
27998	3395
27999	3414
28000	3414
28001	3414
28002	3488
28003	3488
28004	3488
28005	3414
28006	3414
28007	3488
28008	3608
28009	3602
28010	3488
28011	3488
28012	3400
28013	3400
28014	3399
28015	3399
28016	3420
28017	3420
28018	3399
28019	3399
28020	3442
28021	3442
28022	3402
28023	3402
28024	3399
28025	3399
28026	3442
28027	3442
28028	3442
28029	3442
28030	3424
28031	3424
28032	3442
28033	3442
28034	3442
28035	3442
28036	3424
28037	3442
28038	3442
28039	3442
28040	3343
28041	3343
28042	3423
28043	3423
28044	3343
28045	3343
28046	3343
28047	3404
28048	3474
28049	3673
28050	3673
28051	3674
28052	3673
28053	3674
28054	3674
28055	3674
28056	3673
28057	3673
28058	3674
28059	3673
28060	3673
28061	3674
28062	3477
28063	3431
28064	3431
28065	3400
28066	3431
28067	3470
28068	3431
28069	3673
28070	3673
28071	3662
28072	3662
28073	3662
28074	3673
28075	3673
28076	3673
28077	3687
28078	3687
28079	3664
28080	3687
28081	3687
28082	3687
28083	3687
28084	3664
28085	3664
28086	3664
28087	3664
28088	3664
28089	3681
28090	3681
28091	3662
28092	3761
28093	3662
28094	3440
28095	3469
28096	3470
28097	3470
28098	3440
28099	3664
28100	3664
28101	3664
28102	3664
28103	3681
28104	3662
28105	3662
28106	3662
28107	3662
28108	3662
28109	3662
28110	3662
28111	3662
28112	3505
28113	3413
28114	3413
28115	3349
28116	3413
28117	3413
28118	3488
28119	3478
28120	3478
28121	3499
28122	3413
28123	3478
28124	3421
28125	3478
28126	3421
28127	3478
28128	3608
28129	3596
28130	3421
28131	3421
28132	3608
28133	3349
28134	3488
28135	3499
28136	3608
28137	3602
28138	3602
28139	3608
28140	3608
28141	3342
28142	3342
28143	3421
28144	3341
28145	3477
28146	3477
28147	3477
28148	3477
28149	3358
28150	3358
28151	3358
28152	3596
28153	3596
28154	3596
28155	3596
28156	3358
28157	3477
28158	3375
28159	3375
28160	3358
28161	3358
28162	3596
28163	3596
28164	3358
28165	3375
28166	3478
28167	3478
28168	3413
28169	3341
28170	3341
28171	3369
28172	3375
28173	3358
28174	3358
28175	3369
28176	3369
28177	3444
28178	3369
28179	3356
28180	3369
28181	3375
28182	3375
28183	3375
28184	3375
28185	3419
28186	3356
28187	3369
28188	3369
28189	3369
28190	3375
28191	3369
28192	3369
28193	3369
28194	3369
28195	3369
28196	3419
28197	3419
28198	3356
28199	3370
28200	3419
28201	3419
28202	3370
28203	3419
28204	3369
28205	3419
28206	3419
28207	3369
28208	3420
28209	3420
28210	3402
28211	3402
28212	3420
28213	3420
28214	3402
28215	3402
28216	3419
28217	3402
28218	3402
28219	3402
28220	3402
28221	3402
28222	3423
28223	3423
28224	3370
28225	3402
28226	3402
28227	3370
28228	3418
28229	3370
28230	3418
28231	3352
28232	3352
28233	3418
28234	3418
28235	3352
28236	3423
28237	3423
28238	3370
28239	3414
28240	3414
28241	3687
28242	3596
28243	3358
28244	3352
28245	3352
28246	3423
28247	3423
28248	3423
28249	3423
28250	3423
28251	3423
28252	3423
28253	3413
28254	3487
28255	3487
28256	3478
28257	3596
28258	3596
28259	3375
28260	3358
28261	3664
28262	3664
28263	3687
28264	3673
28265	3602
28266	3608
28267	3395
28268	3395
28269	3395
28270	3414
28271	3414
28272	3596
28273	3596
28274	3358
28275	3369
28276	3420
28277	3369
28278	3420
28279	3477
28280	3477
28281	3477
28282	3358
28283	3358
28284	3358
28285	3375
28286	3341
28287	3341
28288	3341
28289	3413
28290	3478
28291	3478
28292	3478
28293	3342
28294	3413
28295	3402
28296	3342
28297	3342
28298	3477
28299	3358
28300	3358
28301	3358
28302	3358
28303	3477
28304	3477
28305	3342
28306	3477
28307	3477
28308	3448
28309	3413
28310	3478
28311	3662
28312	3478
28313	3413
28314	3341
28315	3477
28316	3342
28317	3478
28318	3477
28319	3341
28320	3420
28321	3420
28322	3420
28323	3420
28324	3402
28325	3420
28326	3420
28327	3402
28328	3442
28329	3402
28330	3402
28331	3442
28332	3442
28333	3402
28334	3423
28335	3423
28336	3341
28337	3341
28338	3375
28339	3358
28340	3413
28341	3674
28342	3448
28343	3420
28344	3420
28345	3402
28346	3442
28347	3423
28348	3478
28349	3341
28350	3478
28351	3413
28352	3477
28353	3477
28354	3477
28355	3342
28356	3423
28357	3423
28358	3423
28359	3477
28360	3477
28361	3358
28362	3505
28363	3810
28364	3810
28365	3439
28366	3391
28367	3400
28368	3399
28369	3399
28370	3399
28371	3399
28372	3399
28373	3399
28374	3424
28375	3399
28376	3424
28377	3424
28378	3424
28379	3424
28380	3442
28381	3424
28382	3424
28383	3442
28384	3441
28385	3404
28386	3404
28387	3343
28388	3447
28389	3343
28390	3455
28391	3662
28392	3505
28393	3505
28394	3761
28395	3410
28396	3409
28397	3409
28398	3409
28399	3418
28400	3418
28401	3687
28402	3402
28403	3402
28404	3402
28405	3423
28406	3423
28407	3423
28408	3378
28409	3468
28410	3662
28411	3662
28412	3662
28413	3470
28414	3399
28415	3431
28416	3673
28417	3687
28418	3664
28419	3664
28420	3681
28421	3681
28422	3674
28423	3674
28424	3674
28425	3610
28426	3610
28427	3488
28428	3610
28429	3499
28430	3488
28431	3414
28432	3414
28433	3488
28434	3478
28435	3664
28436	3664
28437	3410
28438	3505
28439	3761
28440	3424
28441	3424
28442	3404
28443	3424
28444	3399
28445	3399
28446	3662
28447	3662
28448	3662
28449	3410
28450	3410
28451	3358
28452	3509
28453	3509
28454	3381
28455	3381
28456	3410
28457	3410
28458	3505
28459	3505
28460	3505
28461	3352
28462	3352
28463	3358
28464	3358
28465	3358
28466	3435
28467	3435
28468	3509
28469	3509
28470	3358
28471	3358
28472	3358
28473	3358
28474	3435
28475	3435
28476	3375
28477	3376
28478	3358
28479	3358
28480	3415
28481	3415
28482	3383
28483	3409
28484	3409
28485	3383
28486	3383
28487	3383
28488	3385
28489	3415
28490	3415
28491	3375
28492	3409
28493	3376
28494	3375
28495	3415
28496	3415
28497	3383
28498	3383
28499	3385
28500	3409
28501	3409
28502	3409
28503	3423
28504	3423
28505	3423
28506	3423
28507	3423
28508	3418
28509	3418
28510	3418
28511	3423
28512	3423
28513	3370
28514	3418
28515	3370
28516	3352
28517	3423
28518	3423
28519	3423
28520	3505
28521	3487
28522	3435
28523	3478
28524	3381
28525	3431
28526	3478
28527	3431
28528	3431
28529	3478
28530	3478
28531	3478
28532	3478
28533	3341
28534	3431
28535	3478
28536	3478
28537	3662
28538	3755
28539	3400
28540	3448
28541	3399
28542	3431
28543	3662
28544	3381
28545	3478
28546	3448
28547	3341
28548	3487
28549	3478
28550	3440
28551	3440
28552	3470
28553	3487
28554	3431
28555	3431
28556	3662
28557	3381
28558	3470
28559	3413
28560	3437
28561	3356
28562	3356
28563	3369
28564	3420
28565	3369
28566	3420
28567	3423
28568	3420
28569	3420
28570	3420
28571	3402
28572	3402
28573	3402
28574	3423
28575	3423
28576	3400
28577	3400
28578	3664
28579	3681
28580	3509
28581	3383
28582	3509
28583	3509
28584	3445
28585	3352
28586	3352
28587	3352
28588	3352
28589	3352
28590	3447
28591	3447
28592	3447
28593	3447
28594	3447
28595	3447
28596	3443
28597	3352
28598	3352
28599	3447
28600	3352
28601	3352
28602	3352
28603	3352
28604	3352
28605	3345
28606	3508
28607	3508
28608	3445
28609	3455
28610	3455
28611	3443
28612	3443
28613	3443
28614	3345
28615	3445
28616	3455
28617	3445
28618	3508
28619	3508
28620	3508
28621	3445
28622	3445
28623	3363
28624	3363
28625	3363
28626	3447
28627	3363
28628	3363
28629	3363
28630	3363
28631	3345
28632	3345
28633	3387
28634	3406
28635	3406
28636	3378
28637	3409
28638	3409
28639	3378
28640	3378
28641	3400
28642	3505
28643	3810
28644	3761
28645	3810
28646	3810
28647	3505
28648	3505
28649	3409
28650	3427
28651	3427
28652	3427
28653	3506
28654	3446
28655	3446
28656	3467
28657	3467
28658	3807
28659	3807
28660	3807
28661	3807
28662	3408
28663	3406
28664	3407
28665	3761
28666	3378
28667	3432
28668	3396
28669	3446
28670	3446
28671	3495
28672	3495
28673	3424
28674	3424
28675	3506
28676	3396
28677	3432
28678	3408
28679	3424
28680	3427
28681	3506
28682	3753
28683	3761
28684	3406
28685	3408
28686	3378
28687	3378
28688	3377
28689	3378
28690	3446
28691	3446
28692	3490
28693	3377
28694	3407
28695	3407
28696	3424
28697	3424
28698	3506
28699	3408
28700	3408
28701	3408
28702	3406
28703	3387
28704	3378
28705	3398
28706	3399
28707	3399
28708	3400
28709	3497
28710	3495
28711	3407
28712	3408
28713	3408
28714	3427
28715	3446
28716	3495
28717	3407
28718	3408
28719	3408
28720	3408
28721	3446
28722	3495
28723	3407
28724	3408
28725	3408
28726	3427
28727	3446
28728	3407
28729	3407
28730	3408
28731	3408
28732	3406
28733	3490
28734	3407
28735	3407
28736	3408
28737	3408
28738	3406
28739	3490
28740	3407
28741	3407
28742	3408
28743	3408
28744	3406
28745	3377
28746	3446
28747	3446
28748	3446
28749	3377
28750	3377
28751	3377
28752	3407
28753	3407
28754	3408
28755	3408
28756	3495
28757	3407
28758	3408
28759	3408
28760	3408
28761	3490
28762	3446
28763	3378
28764	3409
28765	3378
28766	3378
28767	3406
28768	3387
28769	3378
28770	3387
28771	3378
28772	3432
28773	3400
28774	3378
28775	3378
28776	3409
28777	3409
28778	3378
28779	3387
28780	3406
28781	3406
28782	3446
28783	3378
28784	3378
28785	3378
28786	3378
28787	3378
28788	3378
28789	3409
28790	3409
28791	3378
28792	3378
28793	3378
28794	3378
28795	3378
28796	3378
28797	3378
28798	3378
28799	3378
28800	3409
28801	3409
28802	3377
28803	3377
28804	3377
28805	3446
28806	3446
28807	3446
28808	3446
28809	3446
28810	3446
28811	3446
28812	3446
28813	3446
28814	3446
28815	3467
28816	3446
28817	3427
28818	3506
28819	3427
28820	3446
28821	3446
28822	3808
28823	3387
28824	3490
28825	3378
28826	3409
28827	3409
28828	3409
28829	3761
28830	3761
28831	3810
28832	3810
28833	3761
28834	3810
28835	3761
28836	3810
28837	3761
28838	3810
28839	3761
28840	3807
28841	3807
28842	3807
28843	3761
28844	3807
28845	3406
28846	3406
28847	3761
28848	3761
28849	3807
28850	3469
28851	3400
28852	3469
28853	3761
28854	3807
28855	3432
28856	3432
28857	3432
28858	3432
28859	3467
28860	3506
28861	3506
28862	3506
28863	3506
28864	3467
28865	3467
28866	3467
28867	3427
28868	3506
28869	3506
28870	3506
28871	3446
28872	3506
28873	3427
28874	3424
28875	3427
28876	3427
28877	3469
28878	3432
28879	3432
28880	3396
28881	3396
28882	3399
28883	3396
28884	3506
28885	3399
28886	3506
28887	3432
28888	3506
28889	3506
28890	3506
28891	3427
28892	3424
28893	3424
28894	3424
28895	3424
28896	3424
28897	3399
28898	3399
28899	3399
28900	3399
28901	3398
28902	3399
28903	3424
28904	3424
28905	3424
28906	3424
28907	3446
28908	3446
28909	3810
28910	3807
28911	3807
28912	3807
28913	3810
28914	3505
28915	3810
28916	3810
28917	3807
28918	3467
28919	3446
28920	3467
28921	3807
28922	3807
28923	3761
28924	3807
28925	3808
28926	3810
28927	3807
28928	3807
28929	3467
28930	3506
28931	3427
28932	3409
28933	3505
28934	3810
28935	3810
28936	3424
28937	3424
28938	3406
28939	3406
28940	3810
28941	3446
28942	3446
28943	3446
28944	3446
28945	3446
28946	3377
28947	3377
28948	3446
28949	3377
28950	3446
28951	3446
28952	3378
28953	3377
28954	3427
28955	3427
28956	3427
28957	3490
28958	3427
28959	3406
28960	3490
28961	3490
28962	3406
28963	3446
28964	3409
28965	3807
28966	3820
28967	3819
28968	3810
28969	3810
28970	3819
28971	3810
28972	3810
28973	3810
28974	3807
28975	3467
28976	3820
28977	3810
28978	3409
28979	3810
28980	3409
28981	3409
28982	3378
28983	3409
28984	3446
28985	3446
28986	3378
28987	3807
28988	3472
28989	3465
28990	3489
28991	3810
28992	3819
28993	3465
28994	3807
28995	3465
28996	3467
28997	3446
28998	3812
28999	3465
29000	3465
29001	3465
29002	3377
29003	3465
29004	3818
29005	3818
29006	3818
29007	3818
29008	3812
29009	3818
29010	3810
29011	3819
29012	3810
29013	3819
29014	3810
29015	3819
29016	3812
29017	3819
29018	3812
29019	3819
29020	3810
29021	3819
29022	3810
29023	3465
29024	3829
29025	3829
29026	3829
29027	3819
29028	3818
29029	3829
29030	3829
29031	3829
29032	3830
29033	3830
29034	3829
29035	3830
29036	3830
29037	3818
29038	3829
29039	3829
29040	3829
29041	3465
29042	3818
29043	3829
29044	3465
29045	3383
29046	3465
29047	3465
29048	3465
29049	3465
29050	3465
29051	3446
29052	3807
29053	3807
29054	3446
29055	3465
29056	3409
29057	3409
29058	3409
29059	3409
29060	3409
29061	3409
29062	3409
29063	3378
29064	3807
29065	3378
29066	3409
29067	3465
29068	3465
29069	3465
29070	3409
29071	3378
29072	3378
29073	3465
29074	3465
29075	3465
29076	3378
29077	3446
29078	3465
29079	3465
29080	3465
29081	3465
29082	3446
29083	3465
29084	3465
29085	3465
29086	3446
29087	3465
29088	3465
29089	3807
29090	3465
29091	3812
29092	3465
29093	3467
29094	3807
29095	3807
29096	3807
29097	3807
29098	3807
29099	3807
29100	3807
29101	3810
29102	3820
29103	3810
29104	3810
29105	3810
29106	3810
29107	3810
29108	3810
29109	3810
29110	3819
29111	3810
29112	3819
29113	3819
29114	3819
29115	3819
29116	3819
29117	3819
29118	3810
29119	3810
29120	3810
29121	3810
29122	3808
29123	3810
29124	3810
29125	3808
29126	3409
29127	3820
29128	3810
29129	3810
29130	3810
29131	3472
29132	3465
29133	3378
29134	3378
29135	3807
29136	3807
29137	3810
29138	3820
29139	3810
29140	3807
29141	3807
29142	3810
29143	3819
29144	3819
29145	3810
29146	3819
29147	3830
29148	3830
29149	3830
29150	3829
29151	3829
29152	3829
29153	3829
29154	3829
29155	3829
29156	3829
29157	3829
29158	3829
29159	3829
29160	3829
29161	3829
29162	3829
29163	3829
29164	3829
29165	3829
29166	3829
29167	3819
29168	3819
29169	3819
29170	3818
29171	3818
29172	3829
29173	3829
29174	3818
29175	3818
29176	3829
29177	3829
29178	3819
29179	3829
29180	3829
29181	3829
29182	3818
29183	3829
29184	3829
29185	3829
29186	3818
29187	3819
29188	3818
29189	3831
29190	3818
29191	3819
29192	3819
29193	3812
29194	3819
29195	3818
29196	3818
29197	3817
29198	3812
29199	3812
29200	3812
29201	3820
29202	3465
29203	3465
29204	3830
29205	3830
29206	3830
29207	3818
29208	3831
29209	3831
29210	3818
29211	3818
29212	3812
29213	3818
29214	3465
29215	3465
29216	3812
29217	3465
29218	3465
29219	3818
29220	3829
29221	3829
29222	3830
29223	3818
29224	3818
29225	3819
29226	3819
29227	3819
29228	3818
29229	3810
29230	3810
29231	3810
29232	3810
29233	3818
29234	3829
29235	3810
29236	3819
29237	3819
29238	3810
29239	3810
29240	3810
29241	3829
29242	3829
29243	3819
29244	3810
29245	3810
29246	3830
29247	3830
29248	3830
29249	3831
29250	3831
29251	3831
29252	3811
29253	3818
29254	3812
29255	3812
29256	3812
29257	3830
29258	3830
29259	3818
29260	3818
29261	3818
29262	3812
29263	3812
29264	3830
29265	3819
29266	3818
29267	3812
29268	3829
29269	3829
29270	3819
29271	3810
29272	3829
29273	3819
29274	3810
29275	3819
29276	3810
29277	3829
29278	3810
29279	3812
29280	3812
29281	3810
29282	3810
29283	3819
29284	3818
29285	3818
29286	3829
29287	3830
29288	3829
29289	3830
29290	3829
29291	3829
29292	3829
29293	3829
29294	3829
29295	3829
29296	3829
29297	3830
29298	3852
29299	3858
29300	3858
29301	3852
29302	3846
29303	3858
29304	3858
29305	3846
29306	3858
29307	3858
29308	3846
29309	3846
29310	3858
29311	3858
29312	3846
29313	3846
29314	3857
29315	3857
29316	3857
29317	3857
29318	3846
29319	3846
29320	3846
29321	3858
29322	3852
29323	3852
29324	3852
29325	3852
29326	3852
29327	3822
29328	3852
29329	3822
29330	3852
29331	3852
29332	3846
29333	3857
29334	3857
29335	3846
29336	3852
29337	3834
29338	3834
29339	3834
29340	3822
29341	3834
29342	3852
29343	3834
29344	3834
29345	3846
29346	3857
29347	3852
29348	3852
29349	3858
29350	3852
29351	3846
29352	3849
29353	3852
29354	3852
29355	3834
29356	3834
29357	3834
29358	3829
29359	3829
29360	3834
29361	3829
29362	3829
29363	3834
29364	3829
29365	3834
29366	3834
29367	3852
29368	3849
29369	3822
29370	3829
29371	3822
29372	3822
29373	3822
29374	3822
29375	3829
29376	3852
29377	3849
29378	3855
29379	3829
29380	3852
29381	3846
29382	3857
29383	3829
29384	3834
29385	3834
29386	3855
29387	3822
29388	3834
29389	3834
29390	3834
29391	3852
29392	3834
29393	3852
29394	3852
29395	3852
29396	3834
29397	3834
29398	3846
29399	3846
29400	3846
29401	3852
29402	3822
29403	3822
29404	3822
29405	3822
29406	3852
29407	3822
29408	3822
29409	3846
29410	3846
29411	3858
29412	3834
29413	3834
29414	3834
29415	3834
29416	3846
29417	3846
29418	3857
29419	3857
29420	3846
29421	3858
29422	3858
29423	3858
29424	3858
29425	3846
29426	3852
29427	3852
29428	3852
29429	3830
29430	3829
29431	3829
29432	3829
29433	3829
29434	3829
29435	3829
29436	3829
29437	3829
29438	3829
29439	3829
29440	3829
29441	3829
29442	3830
29443	3830
29444	3830
29445	3830
29446	3829
29447	3829
29448	3829
29449	3829
29450	3829
29451	3829
29452	3852
29453	3852
29454	3852
29455	3852
29456	3858
29457	3858
29458	3846
29459	3846
29460	3846
29461	3846
29462	3846
29463	3846
29464	3846
29465	3846
29466	3846
29467	3846
29468	3857
29469	3857
29470	3846
29471	3846
29472	3846
29473	3846
29474	3846
29475	3858
29476	3858
29477	3846
29478	3846
29479	3852
29480	3852
29481	3852
29482	3852
29483	3852
29484	3852
29485	3852
29486	3834
29487	3834
29488	3834
29489	3822
29490	3822
29491	3822
29492	3834
29493	3852
29494	3834
29495	3834
29496	3834
29497	3834
29498	3834
29499	3852
29500	3834
29501	3834
29502	3834
29503	3834
29504	3852
29505	3834
29506	3852
29507	3852
29508	3852
29509	3852
29510	3846
29511	3846
29512	3846
29513	3846
29514	3846
29515	3846
29516	3846
29517	3846
29518	3846
29519	3846
29520	3846
29521	3858
29522	3858
29523	3858
29524	3858
29525	3858
29526	3852
29527	3852
29528	3858
29529	3846
29530	3846
29531	3852
29532	3852
29533	3834
29534	3834
29535	3852
29536	3852
29537	3852
29538	3852
29539	3858
29540	3852
29541	3852
29542	3852
29543	3852
29544	3852
29545	3852
29546	3858
29547	3858
29548	3858
29549	3852
29550	3858
29551	3858
29552	3858
29553	3852
29554	3852
29555	3858
29556	3834
29557	3834
29558	3834
29559	3834
29560	3834
29561	3834
29562	3834
29563	3834
29564	3834
29565	3834
29566	3822
29567	3822
29568	3822
29569	3822
29570	3834
29571	3834
29572	3834
29573	3834
29574	3858
29575	3858
29576	3846
29577	3846
29578	3858
29579	3857
29580	3858
29581	3858
29582	3829
29583	3834
29584	3834
29585	3852
29586	3846
29587	3858
29588	3852
29589	3852
29590	3846
29591	3857
29592	3846
29593	3857
29594	3857
29595	3846
29596	3852
29597	3858
29598	3857
29599	3857
29600	3857
29601	3857
29602	3852
29603	3852
29604	3852
29605	3852
29606	3852
29607	3852
29608	3852
29609	3852
29610	3852
29611	3822
29612	3822
29613	3834
29614	3834
29615	3834
29616	3834
29617	3852
29618	3852
29619	3852
29620	3852
29621	3852
29622	3834
29623	3834
29624	3857
29625	3855
29626	3857
29627	3857
29628	3857
29629	3858
29630	3849
29631	3857
29632	3857
29633	3849
29634	3857
29635	3834
29636	3834
29637	3829
29638	3834
29639	3834
29640	3834
29641	3834
29642	3834
29643	3829
29644	3829
29645	3834
29646	3852
29647	3852
29648	3852
29649	3846
29650	3857
29651	3857
29652	3857
29653	3834
29654	3834
29655	3834
29656	3822
29657	3822
29658	3829
29659	3829
29660	3829
29661	3857
29662	3857
29663	3857
29664	3822
29665	3822
29666	3822
29667	3822
29668	3822
29669	3829
29670	3852
29671	3852
29672	3858
29673	3858
29674	3852
29675	3852
29676	3852
29677	3834
29678	3852
29679	3834
29680	3834
29681	3822
29682	3834
29683	3822
29684	3834
29685	3829
29686	3834
29687	3834
29688	3822
29689	3822
29690	3829
29691	3830
29692	3829
29693	3849
29694	3849
29695	3852
29696	3849
29697	3849
29698	3834
29699	3843
29700	3852
29701	3829
29702	3834
29703	3834
29704	3834
29705	3829
29706	3849
29707	3849
29708	3849
29709	3850
29710	3852
29711	3852
29712	3834
29713	3834
29714	3852
29715	3843
29716	3834
29717	3834
29718	3834
29719	3834
29720	3834
29721	3829
29722	3829
29723	3822
29724	3822
29725	3822
29726	3822
29727	3822
29728	3822
29729	3830
29730	3822
29731	3822
29732	3822
29733	3822
29734	3830
29735	3822
29736	3822
29737	3822
29738	3858
29739	3849
29740	3852
29741	3852
29742	3834
29743	3852
29744	3834
29745	3834
29746	3829
29747	3829
29748	3834
29749	3829
29750	3829
29751	3829
29752	3834
29753	3858
29754	3858
29755	3852
29756	3852
29757	3846
29758	3858
29759	3846
29760	3857
29761	3834
29762	3834
29763	3858
29764	3846
29765	3852
29766	3857
29767	3846
29768	3846
29769	3857
29770	3857
29771	3857
29772	3846
29773	3857
29774	3857
29775	3822
29776	3822
29777	3852
29778	3822
29779	3822
29780	3852
29781	3852
29782	3852
29783	3852
29784	3852
29785	3846
29786	3846
29787	3846
29788	3846
29789	3846
29790	3857
29791	3857
29792	3857
29793	3857
29794	3846
29795	3858
29796	3858
29797	3858
29798	3858
29799	3858
29800	3846
29801	3858
29802	3846
29803	3858
29804	3858
29805	3858
29806	3858
29807	3858
29808	3858
29809	3858
29810	3858
29811	3858
29812	3846
29813	3846
29814	3858
29815	3852
29816	3852
29817	3822
29818	3822
29819	3822
29820	3822
29821	3822
29822	3852
29823	3852
29824	3852
29825	3852
29826	3852
29827	3822
29828	3822
29829	3846
29830	3846
29831	3846
29832	3846
29833	3858
29834	3858
29835	3858
29836	3834
29837	3834
29838	3834
29839	3834
29840	3846
29841	3846
29842	3857
29843	3857
29844	3846
29845	3858
29846	3846
29847	3858
29848	3858
29849	3852
29850	3852
29851	3852
29852	3852
29853	3834
29854	3834
29855	3852
29856	3852
29857	3852
29858	3846
29859	3846
29860	3852
29861	3852
29862	3852
29863	3852
29864	3852
29865	3852
29866	3822
29867	3852
29868	3858
29869	3664
29870	3664
29871	3664
29872	3664
29873	3687
29874	3810
29875	3810
29876	3810
29877	3810
29878	3687
29879	3664
29880	3677
29881	3677
29882	3810
29883	3664
29884	3743
29885	3681
29886	3746
29887	3746
29888	3687
29889	3687
29890	3687
29891	3669
29892	3669
29893	3669
29894	3669
29895	3669
29896	3669
29897	3669
29898	3669
29899	3669
29900	3704
29901	3669
29902	3701
29903	3669
29904	3677
29905	3664
29906	3664
29907	3677
29908	3664
29909	3664
29910	3681
29911	3664
29912	3664
29913	3705
29914	3669
29915	3669
29916	3705
29917	3701
29918	3701
29919	3701
29920	3701
29921	3701
29922	3701
29923	3701
29924	3705
29925	3705
29926	3701
29927	3664
29928	3701
29929	3701
29930	3677
29931	3677
29932	3677
29933	3677
29934	3677
29935	3677
29936	3677
29937	3677
29938	3697
29939	3697
29940	3697
29941	3704
29942	3697
29943	3704
29944	3697
29945	3669
29946	3697
29947	3669
29948	3677
29949	3705
29950	3704
29951	3741
29952	3741
29953	3741
29954	3681
29955	3746
29956	3681
29957	3505
29958	3810
29959	3681
29960	3681
29961	3681
29962	3687
29963	3687
29964	3687
29965	3665
29966	3687
29967	3687
29968	3687
29969	3687
29970	3665
29971	3687
29972	3687
29973	3687
29974	3687
29975	3664
29976	3664
29977	3677
29978	3687
29979	3664
29980	3810
29981	3810
29982	3810
29983	3810
29984	3810
29985	3681
29986	3681
29987	3742
29988	3746
29989	3746
29990	3746
29991	3681
29992	3746
29993	3746
29994	3505
29995	3664
29996	3664
29997	3681
29998	3681
29999	3810
30000	3810
30001	3664
30002	3664
30003	3810
30004	3664
30005	3664
30006	3677
30007	3677
30008	3664
30009	3810
30010	3664
30011	3664
30012	3664
30013	3701
30014	3704
30015	3701
30016	3705
30017	3701
30018	3701
30019	3701
30020	3681
30021	3681
30022	3681
30023	3681
30024	3705
30025	3705
30026	3705
30027	3705
30028	3701
30029	3701
30030	3701
30031	3701
30032	3705
30033	3701
30034	3612
30035	3701
30036	3701
30037	3704
30038	3704
30039	3686
30040	3669
30041	3704
30042	3704
30043	3704
30044	3704
30045	3704
30046	3701
30047	3701
30048	3704
30049	3669
30050	3704
30051	3704
30052	3701
30053	3701
30054	3681
30055	3746
30056	3741
30057	3681
30058	3681
30059	3681
30060	3681
30061	3681
30062	3664
30063	3669
30064	3669
30065	3669
30066	3669
30067	3705
30068	3701
30069	3701
30070	3701
30071	3705
30072	3705
30073	3701
30074	3701
30075	3701
30076	3701
30077	3701
30078	3701
30079	3665
30080	3687
30081	3677
30082	3677
30083	3687
30084	3664
30085	3677
30086	3664
30087	3664
30088	3664
30089	3669
30090	3669
30091	3705
30092	3669
30093	3669
30094	3701
30095	3701
30096	3701
30097	3664
30098	3681
30099	3810
30100	3810
30101	3746
30102	3742
30103	3810
30104	3741
30105	3681
30106	3664
30107	3664
30108	3681
30109	3741
30110	3741
30111	3810
30112	3810
30113	3810
30114	3810
30115	3669
30116	3669
30117	3669
30118	3669
30119	3669
30120	3705
30121	3669
30122	3669
30123	3669
30124	3669
30125	3677
30126	3677
30127	3669
30128	3669
30129	3669
30130	3677
30131	3677
30132	3664
30133	3677
30134	3664
30135	3677
30136	3697
30137	3697
30138	3697
30139	3697
30140	3669
30141	3686
30142	3686
30143	3677
30144	3677
30145	3677
30146	3697
30147	3669
30148	3686
30149	3705
30150	3705
30151	3705
30152	3669
30153	3669
30154	3705
30155	3677
30156	3677
30157	3677
30158	3677
30159	3669
30160	3704
30161	3669
30162	3669
30163	3677
30164	3669
30165	3669
30166	3677
30167	3677
30168	3677
30169	3704
30170	3704
30171	3705
30172	3705
30173	3669
30174	3697
30175	3669
30176	3669
30177	3677
30178	3677
30179	3704
30180	3701
30181	3669
30182	3697
30183	3686
30184	3686
30185	3665
30186	3701
30187	3704
30188	3697
30189	3686
30190	3665
30191	3701
30192	3701
30193	3697
30194	3665
30195	3701
30196	3677
30197	3669
30198	3669
30199	3669
30200	3677
30201	3677
30202	3677
30203	3664
30204	3664
30205	3664
30206	3677
30207	3669
30208	3669
30209	3677
30210	3677
30211	3664
30212	3664
30213	3677
30214	3669
30215	3677
30216	3677
30217	3664
30218	3664
30219	3705
30220	3705
30221	3705
30222	3701
30223	3705
30224	3701
30225	3701
30226	3705
30227	3701
30228	3701
30229	3701
30230	3705
30231	3705
30232	3664
30233	3664
30234	3664
30235	3669
30236	3669
30237	3669
30238	3669
30239	3669
30240	3687
30241	3664
30242	3669
30243	3704
30244	3701
30245	3705
30246	3705
30247	3705
30248	3705
30249	3705
30250	3701
30251	3701
30252	3701
30253	3701
30254	3705
30255	3701
30256	3701
30257	3705
30258	3691
30259	3711
30260	3711
30261	3691
30262	3712
30263	3726
30264	3691
30265	3716
30266	3716
30267	3691
30268	3716
30269	3716
30270	3716
30271	3691
30272	3711
30273	3691
30274	3691
30275	3711
30276	3691
30277	3716
30278	3691
30279	3716
30280	3691
30281	3713
30282	3713
30283	3715
30284	3713
30285	3713
30286	3726
30287	3690
30288	3705
30289	3705
30290	3705
30291	3705
30292	3705
30293	3705
30294	3713
30295	3715
30296	3705
30297	3705
30298	3701
30299	3701
30300	3705
30301	3705
30302	3701
30303	3701
30304	3701
30305	3701
30306	3701
30307	3701
30308	3705
30309	3705
30310	3701
30311	3701
30312	3701
30313	3701
30314	3705
30315	3705
30316	3705
30317	3705
30318	3705
30319	3705
30320	3705
30321	3705
30322	3701
30323	3701
30324	3701
30325	3705
30326	3705
30327	3726
30328	3690
30329	3726
30330	3726
30331	3726
30332	3726
30333	3726
30334	3726
30335	3726
30336	3726
30337	3726
30338	3690
30339	3726
30340	3690
30341	3726
30342	3705
30343	3705
30344	3705
30345	3705
30346	3691
30347	3716
30348	3691
30349	3691
30350	3691
30351	3715
30352	3691
30353	3691
30354	3716
30355	3716
30356	3716
30357	3690
30358	3690
30359	3716
30360	3701
30361	3701
30362	3716
30363	3716
30364	3691
30365	3716
30366	3691
30367	3691
30368	3691
30369	3713
30370	3701
30371	3691
30372	3691
30373	3691
30374	3691
30375	3691
30376	3705
30377	3705
30378	3711
30379	3691
30380	3711
30381	3711
30382	3711
30383	3711
30384	3691
30385	3691
30386	3691
30387	3691
30388	3711
30389	3712
30390	3691
30391	3705
30392	3691
30393	3691
30394	3711
30395	3711
30396	3691
30397	3711
30398	3711
30399	3711
30400	3691
30401	3691
30402	3705
30403	3705
30404	3690
30405	3690
30406	3712
30407	3705
30408	3691
30409	3691
30410	3691
30411	3705
30412	3716
30413	3716
30414	3690
30415	3701
30416	3713
30417	3716
30418	3716
30419	3726
30420	3726
30421	3691
30422	3713
30423	3691
30424	3691
30425	3716
30426	3691
30427	3701
30428	3726
30429	3716
30430	3716
30431	3713
30432	3691
30433	3691
30434	3701
30435	3716
30436	3716
30437	3691
30438	3715
30439	3716
30440	3691
30441	3716
30442	3691
30443	3691
30444	3691
30445	3691
30446	3711
30447	3716
30448	3716
30449	3716
30450	3726
30451	3690
30452	3690
30453	3726
30454	3726
30455	3726
30456	3726
30457	3726
30458	3726
30459	3726
30460	3690
30461	3728
30462	3728
30463	3728
30464	3728
30465	3728
30466	3728
30467	3728
30468	3728
30469	3728
30470	3728
30471	3728
30472	3728
30473	3728
30474	3728
30475	3728
30476	3728
30477	3718
30478	3726
30479	3726
30480	3718
30481	3726
30482	3718
30483	3726
30484	3718
30485	3726
30486	3718
30487	3726
30488	3718
30489	3726
30490	3718
30491	3726
30492	3718
30493	3726
30494	3718
30495	3726
30496	3718
30497	3726
30498	3718
30499	3728
30500	3728
30501	3728
30502	3737
30503	3728
30504	3728
30505	3728
30506	3737
30507	3737
30508	3728
30509	3728
30510	3728
30511	3728
30512	3728
30513	3728
30514	3728
30515	3728
30516	3728
30517	3733
30518	3733
30519	3737
30520	3733
30521	3733
30522	3737
30523	3737
30524	3733
30525	3737
30526	3733
30527	3737
30528	3733
30529	3737
30530	3733
30531	3733
30532	3718
30533	3733
30534	3733
30535	3718
30536	3733
30537	3733
30538	3728
30539	3728
30540	3737
30541	3728
30542	3733
30543	3733
30544	3733
30545	3733
30546	3737
30547	3737
30548	3733
30549	3733
30550	3737
30551	3737
30552	3728
30553	3728
30554	3737
30555	3728
30556	3737
30557	3728
30558	3728
30559	3733
30560	3733
30561	3733
30562	3737
30563	3737
30564	3737
30565	3733
30566	3737
30567	3737
30568	3728
30569	3728
30570	3737
30571	3737
30572	3737
30573	3737
30574	3737
30575	3737
30576	3737
30577	3737
30578	3737
30579	3737
30580	3737
30581	3737
30582	3737
30583	3737
30584	3737
30585	3737
30586	3728
30587	3728
30588	3728
30589	3728
30590	3728
30591	3728
30592	3728
30593	3728
30594	3728
30595	3728
30596	3726
30597	3726
30598	3726
30599	3726
30600	3726
30601	3726
30602	3726
30603	3726
30604	3726
30605	3726
30606	3726
30607	3690
30608	3726
30609	3690
30610	3726
30611	3690
30612	3726
30613	3726
30614	3726
30615	3726
30616	3726
30617	3690
30618	3737
30619	3737
30620	3737
30621	3737
30622	3728
30623	3728
30624	3728
30625	3728
30626	3728
30627	3728
30628	3728
30629	3728
30630	3728
30631	3728
30632	3728
30633	3714
30634	3728
30635	3728
30636	3728
30637	3728
30638	3728
30639	3728
30640	3737
30641	3737
30642	3737
30643	3728
30644	3728
30645	3728
30646	3728
30647	3728
30648	3728
30649	3728
30650	3728
30651	3728
30652	3728
30653	3728
30654	3728
30655	3728
30656	3728
30657	3728
30658	3728
30659	3728
30660	3728
30661	3728
30662	3728
30663	3728
30664	3728
30665	3728
30666	3728
30667	3728
30668	3728
30669	3728
30670	3728
30671	3728
30672	3728
30673	3728
30674	3737
30675	3737
30676	3737
30677	3737
30678	3737
30679	3737
30680	3737
30681	3737
30682	3737
30683	3737
30684	3737
30685	3733
30686	3737
30687	3737
30688	3737
30689	3737
30690	3737
30691	3737
30692	3737
30693	3737
30694	3728
30695	3728
30696	3737
30697	3737
30698	3728
30699	3728
30700	3728
30701	3728
30702	3737
30703	3733
30704	3737
30705	3728
30706	3728
30707	3737
30708	3728
30709	3728
30710	3728
30711	3728
30712	3728
30713	3728
30714	3737
30715	3737
30716	3733
30717	3737
30718	3737
30719	3737
30720	3737
30721	3728
30722	3728
30723	3728
30724	3737
30725	3737
30726	3737
30727	3733
30728	3737
30729	3737
30730	3737
30731	3737
30732	3733
30733	3737
30734	3733
30735	3733
30736	3733
30737	3733
30738	3733
30739	3733
30740	3733
30741	3733
30742	3733
30743	3733
30744	3733
30745	3733
30746	3733
30747	3733
30748	3733
30749	3737
30750	3737
30751	3737
30752	3737
30753	3728
30754	3728
30755	3728
30756	3728
30757	3728
30758	3728
30759	3728
30760	3728
30761	3728
30762	3728
30763	3728
30764	3728
30765	3728
30766	3728
30767	3728
30768	3728
30769	3728
30770	3728
30771	3728
30772	3728
30773	3728
30774	3728
30775	3728
30776	3728
30777	3733
30778	3733
30779	3733
30780	3733
30781	3718
30782	3733
30783	3733
30784	3737
30785	3737
30786	3737
30787	3737
30788	3728
30789	3737
30790	3737
30791	3737
30792	3728
30793	3728
30794	3728
30795	3728
30796	3728
30797	3733
30798	3733
30799	3733
30800	3733
30801	3733
30802	3733
30803	3733
30804	3733
30805	3733
30806	3733
30807	3733
30808	3733
30809	3737
30810	3733
30811	3737
30812	3737
30813	3728
30814	3737
30815	3737
30816	3728
30817	3728
30818	3737
30819	3737
30820	3737
30821	3737
30822	3728
30823	3737
30824	3733
30825	3737
30826	3737
30827	3737
30828	3737
30829	3733
30830	3718
30831	3733
30832	3733
30833	3733
30834	3737
30835	3733
30836	3733
30837	3728
30838	3728
30839	3728
30840	3728
30841	3728
30842	3728
30843	3728
30844	3728
30845	3728
30846	3737
30847	3737
30848	3726
30849	3726
30850	3726
30851	3726
30852	3733
30853	3733
30854	3733
30855	3718
30856	3733
30857	3718
30858	3718
30859	3718
30860	3718
30861	3718
30862	3728
30863	3737
30864	3737
30865	3737
30866	3737
30867	3737
30868	3737
30869	3737
30870	3728
30871	3728
30872	3733
30873	3737
30874	3728
30875	3737
30876	3733
30877	3718
30878	3733
30879	3718
30880	3718
30881	3726
30882	3718
30883	3726
30884	3726
30885	3726
30886	3718
30887	3718
30888	3718
30889	3718
30890	3726
30891	3726
30892	3733
30893	3733
30894	3733
30895	3726
30896	3718
30897	3718
30898	3726
30899	3726
30900	3733
30901	3726
30902	3718
30903	3718
30904	3718
30905	3726
30906	3726
30907	3733
30908	3733
30909	3726
30910	3718
30911	3718
30912	3718
30913	3726
30914	3726
30915	3733
30916	3733
30917	3733
30918	3726
30919	3718
30920	3718
30921	3718
30922	3726
30923	3726
30924	3733
30925	3733
30926	3726
30927	3718
30928	3718
30929	3718
30930	3726
30931	3726
30932	3733
30933	3726
30934	3718
30935	3718
30936	3726
30937	3726
30938	3718
30939	3718
30940	3718
30941	3726
30942	3726
30943	3733
30944	3737
30945	3718
30946	3718
30947	3726
30948	3728
30949	3728
30950	3728
30951	3728
30952	3728
30953	3728
30954	3728
30955	3728
30956	3728
30957	3728
30958	3728
30959	3737
30960	3737
30961	3728
30962	3737
30963	3728
30964	3726
30965	3726
30966	3726
30967	3726
30968	3726
30969	3718
30970	3718
30971	3726
30972	3726
30973	3726
30974	3726
30975	3728
30976	3728
30977	3728
30978	3728
30979	3728
30980	3728
30981	3728
30982	3728
30983	3728
30984	3728
30985	3728
30986	3728
30987	3728
30988	3728
30989	3728
30990	3728
30991	3728
30992	3728
30993	3728
30994	3728
30995	3728
30996	3728
30997	3728
30998	3728
30999	3728
31000	3728
31001	3737
31002	3737
31003	3737
31004	3733
31005	3733
31006	3733
31007	3733
31008	3733
31009	3733
31010	3728
31011	3728
31012	3728
31013	3737
31014	3737
31015	3737
31016	3737
31017	3737
31018	3737
31019	3737
31020	3737
31021	3728
31022	3728
31023	3728
31024	3728
31025	3728
31026	3728
31027	3728
31028	3728
31029	3728
31030	3728
31031	3728
31032	3728
31033	3728
31034	3728
31035	3728
31036	3728
31037	3733
31038	3728
31039	3728
31040	3737
31041	3737
31042	3737
31043	3737
31044	3439
31045	3673
31046	3673
31047	3687
31048	3687
31049	3664
31050	3673
31051	3687
31052	3687
31053	3687
31054	3687
31055	3681
31056	3674
31057	3349
31058	3437
31059	3674
31060	3743
31061	3673
31062	3674
31063	3610
31064	3674
31065	3681
31066	3681
31067	3681
31068	3687
31069	3687
31070	3687
31071	3765
31072	3704
31073	3760
31074	3765
31075	3760
31076	3760
31077	3760
31078	3760
31079	3760
31080	3686
31081	3760
31082	3686
31083	3760
31084	3686
31085	3780
31086	3760
31087	3760
31088	3760
31089	3670
31090	3664
31091	3687
31092	3687
31093	3681
31094	3681
31095	3687
31096	3687
31097	3697
31098	3697
31099	3687
31100	3665
31101	3686
31102	3665
31103	3665
31104	3674
31105	3674
31106	3670
31107	3687
31108	3665
31109	3665
31110	3686
31111	3760
31112	3665
31113	3697
31114	3665
31115	3665
31116	3697
31117	3665
31118	3439
31119	3381
31120	3687
31121	3687
31122	3687
31123	3687
31124	3687
31125	3687
31126	3687
31127	3687
31128	3439
31129	3439
31130	3743
31131	3681
31132	3681
31133	3681
31134	3743
31135	3743
31136	3664
31137	3664
31138	3673
31139	3673
31140	3673
31141	3673
31142	3670
31143	3670
31144	3687
31145	3687
31146	3687
31147	3673
31148	3674
31149	3674
31150	3670
31151	3670
31152	3687
31153	3687
31154	3681
31155	3681
31156	3681
31157	3681
31158	3674
31159	3610
31160	3674
31161	3674
31162	3674
31163	3674
31164	3674
31165	3674
31166	3674
31167	3674
31168	3439
31169	3381
31170	3678
31171	3381
31172	3674
31173	3674
31174	3437
31175	3687
31176	3687
31177	3665
31178	3687
31179	3673
31180	3673
31181	3687
31182	3687
31183	3687
31184	3673
31185	3439
31186	3439
31187	3674
31188	3674
31189	3678
31190	3674
31191	3687
31192	3687
31193	3665
31194	3687
31195	3760
31196	3760
31197	3760
31198	3760
31199	3760
31200	3780
31201	3780
31202	3686
31203	3686
31204	3686
31205	3697
31206	3760
31207	3686
31208	3760
31209	3760
31210	3665
31211	3665
31212	3706
31213	3665
31214	3780
31215	3760
31216	3780
31217	3780
31218	3765
31219	3780
31220	3697
31221	3665
31222	3687
31223	3687
31224	3687
31225	3697
31226	3697
31227	3697
31228	3697
31229	3686
31230	3697
31231	3706
31232	3697
31233	3665
31234	3687
31235	3687
31236	3780
31237	3780
31238	3780
31239	3760
31240	3760
31241	3760
31242	3760
31243	3760
31244	3673
31245	3664
31246	3664
31247	3687
31248	3687
31249	3673
31250	3673
31251	3681
31252	3760
31253	3760
31254	3697
31255	3697
31256	3665
31257	3760
31258	3687
31259	3687
31260	3687
31261	3687
31262	3760
31263	3780
31264	3697
31265	3697
31266	3665
31267	3760
31268	3687
31269	3687
31270	3687
31271	3760
31272	3760
31273	3760
31274	3760
31275	3697
31276	3665
31277	3697
31278	3687
31279	3687
31280	3670
31281	3687
31282	3687
31283	3674
31284	3673
31285	3674
31286	3674
31287	3674
31288	3674
31289	3760
31290	3760
31291	3760
31292	3665
31293	3687
31294	3670
31295	3687
31296	3674
31297	3674
31298	3681
31299	3674
31300	3681
31301	3765
31302	3765
31303	3765
31304	3765
31305	3760
31306	3760
31307	3686
31308	3704
31309	3665
31310	3697
31311	3697
31312	3686
31313	3687
31314	3665
31315	3765
31316	3765
31317	3765
31318	3686
31319	3686
31320	3686
31321	3686
31322	3704
31323	3686
31324	3665
31325	3665
31326	3665
31327	3687
31328	3687
31329	3687
31330	3687
31331	3765
31332	3765
31333	3760
31334	3760
31335	3686
31336	3686
31337	3760
31338	3665
31339	3665
31340	3687
31341	3687
31342	3760
31343	3760
31344	3665
31345	3760
31346	3687
31347	3760
31348	3760
31349	3686
31350	3760
31351	3760
31352	3760
31353	3760
31354	3760
31355	3760
31356	3765
31357	3765
31358	3765
31359	3765
31360	3765
31361	3765
31362	3765
31363	3765
31364	3765
31365	3790
31366	3790
31367	3797
31368	3787
31369	3790
31370	3787
31371	3790
31372	3791
31373	3790
31374	3791
31375	3790
31376	3787
31377	3790
31378	3787
31379	3790
31380	3787
31381	3797
31382	3787
31383	3797
31384	3790
31385	3790
31386	3765
31387	3765
31388	3764
31389	3764
31390	3764
31391	3797
31392	3797
31393	3797
31394	3764
31395	3765
31396	3764
31397	3779
31398	3779
31399	3779
31400	3779
31401	3779
31402	3765
31403	3765
31404	3765
31405	3764
31406	3779
31407	3779
31408	3765
31409	3764
31410	3779
31411	3779
31412	3765
31413	3779
31414	3787
31415	3779
31416	3765
31417	3765
31418	3765
31419	3765
31420	3765
31421	3765
31422	3765
31423	3765
31424	3765
31425	3765
31426	3765
31427	3765
31428	3765
31429	3765
31430	3765
31431	3765
31432	3765
31433	3765
31434	3765
31435	3765
31436	3765
31437	3765
31438	3760
31439	3765
31440	3764
31441	3765
31442	3765
31443	3765
31444	3765
31445	3765
31446	3765
31447	3764
31448	3765
31449	3765
31450	3797
31451	3797
31452	3797
31453	3790
31454	3790
31455	3797
31456	3797
31457	3791
31458	3764
31459	3779
31460	3791
31461	3791
31462	3787
31463	3791
31464	3791
31465	3765
31466	3764
31467	3764
31468	3764
31469	3764
31470	3765
31471	3765
31472	3765
31473	3764
31474	3765
31475	3791
31476	3790
31477	3790
31478	3791
31479	3791
31480	3779
31481	3791
31482	3791
31483	3764
31484	3796
31485	3764
31486	3790
31487	3790
31488	3797
31489	3790
31490	3790
31491	3790
31492	3768
31493	3791
31494	3779
31495	3764
31496	3764
31497	3764
31498	3764
31499	3765
31500	3765
31501	3765
31502	3764
31503	3765
31504	3765
31505	3764
31506	3764
31507	3779
31508	3790
31509	3790
31510	3797
31511	3797
31512	3791
31513	3791
31514	3791
31515	3790
31516	3790
31517	3787
31518	3797
31519	3790
31520	3791
31521	3779
31522	3797
31523	3797
31524	3797
31525	3790
31526	3797
31527	3787
31528	3791
31529	3791
31530	3790
31531	3790
31532	3790
31533	3791
31534	3791
31535	3779
31536	3764
31537	3764
31538	3764
31539	3764
31540	3764
31541	3764
31542	3765
31543	3765
31544	3765
31545	3790
31546	3790
31547	3791
31548	3779
31549	3764
31550	3765
31551	3764
31552	3765
31553	3797
31554	3797
31555	3797
31556	3797
31557	3797
31558	3797
31559	3797
31560	3791
31561	3791
31562	3790
31563	3779
31564	3764
31565	3764
31566	3764
31567	3797
31568	3797
31569	3797
31570	3797
31571	3790
31572	3797
31573	3779
31574	3791
31575	3791
31576	3790
31577	3764
31578	3764
31579	3764
31580	3797
31581	3797
31582	3797
31583	3790
31584	3790
31585	3779
31586	3791
31587	3787
31588	3765
31589	3764
31590	3790
31591	3790
31592	3797
31593	3797
31594	3779
31595	3787
31596	3764
31597	3797
31598	3797
31599	3797
31600	3765
31601	3765
31602	3765
31603	3790
31604	3790
31605	3790
31606	3790
31607	3790
31608	3790
31609	3790
31610	3790
31611	3797
31612	3797
31613	3797
31614	3797
31615	3797
31616	3797
31617	3797
31618	3797
31619	3797
31620	3797
31621	3797
31622	3797
31623	3796
31624	3796
31625	3796
31626	3796
31627	3796
31628	3796
31629	3796
31630	3796
31631	3796
31632	3796
31633	3796
31634	3796
31635	3796
31636	3796
31637	3796
31638	3796
31639	3796
31640	3796
31641	3796
31642	3796
31643	3796
31644	3796
31645	3795
31646	3789
31647	3795
31648	3795
31649	3789
31650	3795
31651	3795
31652	3795
31653	3795
31654	3795
31655	3795
31656	3795
31657	3795
31658	3795
31659	3789
31660	3796
31661	3789
31662	3789
31663	3795
31664	3789
31665	3795
31666	3789
31667	3796
31668	3789
31669	3796
31670	3789
31671	3796
31672	3796
31673	3796
31674	3796
31675	3796
31676	3796
31677	3789
31678	3796
31679	3796
31680	3796
31681	3796
31682	3796
31683	3796
31684	3796
31685	3796
31686	3796
31687	3796
31688	3796
31689	3796
31690	3796
31691	3789
31692	3789
31693	3796
31694	3789
31695	3796
31696	3796
31697	3789
31698	3789
31699	3796
31700	3796
31701	3796
31702	3796
31703	3789
31704	3796
31705	3796
31706	3796
31707	3796
31708	3796
31709	3796
31710	3796
31711	3796
31712	3796
31713	3796
31714	3796
31715	3796
31716	3796
31717	3796
31718	3796
31719	3796
31720	3796
31721	3796
31722	3796
31723	3796
31724	3796
31725	3796
31726	3796
31727	3796
31728	3796
31729	3796
31730	3796
31731	3796
31732	3796
31733	3796
31734	3796
31735	3796
31736	3796
31737	3796
31738	3796
31739	3796
31740	3796
31741	3796
31742	3796
31743	3796
31744	3796
31745	3796
31746	3796
31747	3797
31748	3797
31749	3797
31750	3795
31751	3797
31752	3797
31753	3797
31754	3797
31755	3797
31756	3795
31757	3797
31758	3795
31759	3797
31760	3795
31761	3797
31762	3797
31763	3797
31764	3795
31765	3797
31766	3797
31767	3797
31768	3796
31769	3796
31770	3796
31771	3796
31772	3796
31773	3796
31774	3796
31775	3796
31776	3796
31777	3796
31778	3796
31779	3796
31780	3796
31781	3796
31782	3796
31783	3796
31784	3796
31785	3796
31786	3796
31787	3796
31788	3796
31789	3796
31790	3796
31791	3796
31792	3796
31793	3796
31794	3796
31795	3796
31796	3796
31797	3796
31798	3796
31799	3796
31800	3796
31801	3796
31802	3796
31803	3796
31804	3796
31805	3796
31806	3796
31807	3796
31808	3796
31809	3796
31810	3796
31811	3796
31812	3796
31813	3796
31814	3796
31815	3796
31816	3796
31817	3796
31818	3796
31819	3796
31820	3796
31821	3796
31822	3796
31823	3796
31824	3796
31825	3796
31826	3796
31827	3796
31828	3796
31829	3796
31830	3796
31831	3796
31832	3796
31833	3796
31834	3796
31835	3796
31836	3796
31837	3796
31838	3796
31839	3796
31840	3796
31841	3796
31842	3796
31843	3796
31844	3796
31845	3796
31846	3796
31847	3796
31848	3796
31849	3796
31850	3796
31851	3796
31852	3796
31853	3796
31854	3796
31855	3796
31856	3796
31857	3796
31858	3796
31859	3796
31860	3796
31861	3796
31862	3796
31863	3796
31864	3796
31865	3796
31866	3796
31867	3796
31868	3796
31869	3796
31870	3796
31871	3796
31872	3796
31873	3796
31874	3796
31875	3796
31876	3796
31877	3796
31878	3796
31879	3796
31880	3796
31881	3796
31882	3796
31883	3796
31884	3796
31885	3796
31886	3796
31887	3796
31888	3796
31889	3796
31890	3796
31891	3796
31892	3796
31893	3789
31894	3795
31895	3795
31896	3789
31897	3789
31898	3789
31899	3789
31900	3796
31901	3796
31902	3796
31903	3796
31904	3796
31905	3796
31906	3796
31907	3796
31908	3796
31909	3796
31910	3796
31911	3796
31912	3796
31913	3796
31914	3796
31915	3796
31916	3796
31917	3796
31918	3796
31919	3796
31920	3796
31921	3796
31922	3796
31923	3796
31924	3796
31925	3796
31926	3796
31927	3796
31928	3796
31929	3796
31930	3796
31931	3796
31932	3796
31933	3796
31934	3796
31935	3796
31936	3796
31937	3796
31938	3796
31939	3796
31940	3796
31941	3796
31942	3796
31943	3796
31944	3796
31945	3796
31946	3796
31947	3796
31948	3796
31949	3796
31950	3796
31951	3796
31952	3796
31953	3796
31954	3796
31955	3789
31956	3789
31957	3789
31958	3795
31959	3789
31960	3795
31961	3795
31962	3795
31963	3795
31964	3789
31965	3789
31966	3795
31967	3795
31968	3789
31969	3789
31970	3796
31971	3796
31972	3789
31973	3796
31974	3796
31975	3796
31976	3789
31977	3789
31978	3796
31979	3796
31980	3789
31981	3797
31982	3797
31983	3796
31984	3789
31985	3789
31986	3796
31987	3796
31988	3795
31989	3795
31990	3795
31991	3789
31992	3795
31993	3795
31994	3795
31995	3789
31996	3789
31997	3789
31998	3796
31999	3789
32000	3789
32001	3789
32002	3789
32003	3796
32004	3796
32005	3796
32006	3789
32007	3789
32008	3789
32009	3795
32010	3795
32011	3795
32012	3795
32013	3795
32014	3789
32015	3796
32016	3789
32017	3789
32018	3795
32019	3795
32020	3796
32021	3796
32022	3796
32023	3796
32024	3796
32025	3796
32026	3796
32027	3796
32028	3796
32029	3796
32030	3789
32031	3789
32032	3796
32033	3796
32034	3789
32035	3789
32036	3795
32037	3795
32038	3796
32039	3796
32040	3796
32041	3796
32042	3796
32043	3789
32044	3789
32045	3789
32046	3795
32047	3795
32048	3795
32049	3796
32050	3789
32051	3796
32052	3789
32053	3789
32054	3795
32055	3795
32056	3795
32057	3789
32058	3796
32059	3789
32060	3795
32061	3795
32062	3796
32063	3796
32064	3796
32065	3796
32066	3796
32067	3789
32068	3796
32069	3796
32070	3796
32071	3796
32072	3796
32073	3796
32074	3796
32075	3796
32076	3796
32077	3796
32078	3796
32079	3796
32080	3796
32081	3796
32082	3796
32083	3789
32084	3789
32085	3789
32086	3789
32087	3789
32088	3797
32089	3795
32090	3797
32091	3797
32092	3795
32093	3797
32094	3795
32095	3795
32096	3795
32097	3797
32098	3797
32099	3795
32100	3795
32101	3796
32102	3796
32103	3796
32104	3796
32105	3796
32106	3796
32107	3796
32108	3796
32109	3796
32110	3796
32111	3796
32112	3796
32113	3796
32114	3796
32115	3796
32116	3796
32117	3796
32118	3796
32119	3796
32120	3796
32121	3796
32122	3796
32123	3796
32124	3796
32125	3796
32126	3796
32127	3796
32128	3796
32129	3796
32130	3796
32131	3796
32132	3796
32133	3796
32134	3796
32135	3796
32136	3796
32137	3796
32138	3796
32139	3796
32140	3796
32141	3796
32142	3796
32143	3796
32144	3796
32145	3796
32146	3796
32147	3796
32148	3796
32149	3796
32150	3796
32151	3796
32152	3796
32153	3796
32154	3796
32155	3796
32156	3796
32157	3796
32158	3796
32159	3796
32160	3796
32161	3796
32162	3796
32163	3796
32164	3796
32165	3796
32166	3796
32167	3796
32168	3796
32169	3796
32170	3796
32171	3796
32172	3796
32173	3796
32174	3796
32175	3796
32176	3619
32177	3598
32178	3598
32179	3395
32180	3598
32181	3395
32182	3395
32183	3395
32184	3610
32185	3610
32186	3610
32187	3674
32188	3610
32189	3610
32190	3488
32191	3610
32192	3414
32193	3395
32194	3414
32195	3395
32196	3395
32197	3478
32198	3413
32199	3413
32200	3598
32201	3488
32202	3608
32203	3478
32204	3413
32205	3610
32206	3608
32207	3598
32208	3395
32209	3395
32210	3610
32211	3610
32212	3610
32213	3610
32214	3610
32215	3610
32216	3619
32217	3605
32218	3619
32219	3605
32220	3605
32221	3619
32222	3605
32223	3605
32224	3605
32225	3488
32226	3413
32227	3413
32228	3413
32229	3610
32230	3488
32231	3598
32232	3598
32233	3605
32234	3605
32235	3619
32236	3619
32237	3605
32238	3619
32239	3619
32240	3619
32241	3605
32242	3598
32243	3605
32244	3605
32245	3413
32246	3619
32247	3619
32248	3619
32249	3619
32250	3619
32251	3619
32252	3619
32253	3619
32254	3619
32255	3619
32256	3619
32257	3619
32258	3619
32259	3619
32260	3414
32261	3414
32262	3610
32263	3610
32264	3610
32265	3598
32266	3598
32267	3610
32268	3610
32269	3610
32270	3674
32271	3674
32272	3488
32273	3488
32274	3414
32275	3414
32276	3395
32277	3414
32278	3414
32279	3610
32280	3608
32281	3608
32282	3413
32283	3608
32284	3478
32285	3608
32286	3608
32287	3395
32288	3395
32289	3414
32290	3395
32291	3395
32292	3395
32293	3395
32294	3395
32295	3598
32296	3395
32297	3395
32298	3395
32299	3598
32300	3598
32301	3605
32302	3598
32303	3598
32304	3598
32305	3598
32306	3413
32307	3395
32308	3395
32309	3610
32310	3610
32311	3610
32312	3610
32313	3598
32314	3610
32315	3610
32316	3598
32317	3610
32318	3395
32319	3395
32320	3395
32321	3598
32322	3605
32323	3598
32324	3610
32325	3610
32326	3414
32327	3610
32328	3413
32329	3488
32330	3413
32331	3413
32332	3413
32333	3619
32334	3619
32335	3605
32336	3619
32337	3619
32338	3605
32339	3605
32340	3619
32341	3619
32342	3619
32343	3619
32344	3619
32345	3619
32346	3598
32347	3598
32348	3605
32349	3598
32350	3605
32351	3619
32352	3619
32353	3619
32354	3605
32355	3605
32356	3605
32357	3605
32358	3598
32359	3605
32360	3605
32361	3605
32362	3605
32363	3605
32364	3610
32365	3610
32366	3488
32367	3488
32368	3488
32369	3610
32370	3610
32371	3610
32372	3610
32373	3610
32374	3610
32375	3598
32376	3598
32377	3598
32378	3610
32379	3605
32380	3598
32381	3598
32382	3598
32383	3610
32384	3619
32385	3619
32386	3605
32387	3619
32388	3605
32389	3605
32390	3605
32391	3605
32392	3619
32393	3619
32394	3605
32395	3619
32396	3598
32397	3598
32398	3610
32399	3610
32400	3414
32401	3610
32402	3488
32403	3608
32404	3488
32405	3608
32406	3413
32407	3413
32408	3478
32409	3413
32410	3619
32411	3605
32412	3598
32413	3610
32414	3610
32415	3610
32416	3488
32417	3488
32418	3413
32419	3413
32420	3413
32421	3605
32422	3605
32423	3605
32424	3619
32425	3598
32426	3598
32427	3605
32428	3619
32429	3619
32430	3619
32431	3598
32432	3605
32433	3619
32434	3619
32435	3619
32436	3605
32437	3605
32438	3598
32439	3598
32440	3395
32441	3395
32442	3619
32443	3619
32444	3605
32445	3395
32446	3395
32447	3610
32448	3610
32449	3610
32450	3395
32451	3631
32452	3619
32453	3628
32454	3631
32455	3628
32456	3624
32457	3624
32458	3624
32459	3624
32460	3624
32461	3624
32462	3624
32463	3624
32464	3624
32465	3624
32466	3624
32467	3624
32468	3624
32469	3624
32470	3624
32471	3647
32472	3647
32473	3624
32474	3647
32475	3624
32476	3647
32477	3649
32478	3641
32479	3641
32480	3647
32481	3647
32482	3641
32483	3649
32484	3647
32485	3647
32486	3647
32487	3647
32488	3647
32489	3624
32490	3624
32491	3628
32492	3628
32493	3619
32494	3619
32495	3619
32496	3619
32497	3619
32498	3619
32499	3619
32500	3624
32501	3624
32502	3624
32503	3624
32504	3619
32505	3619
32506	3619
32507	3619
32508	3628
32509	3628
32510	3619
32511	3619
32512	3619
32513	3624
32514	3619
32515	3619
32516	3619
32517	3649
32518	3649
32519	3649
32520	3641
32521	3649
32522	3628
32523	3628
32524	3624
32525	3624
32526	3624
32527	3624
32528	3619
32529	3619
32530	3619
32531	3619
32532	3619
32533	3619
32534	3619
32535	3619
32536	3619
32537	3619
32538	3619
32539	3624
32540	3628
32541	3619
32542	3619
32543	3619
32544	3619
32545	3628
32546	3628
32547	3631
32548	3628
32549	3619
32550	3619
32551	3647
32552	3652
32553	3647
32554	3647
32555	3647
32556	3647
32557	3647
32558	3624
32559	3624
32560	3624
32561	3624
32562	3624
32563	3624
32564	3624
32565	3624
32566	3624
32567	3624
32568	3624
32569	3628
32570	3619
32571	3619
32572	3619
32573	3619
32574	3619
32575	3619
32576	3619
32577	3624
32578	3624
32579	3624
32580	3624
32581	3624
32582	3624
32583	3624
32584	3624
32585	3647
32586	3647
32587	3647
32588	3647
32589	3647
32590	3647
32591	3647
32592	3647
32593	3652
32594	3647
32595	3624
32596	3624
32597	3624
32598	3624
32599	3624
32600	3628
32601	3631
32602	3619
32603	3619
32604	3619
32605	3619
32606	3619
32607	3652
32608	3647
32609	3624
32610	3628
32611	3619
32612	3619
32613	3652
32614	3624
32615	3624
32616	3624
32617	3628
32618	3631
32619	3647
32620	3647
32621	3652
32622	3647
32623	3647
32624	3647
32625	3647
32626	3647
32627	3647
32628	3647
32629	3647
32630	3647
32631	3624
32632	3624
32633	3652
32634	3652
32635	3624
32636	3624
32637	3624
32638	3628
32639	3628
32640	3628
32641	3619
32642	3619
32643	3628
32644	3631
32645	3624
32646	3624
32647	3643
32648	3647
32649	3647
32650	3647
32651	3647
32652	3647
32653	3647
32654	3647
32655	3647
32656	3628
32657	3624
32658	3624
32659	3624
32660	3619
32661	3628
32662	3647
32663	3647
32664	3647
32665	3647
32666	3641
32667	3641
32668	3624
32669	3624
32670	3624
32671	3624
32672	3624
32673	3619
32674	3628
32675	3628
32676	3624
32677	3624
32678	3619
32679	3619
32680	3649
32681	3649
32682	3649
32683	3641
32684	3649
32685	3641
32686	3649
32687	3619
32688	3619
32689	3619
32690	3619
32691	3619
32692	3619
32693	3619
32694	3641
32695	3619
32696	3619
32697	3619
32698	3652
32699	3652
32700	3624
32701	3647
32702	3624
32703	3647
32704	3624
32705	3647
32706	3647
32707	3647
32708	3641
32709	3641
32710	3641
32711	3647
32712	3652
32713	3652
32714	3624
32715	3624
32716	3624
32717	3624
32718	3624
32719	3624
32720	3624
32721	3631
32722	3631
32723	3649
32724	3649
32725	3649
32726	3647
32727	3647
32728	3647
32729	3641
32730	3641
32731	3649
32732	3647
32733	3647
32734	3647
32735	3649
32736	3649
32737	3649
32738	3649
32739	3649
32740	3649
32741	3656
32742	3649
32743	3656
32744	3649
32745	3649
32746	3649
32747	3649
32748	3656
32749	3643
32750	3643
32751	3643
32752	3643
32753	3643
32754	3643
32755	3643
32756	3643
32757	3643
32758	3643
32759	3643
32760	3643
32761	3643
32762	3643
32763	3643
32764	3643
32765	3643
32766	3643
32767	3643
32768	3643
32769	3643
32770	3643
32771	3643
32772	3643
32773	3643
32774	3643
32775	3643
32776	3643
32777	3643
32778	3643
32779	3643
32780	3643
32781	3643
32782	3643
32783	3643
32784	3643
32785	3643
32786	3643
32787	3643
32788	3643
32789	3643
32790	3643
32791	3643
32792	3643
32793	3649
32794	3656
32795	3649
32796	3649
32797	3649
32798	3643
32799	3643
32800	3643
32801	3643
32802	3643
32803	3643
32804	3643
32805	3643
32806	3656
32807	3656
32808	3643
32809	3643
32810	3643
32811	3643
32812	3643
32813	3643
32814	3643
32815	3643
32816	3643
32817	3643
32818	3643
32819	3643
32820	3643
32821	3656
32822	3643
32823	3643
32824	3643
32825	3643
32826	3643
32827	3643
32828	3643
32829	3643
32830	3643
32831	3643
32832	3643
32833	3643
32834	3643
32835	3643
32836	3643
32837	3643
32838	3650
32839	3650
32840	3650
32841	3650
32842	3650
32843	3650
32844	3650
32845	3650
32846	3650
32847	3650
32848	3650
32849	3643
32850	3643
32851	3643
32852	3643
32853	3643
32854	3643
32855	3643
32856	3643
32857	3643
32858	3643
32859	3643
32860	3643
32861	3643
32862	3643
32863	3643
32864	3643
32865	3643
32866	3643
32867	3643
32868	3643
32869	3643
32870	3643
32871	3643
32872	3643
32873	3643
32874	3643
32875	3643
32876	3643
32877	3643
32878	3643
32879	3649
32880	3649
32881	3649
32882	3647
32883	3641
32884	3647
32885	3641
32886	3647
32887	3641
32888	3647
32889	3641
32890	3647
32891	3649
32892	3649
32893	3649
32894	3649
32895	3649
32896	3649
32897	3649
32898	3641
32899	3641
32900	3641
32901	3647
32902	3643
32903	3643
32904	3643
32905	3643
32906	3643
32907	3643
32908	3643
32909	3643
32910	3643
32911	3643
32912	3643
32913	3643
32914	3643
32915	3643
32916	3643
32917	3643
32918	3643
32919	3643
32920	3643
32921	3643
32922	3643
32923	3643
32924	3643
32925	3643
32926	3643
32927	3643
32928	3643
32929	3643
32930	3643
32931	3643
32932	3643
32933	3643
32934	3643
32935	3643
32936	3643
32937	3643
32938	3643
32939	3643
32940	3643
32941	3643
32942	3643
32943	3643
32944	3643
32945	3643
32946	3643
32947	3643
32948	3643
32949	3643
32950	3643
32951	3643
32952	3643
32953	3643
32954	3643
32955	3643
32956	3643
32957	3643
32958	3643
32959	3643
32960	3643
32961	3643
32962	3643
32963	3643
32964	3643
32965	3643
32966	3643
32967	3643
32968	3643
32969	3643
32970	3643
32971	3643
32972	3643
32973	3643
32974	3643
32975	3643
32976	3643
32977	3643
32978	3643
32979	3643
32980	3643
32981	3643
32982	3643
32983	3643
32984	3643
32985	3643
32986	3643
32987	3643
32988	3643
32989	3643
32990	3643
32991	3643
32992	3643
32993	3643
32994	3643
32995	3643
32996	3643
32997	3643
32998	3643
32999	3643
33000	3643
33001	3643
33002	3643
33003	3643
33004	3643
33005	3643
33006	3643
33007	3643
33008	3643
33009	3643
33010	3643
33011	3643
33012	3643
33013	3643
33014	3643
33015	3643
33016	3643
33017	3643
33018	3643
33019	3643
33020	3643
33021	3643
33022	3643
33023	3643
33024	3643
33025	3643
33026	3643
33027	3643
33028	3643
33029	3643
33030	3643
33031	3643
33032	3643
33033	3643
33034	3643
33035	3643
33036	3643
33037	3643
33038	3643
33039	3643
33040	3643
33041	3643
33042	3643
33043	3643
33044	3643
33045	3643
33046	3643
33047	3643
33048	3643
33049	3643
33050	3643
33051	3643
33052	3643
33053	3643
33054	3643
33055	3643
33056	3643
33057	3643
33058	3643
33059	3643
33060	3643
33061	3650
33062	3643
33063	3643
33064	3643
33065	3643
33066	3643
33067	3643
33068	3643
33069	3643
33070	3643
33071	3650
33072	3643
33073	3643
33074	3643
33075	3643
33076	3643
33077	3643
33078	3643
33079	3656
33080	3656
33081	3656
33082	3649
33083	3656
33084	3656
33085	3656
33086	3650
33087	3650
33088	3643
33089	3643
33090	3643
33091	3643
33092	3643
33093	3656
33094	3656
33095	3656
33096	3649
33097	3649
33098	3656
33099	3656
33100	3650
33101	3650
33102	3643
33103	3643
33104	3643
33105	3643
33106	3643
33107	3643
33108	3643
33109	3643
33110	3643
33111	3649
33112	3649
33113	3656
33114	3650
33115	3650
33116	3643
33117	3649
33118	3649
33119	3650
33120	3650
33121	3656
33122	3649
33123	3656
33124	3650
33125	3650
33126	3643
33127	3643
33128	3643
33129	3643
33130	3643
33131	3643
33132	3643
33133	3643
33134	3643
33135	3643
33136	3643
33137	3643
33138	3643
33139	3643
33140	3643
33141	3643
33142	3643
33143	3643
33144	3643
33145	3643
33146	3643
33147	3643
33148	3643
33149	3643
33150	3643
33151	3649
33152	3656
33153	3649
33154	3649
33155	3649
33156	3649
33157	3649
33158	3649
33159	3656
33160	3656
33161	3649
33162	3649
33163	3649
33164	3650
33165	3650
33166	3643
33167	3650
33168	3643
33169	3643
33170	3643
33171	3643
33172	3643
33173	3643
33174	3643
33175	3643
33176	3643
33177	3643
33178	3643
33179	3643
33180	3643
33181	3643
33182	3643
33183	3643
33184	3643
33185	3643
33186	3643
33187	3643
33188	3650
33189	3649
33190	3656
33191	3650
33192	3650
33193	3650
33194	3650
33195	3650
33196	3656
33197	3656
33198	3649
33199	3649
33200	3650
33201	3650
33202	3643
33203	3650
33204	3656
33205	3649
33206	3649
33207	3656
33208	3643
33209	3643
33210	3643
33211	3643
33212	3643
33213	3643
33214	3643
33215	3643
33216	3643
33217	3643
33218	3643
33219	3643
33220	3643
33221	3650
33222	3643
33223	3643
33224	3643
33225	3643
33226	3643
33227	3643
33228	3643
33229	3643
33230	3649
33231	3649
33232	3649
33233	3649
33234	3650
33235	3656
33236	3650
33237	3649
33238	3643
33239	3643
33240	3643
33241	3643
33242	3643
33243	3643
33244	3643
33245	3643
33246	3643
33247	3643
33248	3643
33249	3643
33250	3643
33251	3643
33252	3643
33253	3643
33254	3643
33255	3643
33256	3643
33257	3643
33258	3643
33259	3643
33260	3643
33261	3643
33262	3643
33263	3643
33264	3643
33265	3643
33266	3643
33267	3643
33268	3643
33269	3643
33270	3643
33271	3643
33272	3643
33273	3643
33274	3643
33275	3643
33276	3643
33277	3643
33278	3643
33279	3643
33280	3643
33281	3643
33282	3643
33283	3641
33284	3649
33285	3649
33286	3641
33287	3641
33288	3649
33289	3649
33290	3641
33291	3641
33292	3649
33293	3649
33294	3649
33295	3649
33296	3649
33297	3649
33298	3649
33299	3649
33300	3643
33301	3650
33302	3650
33303	3650
33304	3643
33305	3650
33306	3643
33307	3643
33308	3643
33309	3643
33310	3643
33311	3650
33312	3643
33313	3643
33314	3643
33315	3643
33316	3643
33317	3643
33318	3643
33319	3643
33320	3643
33321	3643
33322	3643
33323	3643
33324	3643
33325	3643
33326	3643
33327	3643
33328	3643
33329	3643
33330	3643
33331	3643
33332	3643
33333	3643
33334	3643
33335	3643
33336	3643
33337	3643
33338	3643
33339	3643
33340	3643
33341	3643
33342	3643
33343	3643
33344	3643
33345	3643
33346	3643
33347	3643
33348	3643
33349	3643
33350	3643
33351	3643
33352	3596
33353	3414
33354	3414
33355	3596
33356	3608
33357	3602
33358	3596
33359	3596
33360	3596
33361	3608
33362	3488
33363	3608
33364	3414
33365	3414
33366	3488
33367	3608
33368	3596
33369	3596
33370	3596
33371	3602
33372	3608
33373	3608
33374	3607
33375	3608
33376	3608
33377	3608
33378	3608
33379	3600
33380	3602
33381	3612
33382	3414
33383	3612
33384	3612
33385	3612
33386	3598
33387	3612
33388	3414
33389	3600
33390	3607
33391	3608
33392	3596
33393	3608
33394	3608
33395	3608
33396	3608
33397	3608
33398	3608
33399	3608
33400	3612
33401	3612
33402	3608
33403	3608
33404	3414
33405	3488
33406	3414
33407	3414
33408	3488
33409	3488
33410	3608
33411	3608
33412	3596
33413	3596
33414	3608
33415	3608
33416	3608
33417	3608
33418	3608
33419	3608
33420	3608
33421	3608
33422	3414
33423	3488
33424	3596
33425	3596
33426	3608
33427	3596
33428	3596
33429	3596
33430	3596
33431	3596
33432	3596
33433	3596
33434	3608
33435	3608
33436	3488
33437	3488
33438	3608
33439	3602
33440	3414
33441	3414
33442	3414
33443	3414
33444	3414
33445	3414
33446	3608
33447	3608
33448	3596
33449	3596
33450	3608
33451	3608
33452	3608
33453	3608
33454	3608
33455	3608
33456	3612
33457	3612
33458	3612
33459	3607
33460	3608
33461	3608
33462	3608
33463	3608
33464	3600
33465	3607
33466	3608
33467	3608
33468	3608
33469	3608
33470	3608
33471	3608
33472	3608
33473	3608
33474	3608
33475	3608
33476	3608
33477	3608
33478	3608
33479	3608
33480	3608
33481	3608
33482	3608
33483	3598
33484	3414
33485	3600
33486	3612
33487	3612
33488	3600
33489	3602
33490	3608
33491	3488
33492	3488
33493	3608
33494	3608
33495	3608
33496	3608
33497	3608
33498	3608
33499	3596
33500	3608
33501	3600
33502	3602
33503	3608
33504	3608
33505	3607
33506	3607
33507	3612
33508	3598
33509	3612
33510	3414
33511	3414
33512	3608
33513	3608
33514	3596
33515	3596
33516	3596
33517	3596
33518	3608
33519	3596
33520	3608
33521	3612
33522	3612
33523	3612
33524	3612
33525	3414
33526	3612
33527	3612
33528	3612
33529	3612
33530	3612
33531	3612
33532	3612
33533	3602
33534	3414
33535	3612
33536	3600
33537	3612
33538	3612
33539	3600
33540	3600
33541	3612
33542	3414
33543	3602
33544	3608
33545	3600
33546	3602
33547	3602
33548	3608
33549	3608
33550	3608
33551	3608
33552	3608
33553	3602
33554	3598
33555	3612
33556	3612
33557	3612
33558	3414
33559	3608
33560	3608
33561	3596
33562	3488
33563	3579
33564	3626
33565	3579
33566	3579
33567	3620
33568	3620
33569	3620
33570	3620
33571	3575
33572	3575
33573	3620
33574	3575
33575	3593
33576	3575
33577	3593
33578	3575
33579	3593
33580	3575
33581	3620
33582	3618
33583	3618
33584	3622
33585	3622
33586	3622
33587	3622
33588	3618
33589	3618
33590	3612
33591	3612
33592	3612
33593	3622
33594	3612
33595	3620
33596	3622
33597	3622
33598	3620
33599	3585
33600	3585
33601	3585
33602	3585
33603	3578
33604	3600
33605	3622
33606	3622
33607	3618
33608	3600
33609	3564
33610	3600
33611	3600
33612	3612
33613	3620
33614	3620
33615	3620
33616	3620
33617	3620
33618	3620
33619	3620
33620	3618
33621	3620
33622	3575
33623	3620
33624	3593
33625	3620
33626	3622
33627	3620
33628	3593
33629	3593
33630	3593
33631	3593
33632	3622
33633	3622
33634	3593
33635	3593
33636	3585
33637	3593
33638	3585
33639	3585
33640	3593
33641	3593
33642	3622
33643	3622
33644	3585
33645	3585
33646	3575
33647	3575
33648	3575
33649	3575
33650	3575
33651	3575
33652	3585
33653	3585
33654	3585
33655	3579
33656	3579
33657	3579
33658	3579
33659	3579
33660	3575
33661	3622
33662	3622
33663	3622
33664	3622
33665	3585
33666	3585
33667	3585
33668	3622
33669	3622
33670	3618
33671	3618
33672	3575
33673	3575
33674	3575
33675	3618
33676	3618
33677	3620
33678	3620
33679	3626
33680	3620
33681	3612
33682	3612
33683	3612
33684	3612
33685	3618
33686	3612
33687	3612
33688	3618
33689	3618
33690	3620
33691	3620
33692	3620
33693	3620
33694	3620
33695	3593
33696	3575
33697	3579
33698	3575
33699	3620
33700	3620
33701	3622
33702	3622
33703	3620
33704	3593
33705	3622
33706	3622
33707	3575
33708	3579
33709	3579
33710	3575
33711	3612
33712	3622
33713	3612
33714	3618
33715	3612
33716	3622
33717	3622
33718	3622
33719	3620
33720	3579
33721	3579
33722	3579
33723	3618
33724	3618
33725	3622
33726	3622
33727	3593
33728	3593
33729	3593
33730	3593
33731	3575
33732	3620
33733	3620
33734	3579
33735	3626
33736	3579
33737	3579
33738	3626
33739	3579
33740	3579
33741	3600
33742	3578
33743	3564
33744	3607
33745	3600
33746	3600
33747	3600
33748	3612
33749	3622
33750	3612
33751	3612
33752	3622
33753	3564
33754	3600
33755	3612
33756	3618
33757	3622
33758	3600
33759	3600
33760	3622
33761	3578
33762	3622
33763	3622
33764	3585
33765	3585
33766	3622
33767	3579
33768	3579
33769	3579
33770	3579
33771	3579
33772	3579
33773	3579
33774	3579
33775	3579
33776	3579
33777	3579
33778	3579
33779	3579
33780	3579
33781	3590
33782	3590
33783	3590
33784	3590
33785	3590
33786	3590
33787	3590
33788	3590
33789	3590
33790	3590
33791	3590
33792	3590
33793	3590
33794	3590
33795	3590
33796	3590
33797	3590
33798	3590
33799	3590
33800	3590
33801	3590
33802	3579
33803	3579
33804	3579
33805	3579
33806	3579
33807	3579
33808	3590
33809	3590
33810	3590
33811	3590
33812	3590
33813	3590
33814	3590
33815	3590
33816	3590
33817	3590
33818	3590
33819	3590
33820	3579
33821	3590
33822	3590
33823	3590
33824	3590
33825	3590
33826	3590
33827	3590
33828	3590
33829	3590
33830	3590
33831	3590
33832	3590
33833	3579
33834	3590
33835	3590
33836	3590
33837	3590
33838	3590
33839	3590
33840	3590
33841	3590
33842	3590
33843	3590
33844	3590
33845	3590
33846	3590
33847	3590
33848	3590
33849	3590
33850	3590
33851	3590
33852	3590
33853	3579
33854	3579
33855	3579
33856	3590
33857	3590
33858	3590
33859	3590
33860	3579
33861	3590
33862	3590
33863	3590
33864	3590
33865	3590
33866	3590
33867	3590
33868	3590
33869	3590
33870	3590
33871	3590
33872	3590
33873	3590
33874	3590
33875	3590
33876	3590
33877	3590
33878	3590
33879	3590
33880	3590
33881	3590
33882	3590
33883	3590
33884	3590
33885	3590
33886	3590
33887	3590
33888	3590
33889	3590
33890	3590
33891	3590
33892	3590
33893	3590
33894	3590
33895	3590
33896	3590
33897	3590
33898	3590
33899	3590
33900	3590
33901	3590
33902	3590
33903	3590
33904	3590
33905	3590
33906	3590
33907	3590
33908	3590
33909	3579
33910	3579
33911	3590
33912	3579
33913	3579
33914	3579
33915	3579
33916	3579
33917	3579
33918	3579
33919	3579
33920	3579
33921	3579
33922	3579
33923	3579
33924	3579
33925	3579
33926	3579
33927	3579
33928	3579
33929	3579
33930	3579
33931	3579
33932	3590
33933	3590
33934	3590
33935	3590
33936	3590
33937	3590
33938	3590
33939	3590
33940	3590
33941	3590
33942	3590
33943	3590
33944	3590
33945	3590
33946	3590
33947	3590
33948	3590
33949	3590
33950	3590
33951	3590
33952	3590
33953	3590
33954	3590
33955	3590
33956	3590
33957	3590
33958	3590
33959	3590
33960	3590
33961	3590
33962	3590
33963	3590
33964	3590
33965	3590
33966	3590
33967	3590
33968	3590
33969	3590
33970	3590
33971	3590
33972	3590
33973	3590
33974	3590
33975	3590
33976	3590
33977	3590
33978	3590
33979	3590
33980	3590
33981	3590
33982	3590
33983	3590
33984	3590
33985	3590
33986	3590
33987	3590
33988	3590
33989	3590
33990	3590
33991	3590
33992	3590
33993	3590
33994	3590
33995	3590
33996	3590
33997	3590
33998	3590
33999	3590
34000	3590
34001	3590
34002	3590
34003	3590
34004	3590
34005	3590
34006	3590
34007	3590
34008	3590
34009	3590
34010	3590
34011	3590
34012	3590
34013	3590
34014	3590
34015	3590
34016	3590
34017	3590
34018	3590
34019	3590
34020	3590
34021	3590
34022	3590
34023	3590
34024	3590
34025	3590
34026	3590
34027	3590
34028	3590
34029	3590
34030	3590
34031	3590
34032	3590
34033	3590
34034	3590
34035	3590
34036	3590
34037	3590
34038	3590
34039	3590
34040	3590
34041	3590
34042	3590
34043	3590
34044	3590
34045	3590
34046	3590
34047	3590
34048	3590
34049	3590
34050	3590
34051	3590
34052	3590
34053	3590
34054	3590
34055	3590
34056	3590
34057	3590
34058	3590
34059	3590
34060	3590
34061	3590
34062	3590
34063	3590
34064	3590
34065	3590
34066	3590
34067	3590
34068	3590
34069	3590
34070	3590
34071	3590
34072	3590
34073	3590
34074	3590
34075	3590
34076	3590
34077	3590
34078	3590
34079	3590
34080	3590
34081	3590
34082	3590
34083	3590
34084	3590
34085	3590
34086	3590
34087	3590
34088	3590
34089	3590
34090	3590
34091	3590
34092	3590
34093	3590
34094	3590
34095	3590
34096	3590
34097	3590
34098	3590
34099	3590
34100	3590
34101	3590
34102	3590
34103	3590
34104	3590
34105	3590
34106	3590
34107	3590
34108	3590
34109	3590
34110	3590
34111	3590
34112	3590
34113	3590
34114	3590
34115	3590
34116	3590
34117	3590
34118	3579
34119	3579
34120	3579
34121	3579
34122	3590
34123	3579
34124	3579
34125	3579
34126	3590
34127	3590
34128	3590
34129	3590
34130	3590
34131	3590
34132	3590
34133	3590
34134	3590
34135	3590
34136	3590
34137	3579
34138	3579
34139	3590
34140	3590
34141	3590
34142	3590
34143	3590
34144	3590
34145	3590
34146	3579
34147	3590
34148	3579
34149	3579
34150	3579
34151	3579
34152	3590
34153	3579
34154	3579
34155	3579
34156	3590
34157	3590
34158	3590
34159	3590
34160	3590
34161	3590
34162	3590
34163	3590
34164	3590
34165	3590
34166	3590
34167	3590
34168	3590
34169	3590
34170	3590
34171	3590
34172	3590
34173	3590
34174	3590
34175	3590
34176	3590
34177	3590
34178	3590
34179	3590
34180	3590
34181	3590
34182	3590
34183	3590
34184	3590
34185	3590
34186	3579
34187	3590
34188	3579
34189	3590
34190	3590
34191	3590
34192	3590
34193	3590
34194	3590
34195	3590
34196	3590
34197	3590
34198	3590
34199	3590
34200	3590
34201	3590
34202	3590
34203	3590
34204	3590
34205	3590
34206	3590
34207	3590
34208	3590
34209	3590
34210	3590
34211	3579
34212	3579
34213	3579
34214	3590
34215	3590
34216	3590
34217	3590
34218	3590
34219	3590
34220	3590
34221	3590
34222	3590
34223	3590
34224	3590
34225	3590
34226	3579
34227	3590
34228	3590
34229	3590
34230	3579
34231	3579
34232	3579
34233	3579
34234	3579
34235	3579
34236	3579
34237	3579
34238	3579
34239	3579
34240	3579
34241	3579
34242	3579
34243	3590
34244	3590
34245	3590
34246	3590
34247	3590
34248	3590
34249	3590
34250	3590
34251	3590
34252	3590
34253	3590
34254	3590
34255	3590
34256	3590
34257	3590
34258	3590
34259	3590
34260	3590
34261	3590
34262	3590
34263	3590
34264	3590
34265	3590
34266	3579
34267	3579
34268	3579
34269	3579
34270	3579
34271	3579
34272	3579
34273	3579
34274	3579
34275	3579
34276	3579
34277	3590
34278	3590
34279	3590
34280	3590
34281	3579
34282	3579
34283	3579
34284	3590
34285	3590
34286	3590
34287	3590
34288	3590
34289	3590
34290	3590
34291	3590
34292	3590
34293	3590
34294	3590
34295	3590
34296	3590
34297	3590
34298	3590
34299	3590
34300	3590
34301	3590
34302	3590
34303	3590
34304	3587
34305	3590
34306	3590
34307	3590
34308	3590
34309	3590
34310	3590
34311	3590
34312	3590
34313	3590
34314	3590
34315	3590
34316	3590
34317	3590
34318	3590
34319	3590
34320	3590
34321	3590
34322	3590
34323	3590
34324	3590
34325	3590
34326	3590
34327	3590
34328	3590
34329	3590
34330	3590
34331	3590
34332	3590
34333	3590
34334	3590
34335	3590
34336	3590
34337	3590
34338	3590
34339	3590
34340	3590
34341	3590
34342	3590
34343	3590
34344	3590
34345	3590
34346	3590
34347	3579
34348	3579
34349	3590
34350	3590
34351	3590
34352	3590
34353	4343
34354	3861
34355	3981
34356	3981
34357	3863
34358	4274
34359	3866
34360	3968
34361	3945
34362	4261
34363	4261
34364	4258
34365	4112
34366	456
34367	4113
34368	4260
34369	4260
34370	627
34371	627
34372	4262
34373	4263
34374	4262
34375	627
34376	626
34377	626
34378	3871
34379	3871
34380	4132
34381	4134
34382	3865
34383	3868
34384	3869
34385	3870
34386	3874
34387	4127
34388	4409
34389	4402
34390	4402
34391	4406
34392	4340
34393	4340
34394	4406
34395	4339
34396	4024
34397	4022
34398	4340
34399	4091
34400	4397
34401	4296
34402	4397
34403	4339
34404	4339
34405	4339
34406	4406
34407	3913
34408	3913
34409	3913
34410	3913
34411	3925
34412	4193
34413	4193
34414	4193
34415	4193
34416	4193
34417	4193
34418	4193
34419	4193
34420	4193
34421	4193
34422	4193
34423	4193
34424	3902
34425	4193
34426	4193
34427	3886
34428	3889
34429	4306
34430	3898
34431	3926
34432	3859
34433	3925
34434	3913
34435	3913
34436	3913
34437	3921
34438	3914
34439	3923
34440	3915
34441	4102
34442	4430
34443	4659
34444	4659
34445	4072
34446	3918
34447	3918
34448	4079
34449	4659
34450	4659
34451	4343
34452	4388
34453	4430
34454	4430
34455	4430
34456	4430
34457	4430
34458	3915
34459	3915
34460	3915
34461	3915
34462	3915
34463	4388
34464	4388
34465	3914
34466	3914
34467	4675
34468	4430
34469	4272
34470	4406
34471	4405
34472	3919
34473	3915
34474	4388
34475	4388
34476	4430
34477	4430
34478	3915
34479	4024
34480	4031
34481	4294
34482	4085
34483	4086
34484	3940
34485	4086
34486	3940
34487	4089
34488	3941
34489	4089
34490	3937
34491	3949
34492	3937
34493	3937
34494	4086
34495	4086
34496	4087
34497	4294
34498	4085
34499	3965
34500	3966
34501	3938
34502	3937
34503	3949
34504	3954
34505	4312
34506	3929
34507	3929
34508	3923
34509	3953
34510	3929
34511	3923
34512	3956
34513	3957
34514	3958
34515	3959
34516	3922
34517	3960
34518	4278
34519	3958
34520	3963
34521	3928
34522	3960
34523	3961
34524	3962
34525	3963
34526	3928
34527	3967
34528	3963
34529	4042
34530	4275
34531	3975
34532	3972
34533	3978
34534	4041
34535	4411
34536	4041
34537	4604
34538	4675
34539	4268
34540	3982
34541	3976
34542	3883
34543	4410
34544	4037
34545	4020
34546	3986
34547	3986
34548	4034
34549	3985
34550	4035
34551	4038
34552	3989
34553	4040
34554	4410
34555	4603
34556	4012
34557	4019
34558	4410
34559	3991
34560	3991
34561	3994
34562	4287
34563	3995
34564	4288
34565	3998
34566	3981
34567	3861
34568	4000
34569	3860
34570	4004
34571	4005
34572	3992
34573	4286
34574	4287
34575	4011
34576	4010
34577	4008
34578	4016
34579	4010
34580	4017
34581	4018
34582	4408
34583	4408
34584	3987
34585	4284
34586	4017
34587	4283
34588	4282
34589	4019
34590	4408
34591	3999
34592	3985
34593	4284
34594	3986
34595	4283
34596	4282
34597	4602
34598	4398
34599	4282
34600	4398
34601	4020
34602	4022
34603	4022
34604	4022
34605	4024
34606	4023
34607	4023
34608	4026
34609	4026
34610	4028
34611	4291
34612	4030
34613	4290
34614	4030
34615	4289
34616	4023
34617	4034
34618	4035
34619	4030
34620	4021
34621	4034
34622	4034
34623	4035
34624	4675
34625	4041
34626	3932
34627	4046
34628	3933
34629	3940
34630	4098
34631	4092
34632	4090
34633	4090
34634	3933
34635	3934
34636	4092
34637	4090
34638	4058
34639	3910
34640	3909
34641	3907
34642	3894
34643	3904
34644	3889
34645	4340
34646	4339
34647	4339
34648	4295
34649	4293
34650	4293
34651	4295
34652	4292
34653	4295
34654	4397
34655	4055
34656	4064
34657	4304
34658	4273
34659	4070
34660	3925
34661	3911
34662	3899
34663	3951
34664	3924
34665	3951
34666	3952
34667	4325
34668	4075
34669	4065
34670	4069
34671	4271
34672	4271
34673	3950
34674	3938
34675	3938
34676	4082
34677	4076
34678	4081
34679	4084
34680	4084
34681	3946
34682	3948
34683	3938
34684	4031
34685	4291
34686	4292
34687	4025
34688	4024
34689	4291
34690	4292
34691	4295
34692	4293
34693	4090
34694	3934
34695	4061
34696	4094
34697	4046
34698	3931
34699	3931
34700	4085
34701	3932
34702	3940
34703	4027
34704	4292
34705	4089
34706	4090
34707	4089
34708	4090
34709	4045
34710	4033
34711	4289
34712	4289
34713	4294
34714	4100
34715	4100
34716	691
34717	4103
34718	4237
34719	4160
34720	4103
34721	4160
34722	4238
34723	4312
34724	3939
34725	4160
34726	4152
34727	4107
34728	4108
34729	4109
34730	4109
34731	4110
34732	4111
34733	4111
34734	3990
34735	446
34736	3864
34737	3862
34738	4116
34739	4002
34740	4118
34741	4015
34742	4014
34743	3989
34744	3990
34745	4120
34746	4219
34747	4116
34748	4121
34749	4115
34750	4123
34751	3878
34752	4279
34753	4125
34754	3877
34755	4129
34756	4129
34757	4122
34758	4129
34759	4122
34760	4119
34761	4119
34762	4130
34763	4131
34764	4133
34765	492
34766	4137
34767	3881
34768	4135
34769	4312
34770	4312
34771	3938
34772	4137
34773	4156
34774	4158
34775	4157
34776	4157
34777	4139
34778	4044
34779	4143
34780	4104
34781	4144
34782	4105
34783	4145
34784	4160
34785	4149
34786	4159
34787	4150
34788	4153
34789	4151
34790	4154
34791	3917
34792	4147
34793	4206
34794	4324
34795	4149
34796	4149
34797	4150
34798	4151
34799	4172
34800	4240
34801	4152
34802	4153
34803	4155
34804	4139
34805	4044
34806	4158
34807	4158
34808	4156
34809	3942
34810	4164
34811	3942
34812	4100
34813	4100
34814	4156
34815	4156
34816	4157
34817	4102
34818	4104
34819	4104
34820	4153
34821	4152
34822	4153
34823	4153
34824	4140
34825	4141
34826	4152
34827	4156
34828	4164
34829	500
34830	500
34831	4162
34832	500
34833	416
34834	3947
34835	3947
34836	4100
34837	416
34838	416
34839	4196
34840	4196
34841	4175
34842	4168
34843	4187
34844	4187
34845	4187
34846	4176
34847	4199
34848	4176
34849	4170
34850	4170
34851	4170
34852	4170
34853	4168
34854	4167
34855	4167
34856	4167
34857	4170
34858	4170
34859	4167
34860	4171
34861	4171
34862	4171
34863	4171
34864	4173
34865	4173
34866	4171
34867	4171
34868	4171
34869	4176
34870	4176
34871	4173
34872	4174
34873	4174
34874	4061
34875	4174
34876	4174
34877	4199
34878	4176
34879	4178
34880	4178
34881	4178
34882	4179
34883	4183
34884	4199
34885	4190
34886	4181
34887	4181
34888	4182
34889	4183
34890	4082
34891	4199
34892	4190
34893	4181
34894	4188
34895	4182
34896	4184
34897	4083
34898	4189
34899	4182
34900	4188
34901	4182
34902	4189
34903	4163
34904	4084
34905	4084
34906	4136
34907	3946
34908	3947
34909	4199
34910	4190
34911	4203
34912	4188
34913	4192
34914	4136
34915	4189
34916	4163
34917	3947
34918	3947
34919	4199
34920	4203
34921	4203
34922	4188
34923	4192
34924	4317
34925	4317
34926	4314
34927	4315
34928	4313
34929	4314
34930	667
34931	4199
34932	540
34933	540
34934	4199
34935	4203
34936	4199
34937	4203
34938	4203
34939	540
34940	540
34941	540
34942	4193
34943	4212
34944	538
34945	4193
34946	4193
34947	4193
34948	4193
34949	4193
34950	539
34951	4193
34952	4199
34953	4199
34954	4199
34955	4199
34956	538
34957	538
34958	538
34959	539
34960	539
34961	539
34962	540
34963	4194
34964	4194
34965	4214
34966	4211
34967	4214
34968	4211
34969	4211
34970	4211
34971	4211
34972	540
34973	534
34974	534
34975	4203
34976	4198
34977	4213
34978	4214
34979	525
34980	534
34981	534
34982	502
34983	4198
34984	4213
34985	523
34986	523
34987	502
34988	4317
34989	4201
34990	522
34991	537
34992	667
34993	4317
34994	667
34995	667
34996	4201
34997	4200
34998	4198
34999	4198
35000	4198
35001	4198
35002	4194
35003	4194
35004	4194
35005	4207
35006	4206
35007	4302
35008	4324
35009	4207
35010	4206
35011	4208
35012	4169
35013	4205
35014	4205
35015	4208
35016	4169
35017	4205
35018	4205
35019	4165
35020	4166
35021	4209
35022	4165
35023	4165
35024	4166
35025	4166
35026	4166
35027	4196
35028	4196
35029	4210
35030	4196
35031	4210
35032	4196
35033	4195
35034	4193
35035	4195
35036	4193
35037	4212
35038	4193
35039	540
35040	540
35041	540
35042	534
35043	534
35044	534
35045	540
35046	540
35047	538
35048	538
35049	529
35050	539
35051	539
35052	525
35053	527
35054	538
35055	529
35056	539
35057	532
35058	525
35059	527
35060	538
35061	529
35062	530
35063	532
35064	534
35065	523
35066	525
35067	525
35068	527
35069	529
35070	530
35071	532
35072	531
35073	534
35074	534
35075	502
35076	452
35077	544
35078	4216
35079	4216
35080	4217
35081	4216
35082	4221
35083	3990
35084	4221
35085	3990
35086	4223
35087	3990
35088	4114
35089	452
35090	4222
35091	4220
35092	4218
35093	4220
35094	4234
35095	4234
35096	4224
35097	4233
35098	4233
35099	545
35100	4228
35101	4228
35102	4228
35103	4227
35104	4215
35105	4226
35106	4218
35107	4215
35108	4225
35109	4225
35110	4130
35111	4231
35112	4227
35113	4231
35114	4229
35115	4227
35116	543
35117	543
35118	4232
35119	4229
35120	4155
35121	4249
35122	4244
35123	4241
35124	4243
35125	4253
35126	4242
35127	4301
35128	4245
35129	4243
35130	4298
35131	4253
35132	816
35133	4298
35134	570
35135	4252
35136	4252
35137	4161
35138	4248
35139	4155
35140	819
35141	4299
35142	4244
35143	571
35144	4254
35145	570
35146	631
35147	574
35148	574
35149	816
35150	819
35151	4196
35152	4196
35153	4196
35154	4193
35155	4193
35156	4193
35157	4193
35158	4193
35159	4193
35160	4193
35161	4193
35162	4199
35163	4199
35164	4199
35165	4199
35166	4199
35167	4199
35168	4199
35169	4199
35170	4199
35171	4199
35172	4196
35173	4196
35174	4187
35175	4187
35176	4199
35177	4193
35178	4193
35179	4193
35180	4193
35181	4193
35182	4193
35183	4199
35184	4199
35185	4199
35186	4199
35187	4199
35188	4193
35189	4193
35190	4193
35191	4196
35192	4193
35193	4187
35194	4187
35195	4187
35196	4199
35197	4199
35198	4199
35199	4199
35200	4199
35201	4199
35202	4199
35203	4199
35204	4199
35205	4199
35206	4193
35207	4193
35208	4193
35209	4193
35210	4193
35211	4193
35212	4193
35213	4193
35214	4196
35215	4196
35216	4196
35217	4193
35218	4193
35219	4193
35220	4193
35221	4199
35222	4199
35223	4199
35224	4199
35225	4199
35226	4199
35227	4199
35228	4199
35229	4199
35230	4199
35231	4193
35232	4193
35233	4193
35234	4193
35235	4193
35236	4193
35237	4193
35238	4193
35239	4193
35240	4193
35241	4193
35242	4193
35243	4193
35244	4193
35245	4199
35246	4199
35247	4193
35248	4193
35249	4193
35250	4193
35251	4193
35252	4193
35253	4193
35254	4199
35255	4199
35256	4199
35257	4199
35258	4199
35259	4187
35260	4199
35261	4193
35262	4193
35263	4199
35264	4199
35265	4199
35266	4199
35267	4199
35268	4199
35269	4199
35270	4193
35271	4193
35272	4193
35273	4193
35274	4193
35275	4193
35276	4193
35277	4232
35278	4137
35279	4111
35280	4132
35281	4134
35282	3965
35283	4259
35284	4259
35285	4260
35286	4134
35287	4258
35288	3944
35289	3963
35290	4275
35291	3966
35292	4266
35293	3975
35294	3974
35295	4274
35296	3949
35297	3949
35298	3955
35299	3952
35300	3981
35301	3864
35302	3998
35303	4264
35304	4264
35305	3970
35306	3973
35307	4276
35308	4277
35309	3963
35310	3963
35311	4278
35312	4277
35313	3963
35314	3960
35315	3963
35316	3958
35317	3954
35318	3958
35319	3954
35320	3953
35321	4267
35322	3878
35323	3872
35324	3880
35325	4269
35326	4268
35327	4268
35328	3981
35329	3973
35330	4002
35331	4118
35332	4120
35333	4004
35334	3992
35335	4004
35336	3860
35337	3860
35338	3863
35339	4259
35340	4039
35341	4038
35342	4037
35343	4602
35344	4398
35345	4020
35346	4021
35347	4283
35348	4282
35349	4013
35350	4603
35351	4409
35352	4006
35353	4603
35354	4410
35355	4030
35356	4028
35357	4057
35358	4023
35359	4022
35360	4290
35361	4290
35362	4291
35363	4292
35364	4025
35365	4024
35366	4033
35367	4291
35368	4292
35369	4025
35370	4024
35371	4293
35372	4295
35373	4292
35374	4291
35375	4086
35376	4294
35377	4085
35378	416
35379	500
35380	415
35381	573
35382	570
35383	574
35384	816
35385	816
35386	819
35387	4162
35388	4162
35389	4162
35390	4162
35391	3950
35392	4273
35393	3950
35394	4069
35395	4067
35396	4065
35397	3950
35398	4247
35399	4246
35400	4246
35401	4246
35402	570
35403	570
35404	4139
35405	3916
35406	4072
35407	4049
35408	4054
35409	3951
35410	3925
35411	3911
35412	4070
35413	4066
35414	4051
35415	3913
35416	3913
35417	3913
35418	3897
35419	3913
35420	3913
35421	3859
35422	4022
35423	4022
35424	3913
35425	4397
35426	4024
35427	4339
35428	4086
35429	4089
35430	4090
35431	4296
35432	4295
35433	4293
35434	4339
35435	4089
35436	4090
35437	4296
35438	4397
35439	4024
35440	4339
35441	4339
35442	3952
35443	4062
35444	3953
35445	3937
35446	3937
35447	4312
35451	4315
35453	3947
35454	4315
35455	4315
35457	3947
35459	4318
35460	4319
35462	4154
35463	569
35464	569
35465	569
35466	500
35467	819
35468	819
35469	4299
35470	4100
35471	4294
35472	4029
35473	4086
35474	4293
35475	4295
35476	4292
35477	4090
35478	4086
35479	4085
35480	667
35481	4314
35482	4314
35483	4163
35484	3946
35485	3946
35486	3948
35487	3917
35488	3918
35489	4151
35490	4150
35491	4149
35492	4145
35493	4324
35494	4206
35495	3948
35496	4078
35497	4078
35498	4076
35499	4076
35500	4323
35501	4072
35502	3938
35503	3938
35504	3948
35505	665
35506	4313
35507	3917
35508	4159
35509	4146
35510	4145
35511	4144
35512	4143
35513	4302
35514	4315
35515	4136
35516	4166
35517	4169
35518	4169
35519	4169
35520	4252
35521	4162
35522	570
35523	416
35524	691
35525	4164
35526	500
35527	4289
35528	500
35529	4161
35530	4252
35531	4253
35532	4244
35533	4246
35534	4251
35535	4298
35536	3942
35537	416
35538	4100
35539	4164
35540	500
35541	4294
35542	3923
35543	3915
35544	3915
35545	4430
35546	4430
35547	4430
35548	4659
35549	4405
35550	4650
35551	4327
35552	4367
35553	4327
35554	4367
35555	4327
35556	4367
35557	4327
35558	4328
35559	4327
35560	4327
35561	4327
35562	4327
35563	4327
35564	4327
35565	4327
35566	4371
35567	4338
35568	4338
35569	4371
35570	4339
35571	4339
35572	4406
35573	4406
35574	4387
35575	4387
35576	4370
35577	4370
35578	4424
35579	4421
35580	4386
35581	4646
35582	4646
35583	4414
35584	4606
35585	4459
35586	4606
35587	4373
35588	4347
35589	4347
35590	4347
35591	4327
35592	4405
35593	4327
35594	4367
35595	4366
35596	4367
35597	4372
35598	4347
35599	4366
35600	4366
35601	4345
35602	4366
35603	4366
35604	4366
35605	4372
35606	4367
35607	4424
35608	4431
35609	4431
35610	4650
35611	4440
35612	4347
35613	4442
35614	4441
35615	4606
35616	4416
35617	4606
35618	4416
35619	4415
35620	4459
35621	4650
35622	4442
35623	4366
35624	4443
35625	4441
35626	4366
35627	4405
35628	4366
35629	4650
35630	4650
35631	4650
35632	4371
35633	4405
35634	4405
35635	4345
35636	4366
35637	4405
35638	4650
35639	4442
35640	4366
35641	4366
35642	4366
35643	4366
35644	4347
35645	4646
35646	4416
35647	4442
35648	4345
35649	4421
35650	4327
35651	4406
35652	4327
35653	4327
35654	4406
35655	4327
35656	4327
35657	4650
35658	4366
35659	4442
35660	4414
35661	4414
35662	4459
35663	4339
35664	4327
35665	4327
35666	4367
35667	4366
35668	4366
35669	4345
35670	4347
35671	4373
35672	4371
35673	4327
35674	4327
35675	4367
35676	4366
35677	4366
35678	4345
35679	4347
35680	4347
35681	4347
35682	4345
35683	4366
35684	4372
35685	4367
35686	4328
35687	4327
35688	4327
35689	4371
35690	4366
35691	4366
35692	4366
35693	4367
35694	4327
35695	4327
35696	4327
35697	4327
35698	4447
35699	4415
35700	4415
35701	4416
35702	4347
35703	4345
35704	4366
35705	4372
35706	4367
35707	4328
35708	4327
35709	4371
35710	4374
35711	4646
35712	4447
35713	4637
35714	4424
35715	4431
35716	4459
35717	4643
35718	4643
35719	4643
35720	4643
35721	4459
35722	4459
35723	4459
35724	4459
35725	4392
35726	4373
35727	4373
35728	4373
35729	4392
35730	4392
35731	4459
35732	4459
35733	4392
35734	4392
35735	4373
35736	4405
35737	4327
35738	4405
35739	4327
35740	4406
35741	4343
35742	4339
35743	4337
35744	4339
35745	4337
35746	4339
35747	4339
35748	4659
35749	4343
35750	4343
35751	4659
35752	4339
35753	4339
35754	4340
35755	4339
35756	4340
35757	4340
35758	4340
35759	4337
35760	4339
35761	4339
35762	4659
35763	4193
35764	4193
35765	4193
35766	4193
35767	4193
35768	4212
35769	4212
35770	4212
35771	4210
35772	4257
35773	4256
35774	4196
35775	4196
35776	4196
35777	4187
35778	4187
35779	4199
35780	4180
35781	4190
35782	4190
35783	4190
35784	4190
35785	4199
35786	4199
35787	4199
35788	4199
35789	4199
35790	4605
35791	4418
35792	4440
35793	4605
35794	4404
35795	4440
35796	4404
35797	4404
35798	4440
35799	4405
35800	4650
35801	4405
35802	4650
35803	4601
35804	4601
35805	4601
35806	4402
35807	4402
35808	4667
35809	4667
35810	4590
35811	4590
35812	4459
35813	4415
35814	4459
35815	4415
35816	4646
35817	4429
35818	4416
35819	4645
35820	4443
35821	4645
35822	4421
35823	4421
35824	4421
35825	4463
35826	4463
35827	4463
35828	4463
35829	4358
35830	4400
35831	4650
35832	4423
35833	4424
35834	4424
35835	4431
35836	4463
35837	4607
35838	4464
35839	4464
35840	4667
35841	4443
35842	4637
35843	4637
35844	4424
35845	4422
35846	4605
35847	4646
35848	4416
35849	4650
35850	4443
35851	4650
35852	3993
35853	4650
35854	4441
35855	4416
35856	4416
35857	4423
35858	4423
35859	4418
35860	4668
35861	4668
35862	4646
35863	4646
35864	4668
35865	4671
35866	4667
35867	4667
35868	4455
35869	4667
35870	4666
35871	4666
35872	4430
35873	4646
35874	4668
35875	4666
35876	4667
35877	4590
35878	4590
35879	4586
35880	4464
35881	4464
35882	4464
35883	4590
35884	4464
35885	4590
35886	4590
35887	4590
35888	4590
35889	4590
35890	4464
35891	4464
35892	4464
35893	4464
35894	4464
35895	4404
35896	4404
35897	4404
35898	4601
35899	4405
35900	4686
35901	4686
35902	4710
35903	4477
35904	4479
35905	4710
35906	4479
35907	4709
35908	4477
35909	4477
35910	4477
35911	4477
35912	4477
35913	4477
35914	4477
35915	4710
35916	4477
35917	4710
35918	4710
35919	4477
35920	4477
35921	4710
35922	4477
35923	4710
35924	4710
35925	4710
35926	4710
35927	4709
35928	4709
35929	4709
35930	4479
35931	4686
35932	4686
35933	4691
35934	4691
35935	4686
35936	4709
35937	4684
35938	4709
35939	4684
35940	4684
35941	4684
35942	4684
35943	4684
35944	4686
35945	4477
35946	4477
35947	4477
35948	4477
35949	4522
35950	4699
35951	4478
35952	4522
35953	4849
35954	4479
35955	4501
35956	4501
35957	4612
35958	4612
35959	4524
35960	4618
35961	4522
35962	4503
35963	4691
35964	4698
35965	4686
35966	4686
35967	4618
35968	4634
35969	4514
35970	4686
35971	4618
35972	4634
35973	4514
35974	4524
35975	4501
35976	4524
35977	4501
35978	4524
35979	4501
35980	4617
35981	4500
35982	4500
35983	4500
35984	4479
35985	4479
35986	4709
35987	4478
35988	4500
35989	4617
35990	4500
35991	4617
35992	4477
35993	4617
35994	4477
35995	4617
35996	4477
35997	4500
35998	4501
35999	4478
36000	4501
36001	4477
36002	4500
36003	4477
36004	4684
36005	4721
36006	4479
36007	4479
36008	4699
36009	4503
36010	4477
36011	4477
36012	4710
36013	4721
36014	4839
36015	4710
36016	4710
36017	4710
36018	4721
36019	4721
36020	4839
36021	4721
36022	4709
36023	4684
36024	4721
36025	4686
36026	4686
36027	4692
36028	4710
36029	4589
36030	4589
36031	4589
36032	4695
36033	4625
36034	4589
36035	4625
36036	4589
36037	4625
36038	4589
36039	4625
36040	4589
36041	4625
36042	4589
36043	4631
36044	4609
36045	4610
36046	4610
36047	4589
36048	4610
36049	4617
36050	4625
36051	4609
36052	4609
36053	4626
36054	4626
36055	4609
36056	4626
36057	4609
36058	4483
36059	4625
36060	4588
36061	4625
36062	4588
36063	4587
36064	4588
36065	4587
36066	4560
36067	4587
36068	4631
36069	4631
36070	4503
36071	4522
36072	4524
36073	4587
36074	4588
36075	4477
36076	4699
36077	4699
36078	4699
36079	4500
36080	4503
36081	4634
36082	4612
36083	4522
36084	4522
36085	4522
36086	4524
36087	4523
36088	4523
36089	4587
36090	4587
36091	4587
36092	4588
36093	4588
36094	4588
36095	4588
36096	4631
36097	4625
36098	4625
36099	4617
36100	4617
36101	4500
36102	4500
36103	4617
36104	4625
36105	4628
36106	4617
36107	4500
36108	4477
36109	4625
36110	4628
36111	4450
36112	4601
36113	4601
36114	4404
36115	4650
36116	4650
36117	4404
36118	4403
36119	4440
36120	4440
36121	4443
36122	4650
36123	4440
36124	4478
36125	4415
36126	4459
36127	4667
36128	4464
36129	4588
36130	4587
36131	4524
36132	4501
36133	4416
36134	4667
36135	4464
36136	4588
36137	4587
36138	4524
36139	4501
36140	4478
36141	4479
36142	4427
36143	4464
36144	4588
36145	4625
36146	4524
36147	4501
36148	4617
36149	4617
36150	4617
36151	4501
36152	4501
36153	4501
36154	4501
36155	4501
36156	4501
36157	4500
36158	4500
36159	4500
36160	4500
36161	4501
36162	4617
36163	4617
36164	4617
36165	4631
36166	4631
36167	4589
36168	4621
36169	4621
36170	4621
36171	4621
36172	4625
36173	4587
36174	4587
36175	4587
36176	4587
36177	4587
36178	4587
36179	4609
36180	4609
36181	4617
36182	4625
36183	4625
36184	4625
36185	4610
36186	4610
36187	4610
36188	4610
36189	4610
36190	4610
36191	4617
36192	4538
36193	4617
36194	4617
36195	4625
36196	4632
36197	4632
36198	4632
36199	4632
36200	4632
36201	4632
36202	4632
36203	4588
36204	4588
36205	4588
36206	4588
36207	4632
36208	4628
36209	4628
36210	4628
36211	4628
36212	4587
36213	4587
36214	4587
36215	4710
36216	4477
36217	4477
36218	4477
36219	4500
36220	4590
36221	4625
36222	4589
36223	4631
36224	4587
36225	4632
36226	4621
36227	4710
36228	4477
36229	4477
36230	4477
36231	4500
36232	4617
36233	4631
36234	4631
36235	4587
36236	4625
36237	4632
36238	4625
36239	4479
36240	4699
36241	4522
36242	4501
36243	4524
36244	4610
36245	4626
36246	4587
36247	4464
36248	4588
36249	4463
36250	4588
36251	4479
36252	4478
36253	4709
36254	4699
36255	4479
36256	4709
36257	4522
36258	4612
36259	4699
36260	4698
36261	4686
36262	4477
36263	4477
36264	4477
36265	4477
36266	4477
36267	4477
36268	4500
36269	4500
36270	4500
36271	4500
36272	4500
36273	4500
36274	4500
36275	4500
36276	4500
36277	4527
36278	4612
36279	4612
36280	4612
36281	4612
36282	4612
36283	4455
36284	4455
36285	4455
36286	4455
36287	4522
36288	4618
36289	4610
36290	4626
36291	4587
36292	4609
36293	4580
36294	4464
36295	4463
36296	4625
36297	4589
36298	4416
36299	4645
36300	4646
36301	4597
36302	4464
36303	4415
36304	4459
36305	4667
36306	4666
36307	4646
36308	4416
36309	4443
36310	4459
36311	4415
36312	4416
36313	4443
36314	4628
36315	4590
36316	4668
36317	4646
36318	4455
36319	4637
36320	4424
36321	4431
36322	4628
36323	4590
36324	4666
36325	4628
36326	4590
36327	4668
36328	4646
36329	4455
36330	4637
36331	4424
36332	4431
36333	4607
36334	4607
36335	4644
36336	4607
36337	4607
36338	4607
36339	4465
36340	4465
36341	4465
36342	4465
36343	4465
36344	4465
36345	4465
36346	4465
36347	4644
36348	4644
36349	4644
36350	4644
36351	4644
36352	4667
36353	4465
36354	4465
36355	4643
36356	4459
36357	4643
36358	4643
36359	4643
36360	4643
36361	4643
36362	4459
36363	4643
36364	4643
36365	4643
36366	4459
36367	4459
36368	4459
36369	4667
36370	4667
36371	4667
36372	4607
36373	4607
36374	4607
36375	4465
36376	4607
36377	4644
36378	4644
36379	4459
36380	4465
36381	4643
36382	4438
36383	4432
36384	4438
36385	4407
36386	4438
36387	4604
36388	4402
36389	4604
36390	4402
36391	4408
36392	4408
36393	4402
36394	4724
36395	4724
36396	4724
36397	4724
36398	4725
36399	4724
36400	4724
36401	4724
36402	4724
36403	4724
36404	4724
36405	4724
36406	4721
36407	4721
36408	4685
36409	4723
36410	4723
36411	4723
36412	4723
36413	4724
36414	4721
36415	4685
36416	4685
36417	4723
36418	4839
36419	4839
36420	4951
36421	4723
36422	4721
36423	4685
36424	4685
36425	4685
36426	4723
36427	4948
36428	4948
36429	4684
36430	4948
36431	4684
36432	4685
36433	4839
36434	4839
36435	4684
36436	4684
36437	4617
36438	4617
36439	4617
36440	4617
36441	4617
36442	4617
36443	4684
36444	4709
36445	4709
36446	4709
36447	4709
36448	4684
36449	4709
36450	4709
36451	4684
36452	4710
36453	4710
36454	4527
36455	4710
36456	4710
36457	4721
36458	4839
36459	4851
36460	4851
36461	4710
36462	4710
36463	4851
36464	4854
36465	4710
36466	4710
36467	4710
36468	4710
36469	4854
36470	4851
36471	4710
36472	4710
36473	4709
36474	4710
36475	4710
36476	4710
36477	4785
36478	4740
36479	4740
36480	4785
36481	4739
36482	4931
36483	5159
36484	4738
36485	4932
36486	4729
36487	4739
36488	5116
36489	4841
36490	4950
36491	4722
36492	4839
36493	4857
36494	4722
36495	4840
36496	4857
36497	4722
36498	4550
36499	4722
36500	4740
36501	4742
36502	4740
36503	4742
36504	4740
36505	4742
36506	4740
36507	4742
36508	4740
36509	4742
36510	4738
36511	4785
36512	4738
36513	4738
36514	4745
36515	4931
36516	4740
36517	4739
36518	4739
36519	4739
36520	4739
36521	4740
36522	4740
36523	4745
36524	4745
36525	4744
36526	4740
36527	4740
36528	4740
36529	4740
36530	4742
36531	4742
36532	4742
36533	4742
36534	4746
36535	4746
36536	4746
36537	4753
36538	4745
36539	4785
36540	4748
36541	4748
36542	4748
36543	4748
36544	4748
36545	4748
36546	4748
36547	4748
36548	4750
36549	4750
36550	4752
36551	4752
36552	4797
36553	4797
36554	4801
36555	4801
36556	4801
36557	4801
36558	4801
36559	4801
36560	4757
36561	4757
36562	4757
36563	4776
36564	4776
36565	4797
36566	4797
36567	4797
36568	4797
36569	4797
36570	4797
36571	4758
36572	4801
36573	4758
36574	4801
36575	4746
36576	4746
36577	4745
36578	4785
36579	4785
36580	4785
36581	4757
36582	4751
36583	4748
36584	4745
36585	4785
36586	4785
36587	4738
36588	4738
36589	4739
36590	4932
36591	4738
36592	4738
36593	4785
36594	4785
36595	4757
36596	4751
36597	4748
36598	4745
36599	4742
36600	4739
36601	4977
36602	4757
36603	4751
36604	4748
36605	4745
36606	4742
36607	4740
36608	4977
36609	4757
36610	4751
36611	4748
36612	4745
36613	4742
36614	4740
36615	4785
36616	4937
36617	4801
36618	4797
36619	4785
36620	4746
36621	4801
36622	4797
36623	4785
36624	4785
36625	4750
36626	4801
36627	4797
36628	4954
36629	4897
36630	4840
36631	4840
36632	4897
36633	4950
36634	4725
36635	4725
36636	4961
36637	4950
36638	4961
36639	4961
36640	4839
36641	4839
36642	4839
36643	4839
36644	4839
36645	4857
36646	4839
36647	4859
36648	4722
36649	4859
36650	4859
36651	4859
36652	4722
36653	4857
36654	4924
36655	4856
36656	4856
36657	4927
36658	4858
36659	4927
36660	4858
36661	4869
36662	4858
36663	4869
36664	4857
36665	4722
36666	4920
36667	4857
36668	4857
36669	4855
36670	4840
36671	4924
36672	4954
36673	4722
36674	4725
36675	4840
36676	4954
36677	4839
36678	4839
36679	4839
36680	4839
36681	4839
36682	4839
36683	4857
36684	4839
36685	4857
36686	4859
36687	4857
36688	4857
36689	4857
36690	4856
36691	4858
36692	4869
36693	4869
36694	4840
36695	4863
36696	4863
36697	4724
36698	4841
36699	4914
36700	4724
36701	4842
36702	4961
36703	4724
36704	4842
36705	4961
36706	4842
36707	4961
36708	4839
36709	4839
36710	4839
36711	4839
36712	4839
36713	4857
36714	4839
36715	4839
36716	4839
36717	4823
36718	4869
36719	4859
36720	4859
36721	4857
36722	4857
36723	4839
36724	4839
36725	4839
36726	4839
36727	4839
36728	4839
36729	4869
36730	4858
36731	4869
36732	4858
36733	4869
36734	4853
36735	4919
36736	4896
36737	4957
36738	4957
36739	4960
36740	4919
36741	4893
36742	4893
36743	4893
36744	4893
36745	4919
36746	4919
36747	4802
36748	4802
36749	4767
36750	4802
36751	4802
36752	4776
36753	4802
36754	4802
36755	4802
36756	4802
36757	4900
36758	4900
36759	4900
36760	4966
36761	4966
36762	4966
36763	4966
36764	4966
36765	4966
36766	4801
36767	4958
36768	4899
36769	4918
36770	4918
36771	4925
36772	4925
36773	4888
36774	4888
36775	4888
36776	4888
36777	4767
36778	4907
36779	4958
36780	4958
36781	4893
36782	4888
36783	4893
36784	4885
36785	4888
36786	4802
36787	4802
36788	4879
36789	4768
36790	4864
36791	4879
36792	4879
36793	4768
36794	4895
36795	4916
36796	4952
36797	4915
36798	4916
36799	4767
36800	4960
36801	4915
36802	4916
36803	4767
36804	4802
36805	4888
36806	4888
36807	4893
36808	4802
36809	4966
36810	4888
36811	4893
36812	4802
36813	4966
36814	4888
36815	4893
36816	4841
36817	4860
36818	4906
36819	4901
36820	4959
36821	4902
36822	4906
36823	4894
36824	4894
36825	4894
36826	4915
36827	4908
36828	4910
36829	4910
36830	4913
36831	4959
36832	4840
36833	4897
36834	4957
36835	4966
36836	4966
36837	4919
36838	4919
36839	4954
36840	4896
36841	4956
36842	4840
36843	4840
36844	4840
36845	4896
36846	4840
36847	4899
36848	4966
36849	4913
36850	4910
36851	4894
36852	4947
36853	4977
36854	5159
36855	4931
36856	4977
36857	4947
36858	4947
36859	4977
36860	4977
36861	4931
36862	4931
36863	4931
36864	5050
36865	4992
36866	4992
36867	4992
36868	4992
36869	4992
36870	4992
36871	4992
36872	4992
36873	4992
36874	5159
36875	5050
36876	5096
36877	5096
36878	4992
36879	5160
36880	5096
36881	5096
36882	5096
36883	5050
36884	5050
36885	5159
36886	5159
36887	4992
36888	4992
36889	5159
36890	5159
36891	5159
36892	4992
36893	4947
36894	4931
36895	4992
36896	5159
36897	4947
36898	4931
36899	4977
36900	4722
36901	4857
36902	4840
36903	4863
36904	4724
36905	4841
36906	4914
36907	4724
36908	4841
36909	4914
36910	4857
36911	4856
36912	4863
36913	4909
36914	4895
36915	4914
36916	4864
36917	4724
36918	4841
36919	4893
36920	4888
36921	4888
36922	4893
36923	4879
36924	4864
36925	4864
36926	4879
36927	4929
36928	4864
36929	4879
36930	4864
36931	4864
36932	4915
36933	4910
36934	4915
36935	4895
36936	4916
36937	4895
36938	4894
36939	4767
36940	4768
36941	4758
36942	4768
36943	4758
36944	4929
36945	4916
36946	4872
36947	4872
36948	4873
36949	4873
36950	4873
36951	4966
36952	4966
36953	4878
36954	4802
36955	4802
36956	4802
36957	4802
36958	4802
36959	4802
36960	4966
36961	4785
36962	4785
36963	4746
36964	4801
36965	4751
36966	4748
36967	4745
36968	4785
36969	4745
36970	4745
36971	4742
36972	4740
36973	5050
36974	4931
36975	4740
36976	4742
36977	4740
36978	4740
36979	4931
36980	5050
36981	4745
36982	4742
36983	4740
36984	4740
36985	4931
36986	5050
36987	5050
36988	4931
36989	4740
36990	4740
36991	4742
36992	4745
36993	4748
36994	4745
36995	4742
36996	4740
36997	4978
36998	4931
36999	5050
37000	5050
37001	4931
37002	4739
37003	4740
37004	4742
37005	4745
37006	4748
37007	4801
37008	4899
37009	4921
37010	4926
37011	4926
37012	4926
37013	4926
37014	4926
37015	4926
37016	4893
37017	4893
37018	4893
37019	4893
37020	4895
37021	4895
37022	4915
37023	4915
37024	4893
37025	4915
37026	4915
37027	5160
37028	4992
37029	5005
37030	5005
37031	5096
37032	5096
37033	5096
37034	4977
37035	4977
37036	4977
37037	5160
37038	5096
37039	5096
37040	4977
37041	5096
37042	4739
37043	4977
37044	5096
37045	4977
37046	5159
37047	5159
37048	4992
37049	4839
37050	4839
37051	4839
37052	4839
37053	4839
37054	4839
37055	4854
37056	4721
37057	4721
37058	4721
37059	4721
37060	5028
37061	5028
37062	5028
37063	5028
37064	5028
37065	5157
37066	5028
37067	4989
37068	4989
37069	5035
37070	4989
37071	5133
37072	4998
37073	4988
37074	4988
37075	5150
37076	5030
37077	5031
37078	4988
37079	5008
37080	4987
37081	5026
37082	5026
37083	4989
37084	4989
37085	4989
37086	4989
37087	4989
37088	4989
37089	4989
37090	5150
37091	4989
37092	5150
37093	4989
37094	5150
37095	5150
37096	5150
37097	4989
37098	5150
37099	4988
37100	5150
37101	5024
37102	4988
37103	5133
37104	5007
37105	5014
37106	5032
37107	5013
37108	5014
37109	5013
37110	5014
37111	5014
37112	5014
37113	5014
37114	5014
37115	5014
37116	5157
37117	5157
37118	5157
37119	5157
37120	5157
37121	5133
37122	5133
37123	5133
37124	5133
37125	5133
37126	5133
37127	5007
37128	5010
37129	4719
37130	5132
37131	5010
37132	5010
37133	5153
37134	5030
37135	5012
37136	5031
37137	5031
37138	5031
37139	5013
37140	5013
37141	5013
37142	5013
37143	5034
37144	5033
37145	5033
37146	5034
37147	5025
37148	5025
37149	5025
37150	5025
37151	5014
37152	5025
37153	5028
37154	5028
37155	5028
37156	5014
37157	5157
37158	5157
37159	5014
37160	5014
37161	5157
37162	5014
37163	5014
37164	5014
37165	5014
37166	5033
37167	5034
37168	5034
37169	5033
37170	5014
37171	5014
37172	5132
37173	4988
37174	5033
37175	5013
37176	5013
37177	5033
37178	5014
37179	5014
37180	5014
37181	5014
37182	5157
37183	5028
37184	5157
37185	5157
37186	5028
37187	5026
37188	5028
37189	5014
37190	5014
37191	5013
37192	5013
37193	5013
37194	5014
37195	5014
37196	5014
37197	5028
37198	5028
37199	5014
37200	5157
37201	5030
37202	5030
37203	5030
37204	5030
37205	5031
37206	5031
37207	5013
37208	5178
37209	5013
37210	5030
37211	5031
37212	5031
37213	5013
37214	5013
37215	5013
37216	5031
37217	5032
37218	5031
37219	5150
37220	5150
37221	5145
37222	5145
37223	5145
37224	5028
37225	5140
37226	5025
37227	5025
37228	5025
37229	5025
37230	5025
37231	5027
37232	5026
37233	5028
37234	5026
37235	5026
37236	5028
37237	5026
37238	5026
37239	5026
37240	5026
37241	5026
37242	5026
37243	5026
37244	5027
37245	5027
37246	5025
37247	5027
37248	5034
37249	5034
37250	5025
37251	5033
37252	5034
37253	5025
37254	5025
37255	5027
37256	5033
37257	5033
37258	5025
37259	5025
37260	5025
37261	5025
37262	5148
37263	5148
37264	5133
37265	4992
37266	4987
37267	5146
37268	5146
37269	5026
37270	5026
37271	5026
37272	5150
37273	5146
37274	5146
37275	4987
37276	4987
37277	4989
37278	4989
37279	5035
37280	5150
37281	5013
37282	5032
37283	5032
37284	5033
37285	5033
37286	5033
37287	5028
37288	5025
37289	5028
37290	5025
37291	5028
37292	5149
37293	5028
37294	5149
37295	5028
37296	5026
37297	5149
37298	5026
37299	5026
37300	5157
37301	5157
37302	5026
37303	5026
37304	5026
37305	5026
37306	5014
37307	5157
37308	5026
37309	5026
37310	5026
37311	5026
37312	5026
37313	5026
37314	5026
37315	5026
37316	5026
37317	5026
37318	5026
37319	5026
37320	5026
37321	5026
37322	5026
37323	5024
37324	5030
37325	5146
37326	5146
37327	5146
37328	5033
37329	4988
37330	4989
37331	5146
37332	5053
37333	5463
37334	5025
37335	5157
37336	5026
37337	5157
37338	5014
37339	5035
37340	4992
37341	4989
37342	4989
37343	5146
37344	5033
37345	5033
37346	5034
37347	5034
37348	5025
37349	5025
37350	5146
37351	5033
37352	5145
37353	5033
37354	5027
37355	5145
37356	5145
37357	5033
37358	5035
37359	5145
37360	5033
37361	5034
37362	5145
37363	5033
37364	5025
37365	5028
37366	5028
37367	5028
37368	5025
37369	5028
37370	5149
37371	5026
37372	5028
37373	5148
37374	5025
37375	5025
37376	5025
37377	5025
37378	5025
37379	5025
37380	5025
37381	5034
37382	5027
37383	5010
37384	5010
37385	5014
37386	5157
37387	5157
37388	5014
37389	5013
37390	5026
37391	5026
37392	5026
37393	5026
37394	5026
37395	5026
37396	5026
37397	5026
37398	5149
37399	5149
37400	5026
37401	5026
37402	5149
37403	4998
37404	4986
37405	5150
37406	4989
37407	4989
37408	5033
37409	5145
37410	5035
37411	5033
37412	5145
37413	5035
37414	4989
37415	5034
37416	5033
37417	5033
37418	5145
37419	5150
37420	4989
37421	4989
37422	5150
37423	4989
37424	5014
37425	5014
37426	5033
37427	5150
37428	4988
37429	4988
37430	5146
37431	5146
37432	4989
37433	4989
37434	4989
37435	5035
37436	5035
37437	5145
37438	5145
37439	5033
37440	5033
37441	5034
37442	5034
37443	5034
37444	5027
37445	5027
37446	5025
37447	5027
37448	5025
37449	5034
37450	5033
37451	5033
37452	5033
37453	5033
37454	5145
37455	5145
37456	5150
37457	5150
37458	4989
37459	4989
37460	4989
37461	4989
37462	5025
37463	5025
37464	4989
37465	4989
37466	4989
37467	4989
37468	5150
37469	5150
37470	5146
37471	5146
37472	5033
37473	5033
37474	5034
37475	5034
37476	5025
37477	5025
37478	5025
37479	5025
37480	5148
37481	5148
37482	5146
37483	5033
37484	5033
37485	5014
37486	5014
37487	5025
37488	5025
37489	5028
37490	5028
37491	5010
37492	5133
37493	5133
37494	5007
37495	5010
37496	5133
37497	5133
37498	5007
37499	5010
37500	5133
37501	5133
37502	5030
37503	5131
37504	4989
37505	4989
37506	5145
37507	5145
37508	4989
37509	5035
37510	4989
37511	4989
37512	4989
37513	4989
37514	4989
37515	5033
37516	5033
37517	5145
37518	5034
37519	5034
37520	5033
37521	5035
37522	4989
37523	4989
37524	4989
37525	5033
37526	5146
37527	5150
37528	4989
37529	4989
37530	5157
37531	5146
37532	5150
37533	4989
37534	4989
37535	5150
37536	4989
37537	4989
37538	5146
37539	5150
37540	4989
37541	4989
37542	5014
37543	5033
37544	5014
37545	5033
37546	5146
37547	5150
37548	4988
37549	5133
37550	5030
37551	5150
37552	4988
37553	4988
37554	5133
37555	5030
37556	5024
37557	5131
37558	5133
37559	5133
37560	5030
37561	5007
37562	5030
37563	5150
37564	4989
37565	5133
37566	5007
37567	5010
37568	5133
37569	5007
37570	5133
37571	5133
37572	5133
37573	5133
37574	5007
37575	5026
37576	5034
37577	5034
37578	5034
37579	5034
37580	5034
37581	5027
37582	5027
37583	5025
37584	5025
37585	5026
37586	5013
37587	5013
37588	5013
37589	5032
37590	5013
37591	5013
37592	5013
37593	5148
37594	5148
37595	5148
37596	5028
37597	5148
37598	5028
37599	5148
37600	5026
37601	5026
37602	5026
37603	5026
37604	5026
37605	5026
37606	5026
37607	5026
37608	5026
37609	5026
37610	5026
37611	5028
37612	5026
37613	5026
37614	5026
37615	5026
37616	5026
37617	5157
37618	5028
37619	5028
37620	5028
37621	5028
37622	5014
37623	5014
37624	5025
37625	5157
37626	5149
37627	5026
37628	5026
37629	5026
37630	5026
37631	5026
37632	5026
37633	5026
37634	5026
37635	5026
37636	5026
37637	5026
37638	5026
37639	5026
37640	5026
37641	5026
37642	5026
37643	5026
37644	5026
37645	5026
37646	5026
37647	5026
37648	5026
37649	5026
37650	5026
37651	5026
37652	5026
37653	5026
37654	5026
37655	5026
37656	5026
37657	5026
37658	5026
37659	5026
37660	5026
37661	5026
37662	5026
37663	5026
37664	5028
37665	5028
37666	5028
37667	5026
37668	5026
37669	5028
37670	5028
37671	5028
37672	5028
37673	5026
37674	5026
37675	5031
37676	5013
37677	5013
37678	5028
37679	5028
37680	5028
37681	5028
37682	5028
37683	5014
37684	5026
37685	5026
37686	5028
37687	5028
37688	5014
37689	5014
37690	5014
37691	5014
37692	5014
37693	5157
37694	5014
37695	5014
37696	5014
37697	5014
37698	5014
37699	5014
37700	5014
37701	5157
37702	5157
37703	5028
37704	5028
37705	5157
37706	5157
37707	5028
37708	5028
37709	4987
37710	5024
37711	4987
37712	4987
37713	4987
37714	4989
37715	4989
37716	4989
37717	5026
37718	5026
37719	5148
37720	5149
37721	5026
37722	5026
37723	5026
37724	5026
37725	5026
37726	5026
37727	5026
37728	5026
37729	5026
37730	5026
37731	5026
37732	5026
37733	5026
37734	5157
37735	5026
37736	5026
37737	5026
37738	5026
37739	5026
37740	5026
37741	5026
37742	5026
37743	5026
37744	5026
37745	5148
37746	5148
37747	5149
37748	5148
37749	5026
37750	5026
37751	5026
37752	5026
37753	5025
37754	5025
37755	5025
37756	5025
37757	5025
37758	5025
37759	5025
37760	5025
37761	5025
37762	5025
37763	5025
37764	5026
37765	5026
37766	5026
37767	5026
37768	5026
37769	5026
37770	5149
37771	5149
37772	5026
37773	5026
37774	5026
37775	5026
37776	5027
37777	5027
37778	5027
37779	5025
37780	5027
37781	5027
37782	5027
37783	5027
37784	5025
37785	5025
37786	5025
37787	5025
37788	5025
37789	5027
37790	5034
37791	5025
37792	5148
37793	5014
37794	5014
37795	5157
37796	5157
37797	5025
37798	5014
37799	5157
37800	5148
37801	5148
37802	5028
37803	5148
37804	5028
37805	5025
37806	5028
37807	5025
37808	5025
37809	5028
37810	5148
37811	5148
37812	5148
37813	5025
37814	5025
37815	5025
37816	5025
37817	5025
37818	5025
37819	5025
37820	5025
37821	5025
37822	5025
37823	5025
37824	5025
37825	5025
37826	5025
37827	5025
37828	5025
37829	5025
37830	5029
37831	5025
37832	5025
37833	5029
37834	5148
37835	5029
37836	5025
37837	5025
37838	5025
37839	5025
37840	5025
37841	5025
37842	5025
37843	5025
37844	5025
37845	5025
37846	5025
37847	5025
37848	5027
37849	5027
37850	5029
37851	5148
37852	5148
37853	5148
37854	5149
37855	5149
37856	5149
37857	5148
37858	5148
37859	5025
37860	5148
37861	5025
37862	5025
37863	5025
37864	5148
37865	5148
37866	5148
37867	5028
37868	5025
37869	5025
37870	5028
37871	5028
37872	5028
37873	5025
37874	5025
37875	5025
37876	5025
37877	5149
37878	5028
37879	5028
37880	5028
37881	5149
37882	5149
37883	5149
37884	5025
37885	5028
37886	5028
37887	5028
37888	5025
37889	5025
37890	5025
37891	5149
37892	5026
37893	5028
37894	5028
37895	5028
37896	5149
37897	5025
37898	5028
37899	5028
37900	5025
37901	5025
37902	5025
37903	5025
37904	5028
37905	5028
37906	5028
37907	5028
37908	5025
37909	5028
37910	5028
37911	5025
37912	5028
37913	5028
37914	5028
37915	5028
37916	5157
37917	5028
37918	5028
37919	5149
37920	5028
37921	5028
37922	5025
37923	5025
37924	5025
37925	5026
37926	5025
37927	5025
37928	5026
37929	5033
37930	5034
37931	5033
37932	5033
37933	5033
37934	5145
37935	5033
37936	5033
37937	5033
37938	5145
37939	5146
37940	5145
37941	5145
37942	5145
37943	5146
37944	5146
37945	4989
37946	5035
37947	5145
37948	5145
37949	5033
37950	5033
37951	5033
37952	5145
37953	5033
37954	5035
37955	5035
37956	5145
37957	4989
37958	4989
37959	5035
37960	4989
37961	4987
37962	4987
37963	4987
37964	4989
37965	4989
37966	5150
37967	5150
37968	4989
37969	5157
37970	5157
37971	5028
37972	5028
37973	5028
37974	5028
37975	5014
37976	5014
37977	5014
37978	5157
37979	5157
37980	5014
37981	5014
37982	5014
37983	5157
37984	5157
37985	5157
37986	5157
37987	5157
37988	5157
37989	5157
37990	5157
37991	5157
37992	5157
37993	5157
37994	5157
37995	5028
37996	5028
37997	5157
37998	5157
37999	5028
38000	5028
38001	5028
38002	5026
38003	5026
38004	5026
38005	5026
38006	5026
38007	5028
38008	5157
38009	5014
38010	5014
38011	5014
38012	5013
38013	5013
38014	5026
38015	5026
38016	5026
38017	5026
38018	5026
38019	5026
38020	5026
38021	5026
38022	5026
38023	5026
38024	5026
38025	5026
38026	5149
38027	5026
38028	5026
38029	5026
38030	5026
38031	5026
38032	5026
38033	5026
38034	5028
38035	5149
38036	5149
38037	5026
38038	5026
38039	5149
38040	5028
38041	5028
38042	5149
38043	5149
38044	5013
38045	5013
38046	5031
38047	5031
38048	5031
38049	5031
38050	5013
38051	5013
38052	5030
38053	5031
38054	5031
38055	5031
38056	5031
38057	5031
38058	5010
38059	5030
38060	5030
38061	5030
38062	5031
38063	5030
38064	5132
38065	5010
38066	5010
38067	5010
38068	5153
38069	5030
38070	5010
38071	5010
38072	5007
38073	5007
38074	5007
38075	5007
38076	5133
38077	5133
38078	5133
38079	5010
38080	5007
38081	5026
38082	5026
38083	5026
38084	5026
38085	5026
38086	5026
38087	5026
38088	5026
38089	5026
38090	5026
38091	5026
38092	5026
38093	5026
38094	5014
38095	5014
38096	5014
38097	5013
38098	5014
38099	5014
38100	5014
38101	5026
38102	5026
38103	5028
38104	5028
38105	5028
38106	5026
38107	5026
38108	5026
38109	5026
38110	5026
38111	5026
38112	5026
38113	5026
38114	5026
38115	5026
38116	5026
38117	5026
38118	5026
38119	5026
38120	5026
38121	5026
38122	5028
38123	5028
38124	5157
38125	5157
38126	5157
38127	5014
38128	5014
38129	5014
38130	5157
38131	5026
38132	5026
38133	5026
38134	5026
38135	5026
38136	5028
38137	5028
38138	5028
38139	5157
38140	5157
38141	5157
38142	5157
38143	5157
38144	5157
38145	5028
38146	5028
38147	5026
38148	5028
38149	5028
38150	5028
38151	5028
38152	5028
38153	5028
38154	5028
38155	5028
38156	5025
38157	5025
38158	5025
38159	5028
38160	5028
38161	5025
38162	5025
38163	5025
38164	5028
38165	5026
38166	5028
38167	5028
38168	5028
38169	5028
38170	5028
38171	5028
38172	5028
38173	5014
38174	5014
38175	5025
38176	5025
38177	5014
38178	5014
38179	5014
38180	5014
38181	5013
38182	5014
38183	5014
38184	5014
38185	5014
38186	5025
38187	5025
38188	5033
38189	5014
38190	5033
38191	5033
38192	5034
38193	5014
38194	5014
38195	5025
38196	5034
38197	5033
38198	5157
38199	5157
38200	5028
38201	5014
38202	5014
38203	5032
38204	5013
38205	5013
38206	5013
38207	5032
38208	5032
38209	5146
38210	5032
38211	5032
38212	5032
38213	5013
38214	5013
38215	5013
38216	5033
38217	5146
38218	5146
38219	5033
38220	5033
38221	5033
38222	5033
38223	5013
38224	5013
38225	5013
38226	5013
38227	5013
38228	5146
38229	5150
38230	5145
38231	5150
38232	5146
38233	5146
38234	5150
38235	5146
38236	5146
38237	5146
38238	5031
38239	5032
38240	5031
38241	5031
38242	5030
38243	5031
38244	5031
38245	5031
38246	5146
38247	5146
38248	5150
38249	5030
38250	5030
38251	5150
38252	5150
38253	5031
38254	4988
38255	4988
38256	5150
38257	5150
38258	5150
38259	5150
38260	5150
38261	5150
38262	4989
38263	4987
38264	4987
38265	4989
38266	4989
38267	4987
38268	4988
38269	4988
38270	5150
38271	5026
38272	5026
38273	5026
38274	5025
38275	5034
38276	4987
38277	4989
38278	4989
38279	5133
38280	5133
38281	5099
38282	5133
38283	5133
38284	5133
38285	5148
38286	5025
38287	5025
38288	5025
38289	5025
38290	5025
38291	5034
38292	5034
38293	5026
38294	5026
38295	5026
38296	5026
38297	5028
38298	5028
38299	5026
38300	5026
38301	5026
38302	5026
38303	5026
38304	5025
38305	5025
38306	5013
38307	5013
38308	5013
38309	5013
38310	5032
38311	5014
38312	5014
38313	5014
38314	5013
38315	5013
38316	5013
38317	5033
38318	5014
38319	5014
38320	5014
38321	5157
38322	5157
38323	5014
38324	5014
38325	5014
38326	5028
38327	5150
38328	5014
38329	5014
38330	5014
38331	5013
38332	5013
38333	5013
38334	5013
38335	5014
38336	5014
38337	5014
38338	5014
38339	5014
38340	5013
38341	5157
38342	5157
38343	5028
38344	5014
38345	5157
38346	5014
38347	5014
38348	5014
38349	5157
38350	5014
38351	5014
38352	5013
38353	5031
38354	5032
38355	5031
38356	5031
38357	5031
38358	5031
38359	5031
38360	5030
38361	5030
38362	5030
38363	5030
38364	5030
38365	5030
38366	5099
38367	5132
38368	5014
38369	5014
38370	5013
38371	5013
38372	5028
38373	5028
38374	5013
38375	5013
38376	5031
38377	5030
38378	5030
38379	5007
38380	5014
38381	5014
38382	5157
38383	5157
38384	5014
38385	5014
38386	5014
38387	5014
38388	5099
38389	5099
38390	5133
38391	5014
38392	5014
38393	5034
38394	5014
38395	5157
38396	5157
38397	5148
38398	5025
38399	5013
38400	5013
38401	5013
38402	5013
38403	5031
38404	5031
38405	5031
38406	5031
38407	5031
38408	5031
38409	5153
38410	5012
38411	5153
38412	5030
38413	5153
38414	5153
38415	5010
38416	5010
38417	5010
38418	5007
38419	5133
38420	5133
38421	5133
38422	5133
38423	5157
38424	5157
38425	5157
38426	5014
38427	5014
38428	5014
38429	5014
38430	5014
38431	4989
38432	4989
38433	5026
38434	5030
38435	5030
38436	5150
38437	4988
38438	4998
38439	4998
38440	5013
38441	5157
38442	5157
38443	5157
38444	5157
38445	5014
38446	5013
38447	5014
38448	5026
38449	5026
38450	5026
38451	5026
38452	5026
38453	5149
38454	5026
38455	5026
38456	5026
38457	5149
38458	5026
38459	5149
38460	5149
38461	5028
38462	5149
38463	5026
38464	5026
38465	5149
38466	5025
38467	5026
38468	5026
38469	5014
38470	5157
38471	5014
38472	5153
38473	5153
38474	5010
38475	5031
38476	5031
38477	5013
38478	5157
38479	5028
38480	5028
38481	5025
38482	5025
38483	5034
38484	5025
38485	5025
38486	5028
38487	5028
38488	5025
38489	5025
38490	5028
38491	5028
38492	5157
38493	4986
38494	4987
38495	5034
38496	5034
38497	5027
38498	5027
38499	5025
38500	5025
38501	5025
38502	5034
38503	5034
38504	5034
38505	5034
38506	5027
38507	5027
38508	5033
38509	5033
38510	5034
38511	5034
38512	5034
38513	5025
38514	5025
38515	5014
38516	5014
38517	5025
38518	5025
38519	5025
38520	5014
38521	5034
38522	5034
38523	5033
38524	5014
38525	5033
38526	5033
38527	5034
38528	5034
38529	5025
38530	5025
38531	5014
38532	5014
38533	5014
38534	5014
38535	4989
38536	4989
38537	4989
38538	4989
38539	4989
38540	4989
38541	4989
38542	4989
38543	4989
38544	4989
38545	5150
38546	5150
38547	5150
38548	4987
38549	4987
38550	4988
38551	4986
38552	5028
38553	5025
38554	5025
38555	5157
38556	5157
38557	5013
38558	5014
38559	5014
38560	5013
38561	5014
38562	5014
38563	5014
38564	5014
38565	5014
38566	5014
38567	5157
38568	5157
38569	5028
38570	5013
38571	5013
38572	5013
38573	5013
38574	5013
38575	5028
38576	5157
38577	5014
38578	5013
38579	5014
38580	5157
38581	5014
38582	5157
38583	5157
38584	5014
38585	5014
38586	5014
38587	5014
38588	5157
38589	5157
38590	5014
38591	5028
38592	5028
38593	5145
38594	5033
38595	5032
38596	5032
38597	5032
38598	5031
38599	5133
38600	5032
38601	5031
38602	5031
38603	5030
38604	5030
38605	5030
38606	5099
38607	5099
38608	5173
38609	5013
38610	5026
38611	5026
38612	5025
38613	5025
38614	5025
38615	5025
38616	5005
38617	4992
38618	4992
38619	4992
38620	4987
38621	5160
38622	5160
38623	5050
38624	5050
38625	5050
38626	5160
38627	5050
38628	5050
38629	4992
38630	4992
38631	4992
38632	4992
38633	5160
38634	4987
38635	4987
38636	4992
38637	5008
38638	5006
38639	5005
38640	5005
38641	5096
38642	5005
38643	5094
38644	5094
38645	5096
38646	5008
38647	5005
38648	5005
38649	5005
38650	5006
38651	5006
38652	5005
38653	5005
38654	5005
38655	4992
38656	4992
38657	4992
38658	4992
38659	4992
38660	4992
38661	4992
38662	4987
38663	4987
38664	4987
38665	5013
38666	5031
38667	5032
38668	5013
38669	5014
38670	5014
38671	5013
38672	5013
38673	5173
38674	5157
38675	5157
38676	5186
38677	5157
38678	5157
38679	5157
38680	5157
38681	5014
38682	5152
38683	5031
38684	5031
38685	5152
38686	5152
38687	5152
38688	5151
38689	5173
38690	5173
38691	5173
38692	5173
38693	5186
38694	5031
38695	5031
38696	5030
38697	5186
38698	5013
38699	5173
38700	5151
38701	5151
38702	5151
38703	5030
38704	5153
38705	5153
38706	5012
38707	5152
38708	5151
38709	5151
38710	5012
38711	5012
38712	5152
38713	5152
38714	5173
38715	5186
38716	5013
38717	5031
38718	5013
38719	5013
38720	5013
38721	5013
38722	5152
38723	5152
38724	5013
38725	5013
38726	5030
38727	5030
38728	5153
38729	5012
38730	5152
38731	5031
38732	5031
38733	5031
38734	5032
38735	5013
38736	5013
38737	5031
38738	5152
38739	5013
38740	5013
38741	5030
38742	5010
38743	5153
38744	5012
38745	5031
38746	5152
38747	5152
38748	5030
38749	5030
38750	5012
38751	5031
38752	5031
38753	5152
38754	5030
38755	5153
38756	5012
38757	5031
38758	5031
38759	5152
38760	5030
38761	5030
38762	5031
38763	5031
38764	5031
38765	5013
38766	5030
38767	5030
38768	5031
38769	5031
38770	5031
38771	5013
38772	5030
38773	5030
38774	5031
38775	5031
38776	5032
38777	5013
38778	5151
38779	5151
38780	5151
38781	5013
38782	5013
38783	5013
38784	5030
38785	5030
38786	5031
38787	5031
38788	5030
38789	5030
38790	5012
38791	5031
38792	5031
38793	5013
38794	5151
38795	5013
38796	5014
38797	5013
38798	5013
38799	5013
38800	5013
38801	5013
38802	5013
38803	5013
38804	5013
38805	5013
38806	5013
38807	5013
38808	5014
38809	5014
38810	5013
38811	5013
38812	5032
38813	5032
38814	5151
38815	5013
38816	5013
38817	5013
38818	5013
38819	5013
38820	5013
38821	5014
38822	5014
38823	5013
38824	5013
38825	5013
38826	5013
38827	5013
38828	5013
38829	5013
38830	5013
38831	5013
38832	5014
38833	5013
38834	5013
38835	5151
38836	5151
38837	5151
38838	5151
38839	5151
38840	5151
38841	5151
38842	5151
38843	5151
38844	5151
38845	5152
38846	5152
38847	5151
38848	5151
38849	5152
38850	5152
38851	5152
38852	5151
38853	5151
38854	5014
38855	5013
38856	5013
38857	5013
38858	5014
38859	5014
38860	5014
38861	5014
38862	5014
38863	5157
38864	5157
38865	5157
38866	5157
38867	5186
38868	5157
38869	5186
38870	5186
38871	5186
38872	5173
38873	5186
38874	5186
38875	5186
38876	5173
38877	5032
38878	5032
38879	5186
38880	5157
38881	5173
38882	5186
38883	5173
38884	5186
38885	5186
38886	5173
38887	5173
38888	5173
38889	5151
38890	5173
38891	5151
38892	5152
38893	5152
38894	5152
38895	5152
38896	5151
38897	5173
38898	5151
38899	5152
38900	5152
38901	5152
38902	5152
38903	5152
38904	5152
38905	5031
38906	5012
38907	5031
38908	5152
38909	5186
38910	5173
38911	5151
38912	5151
38913	5151
38914	5013
38915	5151
38916	5152
38917	5152
38918	5152
38919	5151
38920	5152
38921	5031
38922	5152
38923	5031
38924	5012
38925	5031
38926	5012
38927	5153
38928	5012
38929	5013
38930	5013
38931	5152
38932	5013
38933	5152
38934	5031
38935	5031
38936	5031
38937	5153
38938	5153
38939	5151
38940	5151
38941	5157
38942	5173
38943	5173
38944	5173
38945	5157
38946	5157
38947	5157
38948	5157
38949	5173
38950	5173
38951	5151
38952	5173
38953	5173
38954	5173
38955	5186
38956	5173
38957	5014
38958	5157
38959	5186
38960	5173
38961	5151
38962	5152
38963	5152
38964	5014
38965	5157
38966	5157
38967	5157
38968	5153
38969	5012
38970	5031
38971	5031
38972	5157
38973	5151
38974	5151
38975	5151
38976	5013
38977	5151
38978	5013
38979	5013
38980	5013
38981	5013
38982	5151
38983	5151
38984	5013
38985	5013
38986	5152
38987	5152
38988	5152
38989	5152
38990	5152
38991	5013
38992	5013
38993	5013
38994	5013
38995	5151
38996	5014
38997	5173
38998	5186
38999	5157
39000	5157
39001	5157
39002	5157
39003	5157
39004	5157
39005	5157
39006	5173
39007	5173
39008	5173
39009	5157
39010	5014
39011	5157
39012	5014
39013	5014
39014	5013
39015	5014
39016	5151
39017	5151
39018	5013
39019	5173
39020	5014
39021	5186
39022	5014
39023	5157
39024	5157
39025	5169
39026	5173
39027	5173
39028	5264
39029	5151
39030	5169
39031	5173
39032	5173
39033	5173
39034	5151
39035	5173
39036	5200
39037	5169
39038	5169
39039	5200
39040	5169
39041	5200
39042	5169
39043	5200
39044	5186
39045	5200
39046	5157
39047	5157
39048	5169
39049	5061
39050	5186
39051	5157
39052	5186
39053	5157
39054	5157
39055	5173
39056	5206
39057	5206
39058	5206
39059	5157
39060	5200
39061	5206
39062	5206
39063	5206
39064	5204
39065	5204
39066	5206
39067	5204
39068	5206
39069	5206
39070	5206
39071	5206
39072	5206
39073	5186
39074	5200
39075	5206
39076	5173
39077	5173
39078	5173
39079	5173
39080	5173
39081	5173
39082	5173
39083	5173
39084	5173
39085	5173
39086	5173
39087	5173
39088	5014
39089	5014
39090	5014
39091	5014
39092	5014
39093	5014
39094	5014
39095	5013
39096	5014
39097	5014
39098	5014
39099	5173
39100	5014
39101	5014
39102	5014
39103	5173
39104	5151
39105	5173
39106	5173
39107	5173
39108	5173
39109	5151
39110	5173
39111	5173
39112	5173
39113	5173
39114	5151
39115	5173
39116	5173
39117	5173
39118	5151
39119	5173
39120	5173
39121	5173
39122	5173
39123	5169
39124	5169
39125	5173
39126	5173
39127	5173
39128	5173
39129	5173
39130	5173
39131	5173
39132	5173
39133	5169
39134	5169
39135	5157
39136	5157
39137	5157
39138	5157
39139	5157
39140	5157
39141	5157
39142	5157
39143	5157
39144	5157
39145	5157
39146	5157
39147	5200
39148	5157
39149	5157
39150	5157
39151	5157
39152	5157
39153	5157
39154	5014
39155	5014
39156	5014
39157	5014
39158	5014
39159	5186
39160	5186
39161	5157
39162	5157
39163	5014
39164	5014
39165	5014
39166	5013
39167	5173
39168	5173
39169	5186
39170	5186
39171	5157
39172	5173
39173	5173
39174	5157
39175	5200
39176	5157
39177	5157
39178	5157
39179	5204
39180	5204
39181	5204
39182	5206
39183	5206
39184	5206
39185	5206
39186	5206
39187	5206
39188	5206
39189	5206
39190	5206
39191	5206
39192	5206
39193	5206
39194	5206
39195	5206
39196	5206
39197	5206
39198	5206
39199	5200
39200	5200
39201	5200
39202	5200
39203	5200
39204	5206
39205	5206
39206	5200
39207	5200
39208	5206
39209	5206
39210	5157
39211	5206
39212	5206
39213	5206
39214	5200
39215	5206
39216	5206
39217	5206
39218	5200
39219	5157
39220	5200
39221	5200
39222	5200
39223	5157
39224	5157
39225	5157
39226	5157
39227	5200
39228	5200
39229	5186
39230	5186
39231	5186
39232	5186
39233	5186
39234	5186
39235	5173
39236	5206
39237	5204
39238	5206
39239	5200
39240	5204
39241	5200
39242	5200
39243	5200
39244	5169
39245	5169
39246	5173
39247	5173
39248	5186
39249	5173
39250	5173
39251	5200
39252	5206
39253	5206
39254	5204
39255	5200
39256	5200
39257	5169
39258	5200
39259	5200
39260	5200
39261	5186
39262	5186
39263	5169
39264	5169
39265	5206
39266	5206
39267	5157
39268	5157
39269	5200
39270	5186
39271	5157
39272	5157
39273	5206
39274	5206
39275	5157
39276	5157
39277	5157
39278	5204
39279	5204
39280	5204
39281	5200
39282	5204
39283	5204
39284	5169
39285	5169
39286	5169
39287	5169
39288	5169
39289	5204
39290	5204
39291	5200
39292	5200
39293	5200
39294	5169
39295	5169
39296	5204
39297	5169
39298	5200
39299	5169
39300	5206
39301	5206
39302	5157
39303	5157
39304	5206
39305	5200
39306	5157
39307	5157
39308	5186
39309	5206
39310	5157
39311	5157
39312	5186
39313	5157
39314	5061
39315	5169
39316	5169
39317	5200
39318	5206
39319	5206
39320	5206
39321	5206
39322	5206
39323	5206
39324	5206
39325	5206
39326	5206
39327	5206
39328	5206
39329	5204
39330	5241
39331	5492
39332	5492
39333	5241
39334	5484
39335	5492
39336	5492
39337	5492
39338	5492
39339	5492
39340	5484
39341	5484
39342	5492
39343	5492
39344	5484
39345	5492
39346	5484
39347	5484
39348	5484
39349	5484
39350	5484
39351	5484
39352	5484
39353	5492
39354	5241
39355	5241
39356	5241
39357	5241
39358	5241
39359	5233
39360	5241
39361	5233
39362	5492
39363	5492
39364	5484
39365	5484
39366	5484
39367	5484
39368	5241
39369	5233
39370	5233
39371	5233
39372	5233
39373	5241
39374	5241
39375	5233
39376	5233
39377	5484
39378	5484
39379	5241
39380	5241
39381	5492
39382	5492
39383	5484
39384	5484
39385	5241
39386	5241
39387	5233
39388	5233
39389	5233
39390	5233
39391	5233
39392	5233
39393	5233
39394	5233
39395	5233
39396	5233
39397	5233
39398	5241
39399	5492
39400	5492
39401	5222
39402	5233
39403	5233
39404	5222
39405	5233
39406	5233
39407	5233
39408	5492
39409	5484
39410	5484
39411	5233
39412	5241
39413	5484
39414	5484
39415	5233
39416	5233
39417	5233
39418	5484
39419	5233
39420	5233
39421	5233
39422	5233
39423	5241
39424	5233
39425	5241
39426	5241
39427	5233
39428	5233
39429	5233
39430	5484
39431	5484
39432	5484
39433	5241
39434	5233
39435	5233
39436	5233
39437	5233
39438	5233
39439	5233
39440	5233
39441	5484
39442	5492
39443	5492
39444	5233
39445	5233
39446	5233
39447	5233
39448	5484
39449	5484
39450	5484
39451	5484
39452	5484
39453	5492
39454	5492
39455	5492
39456	5492
39457	5492
39458	5233
39459	5241
39460	5241
39461	5206
39462	5206
39463	5206
39464	5206
39465	5206
39466	5206
39467	5206
39468	5222
39469	5206
39470	5206
39471	5206
39472	5222
39473	5206
39474	5222
39475	5206
39476	5222
39477	5204
39478	5206
39479	5206
39480	5206
39481	5206
39482	5206
39483	5206
39484	5492
39485	5241
39486	5492
39487	5492
39488	5492
39489	5492
39490	5484
39491	5484
39492	5484
39493	5484
39494	5484
39495	5484
39496	5484
39497	5484
39498	5484
39499	5484
39500	5484
39501	5484
39502	5484
39503	5484
39504	5484
39505	5484
39506	5484
39507	5492
39508	5492
39509	5492
39510	5492
39511	5233
39512	5233
39513	5233
39514	5241
39515	5241
39516	5233
39517	5233
39518	5233
39519	5233
39520	5233
39521	5233
39522	5233
39523	5233
39524	5233
39525	5241
39526	5233
39527	5233
39528	5233
39529	5233
39530	5233
39531	5241
39532	5233
39533	5233
39534	5233
39535	5233
39536	5241
39537	5233
39538	5241
39539	5241
39540	5241
39541	5241
39542	5484
39543	5484
39544	5484
39545	5484
39546	5484
39547	5484
39548	5484
39549	5484
39550	5492
39551	5492
39552	5484
39553	5492
39554	5492
39555	5492
39556	5492
39557	5492
39558	5241
39559	5241
39560	5492
39561	5484
39562	5492
39563	5241
39564	5241
39565	5233
39566	5233
39567	5241
39568	5492
39569	5241
39570	5241
39571	5492
39572	5241
39573	5241
39574	5241
39575	5241
39576	5241
39577	5241
39578	5492
39579	5492
39580	5492
39581	5492
39582	5492
39583	5492
39584	5492
39585	5492
39586	5492
39587	5492
39588	5233
39589	5233
39590	5233
39591	5233
39592	5233
39593	5233
39594	5233
39595	5233
39596	5233
39597	5233
39598	5233
39599	5233
39600	5233
39601	5233
39602	5233
39603	5241
39604	5241
39605	5233
39606	5492
39607	5492
39608	5484
39609	5484
39610	5492
39611	5485
39612	5492
39613	5492
39614	5233
39615	5233
39616	5233
39617	5241
39618	5484
39619	5492
39620	5241
39621	5241
39622	5484
39623	5484
39624	5484
39625	5484
39626	5484
39627	5484
39628	5241
39629	5484
39630	5484
39631	5484
39632	5484
39633	5484
39634	5241
39635	5241
39636	5241
39637	5241
39638	5241
39639	5233
39640	5241
39641	5233
39642	5233
39643	5233
39644	5233
39645	5241
39646	5241
39647	5233
39648	5233
39649	5492
39650	5241
39651	5492
39652	5492
39653	5492
39654	5233
39655	5233
39656	5484
39657	5484
39658	5484
39659	5484
39660	5484
39661	5492
39662	5484
39663	5484
39664	5484
39665	5484
39666	5484
39667	5233
39668	5233
39669	5233
39670	5233
39671	5233
39672	5233
39673	5233
39674	5233
39675	5233
39676	5233
39677	5233
39678	5241
39679	5241
39680	5241
39681	5484
39682	5484
39683	5484
39684	5484
39685	5233
39686	5233
39687	5233
39688	5233
39689	5233
39690	5233
39691	5206
39692	5206
39693	5484
39694	5484
39695	5484
39696	5233
39697	5233
39698	5233
39699	5233
39700	5233
39701	5222
39702	5241
39703	5241
39704	5492
39705	5492
39706	5241
39707	5241
39708	5241
39709	5233
39710	5241
39711	5233
39712	5233
39713	5233
39714	5233
39715	5233
39716	5233
39717	5233
39718	5233
39719	5233
39720	5233
39721	5233
39722	5206
39723	5222
39724	5222
39725	5484
39726	5484
39727	5492
39728	5492
39729	5492
39730	5241
39731	5241
39732	5241
39733	5233
39734	5233
39735	5233
39736	5233
39737	5206
39738	5492
39739	5492
39740	5492
39741	5492
39742	5492
39743	5492
39744	5233
39745	5241
39746	5241
39747	5241
39748	5233
39749	5233
39750	5233
39751	5233
39752	5233
39753	5233
39754	5206
39755	5233
39756	5233
39757	5233
39758	5233
39759	5233
39760	5233
39761	5222
39762	5222
39763	5233
39764	5233
39765	5233
39766	5222
39767	5233
39768	5233
39769	5233
39770	5492
39771	5492
39772	5492
39773	5492
39774	5241
39775	5241
39776	5233
39777	5233
39778	5233
39779	5206
39780	5233
39781	5206
39782	5206
39783	5233
39784	5233
39785	5492
39786	5492
39787	5241
39788	5492
39789	5484
39790	5492
39791	5484
39792	5484
39793	5233
39794	5233
39795	5241
39796	5484
39797	5492
39798	5484
39799	5484
39800	5484
39801	5484
39802	5484
39803	5484
39804	5484
39805	5484
39806	5484
39807	5233
39808	5233
39809	5241
39810	5233
39811	5233
39812	5241
39813	5241
39814	5241
39815	5241
39816	5241
39817	5484
39818	5484
39819	5484
39820	5484
39821	5484
39822	5484
39823	5484
39824	5484
39825	5484
39826	5484
39827	5492
39828	5492
39829	5492
39830	5492
39831	5492
39832	5492
39833	5492
39834	5492
39835	5492
39836	5492
39837	5492
39838	5492
39839	5492
39840	5492
39841	5492
39842	5492
39843	5492
39844	5484
39845	5484
39846	5492
39847	5241
39848	5241
39849	5233
39850	5233
39851	5233
39852	5233
39853	5233
39854	5241
39855	5233
39856	5241
39857	5241
39858	5233
39859	5233
39860	5233
39861	5484
39862	5484
39863	5484
39864	5484
39865	5492
39866	5492
39867	5492
39868	5233
39869	5233
39870	5233
39871	5233
39872	5484
39873	5484
39874	5484
39875	5484
39876	5484
39877	5492
39878	5492
39879	5492
39880	5492
39881	5241
39882	5241
39883	5233
39884	5241
39885	5233
39886	5233
39887	5241
39888	5241
39889	5492
39890	5484
39891	5484
39892	5241
39893	5241
39894	5241
39895	5241
39896	5241
39897	5241
39898	5233
39899	5233
39900	5492
39901	5026
39902	5026
39903	5026
39904	5026
39905	5026
39906	5028
39907	5028
39908	5028
39909	5028
39910	5026
39911	5026
39912	5026
39913	5026
39914	5028
39915	5026
39916	5149
39917	5149
39918	5028
39919	5028
39920	5026
39921	5026
39922	5026
39923	5421
39924	5421
39925	5421
39926	5421
39927	5421
39928	5421
39929	5421
39930	5421
39931	5421
39932	5421
39933	5421
39934	5428
39935	5421
39936	5026
39937	5026
39938	5026
39939	5026
39940	5026
39941	5026
39942	5026
39943	5026
39944	5026
39945	5428
39946	5428
39947	5428
39948	5428
39949	5428
39950	5428
39951	5428
39952	5428
39953	5428
39954	5428
39955	5428
39956	5428
39957	5428
39958	5428
39959	5026
39960	5428
39961	5428
39962	5026
39963	5026
39964	5026
39965	5026
39966	5026
39967	5026
39968	5026
39969	5026
39970	5403
39971	5403
39972	5421
39973	5421
39974	5421
39975	5421
39976	5421
39977	5421
39978	5026
39979	5421
39980	5026
39981	5428
39982	5428
39983	5149
39984	5028
39985	5028
39986	5149
39987	5028
39988	5149
39989	5028
39990	5028
39991	5026
39992	5026
39993	5026
39994	5026
39995	5026
39996	5026
39997	5026
39998	5026
39999	5026
40000	5026
40001	5026
40002	5394
40003	5026
40004	5026
40005	5026
40006	5026
40007	5026
40008	5026
40009	5026
40010	5026
40011	5026
40012	5028
40013	5028
40014	5028
40015	5028
40016	5028
40017	5026
40018	5026
40019	5149
40020	5028
40021	5028
40022	5028
40023	5149
40024	5028
40025	5028
40026	5028
40027	5026
40028	5026
40029	5149
40030	5026
40031	5028
40032	5028
40033	5026
40034	5026
40035	5028
40036	5026
40037	5026
40038	5026
40039	5026
40040	5026
40041	5028
40042	5026
40043	5026
40044	5026
40045	5428
40046	5421
40047	5428
40048	5428
40049	5428
40050	5428
40051	5428
40052	5149
40053	5149
40054	5026
40055	5026
40056	5428
40057	5428
40058	5428
40059	5428
40060	5428
40061	5428
40062	5428
40063	5428
40064	5428
40065	5428
40066	5421
40067	5428
40068	5428
40069	5428
40070	5421
40071	5421
40072	5421
40073	5425
40074	5421
40075	5428
40076	5428
40077	5428
40078	5428
40079	5428
40080	5421
40081	5421
40082	5421
40083	5421
40084	5428
40085	5428
40086	5149
40087	5028
40088	5149
40089	5149
40090	5149
40091	5149
40092	5026
40093	5026
40094	5026
40095	5421
40096	5421
40097	5421
40098	5421
40099	5428
40100	5428
40101	5428
40102	5428
40103	5428
40104	5428
40105	5428
40106	5428
40107	5428
40108	5428
40109	5428
40110	5428
40111	5026
40112	5026
40113	5026
40114	5026
40115	5026
40116	5026
40117	5026
40118	5026
40119	5026
40120	5026
40121	5421
40122	5421
40123	5428
40124	5421
40125	5421
40126	5428
40127	5428
40128	5428
40129	5026
40130	5026
40131	5028
40132	5028
40133	5028
40134	5149
40135	5028
40136	5028
40137	5149
40138	5026
40139	5026
40140	5149
40141	5028
40142	5028
40143	5028
40144	5028
40145	5028
40146	5028
40147	5421
40148	5421
40149	5421
40150	5421
40151	5421
40152	5428
40153	5421
40154	5421
40155	5421
40156	5421
40157	5026
40158	5026
40159	5421
40160	5421
40161	5421
40162	5026
40163	5026
40164	5026
40165	5026
40166	5026
40167	5026
40168	5421
40169	5394
40170	5421
40171	5421
40172	5421
40173	5421
40174	5421
40175	5026
40176	5026
40177	5026
40178	5403
40179	5421
40180	5421
40181	5428
40182	5428
40183	5428
40184	5421
40185	5421
40186	5428
40187	5026
40188	5026
40189	5026
40190	5026
40191	5421
40192	5428
40193	5421
40194	5421
40195	5026
40196	5421
40197	5421
40198	5026
40199	5026
40200	5026
40201	5428
40202	5428
40203	5428
40204	5428
40205	5421
40206	5403
40207	5421
40208	5421
40209	5026
40210	5026
40211	5428
40212	5428
40213	5421
40214	5421
40215	5421
40216	5421
40217	5026
40218	5428
40219	5421
40220	5421
40221	5421
40222	5026
40223	5428
40224	5428
40225	5403
40226	5026
40227	5428
40228	5026
40229	5403
40230	5403
40231	5421
40232	5026
40233	5026
40234	5026
40235	5026
40236	5026
40237	5026
40238	5026
40239	5403
40240	5421
40241	5026
40242	5026
40243	5026
40244	5026
40245	5026
40246	5421
40247	5026
40248	5026
40249	5026
40250	5026
40251	5428
40252	5428
40253	5428
40254	5428
40255	5428
40256	5428
40257	5428
40258	5428
40259	5428
40260	5428
40261	5428
40262	5428
40263	5428
40264	5026
40265	5026
40266	5026
40267	5421
40268	5421
40269	5421
40270	5421
40271	5421
40272	5026
40273	5026
40274	5421
40275	5428
40276	5428
40277	5428
40278	5428
40279	5428
40280	5428
40281	5428
40282	5428
40283	5428
40284	5428
40285	5428
40286	5428
40287	5428
40288	5428
40289	5428
40290	5431
40291	5431
40292	5431
40293	5431
40294	5431
40295	5438
40296	5431
40297	5431
40298	5431
40299	5431
40300	5431
40301	5431
40302	5431
40303	5431
40304	5431
40305	5431
40306	5431
40307	5431
40308	5431
40309	5431
40310	5431
40311	5431
40312	5431
40313	5428
40314	5431
40315	5431
40316	5431
40317	5431
40318	5438
40319	5438
40320	5428
40321	5428
40322	5428
40323	5428
40324	5428
40325	5428
40326	5428
40327	5428
40328	5428
40329	5428
40330	5428
40331	5428
40332	5428
40333	5428
40334	5428
40335	5428
40336	5428
40337	5428
40338	5428
40339	5428
40340	5428
40341	5428
40342	5428
40343	5428
40344	5428
40345	5428
40346	5428
40347	5428
40348	5428
40349	5428
40350	5428
40351	5428
40352	5428
40353	5428
40354	5428
40355	5428
40356	5428
40357	5428
40358	5428
40359	5438
40360	5431
40361	5438
40362	5438
40363	5438
40364	5438
40365	5438
40366	5438
40367	5438
40368	5438
40369	5438
40370	5431
40371	5438
40372	5431
40373	5438
40374	5428
40375	5428
40376	5428
40377	5428
40378	5431
40379	5431
40380	5431
40381	5431
40382	5431
40383	5431
40384	5431
40385	5431
40386	5431
40387	5431
40388	5431
40389	5431
40390	5431
40391	5431
40392	5428
40393	5428
40394	5431
40395	5431
40396	5431
40397	5431
40398	5431
40399	5431
40400	5431
40401	5428
40402	5428
40403	5428
40404	5431
40405	5431
40406	5431
40407	5431
40408	5428
40409	5428
40410	5431
40411	5431
40412	5431
40413	5431
40414	5431
40415	5431
40416	5431
40417	5431
40418	5431
40419	5431
40420	5431
40421	5431
40422	5431
40423	5428
40424	5431
40425	5431
40426	5431
40427	5431
40428	5431
40429	5431
40430	5431
40431	5431
40432	5431
40433	5431
40434	5428
40435	5428
40436	5431
40437	5438
40438	5431
40439	5428
40440	5431
40441	5431
40442	5431
40443	5428
40444	5431
40445	5431
40446	5431
40447	5428
40448	5428
40449	5431
40450	5431
40451	5438
40452	5438
40453	5431
40454	5431
40455	5431
40456	5431
40457	5431
40458	5431
40459	5428
40460	5431
40461	5431
40462	5431
40463	5431
40464	5431
40465	5431
40466	5428
40467	5431
40468	5431
40469	5431
40470	5431
40471	5431
40472	5431
40473	5431
40474	5431
40475	5431
40476	5431
40477	5431
40478	5431
40479	5431
40480	5431
40481	5431
40482	5438
40483	5431
40484	5431
40485	5431
40486	5438
40487	5438
40488	5438
40489	5438
40490	5438
40491	5431
40492	5431
40493	5450
40494	5450
40495	5450
40496	5450
40497	5450
40498	5450
40499	5450
40500	5450
40501	5450
40502	5450
40503	5450
40504	5450
40505	5450
40506	5450
40507	5450
40508	5450
40509	5449
40510	5438
40511	5438
40512	5449
40513	5438
40514	5449
40515	5438
40516	5449
40517	5438
40518	5449
40519	5449
40520	5449
40521	5449
40522	5449
40523	5438
40524	5449
40525	5438
40526	5449
40527	5438
40528	5449
40529	5438
40530	5449
40531	5450
40532	5450
40533	5450
40534	5450
40535	5450
40536	5450
40537	5450
40538	5450
40539	5450
40540	5450
40541	5450
40542	5450
40543	5450
40544	5450
40545	5450
40546	5450
40547	5450
40548	5450
40549	5440
40550	5440
40551	5450
40552	5440
40553	5440
40554	5450
40555	5450
40556	5440
40557	5450
40558	5440
40559	5450
40560	5440
40561	5450
40562	5440
40563	5440
40564	5440
40565	5440
40566	5440
40567	5440
40568	5440
40569	5440
40570	5450
40571	5450
40572	5443
40573	5450
40574	5440
40575	5440
40576	5440
40577	5440
40578	5450
40579	5443
40580	5440
40581	5440
40582	5450
40583	5450
40584	5450
40585	5450
40586	5450
40587	5450
40588	5450
40589	5450
40590	5450
40591	5440
40592	5440
40593	5440
40594	5443
40595	5443
40596	5443
40597	5443
40598	5443
40599	5450
40600	5450
40601	5450
40602	5450
40603	5450
40604	5450
40605	5450
40606	5450
40607	5450
40608	5450
40609	5450
40610	5450
40611	5450
40612	5450
40613	5450
40614	5450
40615	5450
40616	5450
40617	5450
40618	5450
40619	5450
40620	5450
40621	5450
40622	5450
40623	5450
40624	5450
40625	5450
40626	5450
40627	5450
40628	5438
40629	5438
40630	5438
40631	5438
40632	5438
40633	5438
40634	5438
40635	5438
40636	5438
40637	5438
40638	5438
40639	5431
40640	5438
40641	5431
40642	5438
40643	5431
40644	5438
40645	5438
40646	5438
40647	5438
40648	5438
40649	5431
40650	5443
40651	5450
40652	5450
40653	5443
40654	5450
40655	5450
40656	5450
40657	5450
40658	5450
40659	5450
40660	5450
40661	5450
40662	5450
40663	5450
40664	5450
40665	5441
40666	5450
40667	5450
40668	5450
40669	5450
40670	5450
40671	5450
40672	5450
40673	5450
40674	5450
40675	5450
40676	5450
40677	5450
40678	5450
40679	5450
40680	5450
40681	5450
40682	5450
40683	5450
40684	5450
40685	5450
40686	5450
40687	5450
40688	5450
40689	5450
40690	5450
40691	5450
40692	5450
40693	5450
40694	5450
40695	5450
40696	5450
40697	5450
40698	5450
40699	5450
40700	5450
40701	5450
40702	5450
40703	5450
40704	5450
40705	5450
40706	5450
40707	5450
40708	5450
40709	5450
40710	5450
40711	5450
40712	5450
40713	5450
40714	5443
40715	5450
40716	5450
40717	5440
40718	5443
40719	5450
40720	5443
40721	5450
40722	5450
40723	5450
40724	5450
40725	5450
40726	5450
40727	5450
40728	5450
40729	5450
40730	5450
40731	5450
40732	5450
40733	5450
40734	5450
40735	5443
40736	5443
40737	5450
40738	5450
40739	5450
40740	5450
40741	5450
40742	5450
40743	5450
40744	5450
40745	5450
40746	5450
40747	5450
40748	5443
40749	5443
40750	5450
40751	5450
40752	5450
40753	5450
40754	5450
40755	5450
40756	5450
40757	5450
40758	5450
40759	5440
40760	5443
40761	5450
40762	5450
40763	5450
40764	5440
40765	5443
40766	5440
40767	5440
40768	5440
40769	5440
40770	5440
40771	5440
40772	5440
40773	5440
40774	5440
40775	5440
40776	5440
40777	5440
40778	5440
40779	5440
40780	5440
40781	5450
40782	5450
40783	5443
40784	5450
40785	5450
40786	5450
40787	5450
40788	5450
40789	5450
40790	5450
40791	5450
40792	5450
40793	5450
40794	5450
40795	5450
40796	5450
40797	5450
40798	5450
40799	5450
40800	5450
40801	5450
40802	5450
40803	5450
40804	5450
40805	5450
40806	5450
40807	5450
40808	5450
40809	5440
40810	5440
40811	5440
40812	5440
40813	5439
40814	5440
40815	5440
40816	5450
40817	5450
40818	5450
40819	5450
40820	5450
40821	5450
40822	5450
40823	5450
40824	5450
40825	5450
40826	5450
40827	5450
40828	5450
40829	5440
40830	5440
40831	5440
40832	5443
40833	5440
40834	5440
40835	5440
40836	5440
40837	5440
40838	5440
40839	5440
40840	5440
40841	5443
40842	5443
40843	5450
40844	5450
40845	5450
40846	5450
40847	5450
40848	5450
40849	5450
40850	5440
40851	5450
40852	5450
40853	5450
40854	5450
40855	5450
40856	5440
40857	5450
40858	5450
40859	5450
40860	5450
40861	5443
40862	5440
40863	5440
40864	5440
40865	5443
40866	5450
40867	5443
40868	5443
40869	5450
40870	5450
40871	5450
40872	5450
40873	5450
40874	5450
40875	5450
40876	5450
40877	5450
40878	5443
40879	5443
40880	5438
40881	5438
40882	5449
40883	5438
40884	5440
40885	5440
40886	5440
40887	5440
40888	5440
40889	5440
40890	5440
40891	5449
40892	5449
40893	5440
40894	5450
40895	5450
40896	5450
40897	5450
40898	5450
40899	5450
40900	5450
40901	5450
40902	5450
40903	5450
40904	5440
40905	5450
40906	5450
40907	5450
40908	5440
40909	5440
40910	5440
40911	5449
40912	5449
40913	5449
40914	5449
40915	5438
40916	5438
40917	5438
40918	5449
40919	5449
40920	5449
40921	5440
40922	5438
40923	5438
40924	5440
40925	5440
40926	5440
40927	5438
40928	5449
40929	5439
40930	5438
40931	5438
40932	5440
40933	5438
40934	5449
40935	5440
40936	5439
40937	5438
40938	5438
40939	5440
40940	5440
40941	5449
40942	5449
40943	5440
40944	5440
40945	5438
40946	5438
40947	5440
40948	5440
40949	5440
40950	5449
40951	5449
40952	5440
40953	5440
40954	5438
40955	5438
40956	5440
40957	5440
40958	5449
40959	5449
40960	5440
40961	5440
40962	5438
40963	5438
40964	5440
40965	5449
40966	5449
40967	5440
40968	5438
40969	5449
40970	5449
40971	5449
40972	5440
40973	5438
40974	5449
40975	5440
40976	5450
40977	5449
40978	5449
40979	5449
40980	5450
40981	5450
40982	5450
40983	5450
40984	5450
40985	5450
40986	5450
40987	5450
40988	5450
40989	5450
40990	5450
40991	5450
40992	5450
40993	5450
40994	5450
40995	5450
40996	5438
40997	5438
40998	5438
40999	5449
41000	5449
41001	5449
41002	5449
41003	5449
41004	5449
41005	5449
41006	5449
41007	5450
41008	5450
41009	5450
41010	5450
41011	5450
41012	5450
41013	5450
41014	5450
41015	5450
41016	5450
41017	5450
41018	5450
41019	5450
41020	5450
41021	5450
41022	5450
41023	5450
41024	5450
41025	5450
41026	5450
41027	5450
41028	5450
41029	5450
41030	5450
41031	5450
41032	5450
41033	5443
41034	5443
41035	5443
41036	5440
41037	5440
41038	5443
41039	5443
41040	5440
41041	5440
41042	5450
41043	5450
41044	5450
41045	5450
41046	5450
41047	5450
41048	5450
41049	5450
41050	5450
41051	5450
41052	5450
41053	5450
41054	5450
41055	5450
41056	5450
41057	5450
41058	5450
41059	5450
41060	5450
41061	5450
41062	5450
41063	5450
41064	5450
41065	5450
41066	5450
41067	5450
41068	5450
41069	5440
41070	5450
41071	5450
41072	5443
41073	5450
41074	5450
41075	5450
41076	5149
41077	5026
41078	5026
41079	5026
41080	5026
41081	5026
41082	5026
41083	5026
41084	5026
41085	5026
41086	5026
41087	5149
41088	5026
41089	5149
41090	5149
41091	5149
41092	5149
41093	5026
41094	5026
41095	5026
41096	5026
41097	5149
41098	5026
41099	5026
41100	5026
41101	5026
41102	5026
41103	5279
41104	5279
41105	5279
41106	5279
41107	5279
41108	5279
41109	5268
41110	5279
41111	5279
41112	5268
41113	5279
41114	5268
41115	5279
41116	5268
41117	5279
41118	5268
41119	5279
41120	5268
41121	5026
41122	5026
41123	5026
41124	5026
41125	5026
41126	5026
41127	5026
41128	5026
41129	5268
41130	5268
41131	5026
41132	5268
41133	5268
41134	5268
41135	5268
41136	5026
41137	5026
41138	5026
41139	5026
41140	5268
41141	5268
41142	5268
41143	5279
41144	5268
41145	5268
41146	5268
41147	5268
41148	5268
41149	5262
41150	5149
41151	5149
41152	5026
41153	5026
41154	5026
41155	5026
41156	5026
41157	5026
41158	5026
41159	5026
41160	5149
41161	5149
41162	5149
41163	5026
41164	5149
41165	5149
41166	5149
41167	5149
41168	5026
41169	5026
41170	5026
41171	5026
41172	5026
41173	5026
41174	5026
41175	5026
41176	5026
41177	5026
41178	5026
41179	5026
41180	5026
41181	5026
41182	5026
41183	5026
41184	5026
41185	5026
41186	5026
41187	5026
41188	5026
41189	5026
41190	5026
41191	5026
41192	5149
41193	5149
41194	5026
41195	5026
41196	5026
41197	5026
41198	5026
41199	5026
41200	5149
41201	5149
41202	5149
41203	5149
41204	5149
41205	5149
41206	5149
41207	5026
41208	5026
41209	5026
41210	5026
41211	5026
41212	5026
41213	5026
41214	5026
41215	5026
41216	5026
41217	5149
41218	5149
41219	5149
41220	5149
41221	5149
41222	5149
41223	5026
41224	5026
41225	5268
41226	5026
41227	5279
41228	5279
41229	5279
41230	5279
41231	5279
41232	5279
41233	5279
41234	5268
41235	5268
41236	5268
41237	5268
41238	5268
41239	5268
41240	5279
41241	5268
41242	5268
41243	5268
41244	5268
41245	5268
41246	5279
41247	5279
41248	5279
41249	5279
41250	5279
41251	5279
41252	5268
41253	5268
41254	5026
41255	5026
41256	5026
41257	5268
41258	5268
41259	5268
41260	5268
41261	5268
41262	5268
41263	5268
41264	5268
41265	5268
41266	5026
41267	5026
41268	5279
41269	5279
41270	5279
41271	5279
41272	5279
41273	5268
41274	5268
41275	5279
41276	5026
41277	5026
41278	5026
41279	5026
41280	5026
41281	5026
41282	5026
41283	5026
41284	5279
41285	5279
41286	5268
41287	5268
41288	5268
41289	5268
41290	5026
41291	5026
41292	5026
41293	5026
41294	5279
41295	5279
41296	5268
41297	5268
41298	5268
41299	5268
41300	5026
41301	5026
41302	5026
41303	5279
41304	5279
41305	5268
41306	5268
41307	5268
41308	5268
41309	5268
41310	5026
41311	5026
41312	5026
41313	5026
41314	5026
41315	5026
41316	5026
41317	5026
41318	5026
41319	5026
41320	5149
41321	5279
41322	5268
41323	5279
41324	5268
41325	5026
41326	5026
41327	5026
41328	5026
41329	5026
41330	5026
41331	5149
41332	5026
41333	5279
41334	5279
41335	5279
41336	5279
41337	5279
41338	5279
41339	5279
41340	5279
41341	5268
41342	5268
41343	5268
41344	5268
41345	5026
41346	5026
41347	5279
41348	5279
41349	5279
41350	5279
41351	5268
41352	5268
41353	5268
41354	5279
41355	5279
41356	5268
41357	5268
41358	5268
41359	5026
41360	5026
41361	5026
41362	5026
41363	5279
41364	5279
41365	5279
41366	5279
41367	5268
41368	5268
41369	5279
41370	5268
41371	5268
41372	5026
41373	5026
41374	5279
41375	5279
41376	5268
41377	5279
41378	5026
41379	5279
41380	5279
41381	5279
41382	5279
41383	5279
41384	5279
41385	5279
41386	5279
41387	5279
41388	5279
41389	5279
41390	5279
41391	5279
41392	5279
41393	5279
41394	5279
41395	5279
41396	5279
41397	5309
41398	5309
41399	5309
41400	5312
41401	5309
41402	5312
41403	5309
41404	5312
41405	5309
41406	5291
41407	5309
41408	5291
41409	5309
41410	5312
41411	5309
41412	5312
41413	5309
41414	5290
41415	5309
41416	5309
41417	5290
41418	5304
41419	5304
41420	5304
41421	5304
41422	5304
41423	5309
41424	5309
41425	5309
41426	5304
41427	5304
41428	5304
41429	5291
41430	5291
41431	5291
41432	5291
41433	5291
41434	5279
41435	5279
41436	5304
41437	5304
41438	5291
41439	5291
41440	5279
41441	5304
41442	5291
41443	5291
41444	5304
41445	5291
41446	5290
41447	5304
41448	5304
41449	5279
41450	5279
41451	5279
41452	5279
41453	5279
41454	5279
41455	5279
41456	5279
41457	5279
41458	5279
41459	5279
41460	5279
41461	5304
41462	5279
41463	5304
41464	5279
41465	5279
41466	5279
41467	5279
41468	5279
41469	5279
41470	5279
41471	5304
41472	5304
41473	5304
41474	5304
41475	5304
41476	5279
41477	5279
41478	5279
41479	5304
41480	5304
41481	5279
41482	5309
41483	5309
41484	5309
41485	5309
41486	5309
41487	5309
41488	5309
41489	5291
41490	5304
41491	5291
41492	5291
41493	5291
41494	5312
41495	5291
41496	5291
41497	5304
41498	5304
41499	5304
41500	5304
41501	5304
41502	5279
41503	5279
41504	5279
41505	5304
41506	5304
41507	5312
41508	5309
41509	5290
41510	5291
41511	5291
41512	5291
41513	5312
41514	5312
41515	5304
41516	5253
41517	5304
41518	5309
41519	5309
41520	5309
41521	5309
41522	5309
41523	5309
41524	5304
41525	5291
41526	5291
41527	5304
41528	5304
41529	5304
41530	5304
41531	5304
41532	5304
41533	5304
41534	5304
41535	5279
41536	5279
41537	5304
41538	5304
41539	5304
41540	5290
41541	5309
41542	5309
41543	5309
41544	5291
41545	5291
41546	5291
41547	5309
41548	5309
41549	5312
41550	5309
41551	5309
41552	5291
41553	5291
41554	5309
41555	5309
41556	5309
41557	5309
41558	5309
41559	5312
41560	5291
41561	5291
41562	5309
41563	5312
41564	5309
41565	5291
41566	5291
41567	5291
41568	5304
41569	5304
41570	5304
41571	5304
41572	5304
41573	5304
41574	5279
41575	5304
41576	5279
41577	5290
41578	5309
41579	5312
41580	5291
41581	5304
41582	5304
41583	5304
41584	5279
41585	5309
41586	5309
41587	5309
41588	5309
41589	5309
41590	5309
41591	5309
41592	5312
41593	5312
41594	5309
41595	5291
41596	5304
41597	5304
41598	5304
41599	5309
41600	5309
41601	5309
41602	5309
41603	5309
41604	5309
41605	5291
41606	5291
41607	5291
41608	5290
41609	5304
41610	5304
41611	5304
41612	5309
41613	5309
41614	5309
41615	5309
41616	5309
41617	5291
41618	5291
41619	5312
41620	5304
41621	5304
41622	5309
41623	5309
41624	5309
41625	5309
41626	5291
41627	5312
41628	5304
41629	5309
41630	5309
41631	5309
41632	5304
41633	5279
41634	5279
41635	5309
41636	5309
41637	5309
41638	5309
41639	5290
41640	5290
41641	5312
41642	5309
41643	5309
41644	5309
41645	5309
41646	5309
41647	5309
41648	5309
41649	5309
41650	5309
41651	5309
41652	5309
41653	5309
41654	5309
41655	5306
41656	5306
41657	5306
41658	5306
41659	5306
41660	5306
41661	5306
41662	5306
41663	5306
41664	5306
41665	5306
41666	5306
41667	5308
41668	5306
41669	5306
41670	5306
41671	5306
41672	5306
41673	5306
41674	5306
41675	5306
41676	5306
41677	5309
41678	5296
41679	5309
41680	5309
41681	5296
41682	5309
41683	5309
41684	5309
41685	5309
41686	5309
41687	5309
41688	5309
41689	5309
41690	5309
41691	5296
41692	5306
41693	5296
41694	5296
41695	5309
41696	5296
41697	5309
41698	5296
41699	5306
41700	5296
41701	5306
41702	5296
41703	5306
41704	5306
41705	5306
41706	5306
41707	5306
41708	5306
41709	5296
41710	5306
41711	5306
41712	5306
41713	5306
41714	5306
41715	5306
41716	5306
41717	5306
41718	5306
41719	5306
41720	5306
41721	5306
41722	5306
41723	5296
41724	5306
41725	5306
41726	5296
41727	5306
41728	5306
41729	5296
41730	5296
41731	5306
41732	5306
41733	5306
41734	5306
41735	5306
41736	5306
41737	5306
41738	5306
41739	5306
41740	5306
41741	5306
41742	5306
41743	5306
41744	5306
41745	5306
41746	5306
41747	5306
41748	5306
41749	5306
41750	5306
41751	5306
41752	5306
41753	5306
41754	5306
41755	5306
41756	5306
41757	5306
41758	5306
41759	5306
41760	5306
41761	5306
41762	5306
41763	5306
41764	5306
41765	5306
41766	5306
41767	5306
41768	5306
41769	5306
41770	5306
41771	5306
41772	5306
41773	5306
41774	5306
41775	5306
41776	5306
41777	5306
41778	5306
41779	5309
41780	5309
41781	5309
41782	5309
41783	5309
41784	5309
41785	5309
41786	5309
41787	5309
41788	5309
41789	5309
41790	5309
41791	5309
41792	5309
41793	5309
41794	5309
41795	5309
41796	5309
41797	5309
41798	5309
41799	5309
41800	5306
41801	5306
41802	5306
41803	5306
41804	5306
41805	5306
41806	5306
41807	5306
41808	5306
41809	5306
41810	5306
41811	5306
41812	5306
41813	5306
41814	5306
41815	5306
41816	5306
41817	5306
41818	5306
41819	5306
41820	5306
41821	5306
41822	5306
41823	5306
41824	5306
41825	5306
41826	5306
41827	5306
41828	5306
41829	5306
41830	5306
41831	5306
41832	5306
41833	5306
41834	5306
41835	5306
41836	5306
41837	5306
41838	5306
41839	5306
41840	5306
41841	5306
41842	5306
41843	5306
41844	5306
41845	5306
41846	5306
41847	5306
41848	5306
41849	5306
41850	5306
41851	5306
41852	5306
41853	5306
41854	5306
41855	5306
41856	5306
41857	5306
41858	5306
41859	5306
41860	5306
41861	5306
41862	5306
41863	5306
41864	5306
41865	5306
41866	5306
41867	5306
41868	5306
41869	5306
41870	5306
41871	5306
41872	5306
41873	5306
41874	5306
41875	5306
41876	5306
41877	5306
41878	5306
41879	5306
41880	5306
41881	5306
41882	5306
41883	5306
41884	5306
41885	5306
41886	5306
41887	5306
41888	5306
41889	5306
41890	5306
41891	5306
41892	5306
41893	5306
41894	5306
41895	5306
41896	5306
41897	5306
41898	5306
41899	5306
41900	5306
41901	5306
41902	5306
41903	5306
41904	5306
41905	5306
41906	5306
41907	5306
41908	5306
41909	5306
41910	5306
41911	5306
41912	5306
41913	5306
41914	5306
41915	5306
41916	5306
41917	5306
41918	5306
41919	5306
41920	5306
41921	5306
41922	5306
41923	5306
41924	5306
41925	5296
41926	5309
41927	5309
41928	5296
41929	5296
41930	5296
41931	5296
41932	5306
41933	5306
41934	5306
41935	5306
41936	5306
41937	5306
41938	5306
41939	5306
41940	5306
41941	5306
41942	5306
41943	5306
41944	5306
41945	5306
41946	5306
41947	5306
41948	5306
41949	5306
41950	5306
41951	5306
41952	5306
41953	5306
41954	5306
41955	5306
41956	5306
41957	5306
41958	5306
41959	5306
41960	5306
41961	5306
41962	5306
41963	5306
41964	5306
41965	5306
41966	5306
41967	5306
41968	5306
41969	5306
41970	5306
41971	5306
41972	5306
41973	5306
41974	5306
41975	5306
41976	5306
41977	5306
41978	5306
41979	5306
41980	5306
41981	5306
41982	5306
41983	5306
41984	5306
41985	5306
41986	5306
41987	5296
41988	5296
41989	5296
41990	5309
41991	5309
41992	5309
41993	5309
41994	5296
41995	5296
41996	5296
41997	5296
41998	5309
41999	5309
42000	5296
42001	5296
42002	5306
42003	5306
42004	5296
42005	5306
42006	5306
42007	5306
42008	5296
42009	5306
42010	5306
42011	5306
42012	5306
42013	5309
42014	5309
42015	5306
42016	5296
42017	5306
42018	5306
42019	5306
42020	5309
42021	5309
42022	5309
42023	5296
42024	5309
42025	5309
42026	5309
42027	5296
42028	5296
42029	5306
42030	5306
42031	5296
42032	5296
42033	5296
42034	5306
42035	5306
42036	5306
42037	5306
42038	5296
42039	5296
42040	5296
42041	5309
42042	5309
42043	5309
42044	5309
42045	5309
42046	5306
42047	5306
42048	5296
42049	5296
42050	5309
42051	5309
42052	5306
42053	5306
42054	5306
42055	5306
42056	5306
42057	5306
42058	5306
42059	5306
42060	5306
42061	5306
42062	5296
42063	5296
42064	5306
42065	5306
42066	5296
42067	5296
42068	5296
42069	5309
42070	5306
42071	5306
42072	5306
42073	5306
42074	5306
42075	5296
42076	5296
42077	5296
42078	5309
42079	5296
42080	5309
42081	5306
42082	5306
42083	5306
42084	5296
42085	5296
42086	5309
42087	5309
42088	5309
42089	5306
42090	5306
42091	5296
42092	5309
42093	5309
42094	5306
42095	5306
42096	5306
42097	5306
42098	5306
42099	5296
42100	5306
42101	5306
42102	5306
42103	5306
42104	5306
42105	5306
42106	5306
42107	5306
42108	5306
42109	5306
42110	5306
42111	5306
42112	5306
42113	5306
42114	5306
42115	5296
42116	5296
42117	5296
42118	5296
42119	5296
42120	5309
42121	5309
42122	5309
42123	5309
42124	5309
42125	5309
42126	5309
42127	5309
42128	5309
42129	5309
42130	5309
42131	5309
42132	5309
42133	5306
42134	5306
42135	5306
42136	5306
42137	5306
42138	5306
42139	5306
42140	5306
42141	5306
42142	5306
42143	5306
42144	5306
42145	5306
42146	5306
42147	5306
42148	5306
42149	5306
42150	5306
42151	5306
42152	5306
42153	5306
42154	5306
42155	5306
42156	5306
42157	5306
42158	5306
42159	5306
42160	5306
42161	5306
42162	5306
42163	5306
42164	5306
42165	5306
42166	5306
42167	5306
42168	5306
42169	5306
42170	5306
42171	5306
42172	5306
42173	5306
42174	5306
42175	5306
42176	5306
42177	5306
42178	5306
42179	5306
42180	5306
42181	5306
42182	5306
42183	5306
42184	5306
42185	5306
42186	5306
42187	5306
42188	5306
42189	5306
42190	5306
42191	5306
42192	5306
42193	5306
42194	5306
42195	5306
42196	5306
42197	5306
42198	5306
42199	5306
42200	5306
42201	5306
42202	5306
42203	5306
42204	5306
42205	5306
42206	5306
42207	5306
42208	5321
42209	5026
42210	5026
42211	5026
42212	5026
42213	5026
42214	5026
42215	5026
42216	5026
42217	5026
42218	5026
42219	5026
42220	5026
42221	5026
42222	5149
42223	5026
42224	5026
42225	5026
42226	5026
42227	5026
42228	5026
42229	5025
42230	5148
42231	5148
42232	5026
42233	5149
42234	5148
42235	5025
42236	5148
42237	5026
42238	5148
42239	5026
42240	5026
42241	5026
42242	5026
42243	5026
42244	5026
42245	5026
42246	5026
42247	5026
42248	5321
42249	5321
42250	5321
42251	5026
42252	5026
42253	5321
42254	5321
42255	5321
42256	5026
42257	5148
42258	5029
42259	5148
42260	5148
42261	5149
42262	5149
42263	5026
42264	5026
42265	5321
42266	5026
42267	5321
42268	5321
42269	5026
42270	5321
42271	5321
42272	5321
42273	5321
42274	5026
42275	5026
42276	5321
42277	5148
42278	5321
42279	5321
42280	5321
42281	5321
42282	5321
42283	5321
42284	5321
42285	5321
42286	5321
42287	5321
42288	5321
42289	5321
42290	5321
42291	5321
42292	5026
42293	5026
42294	5026
42295	5026
42296	5026
42297	5026
42298	5026
42299	5026
42300	5026
42301	5026
42302	5026
42303	5026
42304	5149
42305	5149
42306	5026
42307	5026
42308	5026
42309	5026
42310	5026
42311	5026
42312	5148
42313	5148
42314	5148
42315	5029
42316	5025
42317	5148
42318	5029
42319	5026
42320	5026
42321	5026
42322	5026
42323	5026
42324	5026
42325	5026
42326	5026
42327	5026
42328	5026
42329	5026
42330	5026
42331	5026
42332	5026
42333	5026
42334	5026
42335	5026
42336	5026
42337	5026
42338	5148
42339	5026
42340	5026
42341	5026
42342	5026
42343	5026
42344	5026
42345	5026
42346	5026
42347	5026
42348	5026
42349	5026
42350	5026
42351	5026
42352	5026
42353	5026
42354	5026
42355	5026
42356	5026
42357	5026
42358	5149
42359	5149
42360	5148
42361	5148
42362	5148
42363	5148
42364	5148
42365	5321
42366	5321
42367	5026
42368	5321
42369	5321
42370	5026
42371	5321
42372	5321
42373	5321
42374	5321
42375	5321
42376	5321
42377	5321
42378	5026
42379	5026
42380	5026
42381	5026
42382	5321
42383	5321
42384	5321
42385	5321
42386	5026
42387	5026
42388	5026
42389	5026
42390	5026
42391	5321
42392	5026
42393	5026
42394	5026
42395	5026
42396	5026
42397	5026
42398	5149
42399	5149
42400	5149
42401	5026
42402	5026
42403	5026
42404	5026
42405	5026
42406	5026
42407	5026
42408	5026
42409	5026
42410	5026
42411	5026
42412	5026
42413	5026
42414	5026
42415	5026
42416	5321
42417	5321
42418	5321
42419	5321
42420	5026
42421	5026
42422	5026
42423	5321
42424	5321
42425	5321
42426	5026
42427	5321
42428	5026
42429	5026
42430	5026
42431	5026
42432	5149
42433	5026
42434	5148
42435	5148
42436	5148
42437	5029
42438	5148
42439	5148
42440	5025
42441	5148
42442	5321
42443	5321
42444	5026
42445	5026
42446	5026
42447	5026
42448	5149
42449	5148
42450	5148
42451	5148
42452	5148
42453	5321
42454	5321
42455	5026
42456	5321
42457	5026
42458	5026
42459	5321
42460	5321
42461	5321
42462	5321
42463	5026
42464	5026
42465	5321
42466	5321
42467	5321
42468	5321
42469	5026
42470	5026
42471	5026
42472	5026
42473	5026
42474	5321
42475	5321
42476	5026
42477	5026
42478	5026
42479	5026
42480	5026
42481	5026
42482	5026
42483	5346
42484	5321
42485	5321
42486	5346
42487	5321
42488	5346
42489	5346
42490	5346
42491	5346
42492	5346
42493	5346
42494	5346
42495	5346
42496	5346
42497	5346
42498	5346
42499	5346
42500	5346
42501	5346
42502	5346
42503	5360
42504	5360
42505	5346
42506	5360
42507	5346
42508	5360
42509	5360
42510	5360
42511	5360
42512	5360
42513	5360
42514	5360
42515	5360
42516	5360
42517	5360
42518	5360
42519	5360
42520	5360
42521	5346
42522	5346
42523	5321
42524	5321
42525	5321
42526	5321
42527	5321
42528	5321
42529	5321
42530	5321
42531	5321
42532	5346
42533	5346
42534	5346
42535	5346
42536	5321
42537	5321
42538	5321
42539	5321
42540	5321
42541	5321
42542	5321
42543	5321
42544	5321
42545	5346
42546	5321
42547	5321
42548	5321
42549	5360
42550	5369
42551	5369
42552	5360
42553	5360
42554	5321
42555	5321
42556	5346
42557	5346
42558	5346
42559	5321
42560	5321
42561	5321
42562	5321
42563	5321
42564	5321
42565	5321
42566	5321
42567	5321
42568	5321
42569	5321
42570	5321
42571	5346
42572	5321
42573	5321
42574	5321
42575	5321
42576	5321
42577	5321
42578	5321
42579	5321
42580	5321
42581	5321
42582	5321
42583	5360
42584	5346
42585	5360
42586	5360
42587	5360
42588	5360
42589	5360
42590	5346
42591	5346
42592	5346
42593	5346
42594	5346
42595	5346
42596	5346
42597	5346
42598	5346
42599	5321
42600	5346
42601	5321
42602	5321
42603	5321
42604	5321
42605	5321
42606	5321
42607	5321
42608	5321
42609	5346
42610	5346
42611	5346
42612	5346
42613	5346
42614	5346
42615	5346
42616	5346
42617	5360
42618	5360
42619	5360
42620	5360
42621	5360
42622	5360
42623	5360
42624	5360
42625	5346
42626	5360
42627	5346
42628	5346
42629	5346
42630	5346
42631	5346
42632	5321
42633	5321
42634	5321
42635	5321
42636	5321
42637	5321
42638	5321
42639	5346
42640	5360
42641	5346
42642	5321
42643	5321
42644	5321
42645	5360
42646	5346
42647	5346
42648	5346
42649	5321
42650	5346
42651	5360
42652	5360
42653	5346
42654	5360
42655	5360
42656	5360
42657	5360
42658	5360
42659	5360
42660	5360
42661	5360
42662	5360
42663	5346
42664	5346
42665	5360
42666	5360
42667	5346
42668	5346
42669	5346
42670	5321
42671	5321
42672	5321
42673	5321
42674	5321
42675	5321
42676	5346
42677	5346
42678	5346
42679	5324
42680	5360
42681	5360
42682	5360
42683	5360
42684	5360
42685	5360
42686	5360
42687	5360
42688	5346
42689	5346
42690	5346
42691	5346
42692	5321
42693	5321
42694	5360
42695	5360
42696	5360
42697	5360
42698	5360
42699	5360
42700	5346
42701	5346
42702	5346
42703	5346
42704	5346
42705	5321
42706	5321
42707	5346
42708	5346
42709	5346
42710	5321
42711	5321
42712	5360
42713	5360
42714	5360
42715	5360
42716	5360
42717	5360
42718	5360
42719	5321
42720	5321
42721	5321
42722	5321
42723	5321
42724	5321
42725	5321
42726	5360
42727	5321
42728	5321
42729	5321
42730	5346
42731	5346
42732	5346
42733	5360
42734	5346
42735	5360
42736	5346
42737	5360
42738	5360
42739	5360
42740	5360
42741	5360
42742	5360
42743	5360
42744	5360
42745	5360
42746	5346
42747	5346
42748	5346
42749	5346
42750	5346
42751	5346
42752	5346
42753	5346
42754	5321
42755	5360
42756	5369
42757	5360
42758	5360
42759	5360
42760	5360
42761	5360
42762	5360
42763	5369
42764	5360
42765	5360
42766	5360
42767	5369
42768	5369
42769	5360
42770	5369
42771	5369
42772	5369
42773	5369
42774	5360
42775	5369
42776	5360
42777	5369
42778	5360
42779	5369
42780	5369
42781	5370
42782	5367
42783	5370
42784	5374
42785	5367
42786	5367
42787	5367
42788	5367
42789	5367
42790	5367
42791	5367
42792	5367
42793	5367
42794	5367
42795	5367
42796	5367
42797	5367
42798	5367
42799	5367
42800	5367
42801	5367
42802	5382
42803	5382
42804	5367
42805	5367
42806	5384
42807	5384
42808	5384
42809	5384
42810	5384
42811	5384
42812	5384
42813	5384
42814	5382
42815	5384
42816	5384
42817	5384
42818	5370
42819	5384
42820	5384
42821	5384
42822	5370
42823	5384
42824	5384
42825	5369
42826	5373
42827	5369
42828	5369
42829	5369
42830	5367
42831	5367
42832	5367
42833	5367
42834	5367
42835	5367
42836	5367
42837	5384
42838	5372
42839	5372
42840	5384
42841	5384
42842	5384
42843	5367
42844	5367
42845	5367
42846	5370
42847	5382
42848	5384
42849	5370
42850	5382
42851	5382
42852	5382
42853	5373
42854	5384
42855	5382
42856	5367
42857	5367
42858	5382
42859	5370
42860	5384
42861	5382
42862	5367
42863	5384
42864	5384
42865	5384
42866	5384
42867	5367
42868	5367
42869	5382
42870	5373
42871	5373
42872	5372
42873	5372
42874	5372
42875	5372
42876	5372
42877	5384
42878	5384
42879	5384
42880	5373
42881	5382
42882	5382
42883	5382
42884	5382
42885	5382
42886	5382
42887	5382
42888	5382
42889	5382
42890	5382
42891	5382
42892	5382
42893	5382
42894	5384
42895	5384
42896	5384
42897	5367
42898	5367
42899	5367
42900	5367
42901	5367
42902	5367
42903	5367
42904	5367
42905	5367
42906	5384
42907	5384
42908	5384
42909	5370
42910	5382
42911	5369
42912	5369
42913	5360
42914	5360
42915	5360
42916	5360
42917	5360
42918	5360
42919	5360
42920	5360
42921	5360
42922	5360
42923	5369
42924	5369
42925	5369
42926	5369
42927	5369
42928	5360
42929	5360
42930	5360
42931	5360
42932	5360
42933	5360
42934	5370
42935	5384
42936	5384
42937	5382
42938	5382
42939	5382
42940	5382
42941	5370
42942	5370
42943	5370
42944	5370
42945	5384
42946	5384
42947	5382
42948	5382
42949	5382
42950	5370
42951	5370
42952	5370
42953	5384
42954	5382
42955	5382
42956	5382
42957	5367
42958	5367
42959	5382
42960	5382
42961	5382
42962	5382
42963	5382
42964	5367
42965	5367
42966	5382
42967	5382
42968	5382
42969	5382
42970	5374
42971	5382
42972	5367
42973	5374
42974	5382
42975	5374
42976	5374
42977	5367
42978	5367
42979	5382
42980	5367
42981	5367
42982	5367
42983	5367
42984	5367
42985	5367
42986	5367
42987	5367
42988	5367
42989	5367
42990	5367
42991	5367
42992	5367
42993	5367
42994	5367
42995	5367
42996	5367
42997	5367
42998	5367
42999	5367
43000	5367
43001	5367
43002	5367
43003	5367
43004	5367
43005	5367
43006	5367
43007	5367
43008	5367
43009	5367
43010	5367
43011	5367
43012	5367
43013	5367
43014	5367
43015	5384
43016	5384
43017	5384
43018	5384
43019	5384
43020	5367
43021	5367
43022	5367
43023	5367
43024	5367
43025	5367
43026	5367
43027	5367
43028	5367
43029	5367
43030	5367
43031	5384
43032	5384
43033	5384
43034	5384
43035	5384
43036	5384
43037	5384
43038	5384
43039	5384
43040	5384
43041	5384
43042	5384
43043	5384
43044	5384
43045	5384
43046	5384
43047	5384
43048	5384
43049	5384
43050	5384
43051	5384
43052	5384
43053	5382
43054	5382
43055	5382
43056	5382
43057	5367
43058	5367
43059	5367
43060	5367
43061	5382
43062	5382
43063	5382
43064	5370
43065	5382
43066	5382
43067	5382
43068	5382
43069	5384
43070	5384
43071	5370
43072	5384
43073	5382
43074	5382
43075	5382
43076	5374
43077	5382
43078	5382
43079	5382
43080	5382
43081	5367
43082	5367
43083	5367
43084	5367
43085	5367
43086	5367
43087	5367
43088	5367
43089	5374
43090	5367
43091	5367
43092	5367
43093	5372
43094	5384
43095	5384
43096	5367
43097	5367
43098	5367
43099	5367
43100	5367
43101	5367
43102	5367
43103	5384
43104	5384
43105	5384
43106	5384
43107	5384
43108	5384
43109	5367
43110	5367
43111	5372
43112	5372
43113	5372
43114	5369
43115	5369
43116	5372
43117	5372
43118	5372
43119	5372
43120	5382
43121	5370
43122	5370
43123	5382
43124	5382
43125	5373
43126	5369
43127	5369
43128	5369
43129	5369
43130	5369
43131	5373
43132	5384
43133	5373
43134	5384
43135	5384
43136	5384
43137	5384
43138	5382
43139	5382
43140	5367
43141	5384
43142	5384
43143	5369
43144	5369
43145	5369
43146	5372
43147	5372
43148	5384
43149	5369
43150	5369
43151	5373
43152	5372
43153	5372
43154	5369
43155	5369
43156	5372
43157	5372
43158	5384
43159	5370
43160	5384
43161	5384
43162	5384
43163	5384
43164	5384
43165	5382
43166	5370
43167	5382
43168	5382
43169	5367
43170	5382
43171	5367
43172	5367
43173	5367
43174	5367
43175	5367
43176	5367
43177	5367
43178	5382
43179	5382
43180	5382
43181	5382
43182	5384
43183	5369
43184	5369
43185	5369
43186	5369
43187	5369
43188	5360
43189	5369
43190	5369
43191	5372
43192	5369
43193	5369
43194	5369
43195	5369
43196	5372
43197	5372
43198	5384
43199	5372
43200	5370
43201	5384
43202	5384
43203	5384
43204	5382
43205	5382
43206	5382
43207	5367
43208	5382
43209	5382
43210	5382
43211	5382
43212	5382
43213	5382
43214	5382
43215	5370
43216	5382
43217	5384
43218	5384
43219	5384
43220	5373
43221	5369
43222	5373
43223	5372
43224	5373
43225	5384
43226	5373
43227	5373
43228	5369
43229	5369
43230	5369
43231	5369
43232	5372
43233	5372
43234	5384
43235	5384
43236	5369
43237	5369
43238	5369
43239	5372
43240	5384
43241	5370
43242	5382
43243	5370
43244	5384
43245	5384
43246	5384
43247	5384
43248	5384
43249	5367
43250	5384
43251	5384
43252	5370
43253	5384
43254	5384
43255	5384
43256	5384
43257	5367
43258	5367
43259	5367
43260	5367
43261	5374
43262	5369
43263	5369
43264	5369
43265	5360
43266	5373
43267	5369
43268	5373
43269	5369
43270	5370
43271	5370
43272	5370
43273	5384
43274	5370
43275	5384
43276	5384
43277	5370
43278	5370
43279	5382
43280	5382
43281	5384
43282	5384
43283	5384
43284	5367
43285	5367
43286	5367
43287	5367
43288	5367
43289	5367
43290	5367
43291	5382
43292	5367
43293	5367
43294	5367
43295	5367
43296	5367
43297	5367
43298	5367
43299	5367
43300	5367
43301	5367
43302	5367
43303	5367
43304	5367
43305	5367
43306	5367
43307	5367
43308	5367
43309	5367
43310	5367
43311	5367
43312	5367
43313	5382
43314	5382
43315	5360
43316	5369
43317	5360
43318	5360
43319	5360
43320	5360
43321	5360
43322	5360
43323	5360
43324	5360
43325	5360
43326	5369
43327	5369
43328	5369
43329	5369
43330	5369
43331	5369
43332	5384
43333	5372
43334	5372
43335	5372
43336	5372
43337	5372
43338	5384
43339	5384
43340	5384
43341	5384
43342	5384
43343	5373
43344	5384
43345	5382
43346	5382
43347	5382
43348	5382
43349	5382
43350	5382
43351	5382
43352	5382
43353	5374
43354	5382
43355	5367
43356	5382
43357	5382
43358	5382
43359	5384
43360	5384
43361	5384
43362	5384
43363	5384
43364	5384
43365	5367
43366	5367
43367	5367
43368	5367
43369	5367
43370	5367
43371	5367
43372	5370
43373	5382
43374	5370
43375	5384
43376	5384
43377	5384
43378	5384
43379	5382
43380	5382
43381	5382
43382	5382
43383	5370
43384	5025
43385	5026
43386	5026
43387	5025
43388	5028
43389	5028
43390	5025
43391	5025
43392	5025
43393	5148
43394	5149
43395	5148
43396	5026
43397	5026
43398	5026
43399	5025
43400	5025
43401	5025
43402	5025
43403	5149
43404	5148
43405	5028
43406	5026
43407	5026
43408	5028
43409	5026
43410	5028
43411	5026
43412	5026
43413	5026
43414	5026
43415	5026
43416	5026
43417	5026
43418	5026
43419	5026
43420	5026
43421	5026
43422	5026
43423	5025
43424	5025
43425	5028
43426	5149
43427	5148
43428	5028
43429	5029
43430	5028
43431	5028
43432	5026
43433	5026
43434	5028
43435	5029
43436	5026
43437	5026
43438	5026
43439	5026
43440	5149
43441	5149
43442	5029
43443	5025
43444	5025
43445	5025
43446	5148
43447	5148
43448	5148
43449	5148
43450	5148
43451	5149
43452	5148
43453	5149
43454	5026
43455	5026
43456	5025
43457	5025
43458	5025
43459	5025
43460	5025
43461	5025
43462	5025
43463	5025
43464	5025
43465	5025
43466	5148
43467	5148
43468	5026
43469	5149
43470	5028
43471	5149
43472	5026
43473	5026
43474	5026
43475	5026
43476	5026
43477	5026
43478	5148
43479	5148
43480	5025
43481	5025
43482	5028
43483	5028
43484	5028
43485	5029
43486	5029
43487	5025
43488	5026
43489	5026
43490	5026
43491	5026
43492	5026
43493	5026
43494	5028
43495	5026
43496	5026
43497	5026
43498	5028
43499	5028
43500	5028
43501	5028
43502	5028
43503	5028
43504	5028
43505	5028
43506	5028
43507	5025
43508	5028
43509	5028
43510	5028
43511	5028
43512	5028
43513	5028
43514	5028
43515	5026
43516	5026
43517	5026
43518	5026
43519	5026
43520	5026
43521	5149
43522	5149
43523	5026
43524	5026
43525	5149
43526	5148
43527	5148
43528	5148
43529	5028
43530	5148
43531	5025
43532	5025
43533	5026
43534	5026
43535	5028
43536	5026
43537	5026
43538	5026
43539	5026
43540	5026
43541	5026
43542	5026
43543	5026
43544	5028
43545	5028
43546	5025
43547	5025
43548	5025
43549	5025
43550	5025
43551	5025
43552	5025
43553	5026
43554	5026
43555	5026
43556	5026
43557	5026
43558	5026
43559	5026
43560	5367
43561	5026
43562	5026
43563	5026
43564	5026
43565	5026
43566	5026
43567	5026
43568	5026
43569	5026
43570	5026
43571	5026
43572	5026
43573	5026
43574	5026
43575	5028
43576	5028
43577	5026
43578	5026
43579	5026
43580	5028
43581	5028
43582	5028
43583	5149
43584	5149
43585	5026
43586	5026
43587	5026
43588	5026
43589	5026
43590	5026
43591	5028
43592	5028
43593	5025
43594	5149
43595	5241
43596	5241
43597	5241
43598	5241
43599	5233
43600	5233
43601	5233
43602	5233
43603	5233
43604	5233
43605	5233
43606	5233
43607	5233
43608	5233
43609	5233
43610	5233
43611	5233
43612	5233
43613	5233
43614	5026
43615	5026
43616	5026
43617	5026
43618	5026
43619	5026
43620	5026
43621	5026
43622	5026
43623	5026
43624	5026
43625	5026
43626	5026
43627	5026
43628	5026
43629	5026
43630	5026
43631	5026
43632	5026
43633	5026
43634	5026
43635	5026
43636	5026
43637	5026
43638	5026
43639	5026
43640	5026
43641	5026
43642	5026
43643	5026
43644	5026
43645	5233
43646	5233
43647	5233
43648	5233
43649	5233
43650	5233
43651	5233
43652	5026
43653	5026
43654	5233
43655	5233
43656	5233
43657	5233
43658	5026
43659	5026
43660	5233
43661	5233
43662	5233
43663	5233
43664	5026
43665	5026
43666	5233
43667	5233
43668	5233
43669	5233
43670	5026
43671	5026
43672	5233
43673	5233
43674	5233
43675	5026
43676	5026
43677	5026
43678	5233
43679	5233
43680	5233
43681	5233
43682	5233
43683	5233
43684	5026
43685	5026
43686	5026
43687	5241
43688	5241
43689	5241
43690	5233
43691	5241
43692	5233
43693	5026
43694	5026
43695	5026
43696	5026
43697	5026
43698	5026
43699	5026
43700	5026
43701	5026
43702	5026
43703	5026
43704	5233
43705	5233
43706	5233
43707	5026
43708	5026
43709	5233
43710	5233
43711	5233
43712	5233
43713	5026
43714	5026
43715	5026
43716	5026
43717	5026
43718	5026
43719	5026
43720	5026
43721	5026
43722	5233
43723	5233
43724	5241
43725	5233
43726	5233
43727	5233
43728	5233
43729	5241
43730	5233
43731	5233
43732	5233
43733	5026
43734	5026
43735	5233
43736	5233
43737	5026
43738	5026
43739	5233
43740	5241
43741	5241
43742	5233
43743	5026
43744	5026
43745	5026
43746	5026
43747	5026
43748	5026
43749	5026
43750	5026
43751	5233
43752	5233
43753	5241
43754	5241
43755	5026
43756	5026
43757	5026
43758	5026
43759	5233
43760	5233
43761	5233
43762	5233
43763	5233
43764	5233
43765	5233
43766	5241
43767	5233
43768	5241
43769	5241
43770	5241
43771	5241
43772	5241
43773	5026
43774	5026
43775	5026
43776	5026
43777	5026
43778	5026
43779	5026
43780	5026
43781	5026
43782	5026
43783	5026
43784	5026
43785	5026
43786	5026
43787	5026
43788	5026
43789	5026
43790	5026
43791	5026
43792	5026
43793	5026
43794	5026
43795	5026
43796	5026
43797	5026
43798	5026
43799	5241
43800	5241
43801	5233
43802	5241
43803	5241
43804	5241
43805	5241
43806	5241
43807	5233
43808	5241
43809	5241
43810	5241
43811	5241
43812	5241
43813	5241
43814	5227
43815	5239
43816	5239
43817	5239
43818	5239
43819	5239
43820	5239
43821	5239
43822	5239
43823	5239
43824	5239
43825	5239
43826	5239
43827	5239
43828	5239
43829	5239
43830	5239
43831	5239
43832	5239
43833	5239
43834	5241
43835	5241
43836	5241
43837	5241
43838	5241
43839	5241
43840	5241
43841	5227
43842	5241
43843	5239
43844	5239
43845	5239
43846	5239
43847	5239
43848	5239
43849	5239
43850	5239
43851	5241
43852	5241
43853	5239
43854	5227
43855	5241
43856	5239
43857	5239
43858	5239
43859	5239
43860	5239
43861	5239
43862	5239
43863	5239
43864	5239
43865	5241
43866	5227
43867	5227
43868	5241
43869	5241
43870	5241
43871	5241
43872	5241
43873	5239
43874	5227
43875	5227
43876	5227
43877	5241
43878	5227
43879	5241
43880	5227
43881	5241
43882	5239
43883	5239
43884	5227
43885	5241
43886	5241
43887	5241
43888	5241
43889	5241
43890	5241
43891	5241
43892	5241
43893	5227
43894	5227
43895	5227
43896	5227
43897	5227
43898	5241
43899	5227
43900	5241
43901	5241
43902	5241
43903	5241
43904	5241
43905	5241
43906	5239
43907	5241
43908	5239
43909	5239
43910	5239
43911	5239
43912	5227
43913	5227
43914	5241
43915	5227
43916	5227
43917	5227
43918	5227
43919	5227
43920	5227
43921	5239
43922	5239
43923	5227
43924	5239
43925	5239
43926	5239
43927	5239
43928	5239
43929	5239
43930	5239
43931	5239
43932	5239
43933	5239
43934	5239
43935	5239
43936	5239
43937	5241
43938	5241
43939	5241
43940	5241
43941	5241
43942	5241
43943	5241
43944	5241
43945	5233
43946	5241
43947	5241
43948	5241
43949	5241
43950	5241
43951	5241
43952	5241
43953	5241
43954	5241
43955	5241
43956	5241
43957	5241
43958	5241
43959	5241
43960	5241
43961	5241
43962	5241
43963	5241
43964	5239
43965	5239
43966	5239
43967	5239
43968	5239
43969	5239
43970	5239
43971	5239
43972	5239
43973	5239
43974	5239
43975	5239
43976	5239
43977	5239
43978	5239
43979	5239
43980	5238
43981	5227
43982	5227
43983	5238
43984	5239
43985	5239
43986	5238
43987	5238
43988	5241
43989	5227
43990	5241
43991	5241
43992	5241
43993	5241
43994	5241
43995	5227
43996	5241
43997	5241
43998	5241
43999	5241
44000	5241
44001	5241
44002	5241
44003	5241
44004	5241
44005	5241
44006	5241
44007	5239
44008	5238
44009	5227
44010	5227
44011	5239
44012	5239
44013	5239
44014	5239
44015	5239
44016	5239
44017	5239
44018	5239
44019	5239
44020	5239
44021	5239
44022	5239
44023	5239
44024	5239
44025	5239
44026	5239
44027	5239
44028	5239
44029	5239
44030	5239
44031	5239
44032	5239
44033	5239
44034	5239
44035	5239
44036	5239
44037	5239
44038	5239
44039	5239
44040	5239
44041	5239
44042	5239
44043	5239
44044	5239
44045	5239
44046	5239
44047	5239
44048	5239
44049	5239
44050	5239
44051	5227
44052	5227
44053	5227
44054	5227
44055	5227
44056	5227
44057	5239
44058	5239
44059	5227
44060	5239
44061	5239
44062	5239
44063	5239
44064	5239
44065	5227
44066	5227
44067	5239
44068	5239
44069	5239
44070	5239
44071	5239
44072	5239
44073	5239
44074	5239
44075	5239
44076	5239
44077	5239
44078	5239
44079	5239
44080	5239
44081	5239
44082	5227
44083	5227
44084	5227
44085	5227
44086	5239
44087	5227
44088	5241
44089	5241
44090	5241
44091	5241
44092	5241
44093	5241
44094	5241
44095	5241
44096	5241
44097	5241
44098	5241
44099	5241
44100	5241
44101	5227
44102	5227
44103	5227
44104	5241
44105	5241
44106	5241
44107	5239
44108	5239
44109	5227
44110	5227
44111	5239
44112	5239
44113	5239
44114	5239
44115	5239
44116	5241
44117	5227
44118	5227
44119	5227
44120	5239
44121	5227
44122	5239
44123	5239
44124	5239
44125	5239
44126	5239
44127	5239
44128	5239
44129	5239
44130	5239
44131	5239
44132	5239
44133	5239
44134	5239
44135	5239
44136	5239
44137	5239
44138	5239
44139	5239
44140	5239
44141	5239
44142	5239
44143	5239
44144	5239
44145	5227
44146	5239
44147	5239
44148	5239
44149	5239
44150	5241
44151	5241
44152	5241
44153	5241
44154	5241
44155	5241
44156	5241
44157	5241
44158	5241
44159	5241
44160	5241
44161	5241
44162	5241
44163	5241
44164	5241
44165	5241
44166	5241
44167	5241
44168	5241
44169	5241
44170	5241
44171	5241
44172	5241
44173	5238
44174	5238
44175	5227
44176	5227
44177	5239
44178	5241
44179	5241
44180	5241
44181	5241
44182	5241
44183	5241
44184	5241
44185	5241
44186	5241
44187	5241
44188	5241
44189	5241
44190	5227
44191	5227
44192	5227
44193	5241
44194	5241
44195	5241
44196	5241
44197	5227
44198	5241
44199	5227
44200	5239
44201	5227
44202	5227
44203	5241
44204	5241
44205	5227
44206	5227
44207	5241
44208	5241
44209	5239
44210	5227
44211	5239
44212	5239
44213	5239
44214	5239
44215	5227
44216	5241
44217	5241
44218	5241
44219	5241
44220	5241
44221	5241
44222	5241
44223	5241
44224	5227
44225	5241
44226	5227
44227	5239
44228	5241
44229	5241
44230	5241
44231	5239
44232	5239
44233	5239
44234	5239
44235	5239
44236	5239
44237	5239
44238	5239
44239	5239
44240	5239
44241	5227
44242	5227
44243	5241
44244	5241
44245	5241
44246	5241
44247	5227
44248	5241
44249	5239
44250	5239
44251	5239
44252	5239
44253	5239
44254	5239
44255	5239
44256	5241
44257	5241
44258	5241
44259	5241
44260	5241
44261	5241
44262	5241
44263	5241
44264	5241
44265	5241
44266	5241
44267	5241
44268	5241
44269	5241
44270	5241
44271	5241
44272	5241
44273	5241
44274	5241
44275	5239
44276	5239
44277	5239
44278	5239
44279	5239
44280	5239
44281	5239
44282	5239
44283	5239
44284	5239
44285	5239
44286	5239
44287	5239
44288	5239
44289	5239
44290	5239
44291	5239
44292	5239
44293	5239
44294	5241
44295	5241
44296	5241
44297	5241
44298	5241
44299	5241
44300	5241
44301	5241
44302	5241
44303	5241
44304	5241
44305	5241
44306	5241
44307	5241
44308	5241
44309	5241
44310	5241
44311	5241
44312	5241
44313	5241
44314	5241
44315	5241
44316	5239
44317	5239
44318	5239
44319	5239
44320	5227
44321	5239
44322	5239
44323	5239
44324	5239
44325	5239
44326	5227
44327	5227
44328	5227
44329	5227
44330	5227
44331	5227
44332	5241
44333	5227
44334	5241
44335	5241
44336	5234
44337	5241
44338	5241
44339	5241
44340	5241
44341	5241
44342	5241
44343	5227
44344	5241
44345	5227
44346	5239
44347	5239
44348	5239
44349	5239
44350	5239
44351	5239
44352	5239
44353	5227
44354	5227
44355	5241
44356	5227
44357	5227
44358	5227
44359	5227
44360	5227
44361	5227
44362	5227
44363	5227
44364	5239
44365	5239
44366	5239
44367	5239
44368	5239
44369	5239
44370	5239
44371	5239
44372	5239
44373	5239
44374	5239
44375	5239
44376	5241
44377	5241
44378	5227
44379	5241
44380	5241
44381	5241
44382	5241
44383	5241
44384	5241
