0	0
1	1
2	2
3	6
4	4
5	5
6	10
7	10
8	31
9	50
10	50
11	39
12	755
13	39
14	38
15	15
16	16
17	18
18	755
19	19
20	573
21	572
22	303
23	30
24	29
25	21
26	23
27	309
28	571
29	250
30	20
31	250
32	32
33	47
34	35
35	45
36	14
37	13
38	8
39	9
40	5
41	39
42	260
43	42
44	43
45	43
46	49
47	47
48	48
49	39
50	249
51	252
52	52
53	84
54	74
55	48630
56	84
57	48630
58	87
59	48753
60	48946
61	48753
62	48756
63	48756
64	48756
65	48756
66	48756
67	48753
68	48753
69	48753
70	49108
71	48753
72	48630
73	48630
74	48630
75	74
76	74
77	81
78	81
79	74
80	84
81	48630
82	48630
83	48630
84	48630
85	48630
86	48630
87	48753
88	48753
89	48753
90	48753
91	48753
92	48753
93	48753
94	89
95	91
96	99
97	48630
98	48630
99	48753
100	48753
101	84
102	89
103	48756
104	48756
105	48756
106	48630
107	280
108	695
109	279
110	120
111	178
112	117
113	182
114	112
115	112
116	177
117	181
118	132
119	120
120	567
121	158
122	154
123	137
124	169
125	45267
126	81
127	44387
128	77
129	146
130	96
131	81
132	565
133	109
134	109
135	134
136	280
137	137
138	280
139	695
140	886
141	735
142	44923
143	44925
144	44922
145	48908
146	64
147	82
148	84
149	150
150	569
151	439
152	44923
153	248
154	154
155	155
156	169
157	607
158	442
159	81
160	564
161	568
162	259
163	431
164	164
165	165
166	137
167	167
168	168
169	169
170	607
171	248
172	44923
173	44922
174	48908
175	49363
176	734
177	121
178	119
179	119
180	567
181	568
182	151
183	182
184	229
185	44543
186	255
187	255
188	265
189	265
190	261
191	261
192	12
193	772
194	44546
195	187
196	883
197	881
198	231
199	272
200	273
201	884
202	697
203	885
204	693
205	693
206	694
207	694
208	694
209	693
210	693
211	693
212	693
213	275
214	699
215	276
216	261
217	262
218	263
219	262
220	772
221	771
222	879
223	880
224	881
225	771
226	766
227	12
228	263
229	116
230	253
231	751
232	885
233	886
234	277
235	694
236	886
237	694
238	885
239	885
240	281
241	693
242	278
243	281
244	278
245	277
246	277
247	694
248	44923
249	183
250	149
251	163
252	183
253	260
254	253
255	255
256	257
257	254
258	113
259	260
260	113
261	19
262	755
263	12
264	766
265	265
266	766
267	768
268	771
269	770
270	787
271	764
272	272
273	732
274	759
275	763
276	857
277	887
278	737
279	696
280	888
281	737
282	846
283	314
284	285
285	535
286	326
287	286
288	289
289	533
290	323
291	312
292	332
293	323
294	290
295	542
296	319
297	311
298	534
299	302
300	540
301	300
302	544
303	303
304	303
305	306
306	312
307	309
308	311
309	303
310	530
311	303
312	531
313	314
314	315
315	535
316	536
317	297
318	297
319	306
320	291
321	330
322	292
323	537
324	538
325	538
326	533
327	326
328	315
329	327
330	325
331	529
332	531
333	328
334	48757
335	48757
336	48756
337	48757
338	48756
339	48756
340	48756
341	48756
342	48756
343	48756
344	48756
345	48756
346	48756
347	48756
348	48756
349	48756
350	49108
351	49108
352	49108
353	48757
354	49108
355	48757
356	48757
357	48757
358	49079
359	48758
360	48757
361	48757
362	48757
363	48756
364	49108
365	49108
366	49108
367	49108
368	49108
369	49108
370	49108
371	49108
372	49108
373	49108
374	49108
375	48756
376	48756
377	578
378	48756
379	48756
380	48756
381	48756
382	48756
383	48756
384	48756
385	48756
386	48756
387	49108
388	561
389	558
390	561
391	48980
392	459
393	457
394	398
395	397
396	397
397	458
398	400
399	48981
400	399
401	410
402	399
403	435
404	436
405	449
406	450
407	48681
408	48685
409	48497
410	48498
411	407
412	356
413	408
414	444
415	610
416	418
417	444
418	166
419	390
420	558
421	1137
422	1135
423	44923
424	248
425	44922
426	48908
427	382
428	578
429	48756
430	462
431	461
432	460
433	44923
434	248
435	605
436	447
437	604
438	607
439	413
440	334
441	440
442	412
443	509
444	610
445	165
446	166
447	167
448	605
449	604
450	607
451	248
452	44923
453	44922
454	48908
455	49363
456	1136
457	400
458	400
459	391
460	410
461	401
462	402
463	462
464	48622
465	474
466	465
467	466
468	475
469	468
470	469
471	496
472	498
473	494
474	48731
475	48735
476	552
477	422
478	520
479	488
480	420
481	557
482	389
483	557
484	388
485	556
486	559
487	388
488	388
489	388
490	388
491	388
492	556
493	478
494	479
495	482
496	48737
497	497
498	48905
499	499
500	500
501	503
502	477
503	476
504	511
505	548
506	506
507	472
508	471
509	392
510	509
511	557
512	1135
513	1136
514	390
515	559
516	559
517	559
518	556
519	556
520	388
521	389
522	388
523	388
524	388
525	388
526	388
527	559
528	44923
529	394
530	430
531	463
532	396
533	509
534	48634
535	48620
536	464
537	393
538	397
539	393
540	470
541	507
542	508
543	472
544	467
545	497
546	546
547	548
548	550
549	553
550	555
551	517
552	1327
553	1298
554	1139
555	1138
556	1286
557	1328
558	1527
559	1286
560	1328
561	1527
562	48756
563	99
564	99
565	64
566	440
567	412
568	413
569	460
570	432
571	530
572	310
573	530
574	48756
575	48756
576	48756
577	48756
578	48756
579	48630
580	49108
581	49108
582	48630
583	49108
584	48630
585	48630
586	48630
587	49108
588	48630
589	48632
590	48632
591	48630
592	48632
593	48650
594	48765
595	49001
596	48911
597	48651
598	48908
599	44922
600	49362
601	248
602	49172
603	44923
604	604
605	605
606	166
607	607
608	167
609	165
610	164
611	282
612	1570
613	926
614	1580
615	1710
616	2217
617	1758
618	1733
619	1760
620	637
621	622
622	633
623	618
624	631
625	619
626	632
627	612
628	1583
629	1583
630	1568
631	1570
632	1570
633	1761
634	1582
635	1761
636	1578
637	1578
638	618
639	1577
640	615
641	1714
642	978
643	637
644	647
645	649
646	851
647	654
648	656
649	851
650	850
651	850
652	651
653	654
654	656
655	658
656	658
657	660
658	660
659	659
660	660
661	620
662	626
663	664
664	649
665	851
666	655
667	659
668	892
669	669
670	872
671	674
672	672
673	675
674	674
675	677
676	676
677	677
678	982
679	680
680	680
681	681
682	983
683	961
684	684
685	685
686	684
687	687
688	865
689	868
690	1131
691	866
692	869
693	738
694	737
695	736
696	888
697	738
698	1013
699	759
700	1012
701	768
702	770
703	770
704	785
705	761
706	761
707	1031
708	712
709	1022
710	1021
711	1004
712	1001
713	1001
714	1004
715	1023
716	710
717	715
718	723
719	1018
720	1015
721	1019
722	724
723	648
724	852
725	853
726	657
727	842
728	718
729	644
730	1046
731	711
732	1011
733	740
734	999
735	1011
736	739
737	739
738	999
739	1000
740	1037
741	741
742	974
743	743
744	744
745	754
746	746
747	794
748	746
749	749
750	750
751	1014
752	731
753	37
754	36
755	987
756	730
757	707
758	1038
759	1047
760	716
761	1050
762	854
763	757
764	760
765	768
766	755
767	985
768	987
769	988
770	1051
771	989
772	770
773	989
774	1051
775	902
776	1036
777	786
778	1005
779	762
780	1040
781	1005
782	762
783	1041
784	762
785	760
786	717
787	760
788	905
789	903
790	742
791	791
792	792
793	793
794	754
795	748
796	747
797	748
798	21
799	748
800	829
801	833
802	833
803	829
804	833
805	829
806	833
807	829
808	829
809	829
810	810
811	829
812	834
813	829
814	834
815	829
816	834
817	796
818	747
819	687
820	747
821	794
822	794
823	822
824	822
825	822
826	822
827	833
828	822
829	822
830	822
831	822
832	748
833	821
834	821
835	822
836	822
837	998
838	794
839	26
840	304
841	841
842	842
843	842
844	1000
845	844
846	889
847	1003
848	1038
849	1002
850	648
851	654
852	647
853	666
854	709
855	708
856	1048
857	731
858	732
859	1711
860	1732
861	1577
862	616
863	637
864	620
865	670
866	679
867	671
868	672
869	686
870	687
871	624
872	669
873	770
874	989
875	770
876	876
877	1005
878	1006
879	1010
880	1010
881	1035
882	731
883	1014
884	1014
885	738
886	739
887	736
888	736
889	845
890	2104
891	2109
892	926
893	2120
894	922
895	929
896	913
897	923
898	899
899	893
900	935
901	1036
902	899
903	916
904	917
905	917
906	900
907	937
908	2151
909	2138
910	2114
911	944
912	865
913	911
914	950
915	913
916	918
917	916
918	938
919	2103
920	2099
921	925
922	942
923	950
924	2102
925	962
926	2100
927	2097
928	908
929	962
930	949
931	940
932	2110
933	2133
934	934
935	936
936	945
937	939
938	937
939	936
940	947
941	946
942	948
943	936
944	939
945	893
946	2115
947	2098
948	910
949	941
950	943
951	2096
952	908
953	2133
954	2104
955	942
956	912
957	929
958	916
959	917
960	917
961	913
962	2101
963	909
964	947
965	948
966	949
967	949
968	968
969	969
970	915
971	958
972	923
973	976
974	905
975	917
976	986
977	2105
978	932
979	1569
980	924
981	921
982	955
983	931
984	2153
985	907
986	934
987	987
988	1052
989	902
990	2163
991	990
992	991
993	1036
994	973
995	1636
996	1709
997	998
998	26
999	848
1000	848
1001	843
1002	843
1003	849
1004	713
1005	1045
1006	1050
1007	1040
1008	1040
1009	786
1010	1047
1011	758
1012	1049
1013	1046
1014	740
1015	1026
1016	1019
1017	665
1018	644
1019	852
1020	1033
1021	727
1022	667
1023	726
1024	666
1025	1024
1026	723
1027	729
1028	990
1029	710
1030	1023
1031	713
1032	712
1033	723
1034	1023
1035	1048
1036	899
1037	847
1038	847
1039	1025
1040	1034
1041	725
1042	725
1043	899
1044	991
1045	1030
1046	714
1047	1032
1048	1031
1049	711
1050	1029
1051	1036
1052	901
1053	2438
1054	2248
1055	2258
1056	2314
1057	2301
1058	2389
1059	2388
1060	2434
1061	1078
1062	1062
1063	1075
1064	1058
1065	1066
1066	1076
1067	1066
1068	1072
1069	1060
1070	1060
1071	1053
1072	2439
1073	2261
1074	2437
1075	1059
1076	2437
1077	2914
1078	2255
1079	1058
1080	2259
1081	1436
1082	2258
1083	1420
1084	1080
1085	1089
1086	1090
1087	1291
1088	1096
1089	1096
1090	1089
1091	1094
1092	1290
1093	1092
1094	1097
1095	1097
1096	1098
1097	1099
1098	1100
1099	1099
1100	1100
1101	1101
1102	1304
1103	1103
1104	1458
1105	1090
1106	1164
1107	1098
1108	1100
1109	1421
1110	1110
1111	1111
1112	1112
1113	1113
1114	1114
1115	1115
1116	1116
1117	1117
1118	1412
1119	1422
1120	1120
1121	1121
1122	1122
1123	1423
1124	1411
1125	1234
1126	1232
1127	1127
1128	1189
1129	1305
1130	1130
1131	1307
1132	1306
1133	1260
1134	1177
1135	1328
1136	1329
1137	1528
1138	1177
1139	1176
1140	1323
1141	1192
1142	1142
1143	1144
1144	1146
1145	1141
1146	1141
1147	1322
1148	1471
1149	1153
1150	1461
1151	1461
1152	1444
1153	1441
1154	1442
1155	1289
1156	1462
1157	1151
1158	1150
1159	1463
1160	1170
1161	1166
1162	1459
1163	1166
1164	1096
1165	1464
1166	1156
1167	1098
1168	1282
1169	1474
1170	1473
1171	1477
1172	1486
1173	1439
1174	1439
1175	1180
1176	1180
1177	1526
1178	1284
1179	1440
1180	1440
1181	1478
1182	329
1183	1408
1184	321
1185	1184
1186	1195
1187	1186
1188	1235
1189	1188
1190	287
1191	288
1192	1451
1193	1453
1194	317
1195	317
1196	295
1197	1451
1198	1486
1199	1478
1200	1172
1201	1149
1202	1475
1203	1157
1204	1197
1205	1296
1206	1316
1207	543
1208	1206
1209	1207
1210	1208
1211	1211
1212	1212
1213	1213
1214	1219
1215	1218
1216	1449
1217	1224
1218	1223
1219	1319
1220	1202
1221	1203
1222	1204
1223	1450
1224	1447
1225	1204
1226	1475
1227	1490
1228	1200
1229	1409
1230	1183
1231	1185
1232	1185
1233	1187
1234	1187
1235	1438
1236	1189
1237	1235
1238	1237
1239	304
1240	1268
1241	824
1242	833
1243	833
1244	829
1245	833
1246	829
1247	829
1248	829
1249	829
1250	829
1251	829
1252	829
1253	829
1254	824
1255	829
1256	824
1257	829
1258	829
1259	1237
1260	1273
1261	1262
1262	1438
1263	1278
1264	833
1265	1511
1266	833
1267	833
1268	833
1269	833
1270	1511
1271	1511
1272	833
1273	1249
1274	1278
1275	1278
1276	833
1277	833
1278	1280
1279	1280
1280	307
1281	1281
1282	1282
1283	1282
1284	1529
1285	1525
1286	889
1287	1534
1288	1535
1289	1442
1290	1095
1291	1089
1292	1096
1293	1462
1294	1151
1295	1148
1296	1171
1297	1451
1298	1178
1299	2258
1300	2392
1301	2254
1302	1056
1303	1301
1304	1304
1305	1305
1306	1306
1307	1307
1308	1308
1309	1309
1310	1238
1311	1311
1312	1312
1313	1314
1314	1318
1315	1315
1316	1346
1317	1321
1318	1204
1319	1193
1320	1297
1321	1197
1322	1174
1323	1179
1324	1180
1325	1177
1326	1177
1327	1285
1328	1525
1329	1525
1330	1394
1331	1360
1332	1392
1333	1430
1334	1395
1335	1397
1336	1399
1337	1396
1338	1339
1339	1431
1340	1492
1341	1342
1342	1432
1343	1344
1344	1434
1345	1434
1346	1425
1347	1427
1348	1348
1349	1349
1350	2789
1351	1374
1352	1351
1353	1356
1354	1352
1355	1356
1356	1416
1357	1413
1358	1374
1359	1359
1360	1372
1361	1361
1362	1406
1363	1353
1364	1364
1365	1421
1366	1366
1367	2779
1368	1368
1369	1369
1370	1370
1371	1404
1372	2827
1373	2784
1374	1426
1375	1338
1376	1385
1377	1347
1378	1427
1379	1375
1380	1380
1381	1386
1382	1382
1383	1383
1384	1378
1385	1333
1386	2790
1387	2789
1388	1388
1389	1389
1390	1351
1391	1391
1392	1361
1393	1373
1394	1393
1395	1362
1396	1353
1397	1397
1398	1413
1399	1413
1400	1434
1401	1357
1402	1402
1403	1403
1404	1404
1405	1370
1406	1370
1407	1354
1408	333
1409	333
1410	1399
1411	1344
1412	1336
1413	48645
1414	1408
1415	1434
1416	299
1417	1424
1418	1417
1419	1054
1420	1332
1421	1397
1422	1334
1423	1334
1424	2249
1425	1209
1426	301
1427	1196
1428	1211
1429	1433
1430	2395
1431	1104
1432	1468
1433	1217
1434	283
1435	2913
1436	2913
1437	308
1438	305
1439	1288
1440	1532
1441	1283
1442	1283
1443	1289
1444	1289
1445	1295
1446	1295
1447	1450
1448	1446
1449	1447
1450	1488
1451	1288
1452	1181
1453	1199
1454	1199
1455	1293
1456	1460
1457	1459
1458	1292
1459	1164
1460	1464
1461	1168
1462	1108
1463	1108
1464	1167
1465	1463
1466	1107
1467	1455
1468	1160
1469	1153
1470	1151
1471	1154
1472	1153
1473	1167
1474	1462
1475	1489
1476	1468
1477	1287
1478	1287
1479	1294
1480	1157
1481	1485
1482	1480
1483	1432
1484	1481
1485	1469
1486	1155
1487	1471
1488	1152
1489	1152
1490	1472
1491	1483
1492	1492
1493	995
1494	307
1495	1268
1496	824
1497	824
1498	1511
1499	833
1500	1511
1501	1239
1502	824
1503	1249
1504	829
1505	833
1506	829
1507	829
1508	829
1509	829
1510	1278
1511	1280
1512	1503
1513	833
1514	1514
1515	1131
1516	1132
1517	1517
1518	869
1519	1521
1520	1520
1521	2912
1522	2912
1523	1580
1524	1636
1525	1531
1526	1000
1527	889
1528	845
1529	1532
1530	1533
1531	1534
1532	1535
1533	1537
1534	1530
1535	847
1536	1536
1537	1536
1538	2927
1539	1889
1540	2610
1541	2592
1542	1889
1543	2596
1544	2598
1545	1915
1546	2361
1547	1977
1548	1886
1549	1890
1550	1887
1551	1807
1552	2360
1553	1888
1554	1838
1555	1783
1556	1783
1557	1784
1558	1784
1559	1783
1560	1783
1561	1791
1562	1792
1563	3537
1564	3209
1565	3117
1566	2596
1567	2859
1568	1573
1569	1572
1570	2213
1571	1574
1572	1740
1573	25034
1574	25020
1575	1622
1576	1704
1577	2217
1578	2198
1579	1688
1580	1619
1581	1620
1582	1734
1583	1737
1584	2154
1585	1780
1586	1780
1587	1778
1588	1778
1589	1643
1590	1643
1591	1778
1592	1643
1593	1778
1594	1778
1595	1778
1596	1778
1597	1778
1598	1838
1599	1838
1600	1561
1601	1784
1602	1784
1603	1782
1604	1782
1605	1782
1606	1783
1607	1783
1608	2174
1609	1809
1610	1638
1611	24686
1612	1608
1613	1608
1614	1609
1615	24409
1616	1610
1617	1611
1618	1613
1619	1613
1620	1615
1621	1694
1622	1694
1623	1693
1624	1624
1625	24521
1626	1625
1627	1625
1628	1643
1629	1643
1630	1625
1631	1643
1632	1625
1633	24703
1634	1625
1635	1692
1636	1692
1637	1689
1638	2181
1639	1700
1640	2200
1641	1700
1642	1724
1643	24703
1644	24703
1645	25044
1646	1952
1647	1650
1648	1650
1649	1723
1650	1665
1651	1658
1652	1942
1653	1931
1654	1937
1655	1930
1656	1661
1657	1662
1658	1672
1659	1665
1660	1941
1661	1937
1662	1904
1663	1668
1664	1906
1665	1679
1666	1672
1667	1936
1668	1938
1669	1675
1670	1676
1671	1669
1672	1679
1673	1679
1674	1935
1675	1681
1676	1944
1677	1683
1678	1929
1679	1916
1680	1916
1681	1934
1682	1922
1683	2184
1684	1684
1685	1919
1686	1685
1687	1649
1688	2221
1689	25462
1690	2220
1691	25480
1692	24786
1693	24750
1694	24785
1695	24693
1696	24685
1697	25462
1698	25461
1699	25479
1700	24752
1701	1778
1702	1780
1703	1693
1704	2201
1705	24973
1706	24965
1707	24977
1708	24895
1709	2202
1710	1698
1711	2203
1712	24978
1713	24982
1714	1641
1715	646
1716	646
1717	664
1718	645
1719	1721
1720	652
1721	1731
1722	1725
1723	1953
1724	1723
1725	1727
1726	1727
1727	1728
1728	1729
1729	1917
1730	651
1731	1724
1732	2204
1733	24967
1734	24981
1735	24944
1736	24972
1737	24933
1738	25001
1739	24924
1740	25752
1741	25024
1742	24922
1743	25040
1744	24940
1745	25041
1746	24941
1747	1771
1748	24955
1749	25448
1750	24956
1751	25474
1752	24963
1753	25474
1754	25449
1755	24964
1756	24951
1757	24946
1758	1639
1759	1712
1760	24959
1761	1762
1762	24982
1763	24989
1764	25748
1765	24998
1766	24904
1767	25735
1768	24905
1769	24890
1770	24890
1771	24881
1772	24882
1773	1780
1774	1780
1775	1782
1776	1780
1777	1779
1778	25044
1779	25045
1780	1779
1781	25084
1782	1781
1783	1903
1784	1781
1785	1791
1786	1779
1787	1779
1788	1789
1789	1927
1790	1894
1791	1902
1792	1794
1793	1796
1794	1899
1795	1799
1796	1801
1797	1801
1798	1891
1799	1894
1800	1790
1801	1788
1802	1898
1803	1891
1804	1663
1805	1671
1806	1677
1807	1686
1808	1686
1809	3211
1810	3076
1811	3154
1812	3076
1813	3116
1814	2991
1815	1865
1816	1839
1817	1784
1818	1865
1819	1784
1820	1839
1821	1784
1822	1838
1823	1838
1824	1871
1825	1784
1826	1784
1827	1782
1828	1782
1829	1780
1830	1780
1831	1890
1832	1901
1833	1897
1834	1797
1835	1797
1836	1793
1837	1796
1838	1793
1839	1792
1840	1783
1841	1783
1842	1783
1843	1783
1844	1783
1845	1784
1846	1783
1847	1784
1848	1783
1849	1785
1850	1783
1851	1785
1852	1835
1853	1797
1854	1901
1855	1837
1856	1838
1857	1785
1858	1783
1859	1783
1860	1793
1861	1792
1862	1785
1863	1884
1864	1834
1865	1885
1866	1886
1867	1834
1868	1833
1869	1834
1870	1837
1871	1834
1872	1837
1873	1837
1874	1562
1875	1562
1876	1835
1877	1885
1878	1833
1879	1886
1880	2245
1881	1798
1882	1798
1883	1901
1884	1901
1885	1901
1886	1803
1887	1807
1888	1891
1889	1887
1890	1889
1891	1910
1892	1678
1893	1806
1894	1896
1895	1664
1896	1905
1897	1912
1898	1924
1899	1894
1900	1895
1901	1912
1902	25070
1903	25066
1904	1674
1905	1668
1906	1904
1907	1833
1908	1886
1909	1833
1910	1806
1911	1686
1912	1893
1913	1915
1914	1546
1915	1546
1916	2928
1917	2927
1918	2597
1919	2185
1920	2595
1921	1540
1922	1945
1923	2928
1924	1927
1925	1807
1926	1671
1927	1670
1928	2184
1929	1682
1930	1667
1931	1939
1932	1931
1933	1934
1934	1541
1935	1923
1936	1680
1937	1939
1938	1936
1939	1680
1940	1947
1941	1673
1942	1666
1943	1659
1944	1935
1945	2599
1946	1941
1947	2358
1948	1660
1949	1942
1950	1659
1951	1658
1952	1658
1953	1726
1954	1942
1955	1782
1956	1782
1957	1784
1958	1783
1959	1783
1960	2991
1961	1782
1962	1782
1963	1784
1964	1784
1965	1784
1966	1783
1967	1785
1968	1782
1969	1561
1970	1561
1971	1561
1972	1561
1973	1838
1974	1838
1975	3210
1976	3156
1977	3154
1978	3207
1979	2171
1980	2121
1981	1982
1982	1982
1983	2045
1984	2091
1985	1997
1986	2057
1987	2157
1988	2158
1989	2008
1990	1988
1991	1747
1992	1995
1993	2076
1994	2079
1995	2076
1996	2164
1997	2085
1998	1708
1999	1753
2000	1753
2001	1749
2002	1751
2003	2162
2004	1753
2005	2077
2006	2003
2007	2004
2008	2158
2009	2206
2010	1751
2011	2157
2012	2206
2013	1751
2014	2004
2015	2002
2016	2139
2017	2092
2018	1997
2019	1983
2020	2001
2021	2125
2022	2005
2023	2125
2024	2129
2025	2124
2026	2019
2027	1991
2028	2020
2029	2127
2030	1990
2031	2025
2032	2073
2033	1997
2034	2128
2035	2050
2036	2065
2037	2051
2038	2039
2039	2087
2040	2087
2041	2050
2042	2087
2043	2040
2044	2042
2045	2039
2046	2050
2047	2087
2048	2050
2049	1982
2050	2145
2051	2050
2052	2050
2053	2092
2054	2049
2055	2049
2056	2057
2057	2086
2058	2140
2059	2140
2060	2067
2061	2092
2062	2235
2063	2081
2064	2081
2065	2236
2066	2092
2067	2061
2068	2091
2069	2017
2070	2021
2071	2024
2072	2071
2073	2071
2074	25416
2075	2088
2076	25423
2077	2162
2078	2088
2079	2088
2080	2088
2081	1992
2082	25425
2083	2145
2084	2165
2085	2165
2086	2145
2087	2145
2088	25418
2089	2089
2090	2092
2091	2089
2092	2092
2093	2092
2094	1746
2095	1745
2096	2102
2097	2113
2098	2117
2099	2028
2100	2150
2101	2137
2102	2111
2103	2100
2104	2112
2105	2106
2106	2020
2107	2028
2108	2155
2109	2131
2110	2027
2111	2149
2112	2029
2113	2034
2114	2120
2115	2120
2116	1996
2117	1996
2118	1996
2119	2026
2120	2163
2121	2121
2122	25418
2123	2088
2124	1993
2125	2004
2126	1987
2127	2030
2128	2071
2129	2048
2130	2132
2131	2130
2132	2030
2133	2112
2134	1986
2135	2038
2136	1986
2137	1996
2138	2116
2139	2092
2140	2049
2141	2050
2142	2061
2143	2092
2144	2092
2145	1982
2146	2145
2147	2072
2148	2147
2149	2148
2150	2149
2151	2119
2152	2108
2153	2095
2154	25037
2155	1768
2156	1743
2157	2205
2158	1708
2159	24896
2160	2206
2161	1748
2162	25421
2163	2164
2164	1718
2165	1719
2166	1720
2167	1980
2168	1721
2169	1865
2170	1865
2171	3076
2172	3076
2173	1865
2174	3184
2175	1865
2176	1865
2177	3153
2178	3154
2179	2991
2180	3183
2181	2991
2182	2991
2183	3154
2184	1945
2185	2610
2186	24893
2187	24892
2188	24956
2189	24950
2190	24906
2191	24908
2192	25732
2193	25004
2194	25749
2195	24989
2196	24981
2197	24977
2198	24974
2199	1700
2200	24693
2201	24750
2202	25480
2203	25462
2204	1700
2205	25449
2206	25450
2207	24962
2208	25043
2209	25011
2210	25007
2211	24929
2212	24911
2213	24934
2214	24970
2215	24967
2216	24973
2217	1699
2218	2201
2219	2200
2220	24688
2221	24787
2222	25480
2223	2220
2224	1864
2225	1783
2226	1783
2227	1784
2228	1778
2229	1780
2230	1782
2231	1643
2232	1778
2233	1625
2234	2049
2235	2092
2236	2139
2237	2538
2238	2244
2239	2462
2240	2460
2241	2460
2242	2461
2243	2461
2244	2461
2245	2470
2246	2435
2247	2251
2248	2412
2249	2887
2250	35066
2251	34990
2252	34977
2253	2915
2254	2915
2255	2300
2256	2381
2257	2918
2258	1618
2259	1620
2260	2382
2261	2411
2262	2252
2263	2456
2264	2458
2265	2456
2266	2456
2267	2321
2268	2321
2269	2456
2270	2321
2271	2456
2272	2321
2273	2456
2274	2456
2275	2456
2276	2538
2277	2538
2278	2243
2279	2462
2280	2460
2281	2458
2282	2458
2283	2458
2284	2460
2285	2461
2286	2849
2287	2651
2288	2653
2289	2316
2290	2654
2291	2654
2292	2922
2293	2287
2294	1610
2295	2920
2296	2921
2297	2921
2298	1614
2299	2292
2300	1616
2301	2292
2302	2302
2303	2303
2304	2303
2305	2303
2306	2321
2307	2321
2308	2303
2309	2576
2310	2303
2311	2321
2312	2303
2313	2917
2314	2917
2315	2916
2316	2857
2317	2373
2318	2293
2319	2372
2320	2365
2321	2321
2322	2321
2323	2456
2324	2325
2325	2627
2326	2626
2327	2327
2328	2328
2329	2328
2330	2619
2331	2338
2332	2621
2333	2339
2334	2340
2335	2581
2336	2336
2337	2336
2338	2618
2339	2613
2340	2339
2341	2340
2342	2581
2343	2343
2344	2343
2345	2617
2346	2614
2347	2353
2348	2354
2349	2348
2350	2350
2351	2350
2352	2615
2353	2352
2354	2614
2355	2354
2356	2355
2357	2357
2358	2357
2359	2611
2360	2359
2361	2620
2362	2353
2363	2604
2364	2363
2365	2365
2366	2292
2367	2291
2368	2290
2369	34818
2370	2288
2371	34817
2372	2287
2373	34720
2374	2286
2375	2374
2376	34780
2377	34818
2378	34819
2379	2456
2380	2458
2381	2292
2382	2370
2383	2895
2384	2896
2385	2371
2386	34915
2387	2294
2388	2370
2389	2296
2390	2371
2391	2875
2392	2298
2393	1087
2394	1106
2395	1105
2396	1086
2397	2320
2398	1093
2399	2409
2400	2628
2401	2400
2402	2401
2403	2404
2404	2405
2405	2406
2406	2406
2407	2407
2408	1092
2409	2402
2410	2299
2411	2369
2412	2376
2413	2877
2414	34997
2415	34996
2416	34999
2417	34976
2418	35002
2419	34970
2420	35770
2421	34957
2422	35034
2423	35046
2424	35267
2425	34972
2426	35784
2427	34974
2428	34921
2429	34923
2430	34912
2431	34924
2432	34900
2433	2897
2434	2878
2435	2317
2436	2897
2437	2318
2438	2873
2439	2872
2440	2377
2441	35005
2442	35013
2443	35022
2444	35773
2445	35774
2446	34845
2447	35779
2448	34878
2449	34878
2450	34887
2451	2458
2452	2458
2453	2458
2454	2458
2455	2458
2456	2456
2457	2457
2458	2458
2459	2459
2460	2459
2461	2461
2462	2461
2463	2470
2464	2458
2465	2458
2466	2569
2467	2602
2468	2602
2469	2478
2470	2478
2471	2480
2472	2466
2473	2574
2474	2588
2475	2567
2476	2565
2477	2600
2478	2569
2479	2588
2480	2567
2481	1550
2482	2342
2483	2349
2484	2356
2485	2364
2486	2364
2487	3503
2488	2954
2489	2987
2490	3167
2491	3543
2492	3168
2493	3541
2494	2517
2495	2243
2496	3291
2497	2243
2498	2517
2499	2243
2500	2538
2501	2550
2502	2549
2503	2460
2504	2460
2505	2460
2506	2458
2507	2309
2508	2458
2509	2566
2510	2564
2511	2512
2512	2577
2513	2512
2514	2475
2515	2471
2516	2470
2517	2461
2518	2461
2519	2461
2520	2461
2521	2460
2522	2460
2523	2462
2524	2460
2525	2244
2526	2244
2527	2461
2528	2461
2529	2512
2530	2512
2531	2566
2532	2470
2533	2244
2534	2244
2535	2244
2536	2461
2537	2514
2538	2463
2539	2461
2540	2511
2541	2512
2542	2561
2543	1553
2544	2514
2545	2561
2546	2514
2547	2514
2548	2512
2549	2514
2550	2470
2551	2461
2552	2461
2553	2512
2554	2512
2555	2561
2556	1553
2557	2566
2558	1542
2559	2561
2560	2476
2561	2481
2562	1539
2563	2485
2564	1550
2565	1551
2566	1550
2567	2601
2568	2356
2569	2484
2570	2603
2571	2349
2572	2349
2573	2601
2574	2586
2575	2600
2576	2483
2577	2567
2578	2468
2579	2575
2580	2345
2581	2346
2582	2580
2583	2561
2584	2566
2585	2561
2586	2485
2587	2364
2588	2563
2589	2591
2590	2596
2591	2596
2592	2592
2593	2593
2594	2360
2595	2609
2596	2361
2597	2598
2598	2610
2599	2357
2600	2484
2601	2590
2602	2356
2603	2349
2604	2620
2605	2353
2606	2607
2607	2622
2608	2338
2609	2611
2610	2358
2611	2358
2612	2351
2613	2622
2614	2615
2615	2344
2616	2618
2617	2344
2618	2337
2619	2329
2620	2612
2621	2618
2622	34764
2623	2330
2624	2619
2625	2329
2626	2328
2627	2328
2628	2403
2629	2619
2630	2458
2631	2460
2632	2460
2633	2462
2634	2461
2635	2954
2636	2458
2637	2460
2638	2460
2639	2460
2640	2462
2641	2244
2642	2244
2643	2460
2644	2243
2645	2243
2646	2517
2647	2517
2648	2517
2649	2516
2650	3539
2651	3175
2652	3065
2653	3244
2654	2652
2655	35460
2656	2655
2657	2655
2658	2816
2659	2757
2660	2760
2661	2761
2662	2447
2663	2862
2664	2426
2665	2428
2666	2446
2667	2880
2668	2860
2669	2757
2670	34930
2671	2760
2672	2761
2673	34993
2674	35075
2675	35043
2676	35072
2677	35074
2678	34995
2679	2450
2680	34930
2681	2430
2682	2862
2683	2448
2684	35043
2685	35073
2686	2447
2687	35042
2688	35073
2689	2862
2690	2863
2691	2765
2692	2764
2693	2713
2694	2718
2695	2864
2696	2427
2697	2880
2698	2881
2699	2675
2700	2427
2701	2810
2702	2884
2703	2836
2704	2695
2705	2425
2706	2688
2707	2803
2708	2661
2709	2807
2710	2817
2711	2744
2712	2725
2713	2761
2714	2656
2715	2820
2716	2821
2717	2820
2718	2758
2719	2758
2720	2762
2721	2821
2722	2821
2723	2821
2724	2796
2725	2657
2726	2821
2727	2821
2728	2764
2729	2765
2730	2765
2731	2714
2732	2761
2733	2817
2734	2819
2735	2678
2736	2764
2737	2798
2738	2668
2739	2675
2740	2669
2741	2763
2742	2798
2743	2749
2744	2752
2745	2832
2746	2682
2747	2908
2748	2699
2749	35457
2750	35451
2751	34925
2752	34995
2753	34929
2754	35448
2755	35448
2756	2673
2757	34916
2758	2656
2759	2840
2760	2761
2761	2656
2762	2656
2763	35456
2764	35450
2765	2796
2766	35448
2767	2764
2768	35448
2769	35060
2770	2444
2771	2771
2772	2806
2773	2792
2774	2783
2775	2775
2776	2812
2777	2777
2778	2778
2779	2774
2780	2262
2781	2419
2782	2769
2783	2885
2784	2785
2785	2831
2786	2788
2787	2703
2788	2805
2789	2792
2790	2795
2791	2671
2792	2759
2793	2660
2794	2811
2795	2759
2796	35452
2797	35457
2798	35451
2799	2880
2800	2430
2801	2883
2802	2676
2803	2705
2804	2814
2805	2666
2806	2702
2807	2676
2808	2782
2809	2713
2810	2715
2811	2731
2812	2708
2813	2791
2814	2796
2815	2657
2816	2821
2817	2768
2818	2763
2819	2763
2820	2796
2821	2796
2822	2730
2823	2718
2824	2658
2825	2707
2826	2775
2827	2249
2828	2252
2829	34971
2830	35053
2831	2442
2832	35043
2833	34988
2834	34925
2835	35042
2836	35063
2837	34916
2838	2396
2839	2393
2840	2398
2841	2408
2842	35459
2843	2409
2844	3463
2845	3463
2846	3542
2847	3168
2848	3463
2849	3462
2850	3291
2851	3541
2852	2987
2853	3168
2854	3168
2855	3463
2856	2954
2857	2954
2858	2987
2859	2611
2860	34894
2861	34893
2862	34885
2863	35781
2864	35259
2865	35030
2866	35771
2867	35017
2868	35001
2869	34997
2870	2377
2871	2875
2872	2371
2873	2372
2874	34720
2875	34817
2876	34780
2877	2374
2878	2372
2879	34913
2880	34922
2881	34937
2882	34933
2883	34954
2884	35769
2885	35035
2886	34964
2887	34998
2888	2376
2889	2876
2890	2896
2891	2895
2892	2293
2893	2293
2894	34441
2895	34817
2896	2288
2897	2290
2898	3448
2899	2460
2900	2461
2901	2460
2902	2456
2903	2458
2904	2458
2905	2321
2906	2321
2907	2303
2908	2765
2909	2764
2910	2768
2911	1622
2912	1620
2913	1617
2914	1619
2915	1617
2916	1695
2917	1610
2918	1615
2919	1609
2920	1978
2921	1979
2922	1976
2923	3154
2924	2989
2925	2989
2926	2989
2927	2927
2928	2928
2929	1880
2930	1886
2931	1831
2932	3072
2933	1865
2934	1865
2935	1876
2936	1838
2937	1860
2938	3072
2939	3143
2940	3072
2941	1865
2942	1871
2943	1838
2944	1876
2945	1865
2946	3072
2947	3062
2948	3062
2949	1865
2950	1876
2951	1838
2952	3072
2953	3062
2954	3544
2955	1884
2956	1884
2957	1860
2958	1860
2959	1860
2960	1876
2961	1852
2962	3073
2963	1876
2964	1852
2965	1836
2966	1877
2967	1877
2968	1836
2969	1853
2970	1834
2971	1883
2972	1854
2973	1908
2974	1879
2975	1880
2976	1549
2977	1886
2978	1886
2979	3544
2980	2976
2981	3072
2982	3072
2983	3072
2984	1865
2985	1876
2986	1876
2987	2976
2988	2976
2989	2976
2990	2976
2991	3072
2992	3072
2993	1865
2994	1865
2995	1860
2996	1860
2997	1838
2998	1860
2999	1838
3000	1838
3001	1838
3002	1838
3003	1838
3004	1838
3005	1836
3006	1836
3007	1836
3008	1836
3009	1837
3010	1834
3011	1834
3012	1880
3013	1908
3014	1878
3015	1907
3016	1877
3017	1877
3018	1877
3019	1877
3020	1852
3021	1876
3022	1876
3023	1864
3024	3073
3025	3073
3026	3073
3027	3106
3028	3050
3029	3050
3030	3050
3031	3341
3032	3064
3033	3342
3034	2976
3035	3278
3036	6033
3037	1880
3038	1908
3039	1878
3040	1907
3041	1909
3042	1877
3043	1877
3044	1877
3045	1865
3046	1876
3047	3088
3048	3012
3049	1836
3050	1881
3051	1838
3052	1852
3053	1871
3054	3012
3055	1834
3056	1834
3057	2929
3058	3341
3059	3342
3060	3342
3061	3342
3062	1833
3063	1833
3064	1881
3065	2976
3066	1785
3067	1838
3068	1562
3069	1562
3070	1836
3071	1833
3072	1833
3073	1854
3074	1876
3075	1876
3076	3072
3077	1865
3078	1860
3079	1838
3080	1880
3081	1880
3082	1549
3083	3544
3084	3317
3085	3317
3086	3317
3087	1880
3088	1854
3089	1883
3090	1834
3091	1853
3092	1836
3093	1852
3094	1852
3095	1860
3096	1860
3097	1860
3098	1871
3099	1865
3100	3073
3101	3072
3102	3064
3103	2976
3104	3544
3105	3279
3106	1879
3107	1880
3108	1562
3109	1785
3110	1785
3111	1838
3112	1838
3113	1838
3114	1876
3115	1865
3116	3072
3117	3062
3118	1838
3119	1838
3120	1838
3121	1838
3122	1838
3123	1860
3124	1860
3125	1860
3126	1860
3127	1871
3128	1838
3129	1860
3130	1860
3131	1860
3132	1860
3133	1876
3134	1876
3135	1876
3136	1864
3137	1860
3138	1860
3139	1860
3140	1860
3141	3072
3142	1865
3143	3072
3144	3072
3145	3072
3146	2929
3147	3106
3148	3073
3149	3072
3150	3072
3151	3064
3152	3064
3153	3072
3154	3062
3155	3064
3156	3062
3157	2976
3158	2976
3159	3342
3160	3342
3161	3082
3162	2976
3163	2977
3164	2977
3165	2977
3166	3062
3167	3544
3168	3544
3169	3544
3170	3544
3171	3278
3172	3317
3173	3278
3174	3544
3175	2977
3176	3072
3177	3072
3178	3072
3179	3072
3180	2990
3181	3072
3182	3072
3183	3072
3184	3072
3185	3072
3186	1865
3187	1865
3188	1876
3189	1865
3190	1865
3191	1865
3192	1865
3193	1865
3194	1876
3195	1876
3196	1876
3197	1876
3198	1876
3199	1864
3200	1864
3201	1865
3202	1838
3203	1838
3204	3062
3205	3072
3206	3072
3207	3072
3208	3072
3209	3062
3210	3072
3211	3072
3212	1865
3213	3072
3214	1865
3215	1876
3216	1876
3217	1876
3218	1876
3219	1865
3220	2989
3221	2992
3222	1876
3223	1876
3224	3088
3225	3088
3226	2955
3227	1876
3228	1838
3229	1838
3230	1562
3231	1838
3232	1852
3233	1865
3234	1852
3235	1852
3236	1785
3237	2931
3238	2544
3239	2544
3240	2549
3241	2532
3242	2550
3243	3541
3244	3157
3245	2931
3246	2544
3247	2549
3248	2516
3249	2549
3250	2544
3251	2540
3252	2931
3253	2931
3254	2544
3255	2549
3256	2516
3257	2540
3258	3280
3259	2560
3260	2560
3261	2532
3262	2245
3263	2245
3264	2245
3265	2245
3266	2546
3267	2532
3268	2245
3269	2245
3270	2514
3271	2514
3272	2514
3273	2514
3274	2511
3275	2511
3276	2560
3277	2560
3278	2531
3279	2558
3280	2558
3281	2558
3282	2558
3283	3280
3284	3260
3285	3315
3286	2544
3287	2544
3288	2549
3289	2549
3290	2532
3291	3280
3292	3280
3293	3260
3294	3260
3295	3315
3296	3315
3297	2544
3298	2544
3299	2532
3300	2532
3301	2516
3302	2516
3303	2463
3304	2463
3305	2463
3306	2463
3307	2463
3308	2245
3309	2245
3310	2245
3311	2245
3312	2514
3313	2514
3314	2514
3315	2511
3316	2531
3317	2531
3318	2511
3319	2511
3320	2513
3321	2513
3322	2513
3323	2515
3324	2245
3325	2245
3326	2532
3327	2549
3328	3388
3329	3388
3330	3388
3331	3655
3332	3273
3333	3651
3334	3320
3335	3320
3336	3320
3337	3346
3338	3386
3339	3317
3340	3317
3341	2556
3342	2531
3343	2559
3344	2511
3345	2511
3346	2513
3347	2513
3348	2513
3349	2515
3350	2532
3351	2549
3352	3350
3353	2245
3354	2509
3355	2245
3356	2245
3357	2532
3358	3652
3359	2511
3360	2514
3361	3651
3362	3651
3363	3651
3364	3701
3365	3705
3366	2509
3367	2509
3368	2509
3369	3280
3370	2463
3371	2463
3372	2463
3373	2463
3374	2463
3375	2561
3376	2560
3377	2560
3378	2532
3379	2549
3380	2540
3381	2544
3382	2532
3383	2516
3384	2556
3385	2560
3386	2511
3387	2514
3388	2514
3389	2514
3390	2245
3391	2245
3392	2245
3393	2245
3394	2245
3395	2532
3396	2549
3397	2544
3398	3315
3399	3387
3400	3386
3401	3402
3402	2531
3403	2461
3404	2461
3405	2463
3406	2244
3407	2516
3408	2516
3409	2549
3410	2544
3411	2540
3412	3280
3413	2463
3414	2463
3415	2516
3416	2516
3417	2516
3418	2516
3419	2516
3420	2532
3421	2532
3422	2532
3423	2532
3424	2532
3425	2532
3426	2532
3427	2532
3428	2532
3429	2532
3430	2532
3431	2532
3432	2532
3433	2532
3434	2532
3435	2532
3436	2544
3437	2544
3438	2544
3439	2544
3440	2544
3441	3651
3442	3349
3443	3388
3444	3388
3445	2544
3446	3359
3447	3260
3448	3260
3449	3260
3450	3320
3451	3260
3452	3280
3453	3280
3454	3343
3455	3705
3456	3275
3457	3275
3458	2931
3459	2931
3460	2931
3461	2977
3462	3544
3463	3544
3464	3544
3465	3280
3466	3317
3467	3705
3468	3317
3469	3402
3470	3544
3471	2540
3472	2540
3473	2540
3474	2988
3475	3157
3476	3315
3477	2544
3478	2544
3479	2544
3480	2544
3481	2546
3482	2546
3483	2549
3484	2546
3485	2549
3486	2546
3487	2546
3488	2546
3489	2532
3490	2532
3491	2549
3492	2549
3493	2549
3494	2549
3495	2549
3496	2549
3497	2244
3498	2463
3499	2977
3500	2977
3501	3157
3502	2988
3503	2931
3504	2931
3505	2931
3506	2540
3507	2544
3508	2540
3509	2546
3510	2549
3511	2549
3512	2549
3513	2549
3514	2544
3515	2990
3516	3157
3517	2549
3518	3688
3519	2549
3520	2549
3521	2549
3522	2546
3523	2463
3524	2245
3525	2463
3526	2463
3527	2245
3528	2515
3529	2245
3530	2245
3531	2461
3532	3062
3533	2977
3534	2990
3535	2977
3536	2977
3537	2990
3538	2977
3539	2977
3540	3544
3541	3544
3542	3544
3543	3544
3544	1831
3545	3640
3546	3012
3547	3072
3548	14624
3549	3643
3550	3643
3551	3643
3552	3643
3553	3643
3554	3643
3555	3640
3556	3640
3557	3706
3558	3706
3559	3706
3560	3706
3561	3707
3562	3644
3563	14624
3564	3072
3565	3072
3566	3071
3567	3071
3568	3063
3569	2930
3570	2978
3571	3643
3572	2977
3573	2978
3574	3341
3575	3707
3576	3064
3577	3341
3578	3062
3579	14623
3580	16226
3581	14623
3582	16225
3583	14624
3584	3708
3585	14616
3586	3643
3587	3644
3588	3644
3589	3643
3590	3643
3591	3706
3592	3643
3593	3643
3594	3643
3595	3643
3596	3643
3597	3643
3598	3643
3599	3640
3600	3643
3601	3640
3602	3643
3603	3643
3604	3640
3605	3640
3606	14616
3607	3643
3608	3643
3609	3643
3610	3643
3611	3643
3612	3640
3613	3640
3614	3706
3615	3706
3616	3642
3617	3707
3618	3651
3619	2537
3620	14665
3621	3649
3622	16309
3623	3649
3624	14677
3625	3649
3626	3649
3627	3705
3628	3649
3629	3649
3630	3649
3631	14667
3632	14667
3633	14667
3634	14667
3635	14665
3636	2513
3637	2513
3638	2530
3639	2530
3640	2530
3641	2555
3642	2583
3643	2583
3644	2583
3645	14667
3646	14667
3647	14677
3648	14677
3649	2530
3650	16302
3651	14667
3652	16302
3653	14665
3654	14665
3655	14667
3656	14585
3657	14667
3658	14667
3659	14667
3660	3649
3661	14677
3662	14667
3663	3649
3664	3649
3665	3649
3666	3649
3667	3649
3668	14585
3669	3649
3670	3640
3671	3649
3672	3649
3673	3643
3674	3643
3675	3640
3676	14585
3677	14585
3678	14585
3679	3649
3680	3649
3681	3705
3682	3705
3683	3649
3684	14677
3685	14667
3686	14667
3687	3640
3688	3705
3689	3705
3690	3705
3691	3646
3692	14667
3693	14667
3694	14667
3695	14667
3696	3652
3697	3652
3698	3652
3699	2549
3700	2537
3701	2513
3702	2513
3703	2513
3704	2511
3705	2530
3706	2559
3707	2555
3708	2556
3709	1880
3710	1548
3711	1866
3712	2978
3713	3063
3714	3071
3715	3071
3716	3071
3717	1865
3718	1865
3719	1865
3720	3088
3721	3708
3722	3708
3723	3708
3724	3707
3725	3707
3726	3706
3727	3342
3728	3342
3729	3342
3730	3640
3731	3705
3732	14694
3733	14694
3734	14694
3735	14695
3736	14695
3737	14695
3738	14696
3739	14691
3740	14691
3741	14697
3742	14697
3743	14696
3744	14696
3745	14695
3746	14695
3747	14695
3748	14695
3749	14695
3750	14690
3751	14696
3752	14696
3753	14696
3754	14696
3755	14695
3756	14695
3757	14695
3758	14695
3759	14695
3760	14695
3761	14695
3762	14695
3763	14695
3764	14695
3765	14696
3766	14696
3767	14696
3768	14696
3769	14700
3770	14696
3771	14695
3772	14694
3773	14695
3774	14695
3775	14695
3776	14695
3777	14694
3778	14695
3779	14695
3780	14695
3781	14695
3782	14695
3783	14695
3784	14585
3785	3643
3786	24309
3787	14633
3788	24309
3789	24309
3790	14708
3791	16312
3792	6242
3793	4449
3794	14694
3795	14694
3796	14694
3797	14694
3798	14694
3799	16426
3800	16426
3801	16426
3802	16426
3803	16426
3804	14658
3805	16426
3806	16426
3807	16426
3808	16426
3809	16426
3810	16426
3811	14657
3812	14657
3813	14657
3814	16426
3815	16426
3816	16426
3817	16426
3818	16426
3819	16426
3820	16426
3821	4476
3822	4412
3823	4412
3824	5707
3825	5707
3826	5707
3827	4412
3828	4412
3829	4412
3830	4412
3831	4411
3832	4411
3833	4411
3834	4475
3835	4475
3836	4475
3837	5930
3838	5707
3839	5707
3840	5707
3841	5707
3842	5707
3843	14660
3844	16426
3845	14660
3846	16426
3847	16426
3848	16426
3849	16426
3850	16426
3851	16426
3852	16426
3853	16426
3854	16426
3855	16426
3856	16426
3857	16426
3858	14657
3859	16426
3860	14657
3861	16426
3862	16426
3863	16426
3864	16426
3865	16426
3866	16426
3867	4475
3868	4475
3869	4475
3870	14660
3871	14660
3872	14660
3873	16427
3874	14660
3875	16427
3876	16427
3877	4480
3878	4480
3879	4480
3880	4480
3881	4480
3882	4480
3883	5707
3884	5707
3885	4480
3886	16427
3887	16426
3888	4419
3889	4426
3890	4426
3891	4450
3892	4419
3893	4419
3894	24310
3895	24310
3896	4450
3897	4450
3898	4450
3899	4419
3900	3787
3901	4450
3902	4426
3903	4426
3904	4419
3905	3787
3906	16143
3907	4426
3908	4419
3909	4426
3910	4419
3911	5934
3912	5934
3913	5934
3914	5934
3915	6179
3916	6179
3917	4419
3918	4419
3919	4419
3920	6180
3921	4419
3922	14660
3923	16427
3924	16427
3925	4480
3926	4480
3927	5707
3928	4480
3929	4480
3930	4480
3931	6255
3932	6255
3933	6255
3934	4481
3935	4480
3936	4481
3937	4480
3938	4480
3939	4480
3940	4480
3941	4480
3942	6255
3943	4480
3944	16144
3945	4452
3946	6241
3947	6242
3948	6255
3949	6255
3950	6255
3951	6255
3952	4451
3953	4451
3954	6255
3955	6255
3956	6255
3957	4481
3958	4481
3959	4481
3960	4481
3961	14688
3962	14683
3963	14683
3964	14683
3965	4481
3966	14683
3967	14683
3968	4475
3969	14683
3970	14683
3971	14683
3972	14689
3973	14683
3974	14683
3975	14683
3976	14695
3977	14690
3978	14690
3979	14695
3980	14690
3981	14695
3982	14690
3983	14690
3984	14695
3985	14695
3986	14695
3987	14689
3988	14689
3989	14689
3990	14689
3991	14689
3992	14689
3993	14689
3994	14690
3995	14690
3996	4480
3997	4480
3998	4481
3999	4481
4000	4481
4001	14621
4002	4475
4003	4476
4004	4476
4005	4476
4006	4481
4007	4475
4008	4481
4009	4475
4010	4475
4011	4481
4012	4481
4013	4476
4014	4476
4015	4476
4016	4476
4017	4476
4018	4481
4019	14683
4020	14689
4021	14684
4022	14683
4023	14684
4024	14689
4025	16312
4026	16312
4027	14616
4028	14616
4029	14690
4030	14690
4031	14685
4032	14685
4033	14691
4034	14691
4035	14691
4036	14686
4037	14698
4038	14692
4039	16312
4040	16312
4041	14657
4042	14657
4043	14657
4044	16439
4045	16439
4046	16439
4047	16439
4048	16426
4049	16439
4050	16439
4051	16439
4052	16439
4053	16439
4054	14694
4055	14694
4056	14694
4057	14694
4058	14694
4059	14694
4060	14694
4061	4481
4062	4481
4063	4481
4064	16426
4065	14657
4066	14657
4067	14657
4068	16439
4069	16439
4070	16439
4071	16439
4072	14694
4073	16426
4074	16426
4075	16426
4076	16426
4077	14657
4078	14657
4079	14657
4080	14657
4081	14697
4082	14697
4083	14695
4084	14695
4085	14695
4086	14695
4087	14695
4088	14690
4089	14690
4090	14685
4091	14685
4092	14685
4093	14684
4094	14695
4095	14695
4096	14695
4097	14690
4098	14690
4099	14690
4100	14691
4101	14691
4102	14691
4103	14691
4104	14698
4105	14698
4106	14695
4107	14690
4108	14690
4109	14690
4110	14686
4111	14685
4112	14686
4113	14685
4114	14686
4115	14686
4116	14685
4117	14686
4118	14697
4119	14697
4120	14697
4121	14616
4122	16312
4123	16312
4124	14616
4125	3643
4126	3644
4127	14616
4128	3644
4129	14693
4130	14687
4131	14687
4132	14687
4133	14687
4134	14687
4135	14697
4136	14691
4137	14697
4138	14698
4139	14698
4140	14698
4141	14698
4142	14698
4143	14698
4144	14698
4145	14698
4146	16312
4147	16312
4148	16312
4149	3707
4150	3641
4151	3641
4152	16226
4153	16226
4154	16226
4155	14694
4156	14694
4157	14694
4158	16438
4159	14694
4160	16439
4161	14657
4162	14657
4163	14657
4164	16439
4165	16439
4166	14655
4167	14655
4168	14657
4169	14657
4170	14657
4171	14657
4172	14657
4173	14657
4174	14657
4175	14657
4176	14657
4177	14657
4178	14657
4179	14657
4180	16438
4181	16438
4182	16438
4183	16438
4184	14694
4185	14694
4186	14694
4187	14694
4188	14694
4189	14694
4190	14694
4191	14694
4192	14694
4193	14694
4194	14694
4195	14694
4196	14694
4197	14689
4198	14694
4199	14689
4200	14694
4201	14689
4202	14694
4203	14695
4204	14694
4205	14695
4206	14694
4207	14694
4208	14694
4209	14694
4210	14655
4211	14657
4212	14657
4213	14657
4214	14657
4215	16438
4216	14694
4217	14694
4218	14694
4219	14694
4220	14694
4221	14694
4222	14694
4223	14694
4224	14694
4225	14689
4226	14689
4227	14689
4228	14689
4229	14689
4230	14689
4231	14689
4232	14695
4233	14689
4234	14695
4235	14695
4236	14695
4237	14695
4238	14694
4239	14695
4240	14695
4241	14694
4242	14694
4243	14694
4244	14694
4245	14694
4246	14694
4247	14694
4248	14694
4249	14694
4250	14694
4251	14694
4252	14694
4253	14694
4254	16438
4255	14694
4256	14694
4257	14694
4258	14694
4259	14694
4260	14694
4261	14694
4262	14694
4263	14689
4264	14689
4265	14689
4266	14689
4267	14689
4268	14689
4269	14689
4270	14695
4271	14689
4272	14689
4273	14695
4274	14695
4275	14695
4276	14695
4277	14695
4278	14695
4279	14694
4280	14695
4281	14694
4282	14694
4283	14694
4284	14694
4285	14694
4286	14694
4287	14694
4288	14694
4289	14694
4290	14694
4291	14694
4292	14694
4293	14694
4294	14694
4295	14694
4296	14689
4297	14689
4298	14689
4299	14689
4300	14689
4301	14689
4302	14689
4303	14689
4304	14689
4305	14689
4306	14695
4307	14695
4308	14695
4309	14695
4310	14695
4311	14695
4312	14695
4313	14694
4314	14694
4315	14695
4316	14694
4317	14694
4318	14694
4319	14694
4320	14694
4321	14694
4322	14694
4323	14689
4324	14689
4325	14689
4326	14689
4327	14689
4328	14689
4329	14695
4330	14695
4331	14689
4332	14689
4333	14689
4334	14689
4335	14689
4336	14694
4337	14689
4338	14689
4339	14694
4340	14689
4341	16439
4342	14657
4343	16439
4344	14657
4345	14686
4346	14686
4347	14657
4348	14657
4349	14657
4350	14695
4351	14685
4352	16439
4353	14628
4354	14628
4355	14628
4356	14628
4357	14628
4358	14628
4359	14628
4360	16427
4361	16427
4362	6241
4363	4449
4364	6241
4365	4452
4366	4450
4367	16144
4368	16144
4369	4475
4370	4475
4371	4475
4372	4475
4373	4475
4374	4475
4375	4475
4376	3644
4377	3706
4378	3642
4379	5707
4380	5707
4381	5707
4382	5707
4383	16440
4384	15915
4385	14683
4386	16440
4387	15915
4388	16440
4389	6256
4390	6256
4391	16138
4392	6029
4393	6247
4394	5937
4395	5937
4396	6242
4397	16427
4398	16440
4399	15915
4400	16440
4401	16427
4402	14659
4403	4451
4404	3790
4405	4413
4406	4413
4407	14621
4408	3342
4409	4476
4410	4476
4411	14700
4412	14701
4413	14702
4414	14703
4415	14585
4416	2930
4417	15915
4418	16143
4419	14628
4420	14660
4421	5934
4422	5934
4423	24310
4424	16143
4425	14628
4426	14660
4427	6180
4428	6180
4429	3787
4430	16144
4431	14660
4432	14660
4433	4419
4434	3787
4435	16144
4436	16144
4437	14660
4438	16427
4439	16144
4440	16136
4441	16427
4442	16427
4443	16439
4444	16439
4445	16439
4446	16426
4447	16439
4448	16426
4449	16438
4450	16426
4451	16438
4452	16426
4453	4477
4454	4477
4455	4476
4456	14687
4457	16315
4458	16315
4459	14687
4460	14685
4461	14690
4462	14684
4463	14685
4464	14684
4465	14683
4466	14683
4467	14686
4468	14686
4469	14687
4470	3790
4471	16314
4472	14623
4473	3790
4474	16314
4475	14700
4476	14701
4477	14702
4478	16311
4479	3643
4480	14694
4481	14695
4482	14696
4483	14698
4484	16312
4485	3643
4486	14694
4487	14695
4488	14696
4489	14698
4490	16312
4491	14694
4492	14695
4493	14696
4494	14691
4495	16312
4496	14689
4497	14695
4498	14691
4499	14691
4500	16313
4501	14689
4502	14690
4503	14690
4504	14691
4505	14692
4506	15915
4507	3790
4508	16315
4509	14685
4510	14621
4511	14686
4512	14686
4513	16314
4514	14686
4515	4413
4516	4412
4517	4413
4518	6241
4519	4419
4520	5934
4521	5934
4522	5934
4523	6179
4524	6179
4525	6179
4526	4419
4527	4419
4528	4426
4529	4450
4530	6241
4531	6241
4532	4450
4533	6241
4534	4450
4535	4426
4536	4426
4537	4481
4538	4481
4539	5707
4540	4480
4541	4480
4542	6255
4543	6255
4544	6255
4545	4449
4546	4449
4547	4449
4548	4419
4549	4419
4550	6179
4551	5934
4552	5934
4553	5934
4554	6180
4555	6180
4556	5934
4557	5934
4558	4426
4559	4426
4560	14686
4561	14686
4562	14684
4563	14620
4564	14686
4565	14686
4566	14686
4567	14686
4568	14686
4569	16313
4570	16314
4571	16314
4572	16314
4573	16314
4574	16312
4575	16313
4576	16314
4577	14687
4578	16314
4579	16314
4580	4475
4581	15915
4582	14619
4583	14683
4584	14683
4585	14683
4586	14620
4587	14685
4588	14685
4589	14686
4590	3790
4591	14684
4592	4413
4593	3790
4594	6019
4595	3790
4596	16143
4597	4452
4598	16426
4599	16426
4600	16143
4601	16143
4602	4450
4603	4450
4604	4449
4605	4449
4606	4480
4607	16427
4608	16427
4609	6241
4610	4480
4611	6255
4612	4449
4613	14697
4614	14698
4615	4475
4616	14657
4617	4481
4618	14657
4619	14657
4620	16426
4621	4481
4622	14657
4623	14657
4624	4481
4625	16426
4626	16426
4627	16426
4628	16426
4629	16426
4630	16426
4631	16426
4632	16144
4633	16144
4634	6241
4635	4452
4636	16144
4637	14655
4638	14657
4639	14694
4640	14694
4641	14694
4642	14694
4643	14694
4644	14694
4645	16438
4646	16438
4647	16438
4648	14655
4649	14655
4650	14655
4651	14655
4652	14655
4653	14655
4654	14655
4655	14655
4656	14657
4657	14657
4658	14657
4659	14657
4660	14657
4661	14657
4662	14657
4663	16438
4664	16438
4665	16438
4666	16438
4667	16438
4668	16438
4669	14694
4670	14694
4671	14694
4672	14694
4673	14694
4674	14694
4675	14694
4676	14694
4677	14694
4678	14655
4679	14655
4680	14655
4681	14655
4682	14655
4683	14657
4684	14657
4685	14657
4686	14657
4687	14657
4688	14657
4689	14657
4690	14657
4691	14657
4692	16438
4693	16438
4694	16438
4695	16438
4696	14694
4697	14694
4698	14694
4699	14694
4700	14694
4701	14694
4702	14694
4703	14694
4704	14694
4705	14694
4706	14694
4707	14694
4708	14694
4709	14694
4710	14694
4711	14694
4712	14655
4713	14655
4714	14655
4715	14657
4716	14657
4717	14657
4718	14657
4719	14657
4720	14657
4721	14657
4722	14657
4723	14657
4724	14657
4725	14657
4726	16438
4727	16438
4728	16438
4729	16438
4730	14694
4731	14694
4732	14694
4733	14694
4734	14694
4735	14694
4736	14694
4737	14694
4738	14694
4739	14694
4740	14694
4741	14694
4742	14694
4743	14694
4744	14694
4745	14694
4746	14694
4747	14694
4748	14694
4749	14694
4750	14694
4751	14694
4752	14694
4753	14694
4754	14694
4755	16438
4756	14694
4757	16438
4758	16438
4759	16438
4760	16438
4761	16438
4762	16438
4763	16438
4764	16438
4765	16438
4766	14655
4767	16438
4768	16438
4769	14694
4770	14694
4771	14694
4772	14694
4773	14694
4774	14694
4775	14694
4776	14694
4777	14694
4778	14694
4779	14694
4780	14694
4781	16438
4782	16438
4783	16438
4784	16438
4785	16438
4786	16438
4787	16438
4788	16438
4789	16438
4790	16438
4791	16438
4792	16438
4793	14694
4794	14694
4795	14694
4796	14694
4797	14694
4798	14694
4799	14694
4800	14694
4801	14694
4802	14694
4803	14694
4804	14694
4805	14694
4806	14694
4807	16438
4808	16438
4809	14694
4810	16438
4811	16438
4812	16438
4813	16438
4814	16438
4815	16438
4816	16438
4817	14694
4818	14694
4819	14694
4820	16438
4821	14694
4822	14694
4823	16438
4824	16438
4825	16438
4826	16438
4827	16438
4828	16438
4829	4476
4830	4476
4831	4476
4832	4476
4833	4476
4834	4476
4835	4476
4836	4476
4837	4476
4838	4476
4839	4476
4840	4476
4841	4476
4842	4475
4843	4475
4844	4475
4845	4475
4846	4475
4847	4475
4848	4475
4849	4475
4850	4475
4851	4475
4852	4475
4853	4475
4854	4475
4855	4412
4856	4412
4857	4412
4858	4413
4859	4477
4860	4413
4861	4413
4862	4413
4863	4413
4864	4413
4865	4413
4866	4413
4867	4413
4868	4413
4869	4413
4870	4413
4871	4413
4872	4413
4873	4413
4874	6019
4875	4413
4876	6019
4877	6019
4878	6019
4879	4413
4880	4412
4881	4477
4882	4477
4883	4413
4884	4413
4885	4413
4886	4413
4887	4413
4888	4413
4889	4413
4890	4477
4891	6019
4892	4413
4893	4477
4894	4412
4895	4475
4896	4475
4897	4413
4898	4412
4899	4475
4900	6019
4901	6019
4902	4475
4903	4475
4904	5707
4905	5707
4906	4476
4907	4475
4908	4476
4909	4412
4910	4412
4911	4475
4912	4475
4913	4475
4914	4475
4915	4475
4916	4413
4917	4413
4918	5707
4919	5707
4920	5707
4921	5707
4922	5707
4923	5707
4924	5930
4925	5930
4926	5930
4927	5930
4928	4475
4929	4411
4930	4411
4931	4411
4932	4411
4933	4411
4934	4475
4935	4475
4936	4411
4937	15915
4938	14619
4939	14619
4940	14619
4941	14619
4942	14619
4943	14619
4944	14683
4945	14683
4946	14620
4947	14620
4948	14620
4949	14620
4950	6019
4951	6019
4952	6019
4953	14621
4954	14684
4955	14620
4956	4412
4957	4413
4958	5707
4959	5707
4960	5707
4961	5707
4962	4475
4963	4475
4964	4475
4965	4475
4966	4413
4967	4413
4968	4476
4969	4476
4970	4475
4971	4475
4972	4475
4973	4475
4974	4475
4975	4475
4976	4475
4977	4475
4978	4411
4979	4411
4980	4411
4981	4475
4982	4475
4983	4476
4984	4476
4985	4476
4986	4476
4987	4476
4988	4476
4989	4475
4990	6026
4991	6026
4992	6026
4993	14620
4994	14619
4995	14619
4996	14619
4997	14619
4998	14619
4999	14619
5000	6018
5001	14619
5002	14619
5003	4411
5004	14619
5005	4411
5006	14620
5007	14620
5008	14683
5009	14619
5010	14619
5011	14619
5012	4411
5013	4412
5014	14619
5015	14619
5016	4412
5017	4411
5018	4412
5019	4411
5020	4412
5021	4475
5022	4475
5023	4475
5024	4475
5025	4475
5026	4475
5027	4475
5028	4475
5029	4475
5030	14619
5031	6018
5032	4411
5033	4411
5034	4475
5035	4475
5036	4475
5037	4475
5038	4411
5039	4411
5040	4411
5041	6029
5042	5707
5043	5707
5044	5707
5045	4411
5046	4411
5047	6029
5048	6029
5049	5707
5050	5707
5051	5707
5052	4411
5053	4411
5054	6029
5055	6029
5056	5707
5057	5707
5058	5707
5059	4475
5060	4411
5061	16138
5062	6029
5063	5930
5064	5707
5065	6029
5066	6029
5067	5707
5068	5707
5069	5707
5070	4475
5071	4475
5072	5707
5073	5707
5074	4475
5075	4475
5076	4475
5077	4475
5078	4475
5079	4475
5080	4475
5081	5707
5082	4475
5083	4475
5084	4475
5085	4475
5086	4475
5087	4475
5088	4475
5089	4475
5090	4475
5091	4475
5092	4476
5093	4476
5094	4476
5095	4412
5096	4412
5097	4412
5098	4412
5099	4412
5100	4412
5101	4412
5102	4476
5103	4476
5104	4476
5105	4413
5106	4413
5107	6019
5108	6019
5109	4413
5110	4413
5111	4413
5112	4413
5113	4412
5114	4412
5115	4476
5116	4475
5117	4475
5118	6019
5119	6019
5120	4413
5121	4413
5122	4412
5123	4412
5124	4412
5125	4412
5126	6019
5127	6019
5128	14620
5129	4412
5130	4412
5131	4412
5132	4412
5133	4412
5134	4412
5135	4476
5136	4475
5137	4475
5138	4475
5139	4475
5140	14620
5141	14620
5142	6026
5143	4412
5144	4412
5145	4412
5146	4412
5147	4412
5148	4412
5149	4475
5150	4475
5151	4476
5152	4475
5153	4476
5154	16312
5155	16312
5156	14691
5157	4480
5158	4480
5159	6255
5160	16427
5161	16427
5162	14660
5163	14628
5164	14628
5165	14628
5166	14628
5167	16144
5168	16144
5169	4452
5170	6242
5171	6242
5172	4449
5173	4449
5174	6255
5175	6255
5176	6255
5177	6255
5178	6255
5179	4451
5180	4451
5181	4451
5182	4451
5183	4451
5184	14660
5185	14628
5186	14660
5187	14660
5188	14660
5189	14660
5190	14660
5191	6255
5192	6255
5193	6255
5194	6255
5195	6255
5196	6255
5197	4451
5198	4451
5199	4451
5200	4451
5201	6255
5202	6255
5203	6255
5204	6255
5205	6255
5206	6255
5207	6255
5208	6255
5209	6255
5210	6255
5211	6255
5212	6255
5213	4451
5214	4451
5215	4451
5216	4451
5217	4451
5218	6255
5219	6255
5220	4451
5221	6255
5222	4451
5223	6255
5224	6255
5225	6255
5226	6255
5227	4451
5228	4451
5229	6255
5230	6255
5231	6255
5232	6255
5233	6255
5234	6255
5235	6255
5236	6255
5237	6255
5238	14660
5239	14660
5240	14660
5241	14660
5242	14660
5243	16427
5244	16427
5245	16427
5246	6255
5247	6255
5248	6255
5249	4451
5250	6242
5251	6242
5252	6242
5253	6242
5254	4452
5255	4452
5256	4451
5257	4451
5258	4451
5259	4451
5260	4451
5261	4451
5262	4451
5263	4451
5264	4451
5265	4451
5266	4451
5267	4451
5268	4451
5269	6255
5270	6255
5271	6255
5272	6255
5273	4451
5274	4451
5275	4451
5276	4451
5277	4451
5278	4451
5279	4451
5280	4451
5281	4451
5282	4451
5283	4451
5284	4451
5285	6255
5286	6255
5287	4451
5288	4451
5289	4451
5290	4451
5291	4451
5292	4451
5293	4451
5294	4451
5295	4451
5296	4451
5297	4451
5298	4451
5299	4451
5300	4451
5301	4451
5302	4451
5303	4451
5304	4451
5305	4451
5306	4451
5307	4451
5308	4451
5309	4451
5310	4451
5311	4451
5312	4451
5313	4451
5314	4451
5315	4451
5316	4451
5317	4451
5318	4451
5319	4451
5320	4451
5321	4451
5322	4451
5323	4451
5324	4451
5325	4451
5326	4451
5327	4451
5328	4449
5329	4451
5330	4451
5331	4451
5332	4451
5333	4451
5334	4451
5335	4451
5336	4451
5337	4451
5338	4451
5339	4451
5340	6242
5341	6242
5342	6242
5343	4451
5344	4451
5345	4451
5346	4451
5347	4451
5348	4451
5349	6242
5350	6242
5351	6242
5352	6242
5353	6242
5354	6242
5355	6242
5356	6242
5357	6242
5358	6242
5359	6242
5360	6242
5361	6242
5362	6242
5363	6242
5364	6242
5365	6242
5366	6242
5367	6242
5368	6242
5369	6242
5370	6242
5371	6242
5372	6242
5373	6242
5374	6242
5375	6242
5376	6242
5377	6242
5378	6242
5379	6242
5380	6242
5381	6242
5382	6242
5383	6242
5384	6242
5385	6242
5386	6242
5387	6242
5388	6242
5389	6242
5390	4452
5391	4452
5392	4452
5393	6242
5394	16136
5395	6242
5396	6242
5397	16136
5398	16136
5399	6242
5400	6242
5401	16136
5402	16144
5403	6242
5404	6242
5405	16144
5406	16144
5407	6242
5408	6242
5409	16144
5410	16144
5411	4452
5412	16144
5413	4452
5414	4452
5415	16144
5416	16144
5417	16144
5418	16144
5419	14628
5420	14628
5421	14628
5422	14628
5423	14628
5424	14628
5425	14628
5426	14628
5427	14628
5428	14628
5429	14628
5430	16144
5431	14628
5432	14628
5433	16144
5434	16144
5435	14628
5436	14628
5437	16144
5438	14628
5439	16144
5440	14628
5441	14628
5442	14628
5443	14628
5444	16144
5445	14628
5446	14628
5447	14628
5448	14628
5449	14628
5450	14628
5451	14628
5452	14628
5453	14628
5454	14628
5455	14628
5456	14628
5457	14628
5458	14628
5459	14628
5460	14628
5461	14628
5462	14628
5463	14628
5464	14628
5465	14628
5466	14628
5467	14628
5468	14628
5469	14628
5470	14628
5471	14628
5472	14628
5473	14628
5474	14628
5475	14628
5476	14628
5477	14628
5478	14628
5479	14628
5480	14628
5481	14628
5482	14628
5483	14628
5484	14628
5485	14628
5486	14628
5487	14628
5488	14628
5489	14628
5490	14628
5491	14628
5492	14628
5493	14628
5494	14628
5495	14628
5496	14628
5497	14628
5498	14628
5499	14628
5500	14628
5501	14628
5502	14628
5503	14628
5504	14628
5505	14628
5506	14628
5507	14628
5508	14660
5509	14628
5510	14628
5511	14660
5512	14660
5513	14628
5514	14628
5515	14628
5516	14628
5517	14628
5518	14628
5519	14628
5520	14628
5521	14628
5522	14628
5523	14628
5524	14628
5525	14628
5526	14628
5527	14628
5528	14628
5529	14628
5530	14628
5531	14628
5532	14660
5533	14628
5534	14660
5535	14660
5536	14660
5537	14660
5538	14660
5539	14660
5540	14628
5541	14628
5542	14628
5543	14660
5544	14660
5545	14628
5546	14628
5547	14628
5548	14628
5549	14628
5550	14628
5551	14628
5552	14660
5553	14628
5554	14660
5555	14660
5556	14660
5557	14660
5558	14660
5559	14660
5560	14660
5561	14660
5562	14660
5563	14660
5564	14660
5565	14660
5566	14660
5567	14660
5568	14660
5569	14660
5570	14660
5571	14628
5572	14660
5573	14660
5574	14660
5575	14660
5576	14660
5577	14660
5578	14660
5579	14660
5580	14660
5581	14660
5582	14660
5583	14660
5584	14660
5585	14660
5586	14660
5587	14660
5588	14660
5589	14660
5590	14660
5591	14660
5592	14660
5593	14660
5594	14660
5595	14660
5596	14660
5597	14660
5598	14660
5599	14660
5600	14660
5601	14660
5602	14660
5603	14660
5604	14660
5605	14660
5606	14660
5607	14660
5608	14660
5609	14660
5610	14660
5611	14660
5612	14660
5613	14660
5614	16427
5615	14660
5616	14660
5617	14660
5618	14660
5619	14660
5620	14660
5621	16427
5622	16427
5623	16427
5624	16427
5625	16427
5626	14660
5627	4451
5628	4451
5629	4451
5630	4451
5631	4451
5632	16427
5633	16427
5634	16427
5635	16427
5636	16427
5637	4451
5638	4451
5639	4451
5640	4451
5641	4451
5642	4451
5643	4451
5644	6255
5645	6255
5646	6255
5647	6255
5648	14655
5649	14655
5650	14657
5651	14657
5652	16438
5653	16438
5654	14694
5655	14694
5656	14694
5657	14694
5658	14694
5659	14694
5660	16438
5661	14655
5662	14655
5663	14655
5664	14694
5665	14694
5666	14655
5667	14655
5668	14655
5669	14657
5670	14657
5671	14657
5672	16438
5673	16438
5674	14694
5675	14694
5676	14694
5677	14694
5678	14694
5679	14694
5680	14694
5681	14694
5682	14694
5683	14694
5684	16438
5685	16438
5686	16438
5687	16438
5688	14655
5689	14655
5690	14655
5691	14655
5692	16426
5693	16426
5694	16426
5695	16426
5696	16426
5697	16426
5698	16426
5699	16426
5700	14657
5701	14657
5702	16426
5703	16426
5704	16426
5705	16426
5706	16428
5707	14701
5708	24310
5709	5934
5710	5934
5711	5934
5712	5934
5713	5935
5714	6180
5715	16143
5716	16143
5717	16143
5718	16144
5719	14628
5720	14628
5721	14628
5722	14628
5723	14628
5724	14628
5725	14660
5726	14660
5727	14660
5728	14660
5729	14660
5730	16426
5731	16426
5732	16426
5733	16426
5734	14660
5735	14660
5736	14660
5737	16426
5738	16426
5739	16426
5740	14658
5741	14658
5742	14658
5743	14658
5744	14658
5745	14658
5746	14658
5747	14658
5748	14658
5749	14658
5750	14658
5751	14658
5752	14660
5753	14660
5754	14658
5755	14658
5756	14658
5757	14658
5758	14658
5759	14660
5760	14658
5761	14658
5762	14658
5763	14658
5764	14658
5765	14658
5766	14658
5767	14658
5768	14658
5769	14628
5770	14628
5771	14628
5772	14628
5773	14627
5774	14627
5775	14627
5776	14628
5777	16426
5778	16426
5779	16426
5780	16426
5781	16426
5782	16426
5783	16426
5784	16426
5785	14628
5786	14628
5787	14628
5788	14627
5789	14627
5790	14627
5791	14627
5792	16368
5793	16368
5794	16368
5795	16142
5796	16142
5797	16142
5798	16142
5799	6171
5800	24309
5801	24309
5802	16142
5803	16142
5804	6171
5805	6171
5806	6171
5807	6171
5808	16426
5809	16426
5810	16426
5811	16426
5812	16426
5813	16426
5814	16426
5815	16426
5816	16426
5817	16426
5818	16426
5819	16426
5820	16426
5821	16426
5822	16426
5823	16426
5824	14658
5825	14658
5826	14660
5827	14660
5828	14660
5829	14660
5830	14658
5831	14658
5832	16426
5833	16426
5834	16426
5835	14658
5836	14658
5837	16426
5838	14658
5839	16426
5840	14658
5841	14658
5842	14658
5843	14658
5844	14660
5845	14660
5846	14660
5847	14660
5848	14660
5849	14660
5850	14634
5851	14634
5852	14658
5853	14628
5854	14660
5855	14628
5856	14660
5857	14628
5858	16426
5859	16426
5860	16426
5861	16426
5862	16426
5863	14658
5864	14658
5865	14658
5866	14658
5867	14660
5868	14660
5869	14660
5870	16426
5871	16426
5872	16426
5873	16426
5874	16426
5875	16426
5876	16426
5877	16426
5878	16426
5879	16426
5880	16426
5881	16426
5882	16426
5883	16426
5884	16426
5885	16426
5886	16426
5887	24310
5888	24310
5889	16368
5890	16368
5891	16368
5892	16368
5893	16143
5894	16368
5895	16368
5896	16368
5897	16368
5898	16368
5899	16368
5900	16368
5901	16368
5902	16368
5903	6171
5904	6171
5905	6171
5906	5935
5907	24310
5908	14628
5909	14628
5910	14628
5911	14628
5912	14628
5913	14628
5914	14628
5915	14628
5916	14628
5917	14628
5918	14627
5919	14627
5920	14627
5921	14627
5922	14627
5923	14627
5924	16368
5925	16426
5926	16428
5927	16143
5928	16426
5929	14655
5930	14699
5931	6171
5932	6171
5933	16368
5934	16143
5935	16367
5936	14628
5937	14640
5938	6171
5939	6171
5940	6171
5941	16143
5942	16143
5943	16143
5944	14627
5945	16143
5946	16368
5947	14627
5948	16143
5949	14627
5950	14627
5951	14627
5952	14627
5953	14628
5954	16426
5955	16426
5956	16426
5957	16426
5958	16426
5959	16426
5960	16426
5961	14660
5962	16426
5963	16426
5964	16426
5965	16426
5966	16426
5967	16426
5968	16426
5969	16426
5970	14658
5971	14658
5972	14658
5973	14658
5974	14634
5975	14628
5976	14628
5977	14658
5978	16426
5979	16426
5980	16426
5981	16426
5982	16426
5983	16426
5984	16426
5985	16426
5986	16426
5987	16426
5988	16426
5989	16426
5990	16426
5991	16426
5992	16426
5993	16426
5994	16426
5995	16426
5996	16426
5997	16426
5998	16426
5999	16426
6000	16426
6001	16426
6002	16426
6003	16426
6004	14628
6005	14628
6006	14628
6007	14628
6008	14628
6009	14628
6010	14628
6011	14628
6012	14628
6013	14628
6014	16426
6015	16426
6016	14658
6017	14658
6018	14700
6019	14707
6020	14698
6021	2930
6022	14616
6023	16312
6024	24309
6025	24309
6026	14706
6027	24309
6028	14653
6029	14699
6030	24309
6031	24309
6032	14640
6033	3705
6034	2930
6035	2931
6036	4426
6037	4450
6038	4426
6039	4450
6040	4419
6041	4426
6042	6241
6043	6241
6044	4450
6045	4450
6046	6241
6047	4449
6048	4450
6049	6241
6050	6241
6051	4449
6052	4475
6053	4476
6054	5707
6055	4481
6056	4481
6057	4450
6058	6241
6059	4449
6060	6255
6061	6255
6062	4480
6063	4480
6064	4480
6065	14620
6066	14620
6067	4480
6068	4480
6069	4481
6070	16426
6071	14660
6072	14660
6073	16426
6074	14660
6075	14660
6076	14660
6077	16426
6078	14660
6079	14660
6080	14660
6081	14660
6082	14660
6083	14660
6084	4475
6085	4476
6086	14686
6087	14686
6088	14621
6089	14621
6090	4451
6091	6256
6092	5707
6093	5707
6094	4475
6095	4476
6096	4477
6097	4413
6098	4480
6099	5707
6100	4481
6101	16136
6102	16144
6103	3787
6104	3787
6105	24310
6106	24310
6107	6171
6108	16142
6109	3790
6110	3790
6111	14686
6112	3790
6113	3790
6114	4413
6115	14686
6116	16314
6117	16313
6118	16314
6119	14693
6120	3203
6121	14616
6122	14616
6123	16311
6124	16311
6125	16311
6126	4413
6127	4426
6128	4419
6129	14683
6130	14688
6131	6256
6132	4451
6133	5937
6134	3787
6135	6180
6136	5934
6137	5934
6138	6242
6139	6171
6140	24309
6141	5707
6142	16136
6143	6032
6144	3787
6145	24310
6146	6180
6147	16338
6148	6171
6149	24309
6150	15915
6151	16440
6152	16440
6153	16427
6154	16432
6155	16144
6156	16144
6157	3787
6158	24310
6159	24310
6160	5935
6161	16142
6162	16440
6163	14659
6164	16427
6165	16136
6166	16144
6167	16143
6168	16143
6169	16368
6170	16368
6171	16367
6172	15915
6173	16440
6174	14659
6175	14660
6176	16136
6177	16144
6178	16144
6179	16143
6180	14627
6181	4420
6182	6242
6183	4451
6184	6256
6185	5934
6186	5934
6187	5934
6188	6179
6189	6180
6190	4419
6191	6171
6192	24309
6193	5934
6194	5934
6195	5934
6196	6179
6197	4419
6198	4419
6199	4426
6200	4449
6201	6241
6202	6255
6203	6171
6204	24309
6205	6166
6206	6179
6207	5934
6208	5934
6209	6171
6210	24309
6211	4452
6212	4452
6213	4450
6214	4450
6215	4450
6216	4450
6217	4450
6218	6241
6219	14659
6220	16427
6221	3644
6222	16313
6223	14692
6224	14691
6225	14691
6226	14690
6227	14689
6228	16439
6229	16427
6230	16427
6231	14660
6232	16136
6233	16136
6234	5928
6235	4452
6236	6241
6237	16136
6238	5928
6239	16440
6240	16439
6241	14657
6242	14657
6243	14657
6244	14657
6245	14657
6246	16439
6247	16428
6248	16428
6249	14683
6250	14688
6251	14688
6252	14694
6253	14694
6254	14694
6255	14694
6256	16438
6257	15915
6258	16438
6259	16437
6260	14695
6261	14695
6262	14695
6263	14695
6264	14695
6265	14695
6266	14695
6267	14695
6268	14695
6269	14695
6270	14695
6271	14695
6272	14695
6273	14695
6274	14695
6275	14695
6276	14695
6277	14695
6278	14690
6279	14690
6280	14696
6281	14690
6282	14690
6283	14690
6284	14695
6285	14690
6286	14695
6287	14695
6288	14700
6289	14700
6290	14696
6291	14700
6292	14696
6293	14696
6294	14695
6295	14695
6296	14696
6297	14696
6298	14696
6299	14696
6300	14696
6301	14696
6302	14696
6303	14691
6304	14696
6305	14696
6306	14697
6307	14696
6308	14696
6309	14696
6310	14696
6311	14696
6312	14696
6313	14696
6314	14696
6315	14696
6316	14697
6317	14696
6318	14696
6319	14696
6320	14696
6321	14697
6322	14697
6323	14697
6324	14697
6325	14697
6326	14697
6327	14691
6328	14690
6329	14690
6330	14695
6331	14695
6332	14695
6333	14695
6334	14694
6335	14694
6336	14694
6337	14694
6338	14694
6339	14694
6340	14694
6341	14694
6342	14694
6343	14694
6344	14694
6345	14694
6346	14694
6347	14695
6348	14694
6349	14695
6350	14694
6351	14694
6352	14694
6353	14695
6354	14695
6355	14695
6356	14695
6357	14694
6358	14695
6359	14695
6360	14695
6361	14695
6362	14695
6363	14695
6364	14695
6365	14695
6366	14695
6367	14695
6368	14695
6369	14695
6370	14694
6371	14695
6372	14695
6373	14694
6374	14695
6375	14695
6376	14695
6377	14695
6378	14695
6379	14695
6380	14695
6381	14690
6382	14695
6383	14695
6384	14695
6385	14695
6386	14695
6387	14694
6388	14695
6389	14695
6390	14695
6391	14695
6392	14695
6393	14695
6394	14696
6395	14700
6396	14696
6397	14697
6398	14696
6399	14696
6400	14696
6401	14696
6402	14696
6403	14696
6404	14696
6405	14691
6406	14691
6407	14695
6408	14695
6409	14695
6410	14695
6411	14695
6412	14695
6413	14695
6414	14695
6415	14695
6416	14695
6417	14695
6418	14695
6419	14695
6420	14695
6421	14695
6422	14695
6423	14695
6424	14695
6425	14695
6426	14695
6427	14695
6428	14695
6429	14695
6430	14695
6431	14697
6432	14697
6433	14696
6434	14696
6435	14690
6436	14695
6437	14695
6438	14695
6439	14695
6440	14695
6441	14695
6442	14695
6443	14695
6444	14695
6445	14695
6446	14695
6447	14695
6448	14695
6449	14695
6450	16426
6451	16426
6452	16426
6453	16426
6454	16426
6455	16426
6456	16426
6457	16426
6458	16426
6459	16426
6460	16426
6461	16426
6462	16426
6463	16426
6464	16426
6465	16426
6466	16426
6467	16426
6468	16426
6469	16426
6470	16426
6471	16426
6472	16426
6473	16426
6474	16426
6475	16426
6476	16426
6477	16426
6478	16426
6479	16426
6480	16426
6481	16426
6482	16426
6483	16426
6484	16426
6485	16426
6486	16426
6487	16426
6488	16426
6489	16426
6490	16426
6491	16426
6492	16426
6493	16426
6494	16426
6495	16426
6496	14657
6497	16426
6498	14657
6499	16426
6500	14657
6501	14657
6502	16426
6503	16426
6504	16426
6505	14657
6506	14657
6507	16426
6508	16426
6509	16426
6510	16426
6511	16426
6512	16426
6513	16426
6514	16426
6515	16426
6516	16426
6517	16426
6518	16426
6519	16426
6520	16426
6521	16426
6522	16426
6523	16426
6524	16426
6525	16426
6526	16426
6527	16426
6528	16426
6529	16426
6530	16426
6531	16426
6532	16426
6533	16426
6534	16426
6535	16426
6536	16426
6537	16426
6538	16426
6539	16426
6540	16426
6541	16426
6542	16426
6543	16426
6544	16426
6545	16426
6546	16426
6547	16426
6548	16426
6549	16426
6550	16426
6551	16426
6552	16426
6553	16426
6554	16426
6555	16426
6556	16426
6557	16426
6558	16426
6559	16426
6560	16426
6561	16426
6562	16426
6563	16426
6564	16426
6565	16426
6566	16426
6567	16426
6568	16426
6569	16426
6570	16426
6571	14657
6572	14657
6573	16426
6574	14657
6575	14657
6576	14657
6577	14657
6578	14657
6579	14657
6580	14657
6581	14657
6582	14657
6583	16426
6584	14660
6585	14660
6586	16426
6587	16426
6588	16426
6589	16426
6590	16426
6591	16426
6592	16426
6593	16426
6594	16426
6595	16426
6596	16426
6597	16426
6598	16426
6599	14657
6600	16426
6601	16426
6602	16426
6603	16426
6604	16426
6605	16427
6606	16426
6607	16426
6608	16426
6609	16426
6610	16426
6611	14657
6612	14657
6613	16427
6614	16427
6615	14657
6616	14657
6617	4481
6618	14657
6619	16427
6620	14657
6621	4481
6622	4481
6623	4481
6624	4481
6625	5707
6626	5707
6627	4480
6628	5707
6629	4481
6630	5707
6631	4481
6632	4481
6633	4481
6634	5707
6635	5707
6636	4481
6637	4481
6638	4481
6639	4481
6640	4481
6641	4481
6642	4481
6643	5707
6644	4480
6645	4480
6646	5707
6647	4481
6648	4481
6649	4480
6650	5707
6651	4481
6652	4481
6653	4481
6654	4481
6655	4481
6656	4481
6657	4481
6658	4481
6659	4481
6660	4481
6661	4481
6662	4481
6663	4481
6664	4481
6665	4481
6666	4481
6667	4481
6668	4481
6669	4481
6670	4481
6671	4481
6672	4481
6673	4481
6674	16439
6675	4481
6676	4481
6677	4481
6678	14657
6679	14657
6680	14657
6681	14657
6682	14657
6683	4481
6684	14657
6685	14657
6686	14657
6687	14657
6688	14657
6689	16439
6690	16439
6691	16439
6692	14657
6693	14657
6694	14657
6695	14657
6696	14657
6697	14657
6698	16439
6699	16312
6700	16313
6701	16313
6702	14692
6703	16312
6704	16312
6705	16312
6706	16312
6707	16312
6708	16312
6709	16312
6710	14698
6711	16312
6712	16312
6713	16312
6714	16312
6715	16312
6716	14686
6717	14692
6718	14686
6719	14692
6720	14698
6721	14692
6722	14691
6723	14698
6724	14698
6725	14698
6726	14698
6727	14686
6728	14686
6729	14686
6730	14686
6731	14692
6732	14692
6733	14691
6734	14691
6735	14691
6736	14691
6737	14692
6738	4475
6739	4475
6740	4475
6741	4475
6742	4476
6743	4475
6744	4475
6745	4475
6746	4476
6747	4476
6748	4476
6749	4476
6750	4476
6751	14689
6752	14683
6753	14620
6754	14683
6755	14683
6756	14689
6757	14689
6758	14684
6759	14620
6760	4481
6761	4481
6762	4481
6763	5707
6764	4481
6765	4481
6766	4475
6767	4475
6768	14683
6769	14683
6770	14683
6771	14683
6772	14683
6773	14657
6774	14657
6775	14657
6776	14657
6777	14657
6778	14697
6779	14697
6780	14697
6781	14697
6782	14697
6783	14698
6784	14691
6785	14697
6786	14698
6787	14698
6788	14698
6789	14698
6790	14698
6791	14698
6792	14698
6793	16312
6794	16312
6795	14698
6796	16312
6797	16312
6798	14698
6799	14698
6800	14698
6801	14698
6802	16312
6803	16312
6804	16312
6805	16312
6806	14698
6807	14698
6808	16312
6809	16312
6810	16312
6811	14697
6812	14697
6813	14697
6814	14697
6815	14697
6816	14697
6817	14697
6818	14697
6819	14698
6820	14697
6821	14697
6822	14697
6823	14698
6824	14698
6825	14698
6826	14698
6827	14698
6828	14698
6829	14698
6830	14698
6831	14698
6832	14698
6833	14698
6834	14691
6835	14691
6836	14691
6837	14691
6838	14691
6839	4450
6840	4450
6841	4450
6842	6241
6843	6241
6844	6241
6845	6241
6846	4450
6847	4450
6848	6241
6849	4450
6850	6241
6851	6241
6852	6241
6853	4449
6854	6241
6855	6241
6856	4450
6857	4420
6858	4450
6859	4450
6860	4450
6861	4450
6862	4450
6863	4450
6864	4419
6865	4426
6866	4426
6867	4426
6868	4426
6869	4419
6870	4419
6871	3787
6872	4419
6873	16143
6874	5937
6875	4450
6876	5937
6877	4426
6878	4426
6879	16143
6880	16143
6881	16143
6882	16143
6883	3787
6884	16143
6885	4449
6886	4449
6887	4449
6888	4449
6889	4449
6890	4449
6891	4449
6892	4449
6893	4449
6894	4449
6895	4449
6896	6241
6897	6241
6898	4449
6899	4449
6900	6255
6901	6255
6902	4449
6903	4449
6904	4449
6905	4449
6906	4449
6907	6255
6908	6255
6909	6255
6910	6255
6911	6255
6912	6255
6913	6255
6914	6255
6915	4480
6916	4480
6917	4480
6918	6255
6919	6255
6920	6255
6921	6255
6922	4480
6923	4480
6924	4480
6925	4480
6926	4480
6927	4480
6928	4480
6929	5707
6930	4480
6931	4480
6932	4480
6933	4480
6934	4480
6935	4480
6936	4480
6937	4480
6938	4480
6939	4480
6940	4480
6941	4481
6942	5707
6943	10260
6944	6241
6945	6241
6946	16427
6947	16427
6948	16427
6949	16427
6950	16427
6951	14660
6952	14660
6953	14660
6954	14660
6955	16427
6956	16427
6957	16427
6958	16427
6959	16427
6960	16427
6961	16427
6962	16427
6963	16427
6964	16427
6965	4480
6966	4480
6967	4480
6968	6255
6969	6255
6970	16427
6971	4480
6972	4480
6973	14660
6974	14660
6975	14660
6976	14660
6977	14660
6978	14660
6979	14660
6980	14660
6981	14660
6982	4480
6983	4480
6984	6255
6985	4480
6986	4480
6987	4480
6988	4480
6989	4480
6990	4480
6991	4480
6992	4480
6993	4480
6994	4480
6995	4480
6996	4480
6997	4480
6998	4480
6999	4480
7000	4480
7001	4480
7002	4480
7003	4480
7004	4480
7005	6255
7006	6255
7007	6255
7008	4480
7009	4480
7010	4480
7011	6255
7012	6255
7013	6255
7014	6255
7015	6255
7016	6255
7017	6255
7018	6255
7019	6255
7020	6255
7021	6255
7022	6255
7023	6255
7024	6255
7025	6255
7026	6255
7027	6255
7028	6255
7029	4451
7030	4451
7031	4451
7032	4449
7033	4449
7034	4449
7035	4451
7036	4451
7037	4480
7038	4480
7039	4480
7040	6255
7041	4480
7042	6255
7043	6255
7044	6255
7045	6255
7046	4451
7047	4449
7048	4449
7049	4449
7050	4449
7051	4449
7052	4449
7053	6242
7054	4449
7055	4449
7056	4449
7057	16143
7058	4452
7059	16144
7060	16143
7061	16143
7062	16143
7063	16144
7064	16144
7065	6242
7066	4449
7067	6241
7068	6241
7069	4452
7070	4450
7071	6241
7072	6241
7073	4450
7074	4452
7075	4452
7076	16143
7077	4450
7078	16143
7079	16143
7080	14660
7081	14660
7082	16426
7083	14660
7084	14660
7085	16426
7086	16426
7087	4481
7088	16426
7089	16426
7090	16426
7091	16426
7092	16426
7093	16426
7094	16426
7095	16426
7096	14657
7097	14657
7098	14657
7099	14657
7100	14657
7101	14657
7102	14657
7103	4452
7104	4452
7105	4452
7106	4452
7107	4452
7108	14628
7109	14628
7110	14628
7111	14628
7112	14628
7113	14628
7114	14628
7115	14628
7116	14628
7117	6019
7118	4413
7119	6019
7120	4413
7121	6019
7122	3790
7123	3790
7124	3790
7125	3790
7126	3790
7127	6019
7128	3790
7129	3790
7130	3790
7131	4413
7132	4413
7133	4413
7134	4413
7135	3790
7136	6019
7137	16314
7138	16314
7139	16314
7140	16315
7141	16315
7142	16314
7143	16314
7144	16314
7145	16314
7146	14686
7147	14686
7148	16314
7149	16314
7150	14686
7151	14686
7152	3790
7153	14686
7154	14686
7155	3790
7156	14621
7157	3790
7158	14686
7159	6019
7160	3790
7161	14687
7162	14687
7163	14687
7164	14687
7165	14687
7166	14687
7167	16314
7168	16314
7169	14693
7170	14687
7171	14687
7172	14687
7173	16314
7174	16314
7175	14693
7176	14693
7177	14693
7178	14693
7179	16314
7180	16314
7181	14693
7182	14693
7183	14693
7184	16313
7185	16312
7186	16312
7187	14616
7188	14616
7189	14687
7190	14687
7191	16314
7192	16312
7193	16312
7194	16312
7195	14616
7196	14687
7197	16226
7198	14687
7199	14687
7200	16314
7201	16314
7202	16314
7203	4476
7204	4475
7205	4476
7206	4476
7207	4476
7208	4476
7209	4476
7210	4475
7211	14687
7212	16226
7213	16226
7214	16226
7215	14687
7216	3644
7217	16226
7218	16226
7219	14693
7220	3644
7221	3644
7222	3644
7223	3644
7224	14616
7225	16314
7226	16314
7227	16314
7228	16314
7229	16314
7230	16314
7231	16314
7232	16314
7233	16313
7234	16313
7235	14686
7236	14686
7237	16314
7238	14686
7239	14686
7240	14686
7241	16314
7242	14686
7243	14686
7244	16314
7245	14686
7246	14686
7247	16314
7248	14686
7249	14686
7250	14621
7251	14685
7252	14686
7253	14686
7254	14686
7255	14685
7256	14686
7257	14685
7258	14686
7259	14686
7260	14686
7261	14686
7262	14686
7263	14686
7264	14686
7265	14686
7266	14686
7267	14686
7268	14686
7269	14686
7270	4475
7271	4475
7272	4475
7273	4475
7274	4475
7275	14620
7276	14620
7277	14620
7278	14621
7279	14620
7280	14620
7281	14620
7282	14685
7283	14684
7284	14684
7285	14684
7286	14685
7287	14684
7288	4476
7289	4476
7290	4476
7291	4476
7292	4476
7293	4476
7294	14621
7295	14621
7296	14621
7297	14621
7298	14685
7299	14685
7300	14685
7301	14685
7302	14685
7303	14685
7304	14685
7305	14685
7306	14685
7307	4476
7308	4476
7309	4476
7310	4476
7311	4477
7312	4412
7313	4413
7314	4413
7315	4413
7316	4413
7317	4477
7318	14621
7319	14621
7320	14621
7321	14621
7322	14685
7323	14621
7324	14686
7325	14686
7326	14686
7327	14686
7328	14621
7329	14621
7330	14621
7331	16312
7332	16312
7333	16312
7334	16312
7335	16312
7336	14616
7337	16312
7338	16312
7339	16312
7340	14616
7341	14616
7342	4426
7343	4426
7344	4419
7345	4426
7346	4426
7347	4426
7348	4450
7349	4450
7350	4419
7351	4419
7352	4419
7353	4426
7354	4426
7355	4419
7356	6179
7357	6179
7358	4419
7359	4419
7360	6179
7361	5934
7362	6179
7363	6179
7364	6179
7365	5934
7366	5934
7367	5934
7368	5934
7369	5934
7370	5934
7371	6171
7372	5934
7373	5934
7374	5934
7375	4449
7376	4449
7377	6241
7378	4449
7379	4449
7380	6241
7381	6241
7382	6241
7383	6241
7384	6241
7385	4451
7386	4449
7387	6241
7388	6241
7389	6241
7390	4449
7391	4449
7392	6255
7393	4449
7394	4480
7395	6255
7396	4451
7397	4480
7398	4480
7399	5707
7400	5707
7401	4480
7402	4481
7403	4481
7404	5707
7405	4481
7406	4481
7407	5707
7408	4481
7409	4481
7410	4481
7411	4475
7412	4475
7413	4475
7414	4450
7415	4450
7416	4450
7417	4450
7418	4450
7419	4450
7420	4450
7421	4450
7422	4450
7423	4450
7424	4450
7425	4450
7426	4450
7427	4450
7428	4450
7429	6241
7430	6241
7431	4477
7432	4477
7433	4412
7434	4412
7435	4476
7436	4476
7437	4475
7438	4413
7439	4413
7440	4413
7441	4477
7442	4477
7443	4477
7444	14686
7445	14686
7446	14621
7447	14686
7448	14621
7449	16315
7450	16315
7451	3790
7452	4476
7453	4476
7454	4476
7455	4476
7456	4476
7457	4412
7458	4476
7459	4476
7460	4476
7461	4475
7462	4476
7463	4475
7464	4475
7465	4475
7466	4475
7467	4476
7468	14623
7469	16315
7470	16315
7471	3790
7472	4412
7473	4412
7474	4412
7475	4413
7476	4477
7477	4477
7478	4413
7479	4413
7480	4413
7481	4476
7482	4476
7483	4413
7484	4413
7485	4413
7486	16143
7487	16144
7488	16144
7489	16144
7490	16144
7491	4452
7492	4452
7493	6242
7494	6242
7495	6242
7496	6242
7497	6242
7498	6242
7499	6242
7500	16427
7501	16427
7502	16427
7503	16427
7504	14660
7505	14660
7506	14660
7507	14660
7508	14660
7509	14628
7510	14628
7511	14628
7512	14628
7513	14628
7514	14628
7515	14660
7516	14628
7517	14628
7518	14628
7519	14628
7520	14628
7521	14628
7522	14628
7523	14628
7524	14628
7525	14628
7526	14628
7527	14628
7528	14628
7529	14628
7530	14628
7531	14628
7532	14628
7533	14628
7534	14628
7535	14628
7536	14628
7537	14628
7538	14628
7539	14628
7540	14628
7541	14628
7542	14628
7543	14628
7544	14628
7545	14628
7546	16426
7547	16426
7548	16426
7549	16428
7550	16426
7551	16426
7552	16426
7553	16426
7554	16426
7555	14695
7556	14695
7557	14695
7558	14695
7559	14695
7560	14695
7561	14695
7562	14695
7563	14695
7564	14695
7565	14695
7566	14695
7567	14695
7568	14695
7569	14695
7570	14695
7571	14690
7572	14695
7573	14695
7574	14695
7575	14695
7576	14695
7577	14695
7578	14695
7579	14689
7580	14689
7581	14689
7582	14689
7583	14695
7584	14695
7585	14695
7586	16428
7587	16428
7588	16428
7589	16428
7590	16439
7591	16439
7592	16439
7593	14689
7594	14689
7595	14689
7596	14689
7597	14689
7598	14689
7599	14689
7600	14689
7601	14689
7602	14689
7603	14689
7604	14689
7605	14689
7606	14683
7607	14683
7608	14686
7609	14685
7610	14685
7611	14691
7612	14691
7613	14690
7614	14691
7615	3546
7616	14691
7617	14691
7618	14691
7619	14690
7620	14696
7621	14691
7622	14690
7623	14690
7624	14690
7625	14695
7626	14690
7627	14690
7628	14690
7629	14690
7630	14690
7631	14690
7632	14690
7633	14685
7634	14685
7635	14690
7636	14690
7637	14685
7638	14685
7639	14685
7640	14685
7641	14690
7642	14690
7643	14685
7644	14685
7645	14685
7646	14685
7647	14690
7648	14685
7649	14685
7650	14657
7651	14657
7652	16439
7653	16439
7654	14657
7655	16439
7656	16439
7657	16439
7658	16439
7659	16439
7660	14688
7661	14694
7662	14694
7663	14689
7664	14683
7665	14683
7666	14688
7667	16439
7668	14688
7669	14689
7670	14689
7671	14689
7672	14689
7673	14689
7674	14689
7675	14689
7676	14689
7677	14689
7678	14689
7679	14690
7680	14690
7681	14690
7682	14690
7683	14689
7684	14689
7685	14689
7686	14689
7687	14689
7688	14689
7689	14689
7690	14689
7691	14689
7692	14689
7693	14690
7694	14690
7695	14690
7696	14690
7697	14690
7698	14690
7699	14690
7700	14690
7701	14690
7702	14690
7703	14690
7704	14690
7705	14695
7706	14694
7707	16439
7708	14694
7709	14694
7710	14694
7711	14694
7712	14694
7713	16439
7714	16439
7715	16439
7716	16439
7717	16439
7718	16439
7719	16439
7720	14694
7721	16439
7722	16439
7723	16439
7724	16439
7725	16439
7726	16439
7727	16428
7728	14655
7729	14655
7730	16426
7731	16428
7732	14655
7733	14655
7734	16426
7735	16426
7736	16428
7737	16426
7738	16426
7739	14657
7740	14657
7741	16426
7742	16426
7743	16426
7744	16426
7745	14657
7746	14657
7747	14657
7748	14657
7749	16426
7750	16426
7751	14657
7752	14657
7753	14657
7754	14657
7755	16426
7756	16426
7757	14657
7758	14657
7759	14657
7760	14657
7761	14657
7762	14657
7763	14657
7764	14657
7765	14657
7766	14657
7767	16439
7768	14657
7769	16439
7770	14657
7771	14657
7772	16439
7773	16439
7774	16439
7775	14657
7776	14657
7777	14657
7778	14657
7779	14657
7780	14657
7781	14657
7782	14657
7783	14691
7784	14691
7785	14691
7786	14657
7787	14657
7788	16439
7789	14657
7790	14657
7791	14657
7792	14689
7793	14690
7794	14689
7795	14689
7796	14685
7797	14685
7798	14685
7799	14685
7800	14686
7801	16426
7802	14657
7803	14657
7804	16439
7805	14657
7806	14657
7807	16438
7808	16439
7809	16439
7810	16439
7811	16439
7812	14694
7813	14694
7814	14694
7815	14694
7816	14694
7817	14694
7818	14694
7819	14694
7820	16439
7821	16439
7822	16439
7823	16439
7824	16439
7825	16439
7826	14688
7827	14688
7828	16439
7829	14694
7830	16439
7831	14694
7832	14694
7833	14694
7834	14694
7835	14694
7836	14689
7837	14683
7838	14694
7839	14694
7840	14689
7841	14689
7842	14689
7843	14689
7844	14689
7845	14689
7846	14689
7847	14689
7848	14689
7849	14694
7850	14694
7851	14694
7852	14694
7853	14694
7854	14694
7855	14694
7856	14694
7857	14694
7858	14694
7859	14689
7860	14689
7861	14689
7862	14689
7863	14689
7864	14689
7865	14689
7866	14689
7867	14689
7868	14689
7869	14689
7870	14689
7871	14689
7872	14689
7873	14689
7874	14694
7875	14694
7876	14694
7877	14694
7878	14694
7879	14694
7880	14694
7881	14694
7882	14694
7883	14694
7884	14694
7885	14695
7886	14695
7887	14694
7888	14695
7889	14695
7890	14695
7891	14695
7892	14695
7893	14695
7894	14695
7895	14695
7896	14695
7897	14695
7898	14695
7899	14695
7900	14695
7901	14695
7902	14695
7903	14695
7904	14689
7905	14695
7906	14695
7907	14695
7908	14689
7909	14689
7910	14689
7911	14689
7912	14689
7913	14689
7914	14689
7915	14689
7916	14689
7917	14689
7918	14689
7919	14689
7920	14689
7921	14689
7922	14689
7923	14694
7924	14689
7925	14694
7926	14694
7927	14694
7928	14694
7929	14694
7930	14694
7931	14694
7932	14694
7933	14694
7934	14694
7935	14694
7936	14694
7937	14694
7938	14694
7939	14694
7940	14694
7941	14694
7942	14694
7943	14694
7944	14694
7945	14694
7946	14694
7947	14694
7948	14694
7949	14694
7950	14694
7951	14695
7952	14694
7953	14695
7954	14694
7955	14695
7956	14694
7957	14694
7958	14694
7959	14695
7960	14694
7961	14694
7962	14694
7963	14695
7964	14695
7965	14695
7966	14695
7967	14694
7968	14695
7969	14695
7970	14695
7971	14695
7972	14695
7973	14695
7974	14695
7975	14695
7976	14695
7977	14695
7978	14695
7979	14695
7980	14695
7981	14695
7982	14695
7983	14695
7984	14695
7985	14695
7986	14695
7987	14695
7988	14695
7989	14695
7990	14689
7991	14689
7992	14689
7993	14695
7994	14695
7995	14689
7996	14689
7997	14689
7998	14689
7999	14689
8000	14689
8001	14689
8002	14689
8003	14689
8004	14689
8005	14689
8006	14689
8007	14689
8008	14689
8009	14689
8010	14689
8011	14689
8012	14689
8013	14689
8014	14689
8015	14689
8016	14689
8017	14689
8018	14689
8019	14694
8020	14694
8021	14689
8022	14694
8023	14694
8024	14689
8025	14689
8026	14694
8027	14694
8028	14694
8029	14694
8030	14694
8031	14694
8032	14694
8033	14694
8034	14694
8035	14694
8036	14694
8037	14694
8038	14694
8039	14694
8040	14694
8041	14694
8042	14694
8043	14694
8044	14694
8045	14694
8046	14694
8047	14694
8048	14694
8049	14694
8050	14694
8051	16438
8052	14694
8053	14694
8054	14694
8055	14694
8056	14694
8057	14694
8058	14694
8059	14694
8060	14694
8061	14694
8062	14694
8063	14694
8064	14694
8065	14694
8066	14694
8067	14694
8068	14694
8069	14694
8070	14694
8071	14694
8072	14694
8073	14694
8074	14694
8075	14694
8076	14694
8077	14694
8078	14694
8079	14694
8080	14694
8081	14694
8082	14694
8083	14695
8084	14694
8085	14694
8086	14694
8087	14694
8088	14694
8089	14695
8090	14695
8091	14695
8092	14695
8093	14694
8094	14694
8095	14695
8096	14695
8097	14695
8098	14695
8099	14695
8100	14695
8101	14695
8102	14695
8103	14695
8104	14695
8105	14695
8106	14695
8107	14689
8108	14695
8109	14689
8110	14695
8111	14695
8112	14695
8113	14689
8114	14689
8115	14689
8116	14689
8117	14689
8118	14689
8119	14689
8120	14689
8121	14689
8122	14689
8123	14689
8124	14689
8125	14689
8126	14689
8127	14689
8128	14689
8129	14689
8130	14689
8131	14689
8132	14689
8133	14694
8134	14689
8135	14689
8136	14689
8137	14694
8138	14689
8139	14694
8140	14694
8141	14694
8142	14694
8143	14694
8144	14694
8145	14694
8146	14694
8147	14694
8148	14694
8149	14694
8150	14694
8151	14694
8152	14694
8153	14694
8154	14694
8155	14694
8156	14694
8157	14694
8158	14694
8159	14694
8160	14694
8161	14694
8162	14694
8163	14694
8164	14694
8165	14694
8166	14694
8167	14694
8168	14694
8169	14694
8170	16438
8171	14694
8172	14694
8173	16438
8174	16438
8175	14694
8176	14694
8177	16438
8178	16439
8179	16438
8180	16438
8181	14694
8182	14694
8183	14694
8184	16438
8185	16438
8186	14694
8187	16438
8188	14694
8189	14694
8190	14694
8191	14694
8192	14694
8193	14694
8194	14694
8195	14694
8196	14694
8197	14694
8198	14694
8199	14694
8200	14694
8201	14694
8202	14694
8203	14694
8204	14694
8205	14694
8206	14694
8207	14694
8208	14694
8209	14694
8210	14694
8211	14694
8212	14695
8213	14695
8214	14695
8215	14695
8216	14695
8217	14695
8218	14694
8219	14694
8220	14695
8221	14695
8222	14694
8223	14695
8224	14695
8225	14695
8226	14695
8227	14695
8228	14695
8229	14695
8230	14689
8231	14689
8232	14689
8233	14689
8234	14689
8235	14689
8236	14689
8237	14695
8238	14689
8239	14689
8240	14689
8241	14689
8242	14689
8243	14689
8244	14689
8245	14689
8246	14689
8247	14689
8248	14689
8249	14689
8250	14694
8251	14694
8252	14694
8253	14689
8254	14694
8255	14694
8256	14694
8257	14694
8258	14694
8259	14694
8260	14694
8261	14694
8262	14694
8263	14694
8264	14694
8265	14694
8266	14694
8267	14694
8268	14694
8269	14694
8270	14694
8271	14694
8272	14694
8273	14694
8274	14694
8275	14694
8276	14694
8277	14694
8278	14694
8279	14694
8280	14694
8281	14694
8282	16438
8283	14694
8284	14694
8285	16439
8286	16438
8287	16438
8288	16438
8289	16439
8290	16439
8291	16439
8292	14657
8293	14657
8294	14657
8295	14657
8296	14657
8297	14657
8298	14657
8299	14657
8300	14657
8301	14657
8302	14657
8303	14657
8304	14657
8305	14657
8306	14657
8307	14657
8308	14657
8309	14657
8310	14655
8311	14655
8312	14655
8313	14655
8314	14655
8315	14694
8316	14694
8317	14694
8318	14694
8319	14694
8320	14694
8321	14694
8322	14694
8323	14694
8324	14695
8325	14694
8326	14694
8327	14689
8328	14694
8329	14694
8330	14689
8331	14694
8332	14694
8333	14689
8334	14694
8335	14694
8336	14694
8337	14694
8338	14694
8339	14694
8340	14694
8341	14694
8342	14694
8343	14694
8344	14694
8345	14694
8346	14694
8347	14694
8348	14694
8349	14694
8350	14694
8351	14694
8352	14694
8353	14694
8354	16438
8355	14694
8356	14694
8357	16438
8358	16438
8359	16438
8360	14657
8361	16439
8362	16439
8363	14657
8364	14657
8365	14657
8366	14657
8367	14657
8368	14657
8369	14657
8370	14657
8371	14657
8372	14657
8373	14657
8374	14657
8375	14657
8376	14657
8377	14657
8378	14655
8379	14655
8380	14655
8381	14655
8382	14655
8383	14694
8384	14694
8385	16312
8386	16312
8387	16312
8388	16312
8389	16312
8390	14698
8391	14698
8392	14698
8393	14698
8394	14698
8395	14698
8396	14697
8397	14691
8398	14691
8399	14687
8400	14687
8401	14693
8402	14616
8403	14616
8404	14616
8405	14616
8406	3643
8407	14616
8408	14616
8409	16312
8410	16312
8411	14697
8412	14697
8413	4493
8414	14685
8415	14685
8416	14685
8417	14685
8418	14685
8419	14685
8420	14685
8421	14685
8422	14685
8423	14690
8424	14690
8425	14691
8426	14691
8427	14690
8428	14690
8429	14690
8430	14690
8431	14695
8432	14695
8433	14685
8434	14684
8435	14690
8436	14684
8437	14690
8438	14690
8439	14690
8440	14690
8441	14695
8442	14690
8443	14695
8444	14695
8445	14695
8446	16439
8447	14657
8448	14657
8449	16426
8450	16426
8451	14660
8452	16426
8453	16426
8454	16426
8455	16439
8456	16439
8457	14657
8458	14657
8459	4481
8460	4481
8461	4481
8462	16439
8463	16439
8464	14657
8465	16312
8466	16312
8467	14692
8468	14691
8469	14691
8470	14685
8471	14616
8472	14689
8473	14689
8474	14683
8475	14689
8476	14689
8477	14684
8478	14683
8479	4481
8480	4481
8481	14683
8482	14683
8483	14683
8484	14683
8485	14683
8486	14683
8487	14683
8488	14683
8489	14683
8490	14683
8491	14683
8492	14683
8493	14683
8494	14683
8495	14683
8496	14683
8497	14683
8498	14683
8499	14683
8500	14683
8501	14688
8502	14683
8503	14683
8504	4481
8505	4481
8506	4481
8507	4481
8508	14683
8509	14683
8510	14683
8511	14689
8512	14684
8513	4481
8514	4481
8515	4476
8516	4476
8517	4476
8518	4476
8519	4481
8520	4475
8521	4475
8522	4476
8523	5707
8524	4481
8525	4476
8526	4476
8527	14683
8528	14683
8529	14683
8530	14695
8531	14690
8532	14690
8533	14690
8534	14690
8535	14683
8536	14683
8537	4481
8538	14683
8539	14683
8540	4481
8541	4481
8542	14683
8543	14688
8544	4481
8545	14628
8546	14628
8547	6255
8548	6255
8549	6255
8550	6255
8551	6255
8552	6255
8553	6255
8554	6255
8555	6255
8556	4451
8557	6255
8558	4451
8559	4451
8560	6255
8561	6255
8562	6255
8563	6255
8564	6241
8565	6242
8566	4452
8567	6242
8568	6242
8569	6242
8570	4452
8571	4452
8572	4452
8573	4452
8574	6242
8575	4452
8576	4452
8577	4452
8578	16144
8579	16144
8580	4452
8581	4452
8582	4480
8583	4480
8584	6255
8585	6255
8586	6255
8587	4480
8588	4480
8589	4480
8590	4480
8591	4480
8592	4480
8593	4480
8594	5707
8595	4481
8596	6255
8597	6255
8598	6255
8599	4480
8600	4480
8601	4480
8602	4480
8603	6255
8604	4480
8605	4480
8606	14660
8607	14660
8608	14660
8609	4419
8610	4426
8611	4426
8612	4419
8613	4419
8614	4419
8615	4419
8616	4426
8617	4419
8618	4419
8619	4419
8620	6180
8621	4419
8622	4419
8623	4419
8624	6180
8625	6180
8626	24310
8627	6180
8628	6180
8629	6180
8630	4419
8631	6179
8632	4419
8633	5934
8634	6180
8635	6171
8636	5934
8637	5934
8638	5934
8639	4450
8640	4450
8641	4426
8642	4450
8643	4426
8644	4426
8645	4450
8646	3787
8647	4419
8648	4426
8649	3787
8650	16143
8651	3787
8652	3787
8653	16143
8654	16143
8655	3787
8656	4426
8657	4450
8658	24310
8659	24310
8660	4419
8661	4419
8662	16427
8663	14660
8664	16427
8665	16427
8666	16427
8667	16427
8668	16427
8669	16427
8670	4480
8671	16427
8672	4480
8673	4480
8674	4480
8675	5707
8676	4480
8677	5707
8678	4480
8679	14660
8680	14660
8681	14660
8682	14660
8683	16427
8684	14660
8685	14660
8686	14660
8687	14660
8688	14660
8689	14660
8690	14660
8691	14660
8692	4475
8693	4475
8694	4475
8695	16426
8696	16426
8697	16426
8698	16426
8699	16426
8700	16426
8701	16426
8702	16426
8703	16426
8704	16426
8705	16426
8706	16426
8707	16426
8708	16426
8709	16426
8710	16426
8711	16426
8712	16426
8713	16426
8714	16426
8715	16426
8716	16427
8717	14660
8718	14660
8719	16312
8720	16312
8721	14691
8722	4452
8723	4452
8724	4452
8725	16144
8726	4452
8727	16144
8728	16144
8729	16144
8730	16144
8731	14628
8732	14628
8733	14628
8734	14628
8735	14628
8736	14628
8737	16144
8738	16144
8739	14628
8740	14628
8741	14628
8742	16144
8743	16144
8744	16144
8745	4452
8746	6241
8747	6241
8748	6241
8749	4449
8750	16144
8751	16144
8752	14694
8753	14694
8754	14694
8755	14694
8756	14694
8757	14694
8758	14694
8759	14694
8760	14694
8761	14694
8762	14694
8763	14694
8764	14694
8765	14694
8766	14694
8767	14694
8768	14694
8769	14694
8770	14694
8771	14694
8772	14694
8773	14694
8774	14694
8775	14694
8776	14694
8777	14694
8778	14694
8779	14694
8780	14694
8781	14694
8782	14694
8783	14694
8784	14694
8785	14694
8786	14694
8787	14694
8788	14694
8789	16438
8790	16438
8791	14694
8792	16438
8793	16438
8794	16438
8795	14657
8796	16439
8797	16439
8798	14657
8799	14657
8800	14657
8801	14657
8802	14657
8803	14657
8804	14657
8805	14657
8806	14657
8807	14657
8808	14657
8809	14657
8810	14657
8811	14657
8812	14657
8813	14655
8814	14655
8815	14655
8816	14655
8817	14655
8818	14694
8819	14694
8820	14694
8821	14694
8822	14694
8823	14694
8824	14694
8825	14694
8826	14694
8827	14694
8828	14694
8829	14694
8830	14694
8831	14694
8832	14694
8833	14694
8834	14694
8835	14694
8836	14694
8837	14694
8838	14694
8839	14694
8840	14694
8841	14694
8842	14694
8843	14694
8844	14694
8845	14694
8846	14694
8847	14694
8848	14694
8849	14694
8850	14694
8851	14694
8852	14694
8853	14694
8854	14694
8855	14694
8856	14694
8857	14694
8858	14694
8859	14694
8860	14694
8861	16438
8862	14694
8863	14694
8864	14694
8865	16438
8866	16438
8867	16438
8868	16438
8869	16438
8870	16438
8871	16438
8872	16438
8873	16439
8874	16438
8875	16438
8876	16438
8877	14657
8878	16439
8879	14657
8880	14657
8881	16439
8882	16439
8883	14657
8884	14657
8885	14657
8886	14657
8887	14657
8888	14657
8889	14657
8890	14657
8891	14657
8892	14657
8893	14657
8894	14657
8895	14657
8896	14657
8897	14657
8898	14657
8899	14657
8900	14657
8901	14657
8902	14657
8903	14655
8904	14657
8905	14657
8906	14657
8907	14655
8908	14657
8909	14655
8910	14655
8911	14655
8912	14655
8913	14655
8914	14655
8915	14655
8916	14655
8917	14655
8918	14655
8919	14655
8920	14655
8921	14655
8922	14694
8923	14694
8924	14694
8925	14694
8926	14694
8927	14694
8928	14694
8929	14694
8930	14694
8931	14694
8932	14694
8933	14694
8934	14694
8935	14694
8936	14694
8937	14694
8938	14694
8939	14694
8940	14694
8941	14694
8942	14694
8943	14694
8944	14694
8945	14694
8946	14694
8947	14694
8948	14694
8949	14694
8950	14694
8951	14694
8952	14694
8953	14694
8954	14694
8955	14694
8956	14694
8957	14694
8958	14694
8959	14694
8960	14694
8961	14694
8962	14694
8963	16438
8964	14694
8965	14694
8966	14694
8967	16438
8968	16438
8969	16438
8970	16438
8971	16438
8972	16438
8973	16438
8974	16438
8975	16439
8976	16438
8977	16438
8978	16438
8979	14657
8980	16439
8981	14657
8982	14657
8983	16439
8984	16439
8985	14657
8986	14657
8987	14657
8988	14657
8989	14657
8990	14657
8991	14657
8992	14657
8993	14657
8994	14657
8995	14657
8996	14657
8997	14657
8998	14657
8999	14657
9000	14657
9001	14657
9002	14657
9003	14657
9004	14657
9005	14655
9006	14655
9007	14655
9008	14655
9009	14655
9010	14655
9011	14655
9012	14655
9013	14655
9014	14655
9015	14655
9016	14655
9017	14655
9018	14655
9019	14655
9020	14655
9021	14655
9022	14655
9023	14655
9024	14694
9025	14694
9026	14694
9027	14694
9028	14694
9029	14694
9030	14694
9031	14694
9032	14694
9033	14694
9034	14694
9035	14694
9036	14694
9037	14694
9038	14694
9039	16438
9040	14694
9041	16438
9042	16438
9043	16438
9044	16438
9045	16438
9046	16438
9047	16438
9048	16438
9049	16438
9050	16438
9051	14657
9052	16438
9053	16438
9054	16438
9055	14657
9056	16439
9057	14657
9058	14657
9059	16438
9060	14657
9061	14657
9062	14657
9063	14657
9064	14657
9065	14657
9066	14657
9067	14657
9068	14657
9069	14655
9070	14657
9071	14657
9072	14657
9073	14655
9074	14657
9075	14655
9076	14655
9077	14655
9078	14655
9079	14655
9080	14655
9081	14655
9082	14655
9083	14655
9084	14655
9085	14655
9086	14655
9087	14655
9088	14655
9089	14655
9090	14655
9091	14655
9092	14655
9093	14655
9094	14655
9095	14655
9096	14655
9097	14655
9098	14655
9099	14655
9100	16438
9101	16438
9102	16438
9103	16438
9104	16438
9105	16438
9106	14694
9107	16438
9108	16438
9109	14694
9110	16438
9111	14694
9112	14694
9113	14694
9114	14694
9115	14694
9116	14694
9117	14694
9118	14694
9119	14694
9120	16438
9121	16438
9122	16438
9123	16438
9124	16438
9125	16438
9126	16438
9127	16438
9128	16438
9129	16438
9130	16438
9131	16438
9132	16438
9133	16438
9134	16438
9135	16438
9136	16438
9137	16438
9138	16438
9139	14694
9140	16438
9141	16438
9142	16438
9143	16438
9144	16438
9145	14694
9146	14694
9147	14694
9148	14694
9149	14694
9150	14694
9151	16438
9152	16438
9153	14694
9154	14694
9155	14694
9156	14694
9157	14694
9158	14694
9159	14694
9160	14694
9161	14694
9162	14694
9163	14694
9164	14694
9165	14694
9166	14694
9167	14694
9168	14694
9169	14694
9170	14694
9171	14694
9172	14694
9173	14694
9174	14694
9175	14694
9176	14694
9177	14694
9178	14694
9179	14694
9180	16438
9181	16438
9182	16438
9183	16438
9184	16438
9185	16438
9186	16438
9187	16438
9188	16438
9189	16438
9190	16438
9191	16438
9192	16438
9193	16438
9194	16438
9195	16438
9196	16438
9197	16438
9198	16438
9199	16438
9200	16438
9201	16438
9202	16438
9203	16438
9204	16438
9205	16438
9206	16438
9207	14694
9208	16438
9209	16438
9210	16438
9211	16438
9212	16438
9213	14694
9214	16438
9215	16438
9216	16438
9217	14694
9218	14694
9219	14694
9220	14694
9221	14694
9222	14694
9223	14694
9224	14694
9225	14694
9226	14694
9227	14694
9228	14694
9229	14694
9230	14694
9231	14694
9232	14694
9233	14694
9234	14694
9235	14694
9236	14694
9237	14694
9238	14694
9239	14694
9240	14694
9241	14694
9242	14694
9243	14694
9244	14694
9245	14694
9246	14694
9247	14694
9248	14694
9249	14694
9250	14694
9251	14694
9252	14694
9253	14694
9254	16438
9255	16438
9256	16438
9257	16438
9258	16438
9259	14655
9260	16438
9261	16438
9262	16438
9263	16438
9264	16438
9265	16438
9266	16438
9267	16438
9268	16438
9269	16438
9270	16438
9271	16438
9272	16438
9273	16438
9274	16438
9275	16438
9276	16438
9277	16438
9278	16438
9279	16438
9280	16438
9281	16438
9282	16438
9283	16438
9284	16438
9285	16438
9286	16438
9287	16438
9288	16438
9289	16438
9290	16438
9291	14694
9292	16438
9293	14694
9294	14694
9295	16438
9296	16438
9297	14694
9298	14694
9299	14694
9300	14694
9301	14694
9302	14694
9303	14694
9304	14694
9305	14694
9306	14694
9307	14694
9308	14694
9309	14694
9310	14694
9311	14694
9312	14694
9313	14694
9314	14694
9315	14694
9316	14694
9317	14694
9318	14694
9319	14694
9320	14694
9321	14694
9322	14694
9323	14694
9324	14694
9325	14694
9326	14694
9327	14694
9328	14655
9329	14655
9330	14655
9331	14655
9332	14655
9333	14655
9334	14655
9335	16438
9336	14655
9337	16438
9338	14655
9339	16438
9340	14655
9341	14655
9342	14655
9343	16438
9344	16438
9345	14655
9346	14655
9347	16438
9348	16438
9349	16438
9350	16438
9351	16438
9352	16438
9353	16438
9354	16438
9355	16438
9356	16438
9357	16438
9358	16438
9359	16438
9360	16438
9361	16438
9362	16438
9363	16438
9364	16438
9365	16438
9366	16438
9367	14694
9368	16438
9369	16438
9370	16438
9371	14694
9372	14694
9373	14694
9374	14694
9375	14694
9376	14694
9377	14694
9378	14694
9379	14694
9380	14694
9381	14694
9382	14694
9383	14694
9384	14694
9385	14694
9386	14694
9387	14694
9388	14694
9389	14694
9390	14694
9391	14694
9392	14694
9393	14694
9394	14694
9395	14694
9396	14694
9397	14694
9398	15915
9399	4411
9400	4475
9401	4475
9402	4411
9403	4411
9404	14619
9405	15915
9406	14684
9407	14684
9408	14620
9409	14684
9410	14620
9411	14620
9412	14621
9413	14684
9414	14684
9415	14620
9416	14620
9417	14620
9418	14620
9419	14685
9420	14621
9421	14621
9422	6019
9423	6019
9424	14621
9425	14621
9426	6019
9427	6019
9428	6019
9429	6019
9430	3790
9431	6019
9432	14620
9433	14620
9434	14620
9435	14683
9436	14683
9437	14683
9438	14619
9439	14683
9440	14683
9441	14683
9442	14619
9443	14619
9444	14683
9445	14619
9446	14619
9447	14619
9448	14619
9449	14619
9450	14619
9451	14619
9452	14619
9453	14619
9454	4475
9455	4475
9456	4475
9457	4475
9458	14685
9459	14621
9460	14621
9461	4475
9462	4475
9463	4475
9464	4475
9465	4475
9466	4475
9467	4475
9468	4475
9469	4475
9470	4475
9471	4475
9472	4475
9473	4475
9474	4475
9475	5707
9476	5707
9477	5707
9478	4475
9479	4475
9480	4475
9481	4475
9482	4475
9483	4475
9484	4475
9485	4475
9486	4475
9487	4475
9488	4475
9489	4475
9490	4475
9491	4412
9492	4412
9493	4412
9494	4477
9495	4412
9496	4412
9497	4412
9498	4412
9499	4412
9500	4476
9501	4412
9502	4476
9503	4476
9504	4412
9505	4412
9506	4412
9507	4412
9508	4412
9509	6026
9510	6026
9511	6026
9512	6026
9513	14619
9514	14619
9515	5707
9516	5707
9517	5707
9518	5707
9519	5707
9520	4475
9521	5707
9522	5707
9523	5707
9524	5707
9525	5707
9526	5707
9527	5707
9528	5707
9529	5707
9530	5707
9531	4475
9532	4476
9533	4475
9534	4475
9535	4475
9536	4475
9537	4475
9538	4476
9539	4475
9540	4476
9541	4476
9542	4476
9543	4476
9544	4476
9545	4412
9546	4476
9547	4476
9548	4476
9549	4412
9550	4412
9551	4412
9552	4412
9553	4476
9554	4476
9555	4475
9556	4475
9557	4475
9558	4475
9559	4475
9560	4475
9561	4475
9562	4475
9563	4475
9564	4475
9565	4475
9566	4475
9567	4475
9568	4475
9569	4475
9570	4475
9571	4475
9572	4475
9573	4475
9574	4475
9575	4475
9576	4475
9577	4475
9578	4476
9579	4475
9580	4475
9581	4476
9582	4475
9583	4475
9584	4475
9585	4476
9586	4475
9587	4475
9588	4475
9589	4476
9590	4476
9591	4475
9592	4476
9593	4476
9594	4476
9595	4476
9596	4476
9597	4476
9598	4476
9599	4476
9600	4475
9601	4476
9602	4476
9603	4476
9604	4412
9605	4476
9606	4476
9607	4476
9608	4412
9609	4476
9610	4476
9611	4475
9612	4475
9613	4475
9614	4475
9615	4475
9616	4475
9617	4475
9618	4475
9619	4475
9620	4475
9621	4475
9622	4475
9623	4475
9624	4475
9625	4475
9626	4475
9627	4475
9628	4475
9629	4475
9630	4475
9631	4475
9632	4475
9633	4475
9634	4475
9635	4475
9636	4475
9637	4475
9638	4475
9639	4475
9640	4475
9641	4475
9642	4475
9643	4475
9644	4475
9645	4476
9646	4476
9647	4476
9648	4476
9649	4412
9650	4476
9651	4475
9652	4475
9653	4475
9654	4475
9655	4476
9656	4476
9657	4476
9658	4476
9659	4476
9660	4476
9661	4476
9662	4475
9663	4475
9664	4475
9665	4475
9666	4475
9667	14619
9668	14619
9669	14619
9670	6018
9671	6018
9672	4411
9673	6018
9674	14619
9675	14619
9676	14619
9677	14619
9678	14619
9679	4411
9680	14619
9681	14619
9682	4411
9683	4411
9684	4411
9685	4411
9686	6018
9687	4411
9688	4411
9689	14619
9690	14619
9691	14619
9692	4411
9693	4411
9694	4411
9695	4411
9696	4411
9697	16138
9698	4411
9699	14619
9700	4411
9701	4411
9702	4411
9703	4475
9704	4475
9705	4475
9706	4475
9707	4475
9708	4475
9709	4475
9710	4412
9711	4412
9712	4412
9713	4412
9714	4412
9715	4412
9716	4477
9717	4412
9718	5707
9719	5707
9720	4477
9721	4413
9722	4413
9723	4477
9724	4477
9725	4412
9726	4477
9727	4413
9728	4413
9729	4413
9730	4413
9731	4413
9732	4413
9733	4477
9734	4477
9735	4412
9736	4412
9737	4477
9738	4477
9739	4413
9740	4413
9741	4412
9742	4412
9743	4413
9744	4477
9745	4413
9746	4413
9747	4413
9748	4413
9749	4413
9750	4413
9751	5707
9752	5707
9753	5707
9754	5707
9755	5707
9756	5707
9757	5707
9758	5707
9759	5707
9760	5707
9761	4475
9762	4475
9763	4475
9764	4475
9765	4475
9766	5707
9767	5707
9768	5707
9769	5707
9770	4475
9771	4475
9772	4475
9773	4475
9774	6029
9775	4475
9776	4475
9777	4475
9778	5707
9779	5707
9780	5707
9781	4475
9782	4475
9783	4475
9784	4475
9785	4475
9786	4475
9787	4475
9788	4475
9789	4476
9790	4476
9791	4475
9792	4475
9793	4475
9794	4476
9795	4412
9796	4475
9797	4411
9798	4411
9799	4475
9800	4475
9801	4412
9802	4411
9803	4412
9804	4412
9805	4412
9806	4412
9807	4411
9808	4411
9809	4412
9810	4412
9811	4411
9812	4411
9813	4412
9814	4412
9815	4412
9816	4412
9817	4412
9818	4412
9819	4411
9820	4411
9821	4412
9822	4412
9823	4412
9824	4412
9825	4411
9826	4412
9827	4412
9828	4412
9829	4412
9830	4412
9831	14619
9832	4412
9833	4412
9834	4412
9835	4412
9836	4412
9837	6026
9838	4412
9839	14620
9840	6026
9841	14620
9842	14620
9843	14620
9844	14620
9845	6026
9846	14620
9847	14620
9848	14620
9849	14620
9850	14620
9851	14620
9852	14620
9853	14620
9854	14620
9855	14620
9856	14620
9857	4475
9858	4475
9859	4475
9860	4476
9861	4412
9862	4412
9863	4412
9864	4412
9865	4412
9866	4412
9867	4412
9868	4412
9869	4412
9870	4412
9871	4412
9872	4412
9873	4412
9874	4412
9875	4412
9876	4412
9877	4412
9878	4412
9879	4412
9880	4412
9881	4412
9882	4413
9883	4412
9884	14620
9885	6019
9886	14620
9887	14620
9888	6019
9889	6019
9890	14620
9891	6019
9892	6019
9893	6019
9894	4475
9895	4412
9896	4412
9897	4412
9898	4476
9899	4412
9900	4412
9901	4412
9902	4412
9903	4412
9904	4412
9905	4412
9906	4412
9907	4412
9908	4412
9909	4412
9910	4413
9911	4413
9912	4412
9913	4413
9914	4413
9915	4413
9916	4413
9917	6019
9918	6019
9919	6019
9920	6019
9921	6019
9922	6019
9923	6019
9924	6019
9925	4476
9926	4412
9927	4412
9928	4412
9929	4412
9930	4477
9931	4412
9932	4412
9933	4413
9934	4412
9935	4412
9936	4413
9937	4413
9938	4413
9939	4413
9940	4413
9941	4413
9942	4413
9943	4413
9944	4413
9945	4413
9946	4413
9947	6019
9948	6019
9949	6019
9950	6019
9951	6019
9952	6019
9953	6019
9954	6019
9955	4476
9956	4476
9957	4477
9958	4412
9959	4412
9960	4413
9961	4413
9962	4413
9963	4413
9964	4413
9965	4413
9966	4413
9967	4413
9968	4413
9969	4413
9970	4413
9971	4413
9972	4413
9973	4413
9974	4413
9975	4413
9976	4413
9977	4413
9978	6019
9979	4413
9980	6019
9981	6019
9982	4477
9983	4413
9984	4413
9985	4413
9986	4413
9987	4413
9988	4413
9989	4412
9990	4412
9991	4476
9992	4412
9993	4412
9994	4476
9995	4412
9996	4412
9997	4412
9998	4476
9999	4476
10000	4476
10001	4476
10002	4476
10003	4476
10004	4476
10005	4476
10006	4476
10007	4476
10008	4475
10009	4476
10010	4476
10011	4476
10012	4475
10013	4476
10014	4476
10015	4476
10016	4476
10017	4476
10018	4476
10019	4476
10020	4476
10021	4476
10022	4476
10023	4475
10024	4475
10025	4475
10026	4475
10027	4475
10028	4475
10029	4475
10030	4475
10031	4475
10032	4475
10033	4475
10034	4475
10035	4475
10036	4475
10037	4475
10038	4475
10039	4475
10040	4475
10041	4475
10042	4475
10043	4475
10044	4475
10045	4475
10046	5707
10047	4475
10048	4475
10049	4475
10050	4475
10051	4475
10052	4475
10053	4475
10054	4475
10055	4475
10056	4475
10057	4475
10058	4475
10059	4475
10060	4475
10061	4475
10062	4475
10063	4475
10064	4475
10065	4475
10066	16138
10067	4475
10068	4475
10069	4475
10070	4475
10071	5707
10072	5707
10073	5707
10074	5707
10075	5707
10076	5707
10077	5707
10078	5930
10079	5930
10080	5930
10081	6029
10082	6029
10083	6029
10084	16138
10085	4411
10086	5707
10087	5707
10088	5707
10089	5707
10090	5707
10091	5707
10092	5707
10093	5707
10094	5707
10095	5707
10096	5707
10097	5707
10098	5707
10099	5707
10100	5707
10101	5707
10102	5707
10103	5707
10104	5707
10105	5707
10106	5707
10107	6029
10108	6029
10109	6029
10110	6029
10111	6029
10112	16138
10113	16138
10114	5707
10115	5707
10116	5707
10117	5707
10118	5707
10119	5707
10120	5707
10121	5707
10122	5707
10123	5707
10124	5930
10125	5930
10126	5930
10127	6029
10128	6029
10129	6029
10130	6029
10131	6029
10132	16138
10133	4411
10134	5707
10135	5707
10136	5707
10137	5707
10138	5930
10139	5707
10140	5930
10141	5930
10142	5707
10143	5707
10144	5707
10145	5707
10146	5707
10147	5707
10148	5707
10149	5707
10150	5707
10151	5707
10152	5707
10153	5930
10154	5930
10155	5930
10156	6029
10157	6029
10158	6029
10159	6029
10160	4411
10161	4411
10162	4411
10163	4411
10164	4475
10165	4475
10166	4475
10167	5707
10168	5707
10169	5707
10170	4475
10171	5707
10172	5707
10173	5707
10174	5707
10175	5707
10176	5707
10177	5707
10178	4475
10179	5930
10180	5930
10181	5930
10182	5930
10183	4411
10184	6029
10185	6029
10186	4411
10187	4411
10188	4411
10189	4411
10190	4411
10191	4411
10192	4411
10193	4475
10194	4475
10195	4475
10196	4475
10197	4475
10198	5707
10199	4475
10200	4475
10201	4475
10202	4475
10203	4475
10204	4475
10205	4475
10206	4475
10207	4475
10208	4475
10209	4411
10210	4411
10211	4411
10212	4411
10213	4411
10214	4411
10215	6018
10216	4411
10217	4411
10218	6018
10219	4475
10220	4475
10221	4475
10222	4475
10223	4475
10224	4475
10225	4475
10226	4475
10227	4475
10228	4475
10229	4475
10230	4475
10231	4475
10232	4411
10233	4411
10234	4411
10235	4411
10236	4411
10237	4411
10238	4411
10239	4411
10240	14619
10241	14619
10242	14619
10243	4475
10244	4475
10245	4475
10246	4475
10247	4411
10248	4475
10249	4411
10250	4411
10251	4411
10252	4411
10253	6018
10254	4412
10255	4411
10256	4475
10257	4411
10258	4411
10259	14619
10260	6247
10261	4411
10262	15915
10263	14619
10264	14619
10265	14619
10266	14619
10267	14619
10268	14619
10269	14619
10270	14619
10271	14619
10272	14619
10273	14619
10274	14619
10275	14619
10276	14619
10277	14619
10278	14619
10279	14620
10280	14683
10281	14683
10282	6026
10283	6026
10284	14620
10285	14620
10286	14620
10287	14620
10288	4475
10289	4475
10290	4475
10291	4411
10292	4411
10293	4411
10294	4411
10295	14619
10296	14619
10297	14619
10298	14619
10299	14619
10300	14619
10301	14619
10302	14619
10303	14619
10304	14619
10305	14619
10306	14619
10307	14619
10308	6026
10309	6026
10310	6026
10311	4475
10312	4475
10313	4475
10314	4411
10315	4411
10316	4411
10317	14619
10318	14619
10319	14619
10320	14619
10321	14619
10322	6026
10323	4475
10324	4475
10325	4476
10326	4411
10327	4475
10328	4475
10329	4475
10330	4475
10331	4475
10332	4475
10333	4475
10334	4475
10335	4475
10336	4475
10337	4475
10338	4475
10339	4475
10340	4475
10341	4475
10342	4475
10343	4475
10344	4475
10345	4475
10346	4475
10347	4475
10348	4475
10349	4413
10350	4413
10351	4477
10352	4477
10353	4476
10354	4476
10355	4412
10356	4476
10357	4476
10358	4476
10359	4476
10360	4476
10361	4475
10362	4475
10363	4413
10364	4413
10365	4413
10366	4413
10367	4413
10368	4412
10369	4476
10370	4476
10371	4476
10372	4475
10373	4413
10374	4413
10375	4413
10376	4413
10377	4413
10378	4413
10379	4413
10380	4413
10381	4413
10382	4413
10383	4413
10384	4413
10385	4413
10386	4413
10387	4413
10388	4413
10389	4413
10390	4413
10391	4413
10392	6019
10393	6019
10394	4413
10395	4413
10396	4413
10397	4413
10398	4413
10399	4413
10400	4413
10401	4413
10402	4413
10403	4413
10404	4413
10405	4413
10406	4413
10407	4413
10408	4413
10409	4412
10410	4412
10411	14620
10412	14620
10413	6019
10414	6019
10415	6019
10416	6019
10417	6019
10418	14620
10419	14683
10420	14619
10421	14619
10422	14619
10423	15915
10424	4411
10425	4475
10426	5930
10427	5930
10428	5707
10429	5707
10430	5707
10431	5707
10432	4413
10433	6019
10434	6019
10435	4475
10436	4412
10437	4412
10438	4476
10439	4412
10440	4476
10441	4476
10442	4476
10443	3790
10444	4475
10445	4475
10446	4412
10447	4412
10448	4477
10449	4477
10450	4413
10451	4477
10452	4475
10453	4413
10454	4413
10455	4413
10456	4413
10457	4477
10458	6019
10459	4413
10460	4413
10461	4413
10462	4413
10463	4413
10464	4413
10465	4413
10466	4413
10467	4413
10468	4477
10469	4412
10470	4475
10471	4475
10472	4475
10473	4475
10474	4475
10475	4475
10476	4476
10477	4476
10478	4476
10479	4476
10480	4476
10481	4476
10482	5707
10483	5707
10484	5707
10485	5930
10486	4475
10487	4475
10488	4411
10489	4412
10490	4412
10491	4476
10492	16426
10493	16426
10494	16426
10495	16426
10496	16426
10497	16426
10498	16426
10499	16426
10500	16426
10501	16426
10502	14657
10503	16426
10504	16426
10505	16426
10506	16426
10507	14694
10508	14694
10509	14628
10510	14628
10511	14628
10512	14628
10513	14628
10514	14628
10515	14628
10516	4451
10517	4451
10518	4451
10519	4449
10520	6242
10521	4452
10522	6242
10523	6242
10524	16144
10525	16144
10526	16144
10527	16144
10528	16144
10529	14628
10530	14628
10531	16144
10532	14628
10533	4452
10534	4452
10535	6255
10536	6255
10537	6255
10538	6255
10539	6255
10540	6255
10541	6255
10542	6255
10543	14628
10544	14628
10545	14628
10546	14628
10547	14628
10548	14628
10549	14628
10550	6242
10551	6242
10552	6242
10553	14660
10554	14660
10555	14660
10556	14660
10557	6242
10558	6242
10559	14628
10560	14628
10561	14628
10562	14628
10563	14628
10564	14628
10565	14628
10566	14628
10567	14628
10568	14628
10569	14628
10570	16144
10571	16144
10572	6255
10573	6255
10574	6255
10575	6255
10576	6255
10577	6255
10578	6255
10579	6255
10580	6255
10581	6255
10582	6255
10583	6255
10584	16427
10585	6255
10586	6255
10587	6255
10588	6255
10589	6255
10590	16427
10591	6255
10592	6255
10593	6255
10594	6255
10595	6255
10596	16427
10597	6255
10598	4451
10599	4451
10600	16427
10601	6255
10602	6255
10603	6255
10604	4451
10605	4451
10606	4451
10607	4451
10608	4451
10609	4451
10610	4451
10611	4451
10612	4451
10613	4451
10614	4451
10615	4451
10616	4451
10617	4451
10618	4451
10619	4451
10620	4451
10621	4451
10622	4451
10623	4451
10624	4451
10625	4451
10626	4451
10627	4451
10628	4451
10629	4451
10630	4451
10631	4451
10632	4451
10633	4451
10634	4451
10635	4451
10636	4451
10637	4451
10638	4451
10639	16427
10640	16427
10641	16427
10642	6255
10643	16427
10644	16427
10645	16427
10646	16427
10647	16427
10648	16427
10649	16427
10650	16427
10651	16427
10652	4451
10653	16427
10654	16427
10655	4451
10656	16427
10657	4451
10658	4451
10659	14660
10660	4451
10661	4451
10662	14660
10663	4451
10664	4451
10665	14660
10666	4451
10667	4451
10668	14660
10669	14660
10670	4451
10671	14660
10672	4451
10673	16427
10674	16427
10675	16427
10676	16427
10677	16427
10678	16427
10679	16427
10680	16427
10681	16427
10682	16427
10683	16427
10684	16427
10685	16427
10686	16427
10687	14660
10688	16427
10689	14660
10690	14660
10691	14660
10692	14660
10693	14660
10694	14660
10695	14660
10696	14660
10697	14660
10698	14660
10699	14660
10700	14660
10701	14660
10702	14660
10703	14660
10704	14660
10705	14660
10706	14660
10707	16427
10708	14660
10709	16427
10710	16427
10711	16427
10712	14660
10713	16427
10714	16427
10715	14660
10716	14660
10717	14660
10718	14660
10719	14660
10720	14660
10721	14660
10722	14660
10723	14660
10724	14660
10725	14660
10726	14660
10727	14660
10728	14660
10729	14660
10730	14660
10731	14660
10732	14660
10733	14660
10734	14660
10735	14660
10736	14660
10737	14660
10738	14660
10739	14660
10740	14660
10741	14660
10742	14660
10743	14660
10744	16427
10745	14660
10746	14660
10747	14660
10748	14660
10749	14660
10750	14660
10751	14660
10752	14660
10753	14660
10754	14660
10755	14660
10756	14660
10757	14660
10758	14660
10759	14660
10760	14660
10761	14660
10762	14660
10763	14660
10764	14660
10765	14660
10766	14660
10767	14660
10768	14660
10769	14660
10770	14660
10771	14660
10772	14660
10773	14660
10774	14660
10775	14660
10776	14660
10777	14660
10778	14660
10779	14660
10780	14660
10781	14660
10782	14660
10783	14660
10784	14660
10785	14660
10786	14660
10787	14660
10788	14660
10789	14660
10790	14660
10791	14660
10792	14660
10793	14660
10794	14660
10795	14660
10796	14660
10797	14660
10798	14660
10799	14660
10800	14660
10801	14660
10802	14660
10803	14660
10804	14660
10805	14660
10806	14660
10807	14660
10808	14660
10809	14660
10810	14660
10811	14660
10812	14660
10813	14660
10814	14660
10815	14660
10816	14660
10817	14660
10818	14660
10819	14660
10820	14660
10821	14660
10822	14660
10823	14660
10824	14660
10825	14660
10826	14660
10827	14660
10828	14660
10829	14660
10830	14660
10831	14660
10832	14660
10833	14660
10834	14660
10835	14660
10836	14660
10837	14660
10838	14660
10839	14660
10840	14660
10841	14628
10842	14628
10843	14660
10844	14660
10845	14660
10846	14660
10847	14660
10848	14660
10849	14660
10850	14660
10851	14660
10852	14660
10853	14660
10854	14660
10855	14660
10856	14660
10857	14660
10858	14660
10859	14660
10860	14660
10861	14660
10862	14660
10863	14660
10864	14660
10865	14660
10866	14660
10867	14660
10868	14660
10869	14660
10870	14660
10871	14628
10872	14628
10873	14628
10874	14628
10875	14628
10876	14628
10877	14660
10878	14660
10879	14660
10880	14660
10881	14660
10882	14660
10883	14660
10884	14628
10885	14660
10886	14660
10887	14628
10888	14660
10889	14660
10890	14660
10891	14660
10892	14660
10893	14660
10894	14660
10895	14628
10896	14660
10897	14660
10898	14660
10899	14660
10900	14660
10901	14660
10902	14660
10903	14660
10904	14660
10905	14660
10906	14660
10907	14660
10908	14660
10909	14660
10910	14660
10911	14660
10912	14660
10913	14660
10914	14660
10915	14660
10916	14660
10917	14660
10918	14660
10919	14660
10920	14660
10921	14660
10922	14660
10923	14660
10924	14660
10925	14660
10926	14660
10927	14628
10928	14660
10929	14660
10930	14660
10931	14628
10932	14628
10933	14628
10934	14628
10935	14628
10936	14628
10937	14628
10938	14628
10939	14628
10940	14628
10941	14628
10942	14628
10943	14628
10944	14628
10945	14628
10946	14628
10947	14628
10948	14628
10949	14628
10950	14628
10951	14628
10952	14628
10953	14660
10954	14628
10955	14660
10956	14660
10957	14628
10958	14628
10959	14628
10960	14628
10961	14628
10962	14628
10963	14628
10964	14628
10965	14628
10966	14628
10967	14628
10968	14628
10969	14628
10970	14660
10971	14660
10972	14660
10973	14660
10974	14628
10975	14628
10976	14628
10977	14660
10978	14660
10979	14660
10980	14660
10981	14660
10982	14660
10983	14660
10984	14628
10985	14628
10986	14660
10987	14660
10988	14660
10989	14628
10990	14660
10991	14660
10992	14660
10993	14660
10994	14660
10995	14660
10996	14660
10997	14660
10998	14628
10999	14660
11000	14628
11001	14660
11002	14628
11003	14660
11004	14628
11005	14628
11006	14628
11007	14628
11008	14628
11009	14628
11010	14628
11011	14628
11012	14628
11013	14628
11014	14628
11015	14628
11016	14628
11017	14628
11018	14628
11019	14628
11020	14628
11021	14628
11022	14628
11023	14628
11024	14628
11025	14628
11026	14628
11027	14628
11028	14628
11029	14628
11030	14628
11031	14628
11032	14628
11033	14628
11034	14628
11035	14628
11036	14628
11037	14628
11038	14628
11039	14628
11040	14628
11041	14628
11042	14628
11043	14628
11044	14628
11045	14628
11046	14628
11047	14628
11048	14628
11049	14628
11050	14628
11051	14628
11052	14628
11053	14628
11054	14628
11055	14628
11056	14628
11057	14628
11058	14628
11059	14628
11060	14628
11061	14628
11062	14628
11063	14628
11064	14628
11065	14628
11066	14628
11067	14628
11068	14628
11069	14628
11070	14628
11071	14628
11072	14628
11073	14628
11074	14628
11075	14628
11076	14628
11077	14628
11078	14628
11079	14628
11080	14628
11081	14628
11082	14628
11083	14628
11084	14628
11085	14628
11086	14628
11087	14628
11088	14628
11089	14628
11090	14628
11091	14628
11092	14628
11093	14628
11094	14628
11095	14628
11096	14628
11097	14628
11098	14628
11099	14628
11100	14628
11101	14628
11102	14628
11103	14628
11104	14628
11105	14628
11106	14628
11107	14628
11108	14628
11109	14628
11110	14628
11111	14628
11112	14628
11113	14628
11114	14628
11115	14628
11116	14628
11117	14628
11118	14628
11119	14628
11120	14628
11121	14628
11122	14628
11123	14628
11124	14628
11125	14628
11126	14628
11127	14628
11128	14628
11129	14628
11130	14628
11131	14628
11132	14628
11133	14628
11134	14628
11135	14628
11136	14628
11137	14628
11138	14628
11139	14628
11140	14628
11141	14628
11142	14628
11143	14628
11144	14628
11145	14628
11146	14628
11147	14628
11148	14628
11149	14628
11150	14628
11151	14628
11152	14628
11153	14628
11154	14628
11155	14628
11156	14628
11157	14628
11158	14628
11159	14628
11160	14628
11161	14628
11162	14628
11163	14628
11164	14628
11165	14628
11166	14628
11167	14628
11168	14628
11169	14628
11170	14628
11171	14628
11172	14628
11173	14628
11174	14628
11175	14628
11176	14628
11177	14628
11178	14628
11179	14628
11180	14628
11181	14628
11182	14628
11183	14628
11184	14628
11185	14628
11186	14628
11187	14628
11188	14628
11189	14628
11190	14628
11191	14628
11192	14628
11193	14628
11194	14628
11195	14628
11196	16144
11197	14628
11198	14628
11199	14628
11200	14628
11201	14628
11202	14628
11203	14628
11204	14628
11205	14628
11206	14628
11207	14628
11208	14628
11209	14628
11210	14628
11211	14628
11212	14628
11213	14628
11214	14628
11215	14628
11216	14628
11217	14628
11218	14628
11219	14628
11220	14628
11221	14628
11222	14628
11223	14628
11224	14628
11225	14628
11226	14628
11227	14628
11228	14628
11229	14628
11230	14628
11231	14628
11232	14628
11233	14628
11234	14628
11235	14628
11236	14628
11237	14628
11238	14628
11239	14628
11240	14628
11241	14628
11242	14628
11243	14628
11244	14628
11245	14628
11246	16144
11247	14628
11248	16144
11249	14628
11250	16144
11251	16144
11252	16144
11253	16144
11254	16144
11255	16144
11256	14628
11257	14628
11258	14628
11259	16144
11260	16144
11261	16144
11262	16144
11263	16144
11264	16144
11265	16144
11266	16144
11267	16144
11268	16144
11269	16144
11270	16144
11271	16144
11272	4452
11273	16144
11274	14628
11275	16144
11276	14628
11277	16144
11278	16144
11279	16144
11280	4452
11281	16144
11282	16144
11283	16144
11284	4452
11285	16144
11286	14628
11287	16144
11288	14628
11289	16144
11290	14628
11291	16144
11292	4452
11293	16144
11294	16144
11295	16144
11296	4452
11297	16144
11298	14628
11299	14628
11300	14628
11301	16144
11302	14628
11303	16144
11304	4452
11305	16144
11306	16144
11307	16144
11308	4452
11309	16136
11310	14628
11311	14628
11312	14628
11313	16144
11314	14628
11315	16144
11316	6242
11317	16136
11318	16144
11319	6242
11320	16136
11321	16144
11322	4452
11323	16144
11324	4452
11325	4452
11326	4452
11327	4452
11328	6242
11329	4452
11330	4452
11331	16144
11332	4452
11333	16144
11334	4452
11335	4452
11336	4452
11337	6242
11338	4452
11339	6242
11340	6242
11341	6242
11342	6242
11343	4452
11344	4452
11345	6242
11346	6242
11347	6242
11348	6242
11349	4452
11350	6242
11351	4452
11352	6242
11353	6242
11354	6242
11355	6242
11356	6242
11357	6242
11358	6242
11359	6242
11360	6242
11361	4452
11362	6242
11363	4452
11364	6242
11365	6242
11366	6242
11367	6242
11368	6242
11369	6242
11370	6242
11371	6242
11372	6242
11373	4452
11374	6242
11375	4452
11376	6242
11377	6242
11378	6242
11379	6242
11380	6242
11381	6242
11382	6242
11383	6242
11384	6242
11385	6242
11386	6242
11387	6242
11388	6242
11389	6242
11390	6242
11391	6242
11392	6242
11393	6242
11394	6242
11395	6242
11396	4452
11397	4452
11398	6242
11399	6242
11400	6242
11401	4452
11402	6242
11403	6242
11404	6242
11405	6242
11406	6242
11407	6242
11408	6242
11409	6242
11410	6242
11411	6242
11412	6242
11413	6242
11414	6242
11415	6242
11416	6242
11417	6242
11418	6242
11419	6242
11420	6242
11421	6242
11422	6242
11423	6242
11424	6242
11425	6242
11426	6242
11427	6242
11428	6242
11429	6242
11430	6242
11431	6242
11432	6242
11433	6242
11434	6242
11435	6242
11436	6242
11437	6242
11438	6242
11439	6242
11440	6242
11441	6242
11442	6242
11443	6242
11444	6242
11445	6242
11446	6242
11447	6242
11448	6242
11449	6242
11450	6242
11451	6242
11452	6242
11453	6242
11454	6242
11455	6242
11456	6242
11457	6242
11458	6242
11459	6242
11460	6242
11461	6242
11462	6242
11463	6242
11464	6242
11465	6242
11466	6242
11467	4451
11468	6242
11469	6242
11470	4451
11471	6242
11472	6242
11473	6242
11474	6242
11475	6242
11476	6242
11477	6242
11478	6242
11479	6242
11480	6242
11481	6242
11482	6242
11483	6242
11484	6242
11485	6242
11486	4451
11487	6242
11488	6242
11489	4451
11490	6242
11491	6242
11492	4451
11493	6242
11494	6242
11495	4451
11496	4451
11497	6242
11498	4451
11499	4451
11500	6242
11501	4451
11502	4451
11503	6242
11504	4451
11505	4451
11506	4451
11507	4451
11508	4451
11509	4451
11510	4451
11511	4451
11512	6242
11513	6242
11514	6242
11515	6242
11516	4451
11517	6242
11518	6242
11519	4451
11520	6242
11521	6242
11522	4451
11523	4451
11524	4451
11525	4451
11526	4451
11527	4451
11528	4451
11529	4451
11530	4451
11531	4451
11532	4451
11533	4451
11534	4451
11535	4451
11536	4451
11537	4451
11538	4451
11539	4451
11540	4451
11541	4451
11542	4451
11543	4451
11544	4451
11545	4451
11546	4451
11547	4451
11548	4451
11549	4451
11550	4451
11551	4451
11552	4451
11553	4451
11554	4451
11555	4451
11556	4451
11557	4451
11558	4451
11559	4451
11560	4451
11561	4451
11562	4451
11563	4451
11564	4451
11565	4451
11566	4451
11567	4451
11568	4451
11569	4451
11570	4451
11571	4451
11572	4451
11573	4451
11574	4451
11575	4451
11576	4451
11577	4451
11578	4451
11579	4451
11580	4451
11581	4451
11582	4451
11583	4451
11584	4451
11585	4451
11586	4451
11587	4451
11588	4451
11589	4451
11590	4451
11591	4451
11592	4451
11593	4451
11594	4451
11595	4451
11596	4451
11597	4451
11598	4451
11599	4451
11600	4451
11601	4451
11602	4451
11603	4451
11604	4451
11605	4451
11606	4451
11607	4451
11608	4451
11609	4451
11610	4451
11611	4451
11612	4451
11613	4451
11614	4451
11615	4451
11616	4451
11617	4451
11618	4451
11619	4451
11620	4451
11621	4451
11622	4451
11623	4451
11624	4451
11625	4451
11626	4451
11627	4451
11628	4451
11629	4451
11630	4451
11631	4451
11632	4451
11633	4451
11634	4451
11635	4451
11636	4451
11637	4451
11638	4451
11639	4451
11640	4451
11641	4451
11642	4451
11643	4451
11644	4451
11645	4451
11646	4451
11647	4451
11648	4451
11649	4451
11650	4451
11651	4451
11652	4451
11653	4451
11654	4451
11655	4451
11656	4451
11657	4451
11658	4451
11659	4451
11660	4451
11661	4451
11662	4451
11663	4451
11664	4451
11665	4451
11666	4451
11667	4451
11668	6255
11669	6255
11670	6255
11671	6255
11672	6255
11673	6255
11674	6255
11675	6255
11676	6255
11677	6255
11678	6255
11679	6255
11680	6255
11681	6255
11682	6255
11683	6255
11684	6255
11685	6255
11686	6255
11687	6255
11688	6255
11689	6255
11690	6255
11691	6255
11692	4451
11693	4451
11694	4451
11695	4451
11696	6255
11697	4451
11698	4451
11699	4451
11700	4451
11701	4451
11702	6255
11703	6255
11704	6255
11705	6255
11706	6255
11707	4451
11708	4451
11709	4451
11710	6255
11711	6255
11712	6255
11713	4451
11714	4451
11715	4451
11716	4451
11717	4451
11718	4451
11719	4451
11720	4451
11721	4451
11722	4451
11723	4451
11724	4451
11725	4451
11726	4451
11727	4451
11728	4451
11729	4451
11730	4451
11731	4451
11732	4451
11733	4451
11734	4451
11735	4451
11736	4451
11737	4451
11738	4451
11739	4451
11740	4451
11741	4451
11742	4451
11743	4451
11744	4451
11745	4451
11746	4451
11747	4451
11748	4451
11749	4451
11750	4451
11751	4451
11752	4451
11753	4451
11754	4451
11755	4451
11756	4451
11757	4451
11758	4451
11759	6255
11760	6255
11761	6255
11762	6255
11763	6255
11764	6255
11765	6255
11766	6255
11767	6255
11768	6255
11769	6255
11770	6255
11771	6255
11772	6255
11773	6255
11774	6255
11775	6255
11776	6255
11777	6255
11778	6255
11779	6255
11780	6255
11781	4451
11782	4451
11783	6255
11784	6255
11785	6255
11786	6255
11787	6255
11788	6255
11789	6255
11790	6255
11791	4451
11792	4451
11793	6255
11794	6255
11795	4451
11796	4451
11797	4451
11798	4451
11799	4451
11800	4451
11801	4451
11802	4451
11803	4451
11804	4451
11805	4451
11806	4451
11807	4451
11808	4451
11809	4451
11810	4451
11811	4451
11812	4451
11813	4451
11814	4451
11815	4451
11816	4451
11817	4451
11818	4451
11819	4451
11820	4451
11821	4451
11822	4451
11823	4451
11824	4451
11825	4451
11826	4451
11827	4451
11828	4451
11829	4451
11830	4451
11831	4451
11832	4451
11833	6255
11834	6255
11835	6255
11836	6255
11837	6255
11838	6255
11839	6255
11840	6255
11841	6255
11842	4451
11843	4451
11844	4451
11845	4451
11846	4451
11847	4451
11848	4451
11849	4451
11850	4451
11851	6255
11852	14660
11853	6255
11854	6255
11855	6255
11856	6255
11857	6255
11858	6255
11859	6255
11860	6255
11861	6255
11862	6255
11863	6255
11864	6255
11865	4451
11866	6255
11867	4451
11868	6255
11869	4451
11870	4451
11871	6255
11872	6255
11873	6255
11874	4451
11875	6255
11876	6255
11877	6255
11878	6255
11879	6255
11880	6255
11881	6255
11882	4451
11883	6255
11884	6255
11885	4451
11886	16438
11887	16438
11888	16438
11889	16438
11890	16438
11891	14694
11892	14694
11893	14694
11894	14694
11895	14694
11896	14694
11897	14694
11898	14694
11899	14694
11900	14694
11901	14694
11902	14694
11903	14694
11904	14694
11905	14694
11906	14694
11907	14694
11908	14694
11909	14694
11910	14694
11911	14694
11912	14694
11913	14694
11914	14694
11915	16438
11916	16438
11917	16438
11918	16438
11919	14657
11920	16438
11921	14657
11922	14657
11923	14657
11924	14657
11925	14655
11926	14655
11927	14655
11928	14655
11929	14655
11930	14655
11931	14655
11932	14655
11933	14655
11934	14655
11935	14655
11936	14655
11937	14655
11938	14655
11939	14655
11940	16438
11941	16438
11942	16438
11943	14628
11944	14628
11945	16144
11946	16144
11947	14627
11948	14628
11949	14628
11950	16143
11951	14627
11952	14628
11953	14628
11954	14628
11955	14627
11956	14628
11957	14628
11958	14628
11959	14628
11960	14628
11961	14658
11962	14658
11963	14658
11964	14658
11965	14658
11966	14658
11967	14658
11968	14658
11969	14658
11970	16426
11971	16426
11972	14658
11973	16426
11974	16426
11975	14658
11976	14658
11977	16426
11978	16426
11979	16426
11980	16426
11981	16426
11982	16426
11983	16426
11984	16426
11985	16426
11986	16426
11987	16426
11988	16426
11989	16426
11990	16426
11991	16426
11992	16426
11993	16426
11994	16426
11995	16426
11996	16426
11997	16426
11998	16426
11999	16426
12000	16426
12001	16426
12002	16426
12003	16426
12004	16426
12005	16426
12006	16426
12007	16426
12008	16426
12009	16426
12010	16426
12011	16426
12012	16426
12013	16426
12014	16426
12015	16426
12016	16426
12017	16426
12018	16428
12019	16428
12020	16428
12021	14658
12022	14658
12023	14658
12024	14658
12025	14658
12026	14658
12027	14658
12028	14658
12029	14627
12030	14627
12031	14627
12032	14627
12033	14627
12034	14627
12035	14627
12036	14627
12037	14627
12038	14628
12039	14628
12040	14628
12041	14628
12042	14628
12043	14628
12044	14628
12045	14628
12046	14634
12047	14628
12048	14628
12049	14628
12050	14628
12051	14628
12052	14634
12053	14634
12054	14628
12055	14628
12056	14634
12057	14634
12058	14628
12059	14628
12060	14634
12061	14634
12062	14628
12063	14634
12064	14634
12065	14658
12066	14658
12067	14658
12068	14658
12069	14634
12070	14658
12071	14658
12072	14658
12073	14658
12074	14658
12075	14658
12076	14658
12077	14658
12078	14658
12079	14658
12080	14658
12081	14658
12082	14658
12083	14658
12084	14658
12085	14658
12086	14658
12087	14658
12088	14658
12089	14658
12090	14658
12091	14658
12092	14658
12093	14658
12094	14658
12095	14658
12096	16426
12097	16426
12098	16426
12099	16426
12100	16428
12101	16426
12102	16426
12103	16426
12104	16428
12105	16428
12106	16428
12107	16428
12108	16426
12109	16426
12110	16426
12111	16426
12112	16428
12113	16426
12114	16426
12115	16426
12116	16426
12117	16426
12118	16426
12119	16426
12120	16426
12121	16426
12122	16426
12123	16426
12124	16426
12125	16426
12126	16426
12127	16426
12128	16426
12129	16428
12130	14660
12131	14660
12132	14660
12133	14628
12134	14628
12135	14660
12136	14660
12137	14660
12138	14660
12139	14660
12140	14660
12141	14660
12142	14660
12143	14658
12144	14660
12145	16426
12146	16426
12147	16426
12148	16426
12149	16426
12150	16426
12151	16426
12152	16426
12153	16426
12154	16426
12155	16426
12156	16426
12157	16426
12158	16426
12159	16426
12160	16426
12161	16426
12162	16428
12163	16426
12164	16426
12165	16426
12166	16426
12167	16426
12168	16426
12169	16426
12170	16426
12171	16426
12172	16426
12173	16426
12174	16426
12175	16426
12176	16426
12177	16426
12178	16426
12179	16426
12180	16426
12181	16426
12182	16426
12183	16426
12184	16426
12185	16426
12186	16426
12187	16426
12188	16426
12189	16426
12190	16426
12191	16426
12192	16426
12193	16426
12194	16426
12195	16426
12196	16426
12197	16426
12198	14658
12199	14658
12200	14660
12201	14660
12202	14658
12203	14634
12204	14634
12205	14658
12206	14658
12207	16426
12208	16426
12209	16426
12210	16426
12211	16426
12212	16426
12213	16426
12214	16426
12215	14658
12216	14658
12217	14658
12218	14658
12219	14658
12220	14658
12221	14658
12222	14658
12223	14658
12224	14658
12225	14658
12226	14658
12227	14658
12228	14658
12229	14658
12230	14658
12231	14658
12232	14658
12233	14658
12234	16426
12235	16426
12236	14658
12237	16426
12238	16426
12239	16426
12240	14658
12241	14658
12242	14658
12243	14660
12244	14658
12245	14660
12246	14660
12247	14660
12248	14660
12249	14660
12250	14660
12251	14660
12252	14660
12253	14660
12254	14660
12255	14660
12256	14660
12257	14660
12258	14660
12259	14660
12260	14660
12261	16426
12262	16426
12263	16426
12264	16426
12265	16426
12266	16426
12267	16426
12268	16426
12269	16426
12270	16426
12271	16426
12272	16426
12273	16426
12274	16426
12275	16426
12276	16426
12277	16426
12278	16426
12279	16426
12280	16426
12281	16426
12282	16426
12283	16426
12284	16426
12285	16426
12286	16426
12287	16426
12288	16426
12289	16426
12290	16426
12291	16426
12292	16426
12293	24309
12294	6171
12295	24309
12296	24309
12297	6171
12298	6171
12299	6171
12300	6171
12301	24309
12302	24309
12303	6171
12304	6171
12305	6171
12306	6171
12307	16142
12308	6171
12309	16142
12310	16142
12311	16142
12312	16142
12313	6171
12314	6171
12315	24309
12316	24309
12317	24309
12318	24309
12319	24309
12320	24309
12321	16142
12322	16142
12323	16142
12324	16142
12325	16142
12326	16142
12327	16142
12328	16142
12329	16142
12330	16368
12331	16142
12332	16368
12333	16368
12334	16368
12335	16368
12336	16368
12337	16368
12338	16368
12339	16368
12340	16368
12341	16368
12342	14627
12343	14627
12344	16368
12345	16368
12346	14627
12347	14627
12348	14627
12349	14627
12350	14627
12351	14627
12352	14627
12353	14627
12354	14627
12355	14627
12356	14627
12357	14628
12358	14627
12359	14627
12360	14627
12361	14628
12362	14628
12363	14628
12364	14628
12365	14628
12366	14658
12367	14658
12368	14658
12369	14658
12370	14658
12371	14658
12372	14658
12373	14658
12374	14658
12375	14658
12376	14658
12377	14658
12378	14658
12379	14658
12380	14658
12381	14658
12382	14658
12383	14658
12384	14658
12385	14658
12386	14658
12387	14658
12388	14658
12389	14658
12390	14658
12391	14658
12392	14658
12393	14658
12394	14658
12395	14658
12396	14658
12397	14658
12398	14658
12399	14658
12400	14658
12401	14658
12402	14658
12403	14658
12404	14660
12405	14660
12406	14660
12407	14660
12408	14660
12409	14658
12410	14658
12411	14658
12412	14658
12413	14658
12414	14658
12415	14658
12416	14658
12417	14628
12418	14628
12419	14628
12420	14628
12421	14628
12422	14628
12423	14628
12424	14628
12425	14628
12426	14628
12427	14628
12428	14628
12429	14628
12430	14628
12431	14628
12432	14628
12433	14628
12434	14628
12435	14628
12436	14628
12437	14628
12438	14628
12439	14628
12440	14658
12441	14658
12442	14658
12443	14658
12444	14660
12445	14660
12446	14658
12447	14658
12448	14660
12449	14660
12450	14658
12451	14658
12452	14660
12453	14658
12454	14658
12455	14658
12456	14658
12457	14628
12458	14628
12459	14628
12460	14628
12461	14628
12462	14658
12463	14658
12464	14658
12465	14658
12466	16426
12467	16426
12468	16426
12469	16426
12470	14658
12471	16426
12472	16426
12473	16426
12474	16426
12475	16426
12476	16426
12477	16426
12478	16426
12479	16426
12480	16426
12481	16426
12482	16426
12483	16426
12484	16426
12485	16426
12486	16426
12487	16426
12488	16426
12489	16426
12490	14660
12491	14660
12492	14660
12493	16426
12494	16426
12495	16426
12496	16426
12497	16426
12498	16426
12499	16426
12500	16426
12501	14658
12502	14658
12503	14660
12504	14660
12505	14660
12506	16426
12507	14660
12508	14660
12509	14658
12510	14658
12511	16426
12512	16426
12513	16426
12514	16426
12515	14658
12516	16426
12517	16426
12518	16426
12519	16426
12520	16426
12521	16426
12522	16426
12523	16426
12524	16426
12525	16426
12526	16426
12527	16426
12528	16426
12529	16426
12530	16426
12531	16426
12532	16426
12533	16426
12534	16426
12535	16426
12536	16426
12537	14660
12538	14660
12539	14660
12540	14660
12541	16368
12542	16368
12543	24310
12544	24310
12545	24310
12546	16143
12547	16143
12548	16143
12549	16143
12550	16368
12551	16368
12552	16368
12553	16368
12554	16368
12555	16368
12556	16368
12557	16368
12558	16143
12559	16143
12560	16368
12561	16368
12562	16368
12563	16368
12564	16368
12565	16368
12566	16368
12567	16368
12568	16368
12569	16368
12570	16368
12571	16368
12572	16368
12573	16368
12574	16143
12575	16143
12576	16143
12577	14627
12578	14660
12579	14660
12580	14660
12581	14660
12582	14660
12583	14660
12584	14660
12585	14660
12586	14628
12587	14628
12588	14628
12589	14628
12590	14628
12591	14628
12592	14628
12593	14628
12594	14628
12595	14628
12596	14628
12597	14628
12598	14628
12599	14628
12600	14628
12601	14628
12602	14628
12603	14628
12604	14628
12605	14628
12606	14628
12607	14658
12608	14658
12609	14660
12610	14660
12611	14660
12612	14628
12613	14628
12614	14628
12615	14628
12616	14628
12617	14634
12618	14658
12619	14658
12620	14658
12621	14658
12622	14627
12623	14627
12624	14627
12625	14627
12626	14627
12627	14627
12628	16143
12629	16143
12630	14627
12631	14627
12632	14627
12633	16143
12634	14627
12635	14627
12636	14627
12637	14627
12638	14627
12639	16143
12640	16143
12641	16143
12642	16143
12643	16143
12644	14627
12645	14627
12646	14660
12647	14660
12648	14660
12649	14660
12650	14660
12651	16426
12652	16426
12653	16426
12654	16426
12655	16426
12656	16426
12657	16426
12658	16426
12659	16426
12660	16426
12661	16426
12662	16426
12663	16426
12664	16426
12665	16426
12666	16426
12667	16426
12668	16426
12669	16426
12670	16426
12671	16426
12672	16426
12673	16426
12674	16426
12675	16426
12676	16426
12677	16426
12678	16426
12679	16426
12680	16426
12681	16426
12682	16426
12683	16426
12684	16426
12685	16426
12686	16426
12687	16426
12688	16426
12689	16426
12690	16426
12691	16426
12692	16426
12693	16426
12694	16426
12695	16426
12696	16426
12697	16426
12698	16426
12699	16426
12700	16426
12701	16426
12702	16426
12703	16426
12704	16426
12705	16426
12706	16426
12707	16426
12708	16426
12709	16426
12710	16426
12711	16426
12712	16426
12713	16426
12714	16426
12715	16426
12716	16426
12717	16426
12718	16426
12719	16426
12720	16426
12721	16426
12722	14628
12723	14627
12724	14627
12725	14627
12726	16143
12727	16143
12728	16143
12729	16143
12730	14627
12731	14627
12732	14627
12733	14627
12734	14627
12735	16143
12736	16368
12737	16368
12738	14627
12739	16368
12740	16368
12741	16368
12742	6171
12743	6171
12744	6171
12745	6171
12746	14660
12747	16368
12748	16142
12749	16142
12750	16368
12751	16368
12752	14627
12753	14627
12754	14627
12755	14627
12756	14628
12757	14628
12758	14627
12759	14628
12760	14627
12761	14628
12762	14628
12763	14628
12764	14628
12765	5934
12766	5935
12767	24310
12768	24310
12769	24310
12770	6171
12771	5935
12772	6171
12773	24310
12774	5935
12775	16142
12776	16142
12777	6171
12778	6171
12779	6171
12780	6171
12781	6171
12782	16368
12783	16143
12784	16368
12785	16368
12786	16368
12787	16368
12788	16368
12789	16368
12790	16368
12791	16368
12792	16368
12793	16368
12794	16368
12795	16143
12796	16426
12797	16426
12798	16426
12799	14660
12800	14660
12801	14658
12802	16426
12803	14660
12804	14660
12805	16426
12806	16426
12807	16426
12808	16426
12809	16426
12810	14628
12811	14628
12812	14660
12813	14660
12814	14660
12815	14660
12816	14660
12817	14658
12818	16426
12819	16426
12820	14658
12821	14658
12822	14660
12823	14658
12824	14658
12825	16426
12826	16426
12827	16426
12828	14660
12829	14660
12830	4426
12831	4426
12832	4450
12833	4450
12834	4450
12835	4426
12836	4450
12837	4450
12838	4419
12839	4426
12840	4426
12841	4426
12842	4426
12843	4426
12844	4419
12845	6241
12846	6241
12847	6241
12848	4450
12849	6241
12850	4426
12851	4426
12852	4426
12853	4426
12854	4450
12855	4450
12856	4450
12857	4450
12858	4450
12859	4450
12860	4450
12861	4449
12862	6241
12863	4449
12864	4449
12865	6241
12866	4426
12867	4450
12868	6241
12869	4449
12870	6241
12871	4426
12872	4450
12873	4426
12874	4476
12875	4475
12876	4481
12877	4481
12878	4481
12879	4450
12880	6241
12881	4449
12882	6255
12883	6255
12884	4480
12885	4480
12886	4480
12887	14620
12888	14620
12889	5707
12890	5707
12891	4450
12892	4480
12893	4480
12894	5707
12895	5707
12896	4481
12897	4481
12898	14660
12899	14660
12900	16426
12901	14660
12902	14660
12903	14660
12904	14660
12905	14660
12906	14660
12907	14660
12908	14660
12909	14660
12910	14660
12911	4476
12912	4475
12913	14686
12914	14686
12915	14621
12916	14686
12917	4477
12918	4476
12919	4413
12920	4413
12921	5707
12922	4480
12923	4481
12924	3790
12925	3790
12926	3790
12927	3790
12928	4413
12929	14683
12930	14688
12931	14660
12932	14660
12933	16427
12934	16427
12935	16427
12936	16427
12937	6255
12938	6255
12939	6255
12940	6255
12941	6255
12942	4426
12943	4419
12944	4419
12945	4419
12946	4419
12947	24310
12948	24310
12949	24310
12950	16368
12951	16368
12952	16368
12953	16142
12954	16142
12955	16142
12956	16142
12957	4450
12958	4426
12959	4419
12960	4419
12961	6180
12962	24310
12963	16368
12964	16142
12965	16142
12966	4419
12967	4419
12968	6180
12969	6180
12970	5935
12971	6171
12972	6171
12973	6171
12974	24309
12975	4480
12976	4480
12977	16427
12978	16427
12979	4480
12980	24309
12981	24309
12982	6171
12983	6171
12984	6171
12985	5934
12986	5934
12987	4419
12988	6179
12989	4419
12990	6241
12991	4449
12992	4449
12993	4451
12994	4451
12995	4451
12996	6256
12997	6256
12998	4475
12999	4475
13000	4475
13001	4475
13002	4475
13003	4475
13004	4475
13005	4413
13006	4413
13007	6242
13008	6242
13009	6242
13010	6242
13011	6242
13012	6242
13013	6242
13014	6242
13015	16136
13016	16136
13017	16144
13018	16144
13019	16144
13020	16144
13021	16144
13022	16144
13023	16144
13024	16144
13025	16144
13026	16144
13027	16144
13028	16144
13029	16144
13030	16144
13031	16144
13032	16144
13033	16144
13034	16144
13035	16144
13036	16144
13037	16144
13038	16144
13039	16144
13040	16144
13041	16144
13042	16144
13043	16144
13044	16144
13045	4452
13046	4452
13047	4452
13048	4452
13049	6241
13050	6241
13051	6242
13052	6242
13053	6242
13054	6242
13055	6242
13056	6242
13057	6242
13058	6242
13059	6242
13060	6242
13061	6242
13062	6242
13063	6242
13064	6242
13065	6242
13066	6242
13067	6242
13068	6242
13069	6242
13070	6242
13071	6242
13072	6242
13073	6242
13074	6242
13075	4451
13076	4451
13077	14660
13078	14660
13079	14660
13080	14660
13081	14628
13082	14628
13083	14628
13084	14628
13085	14628
13086	14628
13087	14628
13088	14628
13089	14628
13090	14628
13091	14628
13092	16144
13093	16144
13094	16136
13095	6242
13096	6242
13097	6242
13098	6242
13099	4451
13100	4451
13101	4451
13102	4451
13103	4451
13104	4451
13105	4451
13106	4451
13107	4451
13108	4451
13109	4451
13110	4451
13111	4451
13112	4451
13113	4451
13114	4451
13115	4451
13116	4451
13117	4451
13118	4451
13119	6242
13120	6242
13121	6242
13122	6242
13123	16136
13124	16144
13125	14628
13126	14628
13127	14628
13128	14628
13129	14628
13130	14628
13131	14628
13132	14628
13133	14628
13134	14628
13135	14628
13136	14628
13137	14660
13138	14660
13139	14660
13140	14660
13141	14660
13142	4451
13143	4451
13144	4451
13145	14660
13146	14660
13147	14660
13148	14660
13149	14660
13150	14628
13151	14628
13152	14628
13153	14628
13154	14628
13155	14628
13156	14628
13157	14628
13158	14628
13159	14628
13160	14628
13161	14628
13162	16144
13163	6241
13164	6242
13165	6242
13166	6242
13167	4451
13168	4451
13169	4451
13170	4451
13171	4451
13172	4451
13173	4451
13174	4451
13175	4451
13176	4451
13177	16426
13178	16426
13179	16426
13180	16426
13181	16426
13182	16426
13183	16426
13184	16426
13185	16426
13186	16426
13187	16426
13188	16426
13189	16426
13190	16426
13191	16426
13192	16426
13193	16426
13194	16426
13195	16426
13196	16426
13197	16426
13198	14658
13199	16426
13200	14658
13201	16426
13202	16426
13203	16426
13204	14658
13205	14658
13206	14658
13207	14658
13208	14660
13209	14658
13210	14660
13211	14660
13212	14660
13213	14658
13214	14658
13215	14658
13216	14658
13217	14658
13218	14658
13219	16426
13220	16426
13221	16426
13222	14658
13223	14658
13224	16426
13225	16426
13226	16426
13227	14658
13228	14658
13229	16426
13230	16426
13231	16426
13232	16426
13233	16426
13234	16426
13235	16426
13236	16426
13237	16426
13238	16426
13239	16426
13240	16426
13241	14660
13242	4451
13243	4451
13244	4451
13245	4451
13246	4451
13247	4451
13248	4451
13249	4451
13250	4451
13251	4451
13252	4451
13253	6242
13254	6242
13255	6242
13256	6242
13257	6241
13258	4452
13259	16144
13260	16144
13261	16144
13262	16144
13263	16144
13264	16144
13265	16144
13266	16144
13267	16144
13268	16144
13269	16144
13270	16144
13271	14628
13272	14628
13273	14660
13274	14660
13275	14628
13276	14628
13277	14628
13278	14660
13279	14660
13280	14660
13281	4451
13282	4451
13283	4451
13284	4451
13285	6242
13286	6242
13287	6242
13288	6241
13289	16144
13290	16144
13291	14628
13292	14628
13293	14628
13294	14628
13295	14628
13296	14628
13297	14628
13298	4451
13299	4451
13300	4451
13301	14660
13302	4451
13303	4451
13304	16426
13305	16426
13306	16426
13307	16426
13308	16426
13309	16426
13310	16426
13311	16426
13312	16426
13313	16426
13314	16426
13315	16426
13316	16426
13317	16426
13318	16426
13319	16426
13320	16426
13321	16426
13322	16426
13323	16426
13324	16426
13325	16426
13326	16426
13327	16426
13328	16426
13329	16426
13330	16426
13331	16426
13332	16426
13333	16426
13334	16426
13335	16426
13336	14660
13337	14660
13338	4451
13339	4451
13340	4451
13341	4451
13342	4451
13343	14660
13344	14660
13345	14660
13346	14660
13347	14660
13348	6242
13349	16136
13350	6242
13351	6242
13352	6242
13353	6242
13354	6242
13355	6242
13356	4451
13357	6242
13358	4451
13359	4451
13360	4451
13361	4451
13362	4451
13363	4451
13364	4451
13365	4451
13366	4451
13367	4451
13368	4451
13369	4451
13370	4451
13371	4451
13372	4451
13373	4451
13374	4451
13375	14660
13376	14660
13377	14660
13378	14628
13379	14628
13380	14628
13381	14628
13382	14628
13383	14628
13384	14645
13385	14628
13386	14628
13387	14628
13388	14628
13389	14628
13390	14628
13391	14628
13392	14628
13393	14628
13394	14628
13395	14628
13396	14628
13397	14628
13398	14628
13399	14628
13400	14628
13401	14628
13402	16144
13403	16144
13404	14655
13405	9942
13406	9942
13407	9942
13408	9942
13409	14657
13410	14657
13411	14657
13412	14657
13413	14657
13414	14657
13415	13846
13416	16438
13417	13858
13418	9942
13419	13858
13420	9942
13421	13858
13422	9942
13423	9942
13424	9942
13425	9942
13426	9942
13427	9942
13428	9942
13429	9942
13430	9942
13431	9942
13432	9942
13433	9942
13434	9942
13435	9942
13436	9942
13437	14694
13438	16438
13439	16438
13440	16438
13441	16438
13442	16438
13443	16438
13444	14657
13445	16438
13446	14655
13447	14655
13448	14655
13449	14655
13450	14655
13451	14655
13452	14657
13453	14655
13454	14657
13455	14657
13456	14657
13457	14657
13458	14657
13459	14657
13460	14655
13461	14655
13462	14655
13463	14655
13464	14655
13465	14655
13466	13858
13467	13858
13468	4867
13469	4867
13470	4867
13471	4867
13472	13846
13473	13849
13474	13849
13475	6747
13476	6747
13477	6739
13478	6765
13479	13842
13480	6766
13481	8519
13482	4012
13483	4012
13484	12875
13485	4012
13486	6739
13487	6739
13488	6746
13489	6746
13490	6747
13491	6743
13492	8519
13493	4012
13494	6739
13495	6739
13496	4011
13497	8519
13498	8519
13499	6740
13500	6741
13501	13847
13502	6746
13503	6746
13504	6740
13505	13842
13506	16426
13507	16426
13508	6746
13509	6652
13510	6652
13511	6652
13512	13532
13513	6069
13514	4011
13515	6906
13516	8519
13517	6739
13518	6739
13519	6739
13520	6743
13521	6739
13522	6743
13523	4012
13524	8519
13525	8519
13526	4011
13527	4011
13528	6640
13529	13532
13530	13505
13531	8519
13532	6765
13533	4012
13534	6743
13535	6747
13536	6747
13537	6747
13538	6746
13539	12875
13540	6766
13541	4018
13542	6741
13543	6746
13544	6747
13545	6747
13546	13847
13547	13849
13548	13849
13549	13849
13550	13849
13551	13849
13552	13849
13553	13849
13554	13847
13555	6746
13556	6746
13557	12875
13558	6052
13559	6052
13560	13820
13561	13847
13562	13849
13563	13849
13564	13849
13565	13849
13566	13846
13567	13858
13568	13858
13569	13858
13570	13858
13571	13858
13572	13846
13573	13846
13574	13849
13575	13849
13576	12874
13577	12874
13578	16426
13579	16428
13580	13820
13581	14655
13582	14655
13583	14655
13584	14657
13585	14657
13586	14657
13587	16438
13588	16438
13589	16438
13590	14694
13591	14694
13592	14694
13593	4867
13594	14694
13595	14694
13596	14694
13597	14694
13598	16438
13599	16438
13600	16438
13601	16438
13602	14655
13603	14655
13604	14655
13605	14655
13606	13820
13607	13507
13608	16438
13609	16438
13610	14694
13611	14694
13612	14694
13613	14694
13614	14694
13615	4867
13616	4867
13617	4867
13618	4867
13619	14694
13620	14694
13621	14694
13622	16438
13623	16438
13624	16438
13625	14657
13626	14657
13627	14655
13628	14655
13629	14655
13630	4867
13631	14655
13632	14655
13633	14655
13634	14655
13635	14655
13636	16438
13637	16438
13638	13528
13639	6652
13640	6652
13641	4011
13642	4011
13643	4011
13644	4011
13645	8519
13646	4011
13647	4011
13648	4011
13649	6069
13650	6069
13651	6063
13652	13512
13653	13512
13654	13528
13655	13528
13656	13528
13657	6652
13658	6652
13659	6069
13660	6069
13661	4011
13662	4011
13663	4011
13664	6069
13665	6069
13666	12886
13667	6062
13668	6062
13669	13512
13670	13528
13671	13528
13672	13528
13673	6069
13674	6069
13675	6069
13676	6069
13677	6069
13678	6069
13679	6069
13680	6069
13681	12886
13682	6062
13683	6062
13684	6062
13685	13652
13686	13528
13687	13528
13688	13528
13689	6069
13690	6069
13691	6069
13692	6069
13693	6069
13694	12885
13695	6062
13696	6062
13697	6062
13698	6062
13699	6062
13700	6062
13701	13652
13702	13687
13703	13638
13704	13638
13705	13638
13706	6062
13707	6062
13708	6062
13709	6062
13710	6062
13711	6062
13712	6062
13713	6062
13714	6925
13715	6061
13716	6061
13717	13704
13718	13704
13719	13687
13720	16438
13721	16438
13722	16438
13723	16438
13724	14657
13725	14657
13726	14655
13727	14655
13728	14655
13729	16438
13730	16438
13731	16438
13732	16438
13733	16438
13734	16438
13735	14657
13736	14657
13737	14657
13738	14655
13739	14655
13740	14655
13741	14655
13742	14655
13743	14655
13744	14655
13745	14655
13746	16438
13747	14655
13748	14655
13749	14655
13750	14655
13751	16438
13752	14694
13753	14694
13754	14694
13755	14694
13756	14694
13757	14694
13758	4867
13759	4867
13760	14694
13761	14694
13762	14694
13763	14694
13764	16438
13765	14694
13766	14694
13767	14694
13768	14694
13769	14694
13770	14694
13771	4867
13772	14694
13773	4867
13774	14694
13775	14694
13776	14694
13777	14694
13778	4867
13779	3641
13780	3708
13781	6179
13782	14657
13783	16426
13784	16426
13785	16426
13786	16426
13787	16426
13788	16426
13789	16426
13790	16426
13791	14658
13792	14658
13793	14660
13794	14660
13795	14660
13796	16426
13797	14627
13798	14627
13799	14627
13800	14627
13801	14627
13802	14627
13803	14627
13804	14627
13805	14627
13806	14628
13807	16426
13808	16426
13809	16426
13810	16426
13811	14628
13812	16426
13813	16426
13814	16426
13815	16426
13816	14658
13817	14694
13818	14694
13819	14694
13820	4475
13821	14683
13822	4475
13823	4475
13824	4476
13825	14683
13826	4412
13827	14620
13828	4412
13829	4413
13830	4477
13831	4477
13832	4477
13833	4412
13834	14620
13835	14683
13836	14683
13837	14683
13838	4475
13839	4481
13840	4475
13841	4475
13842	4481
13843	4475
13844	4481
13845	14620
13846	4412
13847	4476
13848	4476
13849	4476
13850	14620
13851	4476
13852	14620
13853	4482
13854	14621
13855	4413
13856	14621
13857	4413
13858	14620
13859	4476
13860	4476
13861	4476
13862	4412
13863	4476
13864	4476
13865	4476
13866	4476
13867	14621
13868	4477
13869	4413
13870	4413
13871	4477
13872	4412
13873	4412
13874	4412
13875	4476
13876	6241
13877	6241
13878	6241
13879	6241
13880	6241
13881	6241
13882	6241
13883	6241
13884	16226
13885	4476
13886	4475
13887	16226
13888	14687
13889	14623
13890	14623
13891	16315
13892	16315
13893	16315
13894	3790
13895	3790
13896	3790
13897	3790
13898	4475
13899	4475
13900	16428
13901	4476
13902	4475
13903	4475
13904	4476
13905	4476
13906	4475
13907	4475
13908	4475
13909	4475
13910	4476
13911	4476
13912	4476
13913	4476
13914	4476
13915	4476
13916	4476
13917	4476
13918	4476
13919	4476
13920	4476
13921	4476
13922	4476
13923	4476
13924	4476
13925	4476
13926	4476
13927	4476
13928	4476
13929	4476
13930	4476
13931	4476
13932	4476
13933	4475
13934	4475
13935	4475
13936	4475
13937	4475
13938	4475
13939	4475
13940	4475
13941	4476
13942	4476
13943	4476
13944	4476
13945	4476
13946	4412
13947	4476
13948	14699
13949	20334
13950	20334
13951	20425
13952	20425
13953	20666
13954	14706
13955	14706
13956	14706
13957	14702
13958	14702
13959	14696
13960	14696
13961	20666
13962	20666
13963	14700
13964	14700
13965	14700
13966	14705
13967	14700
13968	14706
13969	14696
13970	14706
13971	14700
13972	14700
13973	14695
13974	14695
13975	14700
13976	14700
13977	14695
13978	14695
13979	14699
13980	14699
13981	14696
13982	14700
13983	14700
13984	14696
13985	14700
13986	14696
13987	14700
13988	14699
13989	14700
13990	20666
13991	20425
13992	20425
13993	14699
13994	14700
13995	14700
13996	14695
13997	14695
13998	14695
13999	14695
14000	16230
14001	16230
14002	20333
14003	20333
14004	20333
14005	20333
14006	20333
14007	9088
14008	11929
14009	9088
14010	9088
14011	12163
14012	12175
14013	4651
14014	9088
14015	3863
14016	8909
14017	4651
14018	12163
14019	11929
14020	5667
14021	11929
14022	11929
14023	11929
14024	4651
14025	4651
14026	8919
14027	4651
14028	12163
14029	20425
14030	14039
14031	20425
14032	16343
14033	16343
14034	16343
14035	20665
14036	20665
14037	20363
14038	20363
14039	20333
14040	20333
14041	20333
14042	20333
14043	20333
14044	20333
14045	20333
14046	20333
14047	20317
14048	20317
14049	16343
14050	16343
14051	12177
14052	12163
14053	12163
14054	3863
14055	7548
14056	9088
14057	9088
14058	9088
14059	11929
14060	9088
14061	9088
14062	4651
14063	3863
14064	8919
14065	4651
14066	9088
14067	9088
14068	5667
14069	16428
14070	16428
14071	16428
14072	16428
14073	9088
14074	9088
14075	20333
14076	20333
14077	20333
14078	12062
14079	14817
14080	5864
14081	24042
14082	5875
14083	14820
14084	17086
14085	17086
14086	23040
14087	23040
14088	23040
14089	23040
14090	23040
14091	17096
14092	23040
14093	23040
14094	17086
14095	17086
14096	14126
14097	14126
14098	17539
14099	23142
14100	17543
14101	14126
14102	15916
14103	15916
14104	23142
14105	23015
14106	14766
14107	14126
14108	14631
14109	23015
14110	23020
14111	23142
14112	18808
14113	23020
14114	14631
14115	23020
14116	17543
14117	14126
14118	17542
14119	16350
14120	16350
14121	15916
14122	14765
14123	14730
14124	14730
14125	17543
14126	17546
14127	17543
14128	15916
14129	17543
14130	14817
14131	24042
14132	23039
14133	16238
14134	17574
14135	17574
14136	17574
14137	17560
14138	17560
14139	16238
14140	17560
14141	23039
14142	17579
14143	17574
14144	14751
14145	23040
14146	23040
14147	17560
14148	23040
14149	23040
14150	16238
14151	23040
14152	14766
14153	14766
14154	23009
14155	16230
14156	17557
14157	24047
14158	23038
14159	17557
14160	24048
14161	24048
14162	17557
14163	23039
14164	17557
14165	20333
14166	20333
14167	20333
14168	20333
14169	20333
14170	20333
14171	20333
14172	20333
14173	20333
14174	20333
14175	20333
14176	20333
14177	20333
14178	20333
14179	20425
14180	20334
14181	20334
14182	20334
14183	20333
14184	20666
14185	20080
14186	20080
14187	19979
14188	20080
14189	19979
14190	20080
14191	19982
14192	19979
14193	19979
14194	20666
14195	20666
14196	20666
14197	20425
14198	20425
14199	20425
14200	20666
14201	20666
14202	19982
14203	20044
14204	23040
14205	23040
14206	20317
14207	20317
14208	17096
14209	20080
14210	20333
14211	20664
14212	20425
14213	20664
14214	20333
14215	20333
14216	20317
14217	20333
14218	20333
14219	20317
14220	20333
14221	20425
14222	20425
14223	14039
14224	14039
14225	20665
14226	20333
14227	20425
14228	20666
14229	20080
14230	20333
14231	20080
14232	20666
14233	14676
14234	14676
14235	16311
14236	16309
14237	20080
14238	20080
14239	15332
14240	15332
14241	20083
14242	20083
14243	14668
14244	14668
14245	14676
14246	14676
14247	14676
14248	14676
14249	5667
14250	5667
14251	5667
14252	5667
14253	20333
14254	20333
14255	20333
14256	8919
14257	20333
14258	20333
14259	20333
14260	20333
14261	20333
14262	20333
14263	20333
14264	20333
14265	20333
14266	20334
14267	20334
14268	20334
14269	20333
14270	20333
14271	20333
14272	3863
14273	11929
14274	5667
14275	5667
14276	20333
14277	20333
14278	20333
14279	20333
14280	20333
14281	12163
14282	3863
14283	12163
14284	12163
14285	11929
14286	11929
14287	5667
14288	5667
14289	14706
14290	14702
14291	20425
14292	20425
14293	20425
14294	20666
14295	20666
14296	20080
14297	20080
14298	20080
14299	20080
14300	20110
14301	20080
14302	20666
14303	20666
14304	20666
14305	20080
14306	20080
14307	15332
14308	20083
14309	20083
14310	14668
14311	14668
14312	14712
14313	14712
14314	19979
14315	20080
14316	15332
14317	20080
14318	20085
14319	20083
14320	20085
14321	20110
14322	20085
14323	20085
14324	20080
14325	20110
14326	14702
14327	14702
14328	14702
14329	16311
14330	16311
14331	16311
14332	16311
14333	14585
14334	14667
14335	16307
14336	14667
14337	16307
14338	14667
14339	16307
14340	14665
14341	16302
14342	16302
14343	14712
14344	14668
14345	14702
14346	14702
14347	14702
14348	14703
14349	14702
14350	14703
14351	14703
14352	14676
14353	14703
14354	16311
14355	16311
14356	16311
14357	14667
14358	14667
14359	14667
14360	14665
14361	14665
14362	14665
14363	20334
14364	20334
14365	20333
14366	20333
14367	20333
14368	20333
14369	13741
14370	5667
14371	13741
14372	13741
14373	13741
14374	16428
14375	16428
14376	16428
14377	16428
14378	16428
14379	16428
14380	5667
14381	5667
14382	5667
14383	5667
14384	13741
14385	5667
14386	13741
14387	13741
14388	13741
14389	13741
14390	20333
14391	20333
14392	20333
14393	20333
14394	20333
14395	20334
14396	20334
14397	20334
14398	20334
14399	20334
14400	20334
14401	20334
14402	20334
14403	20334
14404	20334
14405	20334
14406	20334
14407	20334
14408	20334
14409	20334
14410	20334
14411	20334
14412	20334
14413	20334
14414	20334
14415	20334
14416	20334
14417	20334
14418	16428
14419	16428
14420	16428
14421	5667
14422	5667
14423	20333
14424	20333
14425	20334
14426	20334
14427	20334
14428	20334
14429	20334
14430	20334
14431	20334
14432	20334
14433	20334
14434	20334
14435	20334
14436	20334
14437	20334
14438	20334
14439	20334
14440	20334
14441	20425
14442	20425
14443	20334
14444	20425
14445	20334
14446	20334
14447	20425
14448	20334
14449	20334
14450	20333
14451	20333
14452	20333
14453	20333
14454	20333
14455	20333
14456	20333
14457	16437
14458	16437
14459	16437
14460	16437
14461	20333
14462	20333
14463	20333
14464	20334
14465	20334
14466	20334
14467	20334
14468	20334
14469	20334
14470	20334
14471	20334
14472	20334
14473	20334
14474	20425
14475	20334
14476	20425
14477	20425
14478	20425
14479	20425
14480	20425
14481	20425
14482	20425
14483	20425
14484	20425
14485	20425
14486	20425
14487	20334
14488	20425
14489	20334
14490	20334
14491	20333
14492	20333
14493	20333
14494	20333
14495	20333
14496	20333
14497	16437
14498	16437
14499	20333
14500	16437
14501	20333
14502	20334
14503	20334
14504	20334
14505	20334
14506	20334
14507	20425
14508	20334
14509	20425
14510	20425
14511	20425
14512	20425
14513	20425
14514	20425
14515	20425
14516	20425
14517	20425
14518	20425
14519	20425
14520	20425
14521	20334
14522	20333
14523	20425
14524	20334
14525	20333
14526	20333
14527	20333
14528	16437
14529	20334
14530	14699
14531	20334
14532	20334
14533	20425
14534	20425
14535	20425
14536	20425
14537	20666
14538	20425
14539	20425
14540	20425
14541	20425
14542	20334
14543	20334
14544	20333
14545	20425
14546	20334
14547	20333
14548	20425
14549	20333
14550	5667
14551	13741
14552	5667
14553	14796
14554	19597
14555	5667
14556	5667
14557	5667
14558	20666
14559	20080
14560	20333
14561	14633
14562	14633
14563	14644
14564	14644
14565	16365
14566	14633
14567	14633
14568	14820
14569	17086
14570	23009
14571	16230
14572	23009
14573	14766
14574	23015
14575	23015
14576	23015
14577	20317
14578	20317
14579	20317
14580	20317
14581	20333
14582	20317
14583	20333
14584	16307
14585	16309
14586	16309
14587	14750
14588	20317
14589	16343
14590	14753
14591	14606
14592	20334
14593	20336
14594	14610
14595	20333
14596	16343
14597	16344
14598	14753
14599	20333
14600	20333
14601	16345
14602	14637
14603	16347
14604	16345
14605	16415
14606	16362
14607	16424
14608	16362
14609	16417
14610	14609
14611	16418
14612	20141
14613	20080
14614	20080
14615	20110
14616	16308
14617	20409
14618	20425
14619	14705
14620	14706
14621	14707
14622	14708
14623	14585
14624	3282
14625	20334
14626	14632
14627	16365
14628	14640
14629	15917
14630	16349
14631	14631
14632	14632
14633	16365
14634	14645
14635	16298
14636	15916
14637	14637
14638	16356
14639	16364
14640	14645
14641	16348
14642	16347
14643	16356
14644	16355
14645	16364
14646	14649
14647	16355
14648	16354
14649	16363
14650	16414
14651	16424
14652	16424
14653	16425
14654	14649
14655	16431
14656	14649
14657	16430
14658	14646
14659	14653
14660	14646
14661	19982
14662	19982
14663	24074
14664	16302
14665	19597
14666	19606
14667	16307
14668	14671
14669	14672
14670	20499
14671	14670
14672	14674
14673	15247
14674	16433
14675	14796
14676	14668
14677	16307
14678	20144
14679	14803
14680	16302
14681	20126
14682	16302
14683	14705
14684	14706
14685	14707
14686	14708
14687	14586
14688	14704
14689	14705
14690	16410
14691	16409
14692	16408
14693	14586
14694	16436
14695	16411
14696	14711
14697	14712
14698	14713
14699	16434
14700	14710
14701	14711
14702	14712
14703	14713
14704	16433
14705	14674
14706	14711
14707	14712
14708	14676
14709	16433
14710	14672
14711	14672
14712	14668
14713	14676
14714	20334
14715	20114
14716	19606
14717	20110
14718	20080
14719	20126
14720	20114
14721	14803
14722	20126
14723	20044
14724	19982
14725	20080
14726	14743
14727	16376
14728	16299
14729	14761
14730	15919
14731	14728
14732	23161
14733	14730
14734	14731
14735	17543
14736	14126
14737	14766
14738	23009
14739	16228
14740	23015
14741	14743
14742	23014
14743	23014
14744	14734
14745	14751
14746	14751
14747	17574
14748	17574
14749	17574
14750	17565
14751	17562
14752	17562
14753	16403
14754	16403
14755	17607
14756	23947
14757	14731
14758	14729
14759	16381
14760	15919
14761	6149
14762	14764
14763	14765
14764	15919
14765	15919
14766	23014
14767	14126
14768	19597
14769	20126
14770	20080
14771	20666
14772	19597
14773	19597
14774	19597
14775	19597
14776	19606
14777	14676
14778	16307
14779	16302
14780	16302
14781	16302
14782	16307
14783	16307
14784	16307
14785	16302
14786	16302
14787	16302
14788	20333
14789	20333
14790	20334
14791	20336
14792	15247
14793	20338
14794	19847
14795	15349
14796	20065
14797	19599
14798	20591
14799	20486
14800	20080
14801	20051
14802	20080
14803	20112
14804	14637
14805	14766
14806	8914
14807	4651
14808	14637
14809	14637
14810	23142
14811	14766
14812	17606
14813	17606
14814	17086
14815	17071
14816	24042
14817	23009
14818	17560
14819	23021
14820	17607
14821	14702
14822	14676
14823	20333
14824	5667
14825	20333
14826	20317
14827	17082
14828	4651
14829	20333
14830	16252
14831	17086
14832	17096
14833	4651
14834	4651
14835	4651
14836	4651
14837	4651
14838	3863
14839	12163
14840	14638
14841	14638
14842	23009
14843	14766
14844	23017
14845	13741
14846	13741
14847	13741
14848	20334
14849	20334
14850	20334
14851	20334
14852	20334
14853	13741
14854	13741
14855	13741
14856	14655
14857	14655
14858	14655
14859	14655
14860	14655
14861	14655
14862	14655
14863	13741
14864	13741
14865	13741
14866	13741
14867	13741
14868	13741
14869	13741
14870	13741
14871	13741
14872	13741
14873	13741
14874	13741
14875	13741
14876	20333
14877	20333
14878	20333
14879	20333
14880	20333
14881	20334
14882	20334
14883	20334
14884	20334
14885	20334
14886	14655
14887	14655
14888	14655
14889	16428
14890	16428
14891	16428
14892	5667
14893	13741
14894	5667
14895	5667
14896	13741
14897	13741
14898	13741
14899	13741
14900	13741
14901	13741
14902	13741
14903	13741
14904	20333
14905	20333
14906	20333
14907	20333
14908	20333
14909	20334
14910	20334
14911	20334
14912	20334
14913	20334
14914	20334
14915	20334
14916	20334
14917	20334
14918	20334
14919	20334
14920	14655
14921	16428
14922	16428
14923	16428
14924	16428
14925	16428
14926	5667
14927	5667
14928	5667
14929	5667
14930	13741
14931	13741
14932	13741
14933	13741
14934	13741
14935	13741
14936	13741
14937	13741
14938	20333
14939	20333
14940	20333
14941	20333
14942	20334
14943	20334
14944	20334
14945	20334
14946	20334
14947	20334
14948	20334
14949	20334
14950	20334
14951	20334
14952	20334
14953	20334
14954	20334
14955	20334
14956	20334
14957	20334
14958	20334
14959	20334
14960	20333
14961	20334
14962	20333
14963	20333
14964	20333
14965	13741
14966	13741
14967	13741
14968	13741
14969	13741
14970	13741
14971	13741
14972	14653
14973	14655
14974	14655
14975	14655
14976	14655
14977	20334
14978	20334
14979	20334
14980	20334
14981	20334
14982	20334
14983	20334
14984	20333
14985	20334
14986	20334
14987	20333
14988	20333
14989	13741
14990	20333
14991	13741
14992	13741
14993	13741
14994	13741
14995	14653
14996	20333
14997	14653
14998	16438
14999	16438
15000	16438
15001	20334
15002	20334
15003	20334
15004	20334
15005	20334
15006	20334
15007	20334
15008	20334
15009	20334
15010	20334
15011	20333
15012	20333
15013	20333
15014	20333
15015	20333
15016	20333
15017	20333
15018	20333
15019	20333
15020	20333
15021	16438
15022	16438
15023	16437
15024	16438
15025	20333
15026	20333
15027	20333
15028	20333
15029	20333
15030	20333
15031	20333
15032	20333
15033	16437
15034	16438
15035	16437
15036	16437
15037	20425
15038	20425
15039	20425
15040	20425
15041	20425
15042	20425
15043	20425
15044	20665
15045	20425
15046	20665
15047	20425
15048	20665
15049	20409
15050	20317
15051	20333
15052	20333
15053	20333
15054	20333
15055	20333
15056	20333
15057	20333
15058	20333
15059	20333
15060	20333
15061	20333
15062	20333
15063	19982
15064	14039
15065	19982
15066	20044
15067	19982
15068	20044
15069	20044
15070	20080
15071	20044
15072	20080
15073	20080
15074	20080
15075	20080
15076	20080
15077	20080
15078	20080
15079	20080
15080	20080
15081	20080
15082	20080
15083	20080
15084	20080
15085	20080
15086	20080
15087	20044
15088	19982
15089	19982
15090	20044
15091	20080
15092	20044
15093	20080
15094	20044
15095	20080
15096	20044
15097	20080
15098	20044
15099	20080
15100	20080
15101	19982
15102	14039
15103	20317
15104	20333
15105	20080
15106	19982
15107	20333
15108	20080
15109	20080
15110	20317
15111	20317
15112	20317
15113	20317
15114	20665
15115	20664
15116	20425
15117	19982
15118	14039
15119	20317
15120	20317
15121	20317
15122	20317
15123	20317
15124	20080
15125	20080
15126	20317
15127	20317
15128	16343
15129	20317
15130	16343
15131	20317
15132	20333
15133	20333
15134	20333
15135	20333
15136	20333
15137	20333
15138	20333
15139	20333
15140	20333
15141	20363
15142	20333
15143	20333
15144	20333
15145	20333
15146	20334
15147	20334
15148	20334
15149	20334
15150	20336
15151	20336
15152	15247
15153	15247
15154	19851
15155	19851
15156	19847
15157	15202
15158	20080
15159	20080
15160	20007
15161	20007
15162	15226
15163	15226
15164	14039
15165	20080
15166	14750
15167	20317
15168	20317
15169	20317
15170	20317
15171	20317
15172	20333
15173	20333
15174	20080
15175	20080
15176	20409
15177	20409
15178	20317
15179	20317
15180	20317
15181	20317
15182	20333
15183	20333
15184	20333
15185	20333
15186	20333
15187	20333
15188	20333
15189	20333
15190	20333
15191	20664
15192	20425
15193	20425
15194	20425
15195	20665
15196	20425
15197	20333
15198	15247
15199	20364
15200	20425
15201	20425
15202	20336
15203	20336
15204	20336
15205	20333
15206	20333
15207	20334
15208	20333
15209	20334
15210	20333
15211	20333
15212	20333
15213	20333
15214	14039
15215	20370
15216	20338
15217	20336
15218	20334
15219	20334
15220	20333
15221	20364
15222	20336
15223	20363
15224	20364
15225	20333
15226	20363
15227	20333
15228	20363
15229	20333
15230	20333
15231	20333
15232	20333
15233	20333
15234	20333
15235	20317
15236	20317
15237	20317
15238	20363
15239	20333
15240	20333
15241	20333
15242	20333
15243	20317
15244	20317
15245	20317
15246	20333
15247	20333
15248	20333
15249	20333
15250	20317
15251	20317
15252	20317
15253	20333
15254	20333
15255	20333
15256	20333
15257	20317
15258	20317
15259	20317
15260	20333
15261	20333
15262	20333
15263	20333
15264	14609
15265	16343
15266	20317
15267	20317
15268	20333
15269	20333
15270	20333
15271	20333
15272	16343
15273	20333
15274	20333
15275	20317
15276	16343
15277	14750
15278	20333
15279	20333
15280	20317
15281	20317
15282	20317
15283	20317
15284	20317
15285	20317
15286	20317
15287	20317
15288	20317
15289	20317
15290	20317
15291	20333
15292	20333
15293	20333
15294	20333
15295	20333
15296	20333
15297	20333
15298	20333
15299	20333
15300	20409
15301	20664
15302	14039
15303	14039
15304	14039
15305	19982
15306	19982
15307	14039
15308	14039
15309	14039
15310	20425
15311	20425
15312	20665
15313	20080
15314	20044
15315	20080
15316	20080
15317	20080
15318	20044
15319	20044
15320	19982
15321	19982
15322	14039
15323	20409
15324	20333
15325	20664
15326	20044
15327	20044
15328	20044
15329	19982
15330	19982
15331	14039
15332	14039
15333	20425
15334	20044
15335	19982
15336	19982
15337	14039
15338	14039
15339	14039
15340	20425
15341	20425
15342	20425
15343	20664
15344	20333
15345	20333
15346	20333
15347	20333
15348	15226
15349	14039
15350	14039
15351	20425
15352	20425
15353	20425
15354	20665
15355	20665
15356	20409
15357	20333
15358	20333
15359	20425
15360	20333
15361	20425
15362	16311
15363	14703
15364	14711
15365	16238
15366	16238
15367	16238
15368	16238
15369	14820
15370	14817
15371	14644
15372	14633
15373	14633
15374	16365
15375	14638
15376	14766
15377	14766
15378	23009
15379	16230
15380	17606
15381	17606
15382	24048
15383	23038
15384	16238
15385	16238
15386	16238
15387	16237
15388	16237
15389	16237
15390	16237
15391	16237
15392	12062
15393	12062
15394	12062
15395	12062
15396	12062
15397	12062
15398	12062
15399	23039
15400	23039
15401	23039
15402	23039
15403	23039
15404	23039
15405	16237
15406	23039
15407	16237
15408	23039
15409	23039
15410	23039
15411	23039
15412	23039
15413	16238
15414	16238
15415	23039
15416	23039
15417	23039
15418	23039
15419	16238
15420	23039
15421	24048
15422	24048
15423	24048
15424	24048
15425	24048
15426	16237
15427	23038
15428	16237
15429	16237
15430	16237
15431	24048
15432	23038
15433	23038
15434	23038
15435	24048
15436	24048
15437	23039
15438	23039
15439	23039
15440	23039
15441	23039
15442	23039
15443	23039
15444	23039
15445	23039
15446	23036
15447	12062
15448	14817
15449	14817
15450	14817
15451	24042
15452	23039
15453	23039
15454	16238
15455	16238
15456	23039
15457	17611
15458	16230
15459	23009
15460	23009
15461	23009
15462	23009
15463	23009
15464	14817
15465	14817
15466	14817
15467	14817
15468	14817
15469	14817
15470	14817
15471	14817
15472	14817
15473	14817
15474	14817
15475	14817
15476	24042
15477	23039
15478	23039
15479	23039
15480	23039
15481	14817
15482	14817
15483	14817
15484	14817
15485	14817
15486	14817
15487	14817
15488	14817
15489	14817
15490	14817
15491	14817
15492	14817
15493	23039
15494	23039
15495	14817
15496	14817
15497	14817
15498	14817
15499	14817
15500	14817
15501	14817
15502	14817
15503	14817
15504	14817
15505	14817
15506	14817
15507	14817
15508	24048
15509	24048
15510	14817
15511	14817
15512	14817
15513	14817
15514	14817
15515	14817
15516	14817
15517	14817
15518	14817
15519	14817
15520	14817
15521	14817
15522	14817
15523	14817
15524	14817
15525	24048
15526	14817
15527	17611
15528	24048
15529	17611
15530	24048
15531	24048
15532	17611
15533	17611
15534	17611
15535	17611
15536	17606
15537	17611
15538	17611
15539	17611
15540	17611
15541	17611
15542	17611
15543	17611
15544	17611
15545	17611
15546	17611
15547	17606
15548	17609
15549	16230
15550	16230
15551	17611
15552	17611
15553	17611
15554	17611
15555	23036
15556	23036
15557	23036
15558	23036
15559	17609
15560	17609
15561	16230
15562	16230
15563	17609
15564	17609
15565	17609
15566	17609
15567	17609
15568	16230
15569	16230
15570	16230
15571	16230
15572	16230
15573	16230
15574	23009
15575	16230
15576	23034
15577	16230
15578	16230
15579	23034
15580	23009
15581	16230
15582	16230
15583	23009
15584	23009
15585	16230
15586	16230
15587	23009
15588	23009
15589	16230
15590	16230
15591	23009
15592	23009
15593	23009
15594	23009
15595	23009
15596	23009
15597	23009
15598	23009
15599	14766
15600	14766
15601	23009
15602	23009
15603	23009
15604	23009
15605	23009
15606	23009
15607	23009
15608	23009
15609	23009
15610	23009
15611	23009
15612	23009
15613	23009
15614	23009
15615	23009
15616	23009
15617	23009
15618	23009
15619	23009
15620	23009
15621	23009
15622	23133
15623	14766
15624	14766
15625	14766
15626	14766
15627	23133
15628	12616
15629	23009
15630	23009
15631	12616
15632	12616
15633	23009
15634	23009
15635	12616
15636	12616
15637	23009
15638	23009
15639	16355
15640	16355
15641	23009
15642	23009
15643	16355
15644	16355
15645	16355
15646	16355
15647	16355
15648	16355
15649	16355
15650	16355
15651	16355
15652	16355
15653	16365
15654	16365
15655	12616
15656	12616
15657	12616
15658	12616
15659	12616
15660	12616
15661	12616
15662	12616
15663	12616
15664	12616
15665	12616
15666	12616
15667	12616
15668	12616
15669	16355
15670	16355
15671	12616
15672	12616
15673	16355
15674	16355
15675	16355
15676	16365
15677	14644
15678	14644
15679	16365
15680	16365
15681	16365
15682	16365
15683	12616
15684	12616
15685	12616
15686	12616
15687	12616
15688	12616
15689	12616
15690	12616
15691	12616
15692	12616
15693	12616
15694	12616
15695	12616
15696	12616
15697	12616
15698	12616
15699	12616
15700	12616
15701	12616
15702	12616
15703	14644
15704	14644
15705	14644
15706	14644
15707	16365
15708	16365
15709	14644
15710	16365
15711	12616
15712	12616
15713	12616
15714	12062
15715	12616
15716	12062
15717	12062
15718	12062
15719	12062
15720	12062
15721	12616
15722	12616
15723	12616
15724	12616
15725	12062
15726	12062
15727	12616
15728	12616
15729	12616
15730	14644
15731	12616
15732	14644
15733	14644
15734	14644
15735	14644
15736	14644
15737	12616
15738	12616
15739	12616
15740	12062
15741	12616
15742	12062
15743	12062
15744	12062
15745	12062
15746	12062
15747	12062
15748	12062
15749	12062
15750	12062
15751	12062
15752	12062
15753	14644
15754	14644
15755	12062
15756	14644
15757	12616
15758	12616
15759	12616
15760	12062
15761	12616
15762	12062
15763	12062
15764	12062
15765	12062
15766	12062
15767	12062
15768	12062
15769	23034
15770	23034
15771	12062
15772	17029
15773	12062
15774	12062
15775	17029
15776	17029
15777	12062
15778	23036
15779	12616
15780	12062
15781	23034
15782	23034
15783	23034
15784	17029
15785	17029
15786	23036
15787	23036
15788	23036
15789	23036
15790	23034
15791	17609
15792	23036
15793	23036
15794	23036
15795	23036
15796	23036
15797	23036
15798	14817
15799	14817
15800	14817
15801	23036
15802	23036
15803	23036
15804	23036
15805	23036
15806	14817
15807	14817
15808	14817
15809	14817
15810	14817
15811	14817
15812	14817
15813	14817
15814	14817
15815	14817
15816	14817
15817	14817
15818	14817
15819	14817
15820	14817
15821	14817
15822	14817
15823	14817
15824	14817
15825	14817
15826	14817
15827	14817
15828	14817
15829	14817
15830	24042
15831	24042
15832	24042
15833	23039
15834	14817
15835	14817
15836	14817
15837	14817
15838	14817
15839	14817
15840	24042
15841	24042
15842	24042
15843	23039
15844	23039
15845	14817
15846	14817
15847	14817
15848	14817
15849	14817
15850	14817
15851	24042
15852	23039
15853	23039
15854	23039
15855	23039
15856	14655
15857	14655
15858	13741
15859	13741
15860	13741
15861	13741
15862	20333
15863	20333
15864	20334
15865	20334
15866	20334
15867	20333
15868	20333
15869	13741
15870	14655
15871	14655
15872	20334
15873	20334
15874	14655
15875	14655
15876	13741
15877	13741
15878	13741
15879	13741
15880	13741
15881	13741
15882	13741
15883	20333
15884	20334
15885	20334
15886	20334
15887	20334
15888	20334
15889	20334
15890	20334
15891	20333
15892	20333
15893	13741
15894	13741
15895	13741
15896	13741
15897	14653
15898	14655
15899	14655
15900	14646
15901	12163
15902	8914
15903	4651
15904	4651
15905	4651
15906	9088
15907	11929
15908	11929
15909	5667
15910	11929
15911	5667
15912	16428
15913	16428
15914	16428
15915	16436
15916	15916
15917	16350
15918	16299
15919	16299
15920	16350
15921	15916
15922	15916
15923	14631
15924	14637
15925	16356
15926	16356
15927	16365
15928	14633
15929	14633
15930	14633
15931	14633
15932	16364
15933	16364
15934	5864
15935	5864
15936	12703
15937	12163
15938	12163
15939	12163
15940	12163
15941	12163
15942	12177
15943	12177
15944	12703
15945	14656
15946	14646
15947	14646
15948	14640
15949	14640
15950	5878
15951	14640
15952	14640
15953	14640
15954	14640
15955	14640
15956	14640
15957	14640
15958	14640
15959	14640
15960	12695
15961	12689
15962	14640
15963	14640
15964	14640
15965	14640
15966	14640
15967	14640
15968	14640
15969	14640
15970	14640
15971	14640
15972	14640
15973	14640
15974	14640
15975	14640
15976	14658
15977	14633
15978	14633
15979	16365
15980	14633
15981	14633
15982	16366
15983	14633
15984	14638
15985	16428
15986	16428
15987	16428
15988	16428
15989	16428
15990	16428
15991	14656
15992	14656
15993	14634
15994	14633
15995	14633
15996	14627
15997	14627
15998	14627
15999	14627
16000	16368
16001	16142
16002	16142
16003	16142
16004	16142
16005	16142
16006	16142
16007	24309
16008	24309
16009	24309
16010	16142
16011	16359
16012	16359
16013	16141
16014	24309
16015	6161
16016	4651
16017	4651
16018	4651
16019	4651
16020	4651
16021	16428
16022	14650
16023	9088
16024	16428
16025	4651
16026	4651
16027	9088
16028	4651
16029	9088
16030	9088
16031	14656
16032	14658
16033	14658
16034	12695
16035	14640
16036	12154
16037	12703
16038	14640
16039	14656
16040	14656
16041	14656
16042	14656
16043	14640
16044	14640
16045	14656
16046	14640
16047	14656
16048	14640
16049	14640
16050	14640
16051	14640
16052	14640
16053	14640
16054	14640
16055	14640
16056	5864
16057	5864
16058	14634
16059	14634
16060	14640
16061	14634
16062	14640
16063	14640
16064	14640
16065	14640
16066	4651
16067	4651
16068	4651
16069	9088
16070	9088
16071	14640
16072	14640
16073	14640
16074	14640
16075	14640
16076	14640
16077	14640
16078	11929
16079	11929
16080	11929
16081	16428
16082	16428
16083	16428
16084	16428
16085	16428
16086	16428
16087	16428
16088	16428
16089	16428
16090	16428
16091	16428
16092	16428
16093	16428
16094	16428
16095	15916
16096	15916
16097	16358
16098	16142
16099	16359
16100	16357
16101	16357
16102	14626
16103	14626
16104	16142
16105	16142
16106	6205
16107	16142
16108	16142
16109	16142
16110	15916
16111	16141
16112	16141
16113	16141
16114	16141
16115	15916
16116	14633
16117	14633
16118	14633
16119	14633
16120	14633
16121	14633
16122	14633
16123	14633
16124	14633
16125	14633
16126	14627
16127	14627
16128	14633
16129	14627
16130	14627
16131	16367
16132	16367
16133	16428
16134	16428
16135	16366
16136	14646
16137	14653
16138	14699
16139	6161
16140	16141
16141	16358
16142	16367
16143	14633
16144	14640
16145	6161
16146	6161
16147	6161
16148	14632
16149	14632
16150	16367
16151	16366
16152	16367
16153	16367
16154	16367
16155	16367
16156	14627
16157	14627
16158	14627
16159	14627
16160	14633
16161	16428
16162	16428
16163	16428
16164	16428
16165	14656
16166	14656
16167	14656
16168	16364
16169	16428
16170	16428
16171	9088
16172	4651
16173	4651
16174	4651
16175	14658
16176	16428
16177	14658
16178	14658
16179	14658
16180	14640
16181	14634
16182	14634
16183	14634
16184	14658
16185	14656
16186	16428
16187	16428
16188	14646
16189	4651
16190	16428
16191	16428
16192	16428
16193	16428
16194	16428
16195	14656
16196	14646
16197	4651
16198	4651
16199	4651
16200	4651
16201	16428
16202	16428
16203	16428
16204	16428
16205	14656
16206	11929
16207	4651
16208	14656
16209	16428
16210	16428
16211	14634
16212	14634
16213	14634
16214	14634
16215	14634
16216	14633
16217	14634
16218	14633
16219	14633
16220	14633
16221	9088
16222	9088
16223	14658
16224	14640
16225	3705
16226	3282
16227	17539
16228	23015
16229	16231
16230	23015
16231	17537
16232	14126
16233	23009
16234	16228
16235	23015
16236	14766
16237	23009
16238	17607
16239	23015
16240	14766
16241	23009
16242	17607
16243	20333
16244	20425
16245	17574
16246	20317
16247	20333
16248	14766
16249	23009
16250	17607
16251	23021
16252	17560
16253	17560
16254	23040
16255	23040
16256	14039
16257	20044
16258	23040
16259	17574
16260	14751
16261	12163
16262	12062
16263	12062
16264	12163
16265	12175
16266	5878
16267	12175
16268	12163
16269	12177
16270	12177
16271	5864
16272	5864
16273	12703
16274	12175
16275	20333
16276	20425
16277	20114
16278	20144
16279	20080
16280	20110
16281	16400
16282	23022
16283	17574
16284	14750
16285	20333
16286	14039
16287	19982
16288	20080
16289	23040
16290	23040
16291	17573
16292	14609
16293	16354
16294	14643
16295	14637
16296	14631
16297	15916
16298	15916
16299	16141
16300	20141
16301	20141
16302	19598
16303	20112
16304	20110
16305	20080
16306	19597
16307	14796
16308	16307
16309	16307
16310	16309
16311	16309
16312	3325
16313	16407
16314	16310
16315	16311
16316	20080
16317	23020
16318	17543
16319	20333
16320	20333
16321	16344
16322	16418
16323	16347
16324	16347
16325	15916
16326	15917
16327	16299
16328	16345
16329	6161
16330	16343
16331	14609
16332	16417
16333	16354
16334	16346
16335	16347
16336	14631
16337	15916
16338	16350
16339	16141
16340	20333
16341	20333
16342	16343
16343	14609
16344	16417
16345	14643
16346	14637
16347	14631
16348	15916
16349	15916
16350	16141
16351	14610
16352	14605
16353	16416
16354	16355
16355	14643
16356	14637
16357	16357
16358	16358
16359	14626
16360	14606
16361	16362
16362	16414
16363	14648
16364	14644
16365	16365
16366	14638
16367	16366
16368	16366
16369	16347
16370	14743
16371	16400
16372	14753
16373	15919
16374	16299
16375	15919
16376	16380
16377	14731
16378	16376
16379	6161
16380	15919
16381	6149
16382	14728
16383	14729
16384	14731
16385	23162
16386	14127
16387	16400
16388	14743
16389	17565
16390	6161
16391	16391
16392	23161
16393	14761
16394	16299
16395	6161
16396	16346
16397	16346
16398	17523
16399	17523
16400	17523
16401	16227
16402	14766
16403	14766
16404	16414
16405	16414
16406	16309
16407	16309
16408	14676
16409	14668
16410	14669
16411	14672
16412	16433
16413	16424
16414	16415
16415	14648
16416	16354
16417	16354
16418	16354
16419	14643
16420	16346
16421	23010
16422	16345
16423	14643
16424	16362
16425	16362
16426	14650
16427	14654
16428	14650
16429	16404
16430	16404
16431	16362
16432	14654
16433	14607
16434	14607
16435	14607
16436	14607
16437	14607
16438	16436
16439	16436
16440	16437
16441	20334
16442	14653
16443	14700
16444	14700
16445	14700
16446	14700
16447	14700
16448	14700
16449	14700
16450	14700
16451	14700
16452	14700
16453	14700
16454	14700
16455	14700
16456	14700
16457	14700
16458	14700
16459	14700
16460	14700
16461	14705
16462	14705
16463	14706
16464	14705
16465	15332
16466	20080
16467	19979
16468	20080
16469	14700
16470	14700
16471	14700
16472	14700
16473	14700
16474	14700
16475	14700
16476	14700
16477	14700
16478	14700
16479	14700
16480	14700
16481	14700
16482	14700
16483	14705
16484	14706
16485	14706
16486	14706
16487	14706
16488	14696
16489	14702
16490	14696
16491	14696
16492	14696
16493	14696
16494	14696
16495	14696
16496	14696
16497	14696
16498	14696
16499	14702
16500	14696
16501	14706
16502	14696
16503	14696
16504	14702
16505	14706
16506	14702
16507	14702
16508	14702
16509	14702
16510	14706
16511	20080
16512	20080
16513	20666
16514	19979
16515	14700
16516	20666
16517	14694
16518	14694
16519	14694
16520	14699
16521	14699
16522	14694
16523	14694
16524	14699
16525	14699
16526	20334
16527	14699
16528	14699
16529	14699
16530	14699
16531	14699
16532	20425
16533	20665
16534	20334
16535	20334
16536	20425
16537	20425
16538	20425
16539	20425
16540	20334
16541	20425
16542	20666
16543	20425
16544	20666
16545	20425
16546	20425
16547	20425
16548	20666
16549	20666
16550	20666
16551	20425
16552	20666
16553	14699
16554	14695
16555	14699
16556	14699
16557	14700
16558	14699
16559	14699
16560	14700
16561	20425
16562	20666
16563	20666
16564	19979
16565	19979
16566	14700
16567	14700
16568	14700
16569	14695
16570	14699
16571	14695
16572	14695
16573	14695
16574	14695
16575	14700
16576	14700
16577	14696
16578	14700
16579	14696
16580	14697
16581	14696
16582	14696
16583	14700
16584	14700
16585	14696
16586	14696
16587	14706
16588	14706
16589	14706
16590	14695
16591	14695
16592	14695
16593	14695
16594	14695
16595	14695
16596	14695
16597	14695
16598	14695
16599	14695
16600	14695
16601	14695
16602	14695
16603	14695
16604	14695
16605	14695
16606	14695
16607	14695
16608	14695
16609	14695
16610	14695
16611	14695
16612	14700
16613	14700
16614	14702
16615	14702
16616	14706
16617	14705
16618	14700
16619	14700
16620	14700
16621	14700
16622	14700
16623	14695
16624	14695
16625	14695
16626	14695
16627	14695
16628	14695
16629	14700
16630	14695
16631	14695
16632	14700
16633	8919
16634	4651
16635	4651
16636	8909
16637	8909
16638	12163
16639	7546
16640	4651
16641	4651
16642	9088
16643	4651
16644	4651
16645	4651
16646	4651
16647	4651
16648	9088
16649	9088
16650	9088
16651	9088
16652	9088
16653	9088
16654	11929
16655	11929
16656	11929
16657	11929
16658	11929
16659	11929
16660	12163
16661	12163
16662	12163
16663	12163
16664	12163
16665	8909
16666	3863
16667	12163
16668	12163
16669	8909
16670	8909
16671	4651
16672	8909
16673	8909
16674	4651
16675	9088
16676	9088
16677	9088
16678	9088
16679	11929
16680	11929
16681	11929
16682	11929
16683	11929
16684	11929
16685	11929
16686	11929
16687	11929
16688	5667
16689	11929
16690	12163
16691	12163
16692	12163
16693	12163
16694	3863
16695	8919
16696	8909
16697	4651
16698	4651
16699	7546
16700	12163
16701	12163
16702	8914
16703	3863
16704	4651
16705	8919
16706	12163
16707	12163
16708	4651
16709	4651
16710	4651
16711	4651
16712	4651
16713	4651
16714	9088
16715	9088
16716	9088
16717	9088
16718	4651
16719	4651
16720	12163
16721	14646
16722	12163
16723	12163
16724	12163
16725	12163
16726	12163
16727	12163
16728	12163
16729	4651
16730	8914
16731	4651
16732	4651
16733	9088
16734	9088
16735	9088
16736	12163
16737	8914
16738	4651
16739	4651
16740	4651
16741	4651
16742	4651
16743	4651
16744	4651
16745	9088
16746	9088
16747	9088
16748	11929
16749	11929
16750	11929
16751	9088
16752	9088
16753	9088
16754	5667
16755	11929
16756	9088
16757	11929
16758	11929
16759	5667
16760	5667
16761	11929
16762	11929
16763	11929
16764	5667
16765	5667
16766	12163
16767	5878
16768	12163
16769	12163
16770	3863
16771	12163
16772	12163
16773	12163
16774	4651
16775	3863
16776	3863
16777	9088
16778	8919
16779	4651
16780	7548
16781	3863
16782	9088
16783	9088
16784	3863
16785	8919
16786	17086
16787	17086
16788	14820
16789	3863
16790	12163
16791	3863
16792	17086
16793	17086
16794	17082
16795	17086
16796	17086
16797	17086
16798	16252
16799	17082
16800	16252
16801	17094
16802	17086
16803	17086
16804	20317
16805	20317
16806	20333
16807	20317
16808	17096
16809	17096
16810	23040
16811	23040
16812	17096
16813	17096
16814	20317
16815	20317
16816	20317
16817	23040
16818	17096
16819	20317
16820	20333
16821	20317
16822	20317
16823	20317
16824	17096
16825	17096
16826	23040
16827	23040
16828	23040
16829	17096
16830	17573
16831	17096
16832	23040
16833	23040
16834	20317
16835	14751
16836	17099
16837	20333
16838	20317
16839	20317
16840	20317
16841	14751
16842	17579
16843	20333
16844	20317
16845	20333
16846	20333
16847	20333
16848	20333
16849	20333
16850	20333
16851	20333
16852	20333
16853	20333
16854	20333
16855	20333
16856	20333
16857	20333
16858	20333
16859	20333
16860	20333
16861	9088
16862	17082
16863	20315
16864	20315
16865	16252
16866	20333
16867	11929
16868	11929
16869	5667
16870	20302
16871	20315
16872	20333
16873	20333
16874	20333
16875	9088
16876	5667
16877	11929
16878	5667
16879	20302
16880	20302
16881	20333
16882	14676
16883	16307
16884	16307
16885	14676
16886	14676
16887	14676
16888	14676
16889	16309
16890	14676
16891	14676
16892	14676
16893	14676
16894	14676
16895	14703
16896	14676
16897	16311
16898	16311
16899	14797
16900	14676
16901	14796
16902	14676
16903	14676
16904	14676
16905	14668
16906	14668
16907	14676
16908	14676
16909	14676
16910	19597
16911	19597
16912	20085
16913	14796
16914	14668
16915	14668
16916	14668
16917	14668
16918	14668
16919	14668
16920	14668
16921	20333
16922	20333
16923	20333
16924	20333
16925	20665
16926	20333
16927	20664
16928	20333
16929	20665
16930	20665
16931	20425
16932	20425
16933	20665
16934	20425
16935	20425
16936	19982
16937	20425
16938	20425
16939	20425
16940	20425
16941	19982
16942	20666
16943	20317
16944	20317
16945	20317
16946	17574
16947	17573
16948	20333
16949	20333
16950	20333
16951	20333
16952	20333
16953	20665
16954	20425
16955	20425
16956	5667
16957	5667
16958	20302
16959	5667
16960	5667
16961	14702
16962	14702
16963	14702
16964	14702
16965	14702
16966	14707
16967	14668
16968	14712
16969	14702
16970	14703
16971	14702
16972	14712
16973	14707
16974	14676
16975	14676
16976	16311
16977	16311
16978	14703
16979	14703
16980	14703
16981	14703
16982	14703
16983	14703
16984	14703
16985	16312
16986	14703
16987	16311
16988	16311
16989	14698
16990	14698
16991	16311
16992	16311
16993	14702
16994	14702
16995	14702
16996	14702
16997	14702
16998	14702
16999	14702
17000	14697
17001	14702
17002	14702
17003	14702
17004	14702
17005	14698
17006	14702
17007	14702
17008	14698
17009	14702
17010	14702
17011	14702
17012	14702
17013	14702
17014	14703
17015	14703
17016	14668
17017	20083
17018	14668
17019	14668
17020	14668
17021	14766
17022	23015
17023	14766
17024	23009
17025	14766
17026	23009
17027	23009
17028	14766
17029	14766
17030	23009
17031	14766
17032	23009
17033	16230
17034	23009
17035	16230
17036	16230
17037	23009
17038	23015
17039	23142
17040	23142
17041	23017
17042	23015
17043	23017
17044	23142
17045	23142
17046	14126
17047	23020
17048	18808
17049	23020
17050	18808
17051	14126
17052	14126
17053	14631
17054	14126
17055	14637
17056	23020
17057	23142
17058	23142
17059	23020
17060	23020
17061	16357
17062	16357
17063	14637
17064	14637
17065	14631
17066	14631
17067	17607
17068	17607
17069	24047
17070	17607
17071	16230
17072	16230
17073	16230
17074	16230
17075	24047
17076	17607
17077	16230
17078	16230
17079	23013
17080	24047
17081	24047
17082	17562
17083	24047
17084	24047
17085	24047
17086	24047
17087	24047
17088	24047
17089	17557
17090	17557
17091	17560
17092	17560
17093	17562
17094	17562
17095	17562
17096	17562
17097	17574
17098	17560
17099	14754
17100	14754
17101	23021
17102	17560
17103	17560
17104	23040
17105	17560
17106	17560
17107	17560
17108	17560
17109	17574
17110	17574
17111	17574
17112	17574
17113	23040
17114	17560
17115	23040
17116	23040
17117	23040
17118	17574
17119	23040
17120	23040
17121	17574
17122	17574
17123	14751
17124	17574
17125	17574
17126	23009
17127	23009
17128	24042
17129	17071
17130	24042
17131	23039
17132	24042
17133	14817
17134	14817
17135	14817
17136	14817
17137	14820
17138	14820
17139	14820
17140	14820
17141	24042
17142	24042
17143	23039
17144	23039
17145	16238
17146	14820
17147	17086
17148	17086
17149	17086
17150	16238
17151	16238
17152	17086
17153	17086
17154	17086
17155	5864
17156	14817
17157	14817
17158	5864
17159	5864
17160	5864
17161	5864
17162	5875
17163	12703
17164	23040
17165	17086
17166	16238
17167	16238
17168	23040
17169	23040
17170	23040
17171	23040
17172	23040
17173	23040
17174	23040
17175	23040
17176	23040
17177	23040
17178	23040
17179	23040
17180	23040
17181	16238
17182	23040
17183	23040
17184	23040
17185	16238
17186	16238
17187	16238
17188	16238
17189	16238
17190	16238
17191	23040
17192	17560
17193	16238
17194	16238
17195	16238
17196	16238
17197	23039
17198	16238
17199	17560
17200	16238
17201	16238
17202	23039
17203	23039
17204	23039
17205	23039
17206	23039
17207	17557
17208	17557
17209	23038
17210	23039
17211	24048
17212	24048
17213	24048
17214	24047
17215	17606
17216	17606
17217	24048
17218	24048
17219	23040
17220	23040
17221	23040
17222	17560
17223	17560
17224	17557
17225	17557
17226	17557
17227	24048
17228	24047
17229	17606
17230	17606
17231	17606
17232	16230
17233	17607
17234	17606
17235	16230
17236	16230
17237	17606
17238	17606
17239	14637
17240	23015
17241	14637
17242	14637
17243	16356
17244	16356
17245	14637
17246	14637
17247	16230
17248	17607
17249	23009
17250	23009
17251	14766
17252	14766
17253	23009
17254	23009
17255	23015
17256	14766
17257	14766
17258	23142
17259	23015
17260	14632
17261	14637
17262	12177
17263	12175
17264	12163
17265	12175
17266	12163
17267	3863
17268	12163
17269	20333
17270	9088
17271	9088
17272	4651
17273	4651
17274	4651
17275	4651
17276	4651
17277	4651
17278	5667
17279	5667
17280	5667
17281	5667
17282	11929
17283	5667
17284	5667
17285	23017
17286	23017
17287	14766
17288	14766
17289	23015
17290	14633
17291	14633
17292	14633
17293	16365
17294	14633
17295	14633
17296	14633
17297	14633
17298	14633
17299	20080
17300	20080
17301	20080
17302	20080
17303	20080
17304	20141
17305	20110
17306	20110
17307	20080
17308	20112
17309	20080
17310	20080
17311	20141
17312	20112
17313	20080
17314	20080
17315	20080
17316	20080
17317	20110
17318	20080
17319	16302
17320	18593
17321	16302
17322	19606
17323	19604
17324	19604
17325	14803
17326	16302
17327	16302
17328	20126
17329	19606
17330	16302
17331	16302
17332	20147
17333	19606
17334	20141
17335	20144
17336	20126
17337	20141
17338	20110
17339	20141
17340	20144
17341	20080
17342	20112
17343	16302
17344	16302
17345	16302
17346	16302
17347	16302
17348	16302
17349	16302
17350	16302
17351	16307
17352	16307
17353	14667
17354	16302
17355	16302
17356	16302
17357	16307
17358	16307
17359	14667
17360	16307
17361	16307
17362	16307
17363	16307
17364	14667
17365	16307
17366	16307
17367	16309
17368	16309
17369	16309
17370	16309
17371	16302
17372	16302
17373	16302
17374	16311
17375	16311
17376	16311
17377	16311
17378	16302
17379	14665
17380	14665
17381	14665
17382	19606
17383	16302
17384	16302
17385	20407
17386	20664
17387	20407
17388	20425
17389	20425
17390	20409
17391	20409
17392	20333
17393	14665
17394	14667
17395	14665
17396	14665
17397	14667
17398	14667
17399	14667
17400	14667
17401	14667
17402	14667
17403	14667
17404	14667
17405	14667
17406	16309
17407	14798
17408	16302
17409	16302
17410	16302
17411	16302
17412	16302
17413	19597
17414	16302
17415	16307
17416	16307
17417	20126
17418	19606
17419	14798
17420	19606
17421	20126
17422	19597
17423	16302
17424	19597
17425	19597
17426	16302
17427	19597
17428	19597
17429	14797
17430	19597
17431	20141
17432	20110
17433	20110
17434	20144
17435	20114
17436	20144
17437	20110
17438	20141
17439	20110
17440	20113
17441	20150
17442	20144
17443	20150
17444	19597
17445	20126
17446	19597
17447	20150
17448	19597
17449	19597
17450	14796
17451	19597
17452	20333
17453	20333
17454	20333
17455	20333
17456	20333
17457	19982
17458	19982
17459	19982
17460	20080
17461	20044
17462	19982
17463	19982
17464	20080
17465	20080
17466	19982
17467	19982
17468	20080
17469	20080
17470	14039
17471	20425
17472	20425
17473	20425
17474	14039
17475	14039
17476	20080
17477	20080
17478	20080
17479	20080
17480	20080
17481	20110
17482	15332
17483	20110
17484	15332
17485	15332
17486	20110
17487	20113
17488	20110
17489	14039
17490	14039
17491	20425
17492	14039
17493	19982
17494	19982
17495	20080
17496	20080
17497	20080
17498	20080
17499	20044
17500	20080
17501	20080
17502	20080
17503	20080
17504	20110
17505	20110
17506	20085
17507	20150
17508	20085
17509	20150
17510	20080
17511	20110
17512	20110
17513	16311
17514	16311
17515	16311
17516	16311
17517	16311
17518	16311
17519	16311
17520	16311
17521	14585
17522	16311
17523	17540
17524	14127
17525	17537
17526	14126
17527	23014
17528	23014
17529	23016
17530	23014
17531	17537
17532	17546
17533	17543
17534	14126
17535	14126
17536	17546
17537	14730
17538	14730
17539	17543
17540	17543
17541	14730
17542	23161
17543	23161
17544	14730
17545	14730
17546	14728
17547	16299
17548	15919
17549	14729
17550	14729
17551	16299
17552	16350
17553	16350
17554	16350
17555	16350
17556	17599
17557	16230
17558	16230
17559	23021
17560	16403
17561	17599
17562	17599
17563	23009
17564	17599
17565	17599
17566	23021
17567	16403
17568	17599
17569	17599
17570	16228
17571	24047
17572	16403
17573	17562
17574	23021
17575	14754
17576	17565
17577	17570
17578	17574
17579	14754
17580	14751
17581	17574
17582	14754
17583	17579
17584	14751
17585	17574
17586	20317
17587	14751
17588	14751
17589	14751
17590	14748
17591	17579
17592	20333
17593	20317
17594	20317
17595	17534
17596	23015
17597	23015
17598	23006
17599	23042
17600	16231
17601	23015
17602	14766
17603	23042
17604	14766
17605	23015
17606	14766
17607	14766
17608	23015
17609	14766
17610	14766
17611	14766
17612	20044
17613	19982
17614	14039
17615	14039
17616	14039
17617	20665
17618	20333
17619	20080
17620	20080
17621	20080
17622	20044
17623	20044
17624	20044
17625	20114
17626	20144
17627	20110
17628	20141
17629	20080
17630	19606
17631	19606
17632	20114
17633	20425
17634	20665
17635	20665
17636	20425
17637	20425
17638	14039
17639	14039
17640	20425
17641	20425
17642	20664
17643	20409
17644	20333
17645	20333
17646	20333
17647	20333
17648	20664
17649	16302
17650	14803
17651	19606
17652	20144
17653	19982
17654	14039
17655	14039
17656	20044
17657	19982
17658	20044
17659	20080
17660	20044
17661	20044
17662	20665
17663	20665
17664	20080
17665	20080
17666	20080
17667	14638
17668	16356
17669	16356
17670	16356
17671	23015
17672	23017
17673	23017
17674	16230
17675	16230
17676	16230
17677	23009
17678	16230
17679	16230
17680	16230
17681	14820
17682	14820
17683	17086
17684	17086
17685	14817
17686	14817
17687	14817
17688	14817
17689	14817
17690	14633
17691	14633
17692	14633
17693	14633
17694	14633
17695	16364
17696	16364
17697	16364
17698	14644
17699	14644
17700	14644
17701	14644
17702	16364
17703	16364
17704	14644
17705	14644
17706	14633
17707	14644
17708	14634
17709	16364
17710	14644
17711	14644
17712	14633
17713	14633
17714	14633
17715	14633
17716	16365
17717	14633
17718	14633
17719	14633
17720	14633
17721	14633
17722	14633
17723	14633
17724	14633
17725	14633
17726	14633
17727	16428
17728	16428
17729	16428
17730	16428
17731	16428
17732	16428
17733	16428
17734	16428
17735	16428
17736	20666
17737	19979
17738	19979
17739	20666
17740	20666
17741	20666
17742	20666
17743	20666
17744	20666
17745	20425
17746	20425
17747	20666
17748	20425
17749	20666
17750	20666
17751	20666
17752	19979
17753	19979
17754	20666
17755	20666
17756	20666
17757	20666
17758	20666
17759	20666
17760	20666
17761	20666
17762	20425
17763	20666
17764	20425
17765	20666
17766	20666
17767	16428
17768	16428
17769	16428
17770	16428
17771	20333
17772	20333
17773	20333
17774	20425
17775	20425
17776	20425
17777	20425
17778	20425
17779	20425
17780	20425
17781	20666
17782	20666
17783	20425
17784	20334
17785	20425
17786	20425
17787	20333
17788	20334
17789	14796
17790	20083
17791	20113
17792	20085
17793	20085
17794	20080
17795	15332
17796	20083
17797	20083
17798	20083
17799	20083
17800	20080
17801	14706
17802	20083
17803	20080
17804	20080
17805	20080
17806	19979
17807	20080
17808	20080
17809	20080
17810	20080
17811	20080
17812	20080
17813	20080
17814	20083
17815	15332
17816	20080
17817	20080
17818	20080
17819	20080
17820	15332
17821	15332
17822	20080
17823	20080
17824	20083
17825	20080
17826	15332
17827	15332
17828	20080
17829	20080
17830	20080
17831	5667
17832	5667
17833	20333
17834	20333
17835	20302
17836	20333
17837	20333
17838	20333
17839	20333
17840	20333
17841	20333
17842	20333
17843	20333
17844	20334
17845	20333
17846	20333
17847	20333
17848	20333
17849	20333
17850	20334
17851	20334
17852	20425
17853	20425
17854	20334
17855	20425
17856	20425
17857	20425
17858	20666
17859	20666
17860	20080
17861	20080
17862	20080
17863	20080
17864	20334
17865	20334
17866	20334
17867	20334
17868	20425
17869	20425
17870	20425
17871	20425
17872	20425
17873	20666
17874	20080
17875	20080
17876	19982
17877	20080
17878	20080
17879	20045
17880	20080
17881	20080
17882	20080
17883	20080
17884	20080
17885	20080
17886	19979
17887	20333
17888	20333
17889	20333
17890	20333
17891	20333
17892	20333
17893	20333
17894	20333
17895	20333
17896	20333
17897	20333
17898	20333
17899	20333
17900	20333
17901	20333
17902	20333
17903	20333
17904	20333
17905	20333
17906	20333
17907	20333
17908	16428
17909	16428
17910	16428
17911	16428
17912	16428
17913	16428
17914	16428
17915	16428
17916	16428
17917	16428
17918	16428
17919	16428
17920	5667
17921	5667
17922	5667
17923	5667
17924	16428
17925	16428
17926	5667
17927	5667
17928	5667
17929	5667
17930	11929
17931	11929
17932	5667
17933	5667
17934	5667
17935	5667
17936	11929
17937	11929
17938	5667
17939	5667
17940	5667
17941	5667
17942	5667
17943	5667
17944	5667
17945	5667
17946	5667
17947	5667
17948	13741
17949	13741
17950	13741
17951	5667
17952	13741
17953	13741
17954	13741
17955	13741
17956	5667
17957	5667
17958	5667
17959	5667
17960	5667
17961	5667
17962	5667
17963	5667
17964	20113
17965	20083
17966	14668
17967	5667
17968	5667
17969	20333
17970	5667
17971	5667
17972	5667
17973	20666
17974	19979
17975	19979
17976	20666
17977	20080
17978	20080
17979	20113
17980	20083
17981	20085
17982	16428
17983	16428
17984	16428
17985	13741
17986	5667
17987	5667
17988	20333
17989	20333
17990	13741
17991	13741
17992	13741
17993	20333
17994	20333
17995	20333
17996	20333
17997	20333
17998	20333
17999	20333
18000	20333
18001	20333
18002	20333
18003	20333
18004	20333
18005	20333
18006	20333
18007	20333
18008	20333
18009	20333
18010	20333
18011	20333
18012	20333
18013	20333
18014	20333
18015	20333
18016	20333
18017	20334
18018	20333
18019	20334
18020	20334
18021	20334
18022	20425
18023	20425
18024	20425
18025	20425
18026	20334
18027	20334
18028	20425
18029	20425
18030	20333
18031	20333
18032	20334
18033	20333
18034	20333
18035	20333
18036	20333
18037	20333
18038	20334
18039	20334
18040	20334
18041	20334
18042	20334
18043	20334
18044	20334
18045	20334
18046	20425
18047	20425
18048	20425
18049	20425
18050	20425
18051	20425
18052	20425
18053	20425
18054	20425
18055	14699
18056	14694
18057	14694
18058	16437
18059	14699
18060	20334
18061	20333
18062	20333
18063	20333
18064	20333
18065	20333
18066	20425
18067	20425
18068	20334
18069	20425
18070	20425
18071	20425
18072	20425
18073	20666
18074	20425
18075	20425
18076	20425
18077	20425
18078	20666
18079	20666
18080	20425
18081	20666
18082	20666
18083	20666
18084	20666
18085	20425
18086	20425
18087	20425
18088	20666
18089	20425
18090	20425
18091	20425
18092	20425
18093	20425
18094	20425
18095	20425
18096	20425
18097	20425
18098	20334
18099	20334
18100	20334
18101	20334
18102	20334
18103	20334
18104	20334
18105	20334
18106	20334
18107	14699
18108	14694
18109	14694
18110	16437
18111	16437
18112	14694
18113	14694
18114	16437
18115	20333
18116	20333
18117	20333
18118	20333
18119	20333
18120	16437
18121	16437
18122	20333
18123	20333
18124	20333
18125	20333
18126	20333
18127	20333
18128	20333
18129	20333
18130	20333
18131	20333
18132	20425
18133	20334
18134	20425
18135	20334
18136	20665
18137	20334
18138	20333
18139	20333
18140	20425
18141	20334
18142	20334
18143	20334
18144	20425
18145	20425
18146	20425
18147	20425
18148	20334
18149	20334
18150	20425
18151	20425
18152	20425
18153	20425
18154	20425
18155	20425
18156	20425
18157	20425
18158	20425
18159	20425
18160	20425
18161	20425
18162	20425
18163	20425
18164	20425
18165	20425
18166	20425
18167	20425
18168	20425
18169	20425
18170	20425
18171	20425
18172	20425
18173	20425
18174	20425
18175	20425
18176	20425
18177	20425
18178	20425
18179	20425
18180	20425
18181	20425
18182	20425
18183	20425
18184	20334
18185	20425
18186	20425
18187	20425
18188	20334
18189	20334
18190	20334
18191	20334
18192	20334
18193	20334
18194	20334
18195	20334
18196	20334
18197	20334
18198	20334
18199	20334
18200	20334
18201	20334
18202	20334
18203	20334
18204	20334
18205	20334
18206	20334
18207	20334
18208	20334
18209	20334
18210	20333
18211	20333
18212	20334
18213	20334
18214	20334
18215	20334
18216	20334
18217	20333
18218	20334
18219	20334
18220	20334
18221	20333
18222	20333
18223	20333
18224	20333
18225	20334
18226	20334
18227	16437
18228	16438
18229	14694
18230	16437
18231	16437
18232	16438
18233	16438
18234	20333
18235	16437
18236	20333
18237	20333
18238	20333
18239	16437
18240	16437
18241	16437
18242	20333
18243	20333
18244	20333
18245	20333
18246	20333
18247	20333
18248	20333
18249	20333
18250	20333
18251	20333
18252	20333
18253	20333
18254	20334
18255	20333
18256	20333
18257	20333
18258	20333
18259	20333
18260	20334
18261	20333
18262	20333
18263	20333
18264	20334
18265	20334
18266	20334
18267	20334
18268	20333
18269	20334
18270	20425
18271	20334
18272	20425
18273	20334
18274	20334
18275	20334
18276	20425
18277	20425
18278	20425
18279	20425
18280	20425
18281	20425
18282	20334
18283	20334
18284	20425
18285	20425
18286	20334
18287	20425
18288	20425
18289	20425
18290	20425
18291	20425
18292	20425
18293	20425
18294	20425
18295	20425
18296	20425
18297	20425
18298	20425
18299	20425
18300	20425
18301	20425
18302	20334
18303	20425
18304	20425
18305	20425
18306	20334
18307	20334
18308	20334
18309	20334
18310	20334
18311	20334
18312	20334
18313	20334
18314	20334
18315	20334
18316	20334
18317	20334
18318	20334
18319	20334
18320	20334
18321	20334
18322	20334
18323	20334
18324	20334
18325	20334
18326	20334
18327	20334
18328	20334
18329	20334
18330	20334
18331	20334
18332	20334
18333	20334
18334	20334
18335	20334
18336	20333
18337	20333
18338	20334
18339	20333
18340	20334
18341	20334
18342	20334
18343	20333
18344	20333
18345	20333
18346	20333
18347	20333
18348	20333
18349	20333
18350	20333
18351	20333
18352	20333
18353	20333
18354	20333
18355	20333
18356	20333
18357	20333
18358	20333
18359	13741
18360	13741
18361	20333
18362	20333
18363	20333
18364	16437
18365	16438
18366	16438
18367	16437
18368	16437
18369	16437
18370	20333
18371	20333
18372	20333
18373	20333
18374	20333
18375	20333
18376	20333
18377	20333
18378	20333
18379	20333
18380	20333
18381	20333
18382	20334
18383	20333
18384	20333
18385	20334
18386	20334
18387	20334
18388	20334
18389	20334
18390	20334
18391	20334
18392	20334
18393	20334
18394	20334
18395	20425
18396	20334
18397	20334
18398	20334
18399	20334
18400	20334
18401	20334
18402	20334
18403	20334
18404	20334
18405	20425
18406	20334
18407	20334
18408	20334
18409	20334
18410	20334
18411	20425
18412	20334
18413	20334
18414	20334
18415	20334
18416	20334
18417	20334
18418	20334
18419	20334
18420	20334
18421	20334
18422	20334
18423	20334
18424	20334
18425	20334
18426	20334
18427	20334
18428	20334
18429	20334
18430	20334
18431	20334
18432	20334
18433	20334
18434	20334
18435	20334
18436	20334
18437	20334
18438	20334
18439	20334
18440	20334
18441	20334
18442	20334
18443	20334
18444	20334
18445	20334
18446	20334
18447	20334
18448	20334
18449	20334
18450	20334
18451	20334
18452	20334
18453	20334
18454	20334
18455	20333
18456	20333
18457	20333
18458	20334
18459	20334
18460	20334
18461	20333
18462	20333
18463	20333
18464	20333
18465	20333
18466	13741
18467	13741
18468	13741
18469	13741
18470	13741
18471	13741
18472	13741
18473	13741
18474	13741
18475	13741
18476	13741
18477	13741
18478	5667
18479	5667
18480	5667
18481	5667
18482	5667
18483	5667
18484	5667
18485	16428
18486	5667
18487	5667
18488	16428
18489	16428
18490	16428
18491	16428
18492	16428
18493	16428
18494	16428
18495	16428
18496	20334
18497	20334
18498	16419
18499	20334
18500	20334
18501	20334
18502	20334
18503	20334
18504	20334
18505	20334
18506	20334
18507	20334
18508	20334
18509	20334
18510	20334
18511	20334
18512	20334
18513	20334
18514	20334
18515	20334
18516	20334
18517	20334
18518	20334
18519	20334
18520	20334
18521	20334
18522	20334
18523	20334
18524	20334
18525	20334
18526	20334
18527	20334
18528	20334
18529	20333
18530	20334
18531	20334
18532	20333
18533	20333
18534	20333
18535	20333
18536	20333
18537	20333
18538	13741
18539	13741
18540	13741
18541	13741
18542	13741
18543	13741
18544	13741
18545	13741
18546	13741
18547	5667
18548	5667
18549	5667
18550	5667
18551	5667
18552	5667
18553	16428
18554	5667
18555	5667
18556	16428
18557	16428
18558	16428
18559	16428
18560	16428
18561	16428
18562	16428
18563	16428
18564	20333
18565	20333
18566	16311
18567	16311
18568	16311
18569	14703
18570	14703
18571	14712
18572	14703
18573	14702
18574	14702
18575	14702
18576	14706
18577	14706
18578	16302
18579	14667
18580	14667
18581	14667
18582	16309
18583	16309
18584	14585
18585	14585
18586	14585
18587	16311
18588	16311
18589	14697
18590	14702
18591	20080
18592	20110
18593	20110
18594	20085
18595	20083
18596	20083
18597	20083
18598	20083
18599	15332
18600	20083
18601	15332
18602	20080
18603	14668
18604	20083
18605	20080
18606	20080
18607	19979
18608	20080
18609	19979
18610	20666
18611	20080
18612	20080
18613	20080
18614	19979
18615	20080
18616	20080
18617	19982
18618	20080
18619	19979
18620	19979
18621	20666
18622	20666
18623	20425
18624	20333
18625	5667
18626	11929
18627	8909
18628	3863
18629	12163
18630	12163
18631	12163
18632	8919
18633	20333
18634	20333
18635	5667
18636	11929
18637	20333
18638	20333
18639	20333
18640	5667
18641	20333
18642	5667
18643	14676
18644	14676
18645	14676
18646	14668
18647	20083
18648	15332
18649	16309
18650	20666
18651	20425
18652	20425
18653	20425
18654	20666
18655	19982
18656	20333
18657	20333
18658	20333
18659	20333
18660	20333
18661	20333
18662	20333
18663	20333
18664	20333
18665	20333
18666	20333
18667	20333
18668	20333
18669	20333
18670	20333
18671	20333
18672	20333
18673	20333
18674	20333
18675	20333
18676	20333
18677	20333
18678	20333
18679	20333
18680	20333
18681	20333
18682	20333
18683	20333
18684	20333
18685	20333
18686	20333
18687	20425
18688	20425
18689	20666
18690	19979
18691	20317
18692	20317
18693	20425
18694	20425
18695	20425
18696	20665
18697	20333
18698	20333
18699	20333
18700	20665
18701	17096
18702	17096
18703	20666
18704	20666
18705	20333
18706	20425
18707	20334
18708	20666
18709	19979
18710	19982
18711	19979
18712	19979
18713	20333
18714	20333
18715	20333
18716	20333
18717	20333
18718	20333
18719	20333
18720	20333
18721	20333
18722	20333
18723	14633
18724	14633
18725	17557
18726	17557
18727	23039
18728	23039
18729	17557
18730	17557
18731	16238
18732	16238
18733	17560
18734	24048
18735	23021
18736	24048
18737	24048
18738	24048
18739	23038
18740	23038
18741	23038
18742	23009
18743	23009
18744	23009
18745	23009
18746	16230
18747	23009
18748	14766
18749	14766
18750	14766
18751	14766
18752	23009
18753	23009
18754	14766
18755	14766
18756	16355
18757	14766
18758	14766
18759	14766
18760	23040
18761	23040
18762	16238
18763	16238
18764	16238
18765	16238
18766	23040
18767	23040
18768	23040
18769	23040
18770	17574
18771	17574
18772	17574
18773	14751
18774	23039
18775	23039
18776	16238
18777	17560
18778	17574
18779	23040
18780	17574
18781	16238
18782	16238
18783	23040
18784	14817
18785	14817
18786	14817
18787	17545
18788	17539
18789	14126
18790	17543
18791	17543
18792	17543
18793	17543
18794	14126
18795	17545
18796	17542
18797	17543
18798	14731
18799	17543
18800	17543
18801	17543
18802	14730
18803	14731
18804	15916
18805	15916
18806	16376
18807	14731
18808	17546
18809	14730
18810	14730
18811	14765
18812	14729
18813	16141
18814	16350
18815	15916
18816	15916
18817	23017
18818	14766
18819	23142
18820	23142
18821	23020
18822	23020
18823	23142
18824	14631
18825	18808
18826	23020
18827	14631
18828	14631
18829	14631
18830	14631
18831	14631
18832	14631
18833	23020
18834	23142
18835	23015
18836	15916
18837	14631
18838	16376
18839	14631
18840	12163
18841	12163
18842	24042
18843	12163
18844	17086
18845	14820
18846	17086
18847	17086
18848	23040
18849	17086
18850	23040
18851	23040
18852	23040
18853	23040
18854	23040
18855	23040
18856	23040
18857	5864
18858	12703
18859	12177
18860	12177
18861	12163
18862	12062
18863	5840
18864	12062
18865	5864
18866	12062
18867	12062
18868	12062
18869	5864
18870	20333
18871	20333
18872	20333
18873	16428
18874	16428
18875	16428
18876	16428
18877	4651
18878	4651
18879	4651
18880	9088
18881	12163
18882	12163
18883	12163
18884	3863
18885	8919
18886	4651
18887	4651
18888	9088
18889	9088
18890	9088
18891	9088
18892	9088
18893	9088
18894	12163
18895	12703
18896	12177
18897	16311
18898	14703
18899	14711
18900	14766
18901	14766
18902	14766
18903	23017
18904	14766
18905	14638
18906	16356
18907	16356
18908	16356
18909	16365
18910	16365
18911	16365
18912	16365
18913	16365
18914	16365
18915	14638
18916	14638
18917	16365
18918	16365
18919	16365
18920	23017
18921	14638
18922	16356
18923	14766
18924	23009
18925	23009
18926	23009
18927	16230
18928	16355
18929	16355
18930	20333
18931	20333
18932	20333
18933	20333
18934	20333
18935	20333
18936	20333
18937	20333
18938	20333
18939	20333
18940	20333
18941	20334
18942	20333
18943	20333
18944	20333
18945	20334
18946	20334
18947	20334
18948	20334
18949	20334
18950	20334
18951	20334
18952	20334
18953	20334
18954	20334
18955	20334
18956	20334
18957	20334
18958	20334
18959	20334
18960	20334
18961	20333
18962	20334
18963	20334
18964	20333
18965	20333
18966	20333
18967	20333
18968	20333
18969	20333
18970	13741
18971	13741
18972	13741
18973	13741
18974	13741
18975	13741
18976	13741
18977	13741
18978	13741
18979	5667
18980	5667
18981	5667
18982	5667
18983	5667
18984	5667
18985	16428
18986	5667
18987	5667
18988	16428
18989	16428
18990	16428
18991	16428
18992	16428
18993	16428
18994	14655
18995	16428
18996	20334
18997	20334
18998	20334
18999	20334
19000	20334
19001	20334
19002	20334
19003	20334
19004	20334
19005	20334
19006	20334
19007	20334
19008	20334
19009	20334
19010	20334
19011	20334
19012	20334
19013	20334
19014	20334
19015	20334
19016	20334
19017	20334
19018	20334
19019	20334
19020	20334
19021	20334
19022	20334
19023	20334
19024	20334
19025	20334
19026	20334
19027	20334
19028	20334
19029	20334
19030	20334
19031	20333
19032	20334
19033	20333
19034	20333
19035	20333
19036	20333
19037	20333
19038	20333
19039	20333
19040	20333
19041	20333
19042	20333
19043	13741
19044	20333
19045	13741
19046	13741
19047	13741
19048	20333
19049	13741
19050	13741
19051	13741
19052	13741
19053	13741
19054	13741
19055	13741
19056	13741
19057	13741
19058	13741
19059	13741
19060	13741
19061	13741
19062	13741
19063	5667
19064	13741
19065	13741
19066	13741
19067	5667
19068	5667
19069	5667
19070	5667
19071	13741
19072	13741
19073	5667
19074	5667
19075	16428
19076	5667
19077	5667
19078	5667
19079	5667
19080	5667
19081	16428
19082	16428
19083	5667
19084	5667
19085	16428
19086	16428
19087	16428
19088	16428
19089	16428
19090	16428
19091	16428
19092	16428
19093	14655
19094	14655
19095	14655
19096	14655
19097	14655
19098	14655
19099	14655
19100	20334
19101	20334
19102	20334
19103	20334
19104	20334
19105	20334
19106	20334
19107	20334
19108	20334
19109	20334
19110	20334
19111	20334
19112	20334
19113	20334
19114	20334
19115	20334
19116	20334
19117	20334
19118	20334
19119	20334
19120	20334
19121	20334
19122	20334
19123	20334
19124	20334
19125	20334
19126	20334
19127	20334
19128	20334
19129	20334
19130	20334
19131	20333
19132	20333
19133	20333
19134	20333
19135	20333
19136	20333
19137	20333
19138	20333
19139	20333
19140	20333
19141	13741
19142	20333
19143	20333
19144	20333
19145	13741
19146	13741
19147	13741
19148	13741
19149	13741
19150	13741
19151	13741
19152	13741
19153	13741
19154	13741
19155	13741
19156	13741
19157	13741
19158	13741
19159	13741
19160	13741
19161	13741
19162	13741
19163	13741
19164	13741
19165	13741
19166	13741
19167	13741
19168	13741
19169	5667
19170	13741
19171	13741
19172	13741
19173	13741
19174	13741
19175	5667
19176	13741
19177	16428
19178	13741
19179	5667
19180	13741
19181	13741
19182	13741
19183	14655
19184	14655
19185	14655
19186	13741
19187	14655
19188	14655
19189	14655
19190	14655
19191	14655
19192	14655
19193	14655
19194	14655
19195	14655
19196	14655
19197	14655
19198	14655
19199	14655
19200	14655
19201	14655
19202	20334
19203	20334
19204	20334
19205	20334
19206	20334
19207	20334
19208	20334
19209	20334
19210	20334
19211	20334
19212	20334
19213	20334
19214	20334
19215	20333
19216	20333
19217	13741
19218	20333
19219	13741
19220	13741
19221	13741
19222	13741
19223	13741
19224	13741
19225	13741
19226	13741
19227	13741
19228	13741
19229	13741
19230	13741
19231	13741
19232	13741
19233	13741
19234	13741
19235	13741
19236	13741
19237	13741
19238	13741
19239	13741
19240	13741
19241	13741
19242	13741
19243	13741
19244	13741
19245	13741
19246	13741
19247	13741
19248	13741
19249	13741
19250	13741
19251	13741
19252	13741
19253	14655
19254	14655
19255	14655
19256	13741
19257	13741
19258	13741
19259	14655
19260	14655
19261	14655
19262	14655
19263	14655
19264	14655
19265	14655
19266	14655
19267	14655
19268	14655
19269	14655
19270	14655
19271	14655
19272	14655
19273	14655
19274	14655
19275	14655
19276	14655
19277	14655
19278	16437
19279	16438
19280	16438
19281	16437
19282	16437
19283	16437
19284	20333
19285	20333
19286	20333
19287	20333
19288	20333
19289	20333
19290	20333
19291	20333
19292	20333
19293	20333
19294	20333
19295	20333
19296	20333
19297	20333
19298	16438
19299	16438
19300	16438
19301	16437
19302	16438
19303	16438
19304	16438
19305	16437
19306	16437
19307	20333
19308	20333
19309	20333
19310	16437
19311	16438
19312	16438
19313	20333
19314	20333
19315	16437
19316	16437
19317	20333
19318	20333
19319	20333
19320	20333
19321	20333
19322	20333
19323	20333
19324	20333
19325	20333
19326	20333
19327	20333
19328	20333
19329	20333
19330	20333
19331	20333
19332	20333
19333	20333
19334	20333
19335	20334
19336	20333
19337	20334
19338	20333
19339	20333
19340	20333
19341	20334
19342	20334
19343	20334
19344	20334
19345	20334
19346	20334
19347	20334
19348	20334
19349	20334
19350	20334
19351	20334
19352	20334
19353	20334
19354	20334
19355	20334
19356	20334
19357	20334
19358	16438
19359	16438
19360	16438
19361	16438
19362	16438
19363	16438
19364	16438
19365	16438
19366	16438
19367	20333
19368	14653
19369	14653
19370	16438
19371	16438
19372	16438
19373	20333
19374	20333
19375	14653
19376	14653
19377	20333
19378	20333
19379	13741
19380	13741
19381	20333
19382	20333
19383	20333
19384	20333
19385	20333
19386	20333
19387	20333
19388	20333
19389	13741
19390	13741
19391	20333
19392	20333
19393	20333
19394	20333
19395	20333
19396	20333
19397	20333
19398	20333
19399	20333
19400	20333
19401	20334
19402	20333
19403	20334
19404	20334
19405	20333
19406	20333
19407	20334
19408	20334
19409	20334
19410	20334
19411	20334
19412	20334
19413	20334
19414	20334
19415	20334
19416	20334
19417	20334
19418	20334
19419	20334
19420	20334
19421	20334
19422	20334
19423	20334
19424	20334
19425	20334
19426	20334
19427	20334
19428	20334
19429	20334
19430	20334
19431	20334
19432	16438
19433	16438
19434	16438
19435	14655
19436	16438
19437	14655
19438	14655
19439	14653
19440	16438
19441	14653
19442	14653
19443	14653
19444	14655
19445	14655
19446	14655
19447	13741
19448	14653
19449	14653
19450	14653
19451	13741
19452	13741
19453	13741
19454	13741
19455	13741
19456	13741
19457	13741
19458	13741
19459	20333
19460	13741
19461	13741
19462	13741
19463	13741
19464	13741
19465	20333
19466	13741
19467	13741
19468	13741
19469	20333
19470	20333
19471	20333
19472	20333
19473	13741
19474	20333
19475	20334
19476	20333
19477	20334
19478	20333
19479	20333
19480	20333
19481	20334
19482	20334
19483	20334
19484	20334
19485	20334
19486	20334
19487	20334
19488	20334
19489	20334
19490	20334
19491	20334
19492	20334
19493	20334
19494	20334
19495	20334
19496	20334
19497	20334
19498	20334
19499	20334
19500	20334
19501	20334
19502	20334
19503	20334
19504	20334
19505	20334
19506	14655
19507	14655
19508	14655
19509	14655
19510	14655
19511	14655
19512	14655
19513	14655
19514	14655
19515	13741
19516	14653
19517	14653
19518	14655
19519	14655
19520	14655
19521	13741
19522	13741
19523	14653
19524	14653
19525	13741
19526	13741
19527	13741
19528	13741
19529	13741
19530	13741
19531	13741
19532	13741
19533	13741
19534	13741
19535	13741
19536	13741
19537	13741
19538	13741
19539	13741
19540	13741
19541	13741
19542	13741
19543	20333
19544	13741
19545	20333
19546	20333
19547	13741
19548	13741
19549	20333
19550	20333
19551	20334
19552	20333
19553	20333
19554	20333
19555	20334
19556	20334
19557	20334
19558	20334
19559	20334
19560	20334
19561	20334
19562	20333
19563	20334
19564	20334
19565	20334
19566	20334
19567	20334
19568	20334
19569	20334
19570	20334
19571	20334
19572	20334
19573	20334
19574	20334
19575	20334
19576	20333
19577	20333
19578	20333
19579	20333
19580	20333
19581	20333
19582	20334
19583	20334
19584	20488
19585	15226
19586	19847
19587	15202
19588	15226
19589	15226
19590	20007
19591	20007
19592	20499
19593	20370
19594	19851
19595	19845
19596	19845
19597	20591
19598	20080
19599	20007
19600	20080
19601	20080
19602	20080
19603	20080
19604	20080
19605	20080
19606	20080
19607	20080
19608	20112
19609	20080
19610	15247
19611	20370
19612	19851
19613	20338
19614	15247
19615	20369
19616	20336
19617	20336
19618	20336
19619	20338
19620	20336
19621	20336
19622	20336
19623	20334
19624	20336
19625	20334
19626	20334
19627	20334
19628	20334
19629	20334
19630	20334
19631	20334
19632	20333
19633	20317
19634	20333
19635	20333
19636	15349
19637	20007
19638	20007
19639	20333
19640	20333
19641	20333
19642	20317
19643	20333
19644	20333
19645	20333
19646	20317
19647	20317
19648	20317
19649	20317
19650	20317
19651	20317
19652	20317
19653	20317
19654	20317
19655	20317
19656	20317
19657	20317
19658	20317
19659	20317
19660	20333
19661	20333
19662	20333
19663	20333
19664	20333
19665	20333
19666	20333
19667	20333
19668	20333
19669	19982
19670	19982
19671	19982
19672	19982
19673	19982
19674	14039
19675	19982
19676	14039
19677	14039
19678	14039
19679	14039
19680	20425
19681	20425
19682	14039
19683	14039
19684	20364
19685	20336
19686	20364
19687	20425
19688	20425
19689	15247
19690	20364
19691	20336
19692	20336
19693	20317
19694	20317
19695	20317
19696	20317
19697	20317
19698	20317
19699	20317
19700	14750
19701	14750
19702	14750
19703	14750
19704	20317
19705	20317
19706	17577
19707	14750
19708	14750
19709	20333
19710	20409
19711	20333
19712	20664
19713	20333
19714	20333
19715	20333
19716	20409
19717	20664
19718	20425
19719	20425
19720	20425
19721	20425
19722	20425
19723	14039
19724	20425
19725	20425
19726	20425
19727	14039
19728	14039
19729	14039
19730	14039
19731	20425
19732	14039
19733	20333
19734	20333
19735	20333
19736	20333
19737	20333
19738	20333
19739	20333
19740	20333
19741	20333
19742	20333
19743	20333
19744	20333
19745	20333
19746	20333
19747	20333
19748	20333
19749	20333
19750	20333
19751	20333
19752	20333
19753	20333
19754	20333
19755	20333
19756	20363
19757	20333
19758	20333
19759	20664
19760	20333
19761	20333
19762	20333
19763	20664
19764	20664
19765	20333
19766	20333
19767	20665
19768	20409
19769	20333
19770	20665
19771	20409
19772	20425
19773	20425
19774	20409
19775	20665
19776	20425
19777	20425
19778	20664
19779	20409
19780	20425
19781	20665
19782	14039
19783	20425
19784	20425
19785	20425
19786	14039
19787	20425
19788	20425
19789	20333
19790	20333
19791	20333
19792	20333
19793	20333
19794	20333
19795	20333
19796	20333
19797	20333
19798	20333
19799	20317
19800	20317
19801	20317
19802	20317
19803	20333
19804	20333
19805	20333
19806	20333
19807	20333
19808	20333
19809	20333
19810	20333
19811	20333
19812	20333
19813	20317
19814	20317
19815	20317
19816	20333
19817	20333
19818	20333
19819	20333
19820	20333
19821	20664
19822	20333
19823	20425
19824	20425
19825	20425
19826	20665
19827	14039
19828	20425
19829	20333
19830	20333
19831	20664
19832	20664
19833	20425
19834	20425
19835	20409
19836	20425
19837	20665
19838	20665
19839	20409
19840	20317
19841	20317
19842	20317
19843	20317
19844	20317
19845	20333
19846	20336
19847	20336
19848	20333
19849	20333
19850	20333
19851	20333
19852	20336
19853	20363
19854	20336
19855	15248
19856	20336
19857	20333
19858	20333
19859	20333
19860	20333
19861	20333
19862	20333
19863	20333
19864	20333
19865	20333
19866	20333
19867	20334
19868	20333
19869	20333
19870	20333
19871	20333
19872	20333
19873	20333
19874	20333
19875	20333
19876	20333
19877	20333
19878	20333
19879	20333
19880	20333
19881	20333
19882	20333
19883	20317
19884	20317
19885	20317
19886	20333
19887	20333
19888	19982
19889	14039
19890	19982
19891	19982
19892	19982
19893	19982
19894	19982
19895	19982
19896	20317
19897	20317
19898	19982
19899	20044
19900	20044
19901	19982
19902	19982
19903	19982
19904	19982
19905	20080
19906	20080
19907	20044
19908	20044
19909	20044
19910	20080
19911	19982
19912	19982
19913	14039
19914	19982
19915	19982
19916	19982
19917	20044
19918	20044
19919	14039
19920	19982
19921	20044
19922	19982
19923	20080
19924	20080
19925	20080
19926	20080
19927	20080
19928	20080
19929	20317
19930	20317
19931	20317
19932	20317
19933	20317
19934	20317
19935	16343
19936	16343
19937	20317
19938	20317
19939	20317
19940	20333
19941	20317
19942	20317
19943	20317
19944	20317
19945	20317
19946	20317
19947	20317
19948	20333
19949	20333
19950	20317
19951	20317
19952	20333
19953	20333
19954	20317
19955	20317
19956	20317
19957	20317
19958	20317
19959	20333
19960	20333
19961	20333
19962	20333
19963	20333
19964	20333
19965	20333
19966	20333
19967	20665
19968	20409
19969	20333
19970	20664
19971	20333
19972	20425
19973	14039
19974	20333
19975	20363
19976	20333
19977	20333
19978	20333
19979	20363
19980	20363
19981	20665
19982	20363
19983	20363
19984	20363
19985	20333
19986	20333
19987	20363
19988	20363
19989	20333
19990	20333
19991	20425
19992	20665
19993	20425
19994	20665
19995	15249
19996	20363
19997	20333
19998	20363
19999	20425
20000	20425
20001	20425
20002	20665
20003	20363
20004	20363
20005	20425
20006	20425
20007	20425
20008	20425
20009	20363
20010	15249
20011	14039
20012	20425
20013	20425
20014	20364
20015	14039
20016	14039
20017	14039
20018	20425
20019	14039
20020	14039
20021	14039
20022	14039
20023	20425
20024	19984
20025	14039
20026	15226
20027	14039
20028	19851
20029	14039
20030	15226
20031	15226
20032	15226
20033	19851
20034	19852
20035	20333
20036	20333
20037	20333
20038	20409
20039	20665
20040	20409
20041	20665
20042	20425
20043	20425
20044	20665
20045	20425
20046	20425
20047	20425
20048	20425
20049	20425
20050	20425
20051	14039
20052	20425
20053	20425
20054	14039
20055	14039
20056	14039
20057	19982
20058	14039
20059	14039
20060	19982
20061	19984
20062	14039
20063	19982
20064	19982
20065	19984
20066	20044
20067	19982
20068	15226
20069	20044
20070	20044
20071	20007
20072	20333
20073	14039
20074	20425
20075	20425
20076	20425
20077	20425
20078	14039
20079	14039
20080	20425
20081	14039
20082	14039
20083	14039
20084	14039
20085	19982
20086	14039
20087	14039
20088	19982
20089	19982
20090	19982
20091	20044
20092	19982
20093	19982
20094	20044
20095	20044
20096	20044
20097	20080
20098	20044
20099	20044
20100	20080
20101	20080
20102	20080
20103	20425
20104	20425
20105	19982
20106	14039
20107	14039
20108	19982
20109	19982
20110	14039
20111	19982
20112	19982
20113	19982
20114	20044
20115	19982
20116	19982
20117	20080
20118	20044
20119	20044
20120	20080
20121	20080
20122	20044
20123	20080
20124	20080
20125	20080
20126	20080
20127	20080
20128	20080
20129	20080
20130	20080
20131	20080
20132	20080
20133	20409
20134	20665
20135	19982
20136	19982
20137	14039
20138	20044
20139	19982
20140	20044
20141	20044
20142	20080
20143	20080
20144	20044
20145	20080
20146	20080
20147	20080
20148	20080
20149	20080
20150	20080
20151	20080
20152	20080
20153	20080
20154	20080
20155	20080
20156	20080
20157	20080
20158	20080
20159	20080
20160	19982
20161	20044
20162	20044
20163	20080
20164	20080
20165	20080
20166	20080
20167	14039
20168	14039
20169	20425
20170	14039
20171	14039
20172	24074
20173	14039
20174	14039
20175	14039
20176	20425
20177	20425
20178	24074
20179	20425
20180	20425
20181	20425
20182	24074
20183	24074
20184	20425
20185	20425
20186	20664
20187	20409
20188	20409
20189	20665
20190	20333
20191	20664
20192	20409
20193	20409
20194	20665
20195	20664
20196	20665
20197	20665
20198	20665
20199	20665
20200	20425
20201	20333
20202	20333
20203	20333
20204	20333
20205	20333
20206	20333
20207	20333
20208	20333
20209	20333
20210	20317
20211	20317
20212	20333
20213	20333
20214	20317
20215	20317
20216	20317
20217	20317
20218	20317
20219	20317
20220	20317
20221	20317
20222	20317
20223	20317
20224	20317
20225	20317
20226	20317
20227	20317
20228	20317
20229	20317
20230	20317
20231	20317
20232	20317
20233	20317
20234	20317
20235	20317
20236	20317
20237	20317
20238	20317
20239	20317
20240	20317
20241	20333
20242	20317
20243	20317
20244	20333
20245	20333
20246	20333
20247	20333
20248	20333
20249	17577
20250	16343
20251	16343
20252	20317
20253	20317
20254	20317
20255	20317
20256	20333
20257	20333
20258	20333
20259	20333
20260	20333
20261	20333
20262	20333
20263	20333
20264	20317
20265	20317
20266	16343
20267	17577
20268	16343
20269	16343
20270	14609
20271	14609
20272	16343
20273	16343
20274	16343
20275	16343
20276	16343
20277	16343
20278	16343
20279	20317
20280	16343
20281	20317
20282	20317
20283	20317
20284	20317
20285	20333
20286	20333
20287	20333
20288	20333
20289	20333
20290	20333
20291	20333
20292	16343
20293	14609
20294	16343
20295	16343
20296	16343
20297	16343
20298	16343
20299	16343
20300	16343
20301	20317
20302	20333
20303	20333
20304	20333
20305	20333
20306	20333
20307	20333
20308	20333
20309	20333
20310	20333
20311	20333
20312	20317
20313	20317
20314	16343
20315	16343
20316	20333
20317	20317
20318	20333
20319	20333
20320	20317
20321	20317
20322	20317
20323	20317
20324	20317
20325	20317
20326	20317
20327	16343
20328	20317
20329	16343
20330	16343
20331	20333
20332	20333
20333	20333
20334	20333
20335	20333
20336	20333
20337	20333
20338	20333
20339	20333
20340	20333
20341	20333
20342	20317
20343	20317
20344	20317
20345	20317
20346	20317
20347	20317
20348	20317
20349	20317
20350	20317
20351	20333
20352	20317
20353	20317
20354	20317
20355	20333
20356	20333
20357	20333
20358	20333
20359	20333
20360	20333
20361	20333
20362	20333
20363	20333
20364	20333
20365	20333
20366	20333
20367	20333
20368	20333
20369	20333
20370	20333
20371	20317
20372	20317
20373	20317
20374	20333
20375	20333
20376	20317
20377	20333
20378	20333
20379	20333
20380	20333
20381	20333
20382	20333
20383	20333
20384	20333
20385	20333
20386	20333
20387	20333
20388	20333
20389	20333
20390	20333
20391	20333
20392	20333
20393	20333
20394	20333
20395	20333
20396	20333
20397	20333
20398	20333
20399	20333
20400	20317
20401	20333
20402	20317
20403	20317
20404	20333
20405	20317
20406	20333
20407	20333
20408	20333
20409	20333
20410	20333
20411	20333
20412	20333
20413	20333
20414	20333
20415	20333
20416	20333
20417	20333
20418	20363
20419	20333
20420	20336
20421	20333
20422	20333
20423	20333
20424	20333
20425	20333
20426	20333
20427	20333
20428	20333
20429	20333
20430	20333
20431	20363
20432	20363
20433	20333
20434	20333
20435	20333
20436	20333
20437	20334
20438	20438
20439	20333
20440	20333
20441	20334
20442	20334
20443	20334
20444	20334
20445	20334
20446	20334
20447	20336
20448	20334
20449	20334
20450	20334
20451	20336
20452	20336
20453	20336
20454	20336
20455	20336
20456	20336
20457	15247
20458	20368
20459	20336
20460	15247
20461	15247
20462	19851
20463	15247
20464	19851
20465	19851
20466	20333
20467	20333
20468	20333
20469	20333
20470	20333
20471	20333
20472	20333
20473	20334
20474	20334
20475	20333
20476	20334
20477	20333
20478	20334
20479	20334
20480	20334
20481	20334
20482	20334
20483	20336
20484	20336
20485	20336
20486	20364
20487	15247
20488	20394
20489	20333
20490	20333
20491	20333
20492	20333
20493	20333
20494	20333
20495	20333
20496	20333
20497	20333
20498	20334
20499	20336
20500	20364
20501	20333
20502	20333
20503	20425
20504	20333
20505	20333
20506	20333
20507	20317
20508	20317
20509	20333
20510	20317
20511	20333
20512	20317
20513	20333
20514	20333
20515	20317
20516	20317
20517	20317
20518	20317
20519	20317
20520	20317
20521	20333
20522	20317
20523	20317
20524	20317
20525	20317
20526	20317
20527	20080
20528	20044
20529	19982
20530	19982
20531	14039
20532	14039
20533	14039
20534	20425
20535	20425
20536	20425
20537	20409
20538	20665
20539	20333
20540	20333
20541	20080
20542	20080
20543	20044
20544	20080
20545	20044
20546	14039
20547	20425
20548	20409
20549	20425
20550	20333
20551	20080
20552	20080
20553	20080
20554	20080
20555	20080
20556	20080
20557	20080
20558	20080
20559	20080
20560	20080
20561	20080
20562	20080
20563	20080
20564	20080
20565	20080
20566	20080
20567	20080
20568	20080
20569	20080
20570	20080
20571	20080
20572	20080
20573	20080
20574	20080
20575	20080
20576	20080
20577	20080
20578	20080
20579	20080
20580	20080
20581	20080
20582	20080
20583	20080
20584	20080
20585	20080
20586	20080
20587	19982
20588	14039
20589	15202
20590	15226
20591	20007
20592	20080
20593	20080
20594	20080
20595	20080
20596	19851
20597	15247
20598	20336
20599	20334
20600	20334
20601	20333
20602	20333
20603	20333
20604	20333
20605	20333
20606	20317
20607	16343
20608	20317
20609	20317
20610	20080
20611	20080
20612	20080
20613	20317
20614	14039
20615	14039
20616	20425
20617	14039
20618	20425
20619	20425
20620	20665
20621	20591
20622	20317
20623	20317
20624	19982
20625	19982
20626	20044
20627	19982
20628	20044
20629	19982
20630	20317
20631	20044
20632	20080
20633	20080
20634	20044
20635	19982
20636	20080
20637	20080
20638	20080
20639	20080
20640	20080
20641	20080
20642	20080
20643	20080
20644	20080
20645	20044
20646	20044
20647	19982
20648	20333
20649	20333
20650	20333
20651	20333
20652	20333
20653	20333
20654	20425
20655	20425
20656	20425
20657	20425
20658	20425
20659	20425
20660	16343
20661	16343
20662	20317
20663	20333
20664	20333
20665	20333
20666	20333
20667	20363
20668	20665
20669	20425
20670	12163
20671	12163
20672	12163
20673	12163
20674	12163
20675	4651
20676	4651
20677	9088
20678	9088
20679	11929
20680	11929
20681	4651
20682	8909
20683	12163
20684	12163
20685	20334
20686	20334
20687	14644
20688	14644
20689	14644
20690	14644
20691	14644
20692	14644
20693	14633
20694	17611
20695	17611
20696	17611
20697	17606
20698	23009
20699	23009
20700	23009
20701	23009
20702	14766
20703	14766
20704	14766
20705	14766
20706	14766
20707	16365
20708	16365
20709	14638
20710	16365
20711	14766
20712	14766
20713	23039
20714	23039
20715	23039
20716	23039
20717	17220
20718	23039
20719	23039
20720	23038
20721	14644
20722	14644
20723	14644
20724	14644
20725	14644
20726	14644
20727	14644
20728	16230
20729	16230
20730	16230
20731	12062
20732	12062
20733	12062
20734	12062
20735	17606
20736	17609
20737	16365
20738	16365
20739	14633
20740	14633
20741	16365
20742	16365
20743	16365
20744	16365
20745	14633
20746	16365
20747	16365
20748	16355
20749	16355
20750	16238
20751	16238
20752	16238
20753	23039
20754	23039
20755	23039
20756	16238
20757	16238
20758	23039
20759	23039
20760	23039
20761	23039
20762	23039
20763	23039
20764	23039
20765	23039
20766	23039
20767	23039
20768	23039
20769	23039
20770	23039
20771	23039
20772	23039
20773	23039
20774	23039
20775	23039
20776	24042
20777	24042
20778	24042
20779	24042
20780	23039
20781	23039
20782	14817
20783	14817
20784	24042
20785	24042
20786	24042
20787	24042
20788	14817
20789	14817
20790	14817
20791	14817
20792	14817
20793	14817
20794	14817
20795	14817
20796	14817
20797	14817
20798	14817
20799	14817
20800	14817
20801	14817
20802	14817
20803	14817
20804	14817
20805	14817
20806	14817
20807	14817
20808	14817
20809	14817
20810	14817
20811	14817
20812	14817
20813	14817
20814	14817
20815	14817
20816	14817
20817	23039
20818	23039
20819	23039
20820	16238
20821	23039
20822	23039
20823	23039
20824	23039
20825	24042
20826	23039
20827	24042
20828	24042
20829	24042
20830	24042
20831	24042
20832	24042
20833	14817
20834	14817
20835	14817
20836	14817
20837	14817
20838	14817
20839	14817
20840	14817
20841	14817
20842	14817
20843	14817
20844	14817
20845	14817
20846	14817
20847	14817
20848	14817
20849	14817
20850	14817
20851	23039
20852	24042
20853	23039
20854	23039
20855	23039
20856	24042
20857	24042
20858	24042
20859	24042
20860	24042
20861	24042
20862	14817
20863	24042
20864	14817
20865	14817
20866	14817
20867	14817
20868	14817
20869	14817
20870	14817
20871	14817
20872	14817
20873	14817
20874	14817
20875	14817
20876	14817
20877	14817
20878	14817
20879	14817
20880	14817
20881	14817
20882	14817
20883	14817
20884	14817
20885	24042
20886	14817
20887	24042
20888	23039
20889	24042
20890	14817
20891	14817
20892	14817
20893	14817
20894	14817
20895	14817
20896	14817
20897	14817
20898	14817
20899	14817
20900	14817
20901	14817
20902	14817
20903	14817
20904	14817
20905	14817
20906	14817
20907	14817
20908	14817
20909	14817
20910	14817
20911	14817
20912	14817
20913	14817
20914	14817
20915	14817
20916	14817
20917	23036
20918	14817
20919	14817
20920	14817
20921	14817
20922	24042
20923	14817
20924	14817
20925	14817
20926	14817
20927	14817
20928	14817
20929	14817
20930	14817
20931	14817
20932	14817
20933	14817
20934	14817
20935	14817
20936	23036
20937	14817
20938	14817
20939	23036
20940	14817
20941	14817
20942	23036
20943	23036
20944	14817
20945	23036
20946	23036
20947	23036
20948	23036
20949	23036
20950	23036
20951	23036
20952	23036
20953	14817
20954	14817
20955	14817
20956	14817
20957	14817
20958	23036
20959	14817
20960	14817
20961	23036
20962	14817
20963	14817
20964	23036
20965	14817
20966	14817
20967	23036
20968	23036
20969	23036
20970	23036
20971	23036
20972	23036
20973	17029
20974	23036
20975	23036
20976	17029
20977	23036
20978	23036
20979	23034
20980	23036
20981	23036
20982	23034
20983	17029
20984	23036
20985	23043
20986	23034
20987	14817
20988	23036
20989	23036
20990	14817
20991	23036
20992	23036
20993	23036
20994	23036
20995	23036
20996	23036
20997	23036
20998	17029
20999	23036
21000	23036
21001	17029
21002	23036
21003	23036
21004	17029
21005	17029
21006	17029
21007	23034
21008	23034
21009	17029
21010	23034
21011	23034
21012	23034
21013	12062
21014	23034
21015	23034
21016	12062
21017	23034
21018	23043
21019	12616
21020	12616
21021	23036
21022	12062
21023	23036
21024	23036
21025	23036
21026	12062
21027	17029
21028	17029
21029	12062
21030	17029
21031	17029
21032	17029
21033	17029
21034	17029
21035	23034
21036	17029
21037	23034
21038	23034
21039	23034
21040	23034
21041	12062
21042	23034
21043	12062
21044	12062
21045	12062
21046	12062
21047	12062
21048	12062
21049	12616
21050	12616
21051	12616
21052	12616
21053	12616
21054	12616
21055	12062
21056	12062
21057	12062
21058	12062
21059	12062
21060	12062
21061	12062
21062	12062
21063	12062
21064	12062
21065	12062
21066	12062
21067	17029
21068	12062
21069	23034
21070	12062
21071	12062
21072	12062
21073	12062
21074	12062
21075	12062
21076	12062
21077	12062
21078	12062
21079	23034
21080	12062
21081	12062
21082	12062
21083	12062
21084	12062
21085	23034
21086	12062
21087	12062
21088	12062
21089	12062
21090	12062
21091	12062
21092	12062
21093	12062
21094	12062
21095	12062
21096	12062
21097	12062
21098	12062
21099	12062
21100	12062
21101	12062
21102	12062
21103	12062
21104	12062
21105	12062
21106	12062
21107	12062
21108	12062
21109	12616
21110	12062
21111	12616
21112	12616
21113	12616
21114	12616
21115	12062
21116	12062
21117	12616
21118	12616
21119	12616
21120	12062
21121	14644
21122	12062
21123	14644
21124	12062
21125	14644
21126	14644
21127	12062
21128	14644
21129	14644
21130	14644
21131	12062
21132	12062
21133	12062
21134	12062
21135	12062
21136	12062
21137	12062
21138	14644
21139	12616
21140	12062
21141	12062
21142	12616
21143	12616
21144	12062
21145	12062
21146	12616
21147	12062
21148	12062
21149	12062
21150	12062
21151	12062
21152	12062
21153	12616
21154	12062
21155	12062
21156	12062
21157	12062
21158	12062
21159	12062
21160	12062
21161	12062
21162	12616
21163	12062
21164	12062
21165	12062
21166	12062
21167	12062
21168	12062
21169	12062
21170	12062
21171	12062
21172	12062
21173	12062
21174	12062
21175	12062
21176	12062
21177	12062
21178	12062
21179	12062
21180	12062
21181	12062
21182	12616
21183	12062
21184	12616
21185	12616
21186	12616
21187	12616
21188	12616
21189	12062
21190	12616
21191	12616
21192	12616
21193	14644
21194	14644
21195	14644
21196	14644
21197	14644
21198	14644
21199	14644
21200	14644
21201	14644
21202	14644
21203	14644
21204	12616
21205	14644
21206	12616
21207	12616
21208	12616
21209	14644
21210	14644
21211	14644
21212	12616
21213	12616
21214	14644
21215	12616
21216	12616
21217	12616
21218	12616
21219	12616
21220	12616
21221	12616
21222	12616
21223	12616
21224	12062
21225	12062
21226	12616
21227	12616
21228	12616
21229	12616
21230	12616
21231	12616
21232	12616
21233	12616
21234	12616
21235	12062
21236	12062
21237	12616
21238	12062
21239	12616
21240	12616
21241	12616
21242	12616
21243	12616
21244	12616
21245	12616
21246	12616
21247	12616
21248	12062
21249	12062
21250	12062
21251	12616
21252	12062
21253	12616
21254	12616
21255	12616
21256	12616
21257	12616
21258	12616
21259	12616
21260	12616
21261	12616
21262	12616
21263	12616
21264	12616
21265	12616
21266	12616
21267	12616
21268	12616
21269	12616
21270	12616
21271	14644
21272	16365
21273	14644
21274	16365
21275	14644
21276	16365
21277	16365
21278	14644
21279	14644
21280	16365
21281	16365
21282	14644
21283	14644
21284	12616
21285	14644
21286	14644
21287	14644
21288	14644
21289	14644
21290	12616
21291	14644
21292	16355
21293	16355
21294	12616
21295	12616
21296	12616
21297	12616
21298	16355
21299	14644
21300	12616
21301	12616
21302	12616
21303	12616
21304	12616
21305	12616
21306	16355
21307	12616
21308	12616
21309	12616
21310	12616
21311	12616
21312	12616
21313	12616
21314	12616
21315	12616
21316	12616
21317	12616
21318	12616
21319	12616
21320	12616
21321	12616
21322	12616
21323	12616
21324	12616
21325	12616
21326	12616
21327	12616
21328	12616
21329	12616
21330	12616
21331	12616
21332	12616
21333	12616
21334	12616
21335	12616
21336	12616
21337	12616
21338	12616
21339	12616
21340	12616
21341	12616
21342	12616
21343	12616
21344	12616
21345	12616
21346	12616
21347	16365
21348	16365
21349	16365
21350	16365
21351	16365
21352	16365
21353	16365
21354	16355
21355	16365
21356	16355
21357	16365
21358	16355
21359	16365
21360	16355
21361	16355
21362	16355
21363	16355
21364	16355
21365	16355
21366	16355
21367	16355
21368	16355
21369	16355
21370	16355
21371	16355
21372	16355
21373	16355
21374	16355
21375	16355
21376	12616
21377	16355
21378	12616
21379	16355
21380	16355
21381	16355
21382	16355
21383	16355
21384	16355
21385	16355
21386	23009
21387	16355
21388	12616
21389	12616
21390	12616
21391	12616
21392	12616
21393	12616
21394	23009
21395	16355
21396	12616
21397	12616
21398	16355
21399	16355
21400	12616
21401	12616
21402	12616
21403	12616
21404	12616
21405	12616
21406	23133
21407	12616
21408	12616
21409	12616
21410	23133
21411	12616
21412	12616
21413	12616
21414	12616
21415	12616
21416	12616
21417	12616
21418	12616
21419	12616
21420	12616
21421	12616
21422	12616
21423	16365
21424	16355
21425	16355
21426	16355
21427	16355
21428	16355
21429	14766
21430	16355
21431	16355
21432	14766
21433	14766
21434	16355
21435	16355
21436	16355
21437	16355
21438	16355
21439	16355
21440	14766
21441	14766
21442	23009
21443	16355
21444	23009
21445	23009
21446	16355
21447	16355
21448	23009
21449	23009
21450	23009
21451	23009
21452	23133
21453	23009
21454	23009
21455	23009
21456	23009
21457	23009
21458	23009
21459	23009
21460	23009
21461	23009
21462	23009
21463	23009
21464	23009
21465	23009
21466	16355
21467	23009
21468	23009
21469	23009
21470	23009
21471	23009
21472	23009
21473	23009
21474	23009
21475	23009
21476	23133
21477	23009
21478	23133
21479	23009
21480	23009
21481	23009
21482	23009
21483	23009
21484	23009
21485	23009
21486	23009
21487	23009
21488	12616
21489	23009
21490	12616
21491	23009
21492	23133
21493	23009
21494	23009
21495	23009
21496	23009
21497	23009
21498	23009
21499	14766
21500	14766
21501	14766
21502	23009
21503	14766
21504	23009
21505	23009
21506	23009
21507	23009
21508	14766
21509	23133
21510	23009
21511	23009
21512	23009
21513	23009
21514	23009
21515	23009
21516	23009
21517	23009
21518	23009
21519	23009
21520	23009
21521	23009
21522	23009
21523	23009
21524	23009
21525	23009
21526	23009
21527	23009
21528	23009
21529	23009
21530	23009
21531	23009
21532	23009
21533	23009
21534	23009
21535	23009
21536	23009
21537	23009
21538	23009
21539	23009
21540	23009
21541	23009
21542	23009
21543	23009
21544	23009
21545	23009
21546	23009
21547	23009
21548	23009
21549	23034
21550	23009
21551	23009
21552	23009
21553	23009
21554	23009
21555	23009
21556	23009
21557	23034
21558	23009
21559	23009
21560	23009
21561	16230
21562	23009
21563	23009
21564	23009
21565	23009
21566	23009
21567	23009
21568	23009
21569	16230
21570	23009
21571	23009
21572	16230
21573	23034
21574	23009
21575	23009
21576	23009
21577	23009
21578	23009
21579	23009
21580	23009
21581	23009
21582	16230
21583	23009
21584	23009
21585	23009
21586	23009
21587	23009
21588	16230
21589	23009
21590	23009
21591	16230
21592	16230
21593	16230
21594	16230
21595	16230
21596	16230
21597	23009
21598	23009
21599	16230
21600	16230
21601	16230
21602	16230
21603	23009
21604	16230
21605	23009
21606	16230
21607	16230
21608	16230
21609	17609
21610	16230
21611	16230
21612	16230
21613	17609
21614	16230
21615	23009
21616	16230
21617	23034
21618	16230
21619	16230
21620	16230
21621	17609
21622	16230
21623	16230
21624	16230
21625	17609
21626	16230
21627	23034
21628	16230
21629	16230
21630	16230
21631	16230
21632	16230
21633	23036
21634	17609
21635	16230
21636	16230
21637	23036
21638	17609
21639	16230
21640	16230
21641	16230
21642	17609
21643	16230
21644	17609
21645	23036
21646	17609
21647	17609
21648	23036
21649	17609
21650	23009
21651	23009
21652	23009
21653	16230
21654	16230
21655	16230
21656	16230
21657	16230
21658	17609
21659	16230
21660	16230
21661	17609
21662	16230
21663	16230
21664	23036
21665	17609
21666	17609
21667	17611
21668	23036
21669	17609
21670	17611
21671	23036
21672	17609
21673	17611
21674	23036
21675	17609
21676	17611
21677	23036
21678	23036
21679	17611
21680	17611
21681	23036
21682	17611
21683	17611
21684	23036
21685	17611
21686	17611
21687	23036
21688	17611
21689	17611
21690	16230
21691	16230
21692	16230
21693	16230
21694	17606
21695	17609
21696	17609
21697	17611
21698	17606
21699	23036
21700	17611
21701	17611
21702	17611
21703	17611
21704	17611
21705	17611
21706	17611
21707	17611
21708	17611
21709	17611
21710	17611
21711	17611
21712	17611
21713	17611
21714	17611
21715	14817
21716	17611
21717	17611
21718	14817
21719	17611
21720	17611
21721	14817
21722	17611
21723	17611
21724	14817
21725	17611
21726	17611
21727	14817
21728	17611
21729	17606
21730	17606
21731	17606
21732	17611
21733	17611
21734	17611
21735	17611
21736	17611
21737	17611
21738	17611
21739	17611
21740	17611
21741	24048
21742	17611
21743	17611
21744	14817
21745	17611
21746	17611
21747	14817
21748	14817
21749	17611
21750	14817
21751	14817
21752	14817
21753	14817
21754	14817
21755	14817
21756	14817
21757	14817
21758	14817
21759	14817
21760	14817
21761	14817
21762	14817
21763	14817
21764	14817
21765	14817
21766	14817
21767	17611
21768	24048
21769	17611
21770	17611
21771	24048
21772	17611
21773	24048
21774	24048
21775	24048
21776	24048
21777	24048
21778	24048
21779	24048
21780	24048
21781	17611
21782	24048
21783	24048
21784	24048
21785	24048
21786	24048
21787	24048
21788	24048
21789	24048
21790	24048
21791	24048
21792	24048
21793	24048
21794	24048
21795	24048
21796	24048
21797	16237
21798	24048
21799	14817
21800	24048
21801	14817
21802	14817
21803	14817
21804	24048
21805	16237
21806	24048
21807	14817
21808	14817
21809	16237
21810	14817
21811	14817
21812	14817
21813	14817
21814	14817
21815	14817
21816	14817
21817	14817
21818	14817
21819	14817
21820	14817
21821	14817
21822	14817
21823	14817
21824	14817
21825	14817
21826	14817
21827	14817
21828	14817
21829	14817
21830	14817
21831	14817
21832	14817
21833	14817
21834	14817
21835	14817
21836	14817
21837	14817
21838	14817
21839	14817
21840	14817
21841	14817
21842	14817
21843	14817
21844	14817
21845	14817
21846	23038
21847	23039
21848	23039
21849	23039
21850	23038
21851	23038
21852	16237
21853	23038
21854	23039
21855	23039
21856	23038
21857	23038
21858	23039
21859	23039
21860	23039
21861	23039
21862	23039
21863	23039
21864	23039
21865	23039
21866	23039
21867	23039
21868	23039
21869	23039
21870	16237
21871	24048
21872	16237
21873	16237
21874	16237
21875	23038
21876	24048
21877	16237
21878	16237
21879	16237
21880	23039
21881	23039
21882	23039
21883	23039
21884	16237
21885	16237
21886	16237
21887	16237
21888	23039
21889	23039
21890	23039
21891	16237
21892	16237
21893	16237
21894	16237
21895	16237
21896	16237
21897	16237
21898	16237
21899	16237
21900	14817
21901	16237
21902	16237
21903	14817
21904	14817
21905	14817
21906	14817
21907	16237
21908	16237
21909	16237
21910	14817
21911	14817
21912	14817
21913	14817
21914	14817
21915	14817
21916	14817
21917	14817
21918	14817
21919	14817
21920	14817
21921	14817
21922	14817
21923	14817
21924	14817
21925	14817
21926	14817
21927	14817
21928	14817
21929	14817
21930	14817
21931	14817
21932	14817
21933	14817
21934	14817
21935	14817
21936	14817
21937	23039
21938	23039
21939	23039
21940	23039
21941	23039
21942	23039
21943	23039
21944	23039
21945	23039
21946	23039
21947	23039
21948	23039
21949	23039
21950	16238
21951	23039
21952	23039
21953	23039
21954	23039
21955	23039
21956	23039
21957	23039
21958	23039
21959	16237
21960	16237
21961	23039
21962	23039
21963	23039
21964	23039
21965	23039
21966	23039
21967	23039
21968	23039
21969	23039
21970	23039
21971	23039
21972	23039
21973	16237
21974	16237
21975	16237
21976	16237
21977	16237
21978	16237
21979	23039
21980	23039
21981	16237
21982	16237
21983	16237
21984	14817
21985	14817
21986	14817
21987	14817
21988	16237
21989	14817
21990	14817
21991	14817
21992	14817
21993	14817
21994	14817
21995	14817
21996	14817
21997	14817
21998	14817
21999	14817
22000	14817
22001	14817
22002	14817
22003	14817
22004	14817
22005	14817
22006	14817
22007	14817
22008	14817
22009	14817
22010	14817
22011	16238
22012	23039
22013	16238
22014	23039
22015	23039
22016	23039
22017	23039
22018	23039
22019	23039
22020	23039
22021	24042
22022	14817
22023	14817
22024	14817
22025	14817
22026	14817
22027	14817
22028	24048
22029	16238
22030	5840
22031	23039
22032	23039
22033	23039
22034	23039
22035	16237
22036	23039
22037	23039
22038	16237
22039	23039
22040	23039
22041	23039
22042	23039
22043	24048
22044	24048
22045	24048
22046	23038
22047	24048
22048	23038
22049	23038
22050	23038
22051	16237
22052	24048
22053	23039
22054	23039
22055	23039
22056	23039
22057	23039
22058	16238
22059	23039
22060	23039
22061	23039
22062	23039
22063	16237
22064	13741
22065	13741
22066	13741
22067	20333
22068	13741
22069	20333
22070	20333
22071	20334
22072	20333
22073	20334
22074	20334
22075	20334
22076	20334
22077	20334
22078	20334
22079	20334
22080	20334
22081	20334
22082	20334
22083	20334
22084	20334
22085	20334
22086	20334
22087	20334
22088	20334
22089	20333
22090	20333
22091	20333
22092	20333
22093	13741
22094	13741
22095	13741
22096	13741
22097	13741
22098	13741
22099	13741
22100	13741
22101	13741
22102	13741
22103	13741
22104	13741
22105	14655
22106	14655
22107	14655
22108	14655
22109	14655
22110	14655
22111	14655
22112	14655
22113	14655
22114	14655
22115	14655
22116	13741
22117	14653
22118	13741
22119	13741
22120	13741
22121	16365
22122	14638
22123	14638
22124	14638
22125	14633
22126	16365
22127	16365
22128	16366
22129	16366
22130	14633
22131	14633
22132	14633
22133	14633
22134	14633
22135	14633
22136	14633
22137	16365
22138	16365
22139	14658
22140	14658
22141	14658
22142	14658
22143	14658
22144	14658
22145	14658
22146	14658
22147	14658
22148	16426
22149	14658
22150	14658
22151	14658
22152	14656
22153	14658
22154	14656
22155	14658
22156	14656
22157	14656
22158	14656
22159	14656
22160	14656
22161	14656
22162	14656
22163	14646
22164	14646
22165	14646
22166	14656
22167	14656
22168	16428
22169	16428
22170	16428
22171	16428
22172	16428
22173	16428
22174	16428
22175	16428
22176	16428
22177	16428
22178	16428
22179	16428
22180	16428
22181	14656
22182	8914
22183	14656
22184	14656
22185	14656
22186	14656
22187	14656
22188	4651
22189	4651
22190	4651
22191	4651
22192	4651
22193	4651
22194	4651
22195	4651
22196	16428
22197	16428
22198	16428
22199	14658
22200	14658
22201	14658
22202	14658
22203	14658
22204	14658
22205	14658
22206	14658
22207	14627
22208	14627
22209	14627
22210	14627
22211	14627
22212	14633
22213	14627
22214	14627
22215	14627
22216	14633
22217	14633
22218	14633
22219	14633
22220	14633
22221	14633
22222	14634
22223	14634
22224	14634
22225	14634
22226	14633
22227	14634
22228	14633
22229	14634
22230	14634
22231	14634
22232	14634
22233	14634
22234	14634
22235	14634
22236	14634
22237	14634
22238	14634
22239	14634
22240	14634
22241	14634
22242	14634
22243	14640
22244	14634
22245	14640
22246	14640
22247	14634
22248	14640
22249	14640
22250	14640
22251	14640
22252	14640
22253	14640
22254	14640
22255	14640
22256	14640
22257	14640
22258	14640
22259	14640
22260	14640
22261	14640
22262	14640
22263	14640
22264	14640
22265	14640
22266	14640
22267	14658
22268	14658
22269	14640
22270	14640
22271	14658
22272	14658
22273	14658
22274	16428
22275	16428
22276	16428
22277	16428
22278	16428
22279	16428
22280	16428
22281	16428
22282	16428
22283	16428
22284	16428
22285	16428
22286	16428
22287	16428
22288	16428
22289	16428
22290	16428
22291	16428
22292	14658
22293	14658
22294	16428
22295	16428
22296	16428
22297	14656
22298	14656
22299	14656
22300	16428
22301	16428
22302	11929
22303	9088
22304	9088
22305	16428
22306	16428
22307	16428
22308	16364
22309	16364
22310	16364
22311	16364
22312	14640
22313	14640
22314	16364
22315	16364
22316	14640
22317	14640
22318	14640
22319	14640
22320	14640
22321	14640
22322	14640
22323	14656
22324	14656
22325	14656
22326	14656
22327	14656
22328	14656
22329	14656
22330	16428
22331	14656
22332	14656
22333	14656
22334	14656
22335	16428
22336	16428
22337	16428
22338	16428
22339	16428
22340	16428
22341	16428
22342	16428
22343	16428
22344	16428
22345	16428
22346	16428
22347	16428
22348	16428
22349	16428
22350	16428
22351	16428
22352	16428
22353	16428
22354	16428
22355	16428
22356	16428
22357	16428
22358	16428
22359	16428
22360	16428
22361	16428
22362	16428
22363	16428
22364	16428
22365	16428
22366	16428
22367	16428
22368	16428
22369	16428
22370	11929
22371	11929
22372	11929
22373	11929
22374	11929
22375	11929
22376	14640
22377	14640
22378	14640
22379	14640
22380	14640
22381	14634
22382	14634
22383	14640
22384	14640
22385	14656
22386	14656
22387	14656
22388	14656
22389	14656
22390	14656
22391	14656
22392	14656
22393	14640
22394	14640
22395	14640
22396	14640
22397	14640
22398	14640
22399	14640
22400	14640
22401	14640
22402	14640
22403	14640
22404	14640
22405	14640
22406	14656
22407	14640
22408	14640
22409	14640
22410	14658
22411	14656
22412	14656
22413	14656
22414	14656
22415	14656
22416	14656
22417	14656
22418	14656
22419	14640
22420	14658
22421	14640
22422	14640
22423	12703
22424	12703
22425	12689
22426	12703
22427	12177
22428	12703
22429	12154
22430	12695
22431	14640
22432	12695
22433	12703
22434	12689
22435	5864
22436	5864
22437	14640
22438	5864
22439	9088
22440	9088
22441	9088
22442	9088
22443	9088
22444	4651
22445	9088
22446	9088
22447	9088
22448	4651
22449	4651
22450	4651
22451	4651
22452	4651
22453	4651
22454	4651
22455	4651
22456	4651
22457	4651
22458	4651
22459	9088
22460	16428
22461	9088
22462	14650
22463	9088
22464	16428
22465	16428
22466	4651
22467	4651
22468	4651
22469	4651
22470	4651
22471	24309
22472	24309
22473	24309
22474	24309
22475	24309
22476	24309
22477	6161
22478	24309
22479	24309
22480	24309
22481	24309
22482	24309
22483	16141
22484	24309
22485	16359
22486	16359
22487	16142
22488	16359
22489	16142
22490	16359
22491	16359
22492	16359
22493	24309
22494	24309
22495	24309
22496	24309
22497	16142
22498	16142
22499	16142
22500	16142
22501	16142
22502	16142
22503	16142
22504	16142
22505	16142
22506	16142
22507	16142
22508	16142
22509	16142
22510	16368
22511	16142
22512	16142
22513	16142
22514	16368
22515	16368
22516	16142
22517	16368
22518	14627
22519	14627
22520	16367
22521	16368
22522	14627
22523	14627
22524	14627
22525	14627
22526	14627
22527	14627
22528	14627
22529	14627
22530	14627
22531	14627
22532	14627
22533	14633
22534	14627
22535	14633
22536	14627
22537	14634
22538	14633
22539	14633
22540	14634
22541	14633
22542	14640
22543	14640
22544	14640
22545	14640
22546	14640
22547	14640
22548	14640
22549	14640
22550	14640
22551	14640
22552	14640
22553	14640
22554	14640
22555	14640
22556	14640
22557	14640
22558	14640
22559	14640
22560	14640
22561	14640
22562	14640
22563	14640
22564	14640
22565	14640
22566	14640
22567	14640
22568	14640
22569	14640
22570	14640
22571	14640
22572	14640
22573	14640
22574	14640
22575	14640
22576	14640
22577	14640
22578	14640
22579	14640
22580	5878
22581	12177
22582	14640
22583	12689
22584	14640
22585	14640
22586	14640
22587	14640
22588	14640
22589	14640
22590	14640
22591	14640
22592	14640
22593	14634
22594	14640
22595	14634
22596	14634
22597	14634
22598	14634
22599	14634
22600	14634
22601	14634
22602	14634
22603	14634
22604	14634
22605	14634
22606	14633
22607	14634
22608	14633
22609	14633
22610	14634
22611	14633
22612	14633
22613	14633
22614	14633
22615	14633
22616	14640
22617	14640
22618	14640
22619	14640
22620	14640
22621	14640
22622	14640
22623	14640
22624	14640
22625	14640
22626	14640
22627	14640
22628	14640
22629	14640
22630	14640
22631	14640
22632	14640
22633	14633
22634	14633
22635	14633
22636	14633
22637	14633
22638	14640
22639	14658
22640	14640
22641	14658
22642	14656
22643	14640
22644	14646
22645	12163
22646	14658
22647	16428
22648	16428
22649	16428
22650	16428
22651	16428
22652	16428
22653	16428
22654	16428
22655	16428
22656	16428
22657	16428
22658	16428
22659	16428
22660	9088
22661	9088
22662	9088
22663	11929
22664	9088
22665	12163
22666	12163
22667	12177
22668	12175
22669	11929
22670	11929
22671	11929
22672	9088
22673	11929
22674	9088
22675	9088
22676	9088
22677	14640
22678	14640
22679	14640
22680	14640
22681	14640
22682	12163
22683	12177
22684	12175
22685	14640
22686	14640
22687	12163
22688	12163
22689	12163
22690	14640
22691	14640
22692	8914
22693	7546
22694	9088
22695	9088
22696	9088
22697	9088
22698	4651
22699	8914
22700	4651
22701	4651
22702	4651
22703	4651
22704	4651
22705	4651
22706	4651
22707	9088
22708	9088
22709	9088
22710	16428
22711	16428
22712	16428
22713	14640
22714	12175
22715	12177
22716	12177
22717	16358
22718	15916
22719	14631
22720	15916
22721	15916
22722	14626
22723	14632
22724	14632
22725	16357
22726	16142
22727	16142
22728	16358
22729	16358
22730	15916
22731	15916
22732	16367
22733	16367
22734	16367
22735	16367
22736	14626
22737	14626
22738	16142
22739	16142
22740	16142
22741	16142
22742	16142
22743	16367
22744	16142
22745	16367
22746	16367
22747	16367
22748	16142
22749	16142
22750	14638
22751	16366
22752	16366
22753	16366
22754	5864
22755	5864
22756	5864
22757	5864
22758	12695
22759	5864
22760	16364
22761	5864
22762	14634
22763	14640
22764	14633
22765	14634
22766	14633
22767	14633
22768	14633
22769	14633
22770	14633
22771	14633
22772	14633
22773	14633
22774	14633
22775	14633
22776	14633
22777	14633
22778	14633
22779	14634
22780	14634
22781	14640
22782	14640
22783	14640
22784	14640
22785	14640
22786	14640
22787	5864
22788	14633
22789	14633
22790	14634
22791	14634
22792	14634
22793	14634
22794	14640
22795	14640
22796	14640
22797	14640
22798	14627
22799	14627
22800	14627
22801	14627
22802	14633
22803	14627
22804	16367
22805	16367
22806	16367
22807	16367
22808	14627
22809	16367
22810	14627
22811	14627
22812	14627
22813	16367
22814	14627
22815	14632
22816	14632
22817	14632
22818	14632
22819	16356
22820	14627
22821	14627
22822	12689
22823	12154
22824	5864
22825	5875
22826	12703
22827	14656
22828	8914
22829	8914
22830	14656
22831	16428
22832	16428
22833	16428
22834	16428
22835	16428
22836	16428
22837	16428
22838	16428
22839	4651
22840	16428
22841	4651
22842	9088
22843	4651
22844	4651
22845	4651
22846	4651
22847	4651
22848	4651
22849	4651
22850	9085
22851	9085
22852	16428
22853	16428
22854	16428
22855	16428
22856	16428
22857	16428
22858	16428
22859	16428
22860	16428
22861	9088
22862	14646
22863	8914
22864	4651
22865	14656
22866	14656
22867	14656
22868	16428
22869	16428
22870	14656
22871	14656
22872	16428
22873	16428
22874	16428
22875	16428
22876	16428
22877	16428
22878	16428
22879	16428
22880	16428
22881	16428
22882	16428
22883	16428
22884	16428
22885	4651
22886	4651
22887	4651
22888	4651
22889	4651
22890	14646
22891	14656
22892	16428
22893	4651
22894	4651
22895	9088
22896	16428
22897	16428
22898	14633
22899	14627
22900	14627
22901	14627
22902	14632
22903	16367
22904	16367
22905	14632
22906	14633
22907	14633
22908	14633
22909	14627
22910	14627
22911	16367
22912	16367
22913	16367
22914	14633
22915	16367
22916	14626
22917	14626
22918	16350
22919	16141
22920	16350
22921	16141
22922	12177
22923	16142
22924	16142
22925	16142
22926	16368
22927	16142
22928	16367
22929	14627
22930	14627
22931	14627
22932	14633
22933	14633
22934	14633
22935	14633
22936	14633
22937	14633
22938	14633
22939	14633
22940	14633
22941	15916
22942	15916
22943	15916
22944	15916
22945	15916
22946	16141
22947	16141
22948	16141
22949	15916
22950	15916
22951	16359
22952	16359
22953	16141
22954	16141
22955	16141
22956	16141
22957	16141
22958	14631
22959	14631
22960	16142
22961	14626
22962	14626
22963	16142
22964	16142
22965	16142
22966	16142
22967	16142
22968	16142
22969	16142
22970	14626
22971	16357
22972	16428
22973	16428
22974	16428
22975	14640
22976	14640
22977	14640
22978	12163
22979	12177
22980	12175
22981	9088
22982	9088
22983	9088
22984	4651
22985	4651
22986	14640
22987	14640
22988	5864
22989	12695
22990	5864
22991	14640
22992	14640
22993	14640
22994	16428
22995	16428
22996	14640
22997	14640
22998	12163
22999	14640
23000	12175
23001	14640
23002	12163
23003	14646
23004	12177
23005	12177
23006	17540
23007	23014
23008	23016
23009	23015
23010	16231
23011	23014
23012	23015
23013	23015
23014	17543
23015	14126
23016	14126
23017	14126
23018	23020
23019	23020
23020	17543
23021	23009
23022	17599
23023	16228
23024	23042
23025	14766
23026	23142
23027	16231
23028	18808
23029	23020
23030	23142
23031	23142
23032	23015
23033	23015
23034	23015
23035	14766
23036	14766
23037	17607
23038	23009
23039	16230
23040	24047
23041	23009
23042	17539
23043	23015
23044	14766
23045	17607
23046	23009
23047	23142
23048	23015
23049	23020
23050	20425
23051	20333
23052	20317
23053	20317
23054	20333
23055	14766
23056	23009
23057	17607
23058	23021
23059	17560
23060	23040
23061	17574
23062	17574
23063	14039
23064	20044
23065	17573
23066	17574
23067	23015
23068	23040
23069	23040
23070	23040
23071	17574
23072	14751
23073	17573
23074	12062
23075	16364
23076	12163
23077	12177
23078	12177
23079	12177
23080	12175
23081	12177
23082	12703
23083	5864
23084	5864
23085	12695
23086	12177
23087	20665
23088	20333
23089	20126
23090	20144
23091	20080
23092	20141
23093	19982
23094	14039
23095	20080
23096	20080
23097	23040
23098	23040
23099	17573
23100	20141
23101	20141
23102	20141
23103	20110
23104	20080
23105	20333
23106	20333
23107	14817
23108	14817
23109	14817
23110	24042
23111	23039
23112	16238
23113	16238
23114	16238
23115	16238
23116	16238
23117	16238
23118	14126
23119	14126
23120	17545
23121	17545
23122	16376
23123	15916
23124	15916
23125	15916
23126	15916
23127	16359
23128	16359
23129	16142
23130	16142
23131	16142
23132	16142
23133	23142
23134	18808
23135	17545
23136	17543
23137	15916
23138	15916
23139	16359
23140	16359
23141	16142
23142	17545
23143	17543
23144	14730
23145	15916
23146	15916
23147	16141
23148	16141
23149	24309
23150	17086
23151	23040
23152	17086
23153	14820
23154	23040
23155	24309
23156	24309
23157	16350
23158	6161
23159	6161
23160	14728
23161	15919
23162	14730
23163	14730
23164	17537
23165	17595
23166	16403
23167	16403
23168	17570
23169	14741
23170	14741
23171	14754
23172	14753
23173	20317
23174	20317
23175	20333
23176	20333
23177	20333
23178	20333
23179	20333
23180	20080
23181	20080
23182	16230
23183	17609
23184	17609
23185	17609
23186	23034
23187	16230
23188	23043
23189	23043
23190	23009
23191	23043
23192	23031
23193	12616
23194	12616
23195	12616
23196	12616
23197	12616
23198	12616
23199	12616
23200	12616
23201	12616
23202	12616
23203	12616
23204	12616
23205	12616
23206	12616
23207	12616
23208	12616
23209	12616
23210	12616
23211	12616
23212	12058
23213	12616
23214	12058
23215	12616
23216	12058
23217	12058
23218	16317
23219	16317
23220	23031
23221	23031
23222	23031
23223	23031
23224	23031
23225	23009
23226	23009
23227	23009
23228	23043
23229	16230
23230	16230
23231	16230
23232	16230
23233	17609
23234	17609
23235	23036
23236	17609
23237	23036
23238	23036
23239	23036
23240	23036
23241	23036
23242	23036
23243	23036
23244	23036
23245	23036
23246	17609
23247	23036
23248	17609
23249	23036
23250	14817
23251	14817
23252	14817
23253	23036
23254	23036
23255	23043
23256	12616
23257	12616
23258	12616
23259	12616
23260	12616
23261	12616
23262	12616
23263	12616
23264	12616
23265	12616
23266	12616
23267	12616
23268	23133
23269	23009
23270	23009
23271	23034
23272	16230
23273	17609
23274	23036
23275	17611
23276	17611
23277	17611
23278	17611
23279	17611
23280	14817
23281	14817
23282	14817
23283	14817
23284	14817
23285	14817
23286	14817
23287	14817
23288	14817
23289	14817
23290	14817
23291	14817
23292	17611
23293	17611
23294	17609
23295	16230
23296	23034
23297	23009
23298	23009
23299	23133
23300	12616
23301	12616
23302	12616
23303	12616
23304	12616
23305	12616
23306	12616
23307	12616
23308	12616
23309	12616
23310	12616
23311	12616
23312	23034
23313	23036
23314	23036
23315	14817
23316	14817
23317	14817
23318	14817
23319	14817
23320	14817
23321	14817
23322	23036
23323	17609
23324	23043
23325	12616
23326	12616
23327	12616
23328	12616
23329	12616
23330	12616
23331	12616
23332	12616
23333	12616
23334	12616
23335	12616
23336	12616
23337	23009
23338	23009
23339	23009
23340	16230
23341	17609
23342	23036
23343	17611
23344	17611
23345	14817
23346	14817
23347	14817
23348	14817
23349	14817
23350	14817
23351	14817
23352	12163
23353	8914
23354	14646
23355	14646
23356	14656
23357	14656
23358	14656
23359	14656
23360	14656
23361	14656
23362	14656
23363	14656
23364	14656
23365	14656
23366	14656
23367	14656
23368	14656
23369	14656
23370	14656
23371	14656
23372	14656
23373	14640
23374	14656
23375	14640
23376	8914
23377	12163
23378	12175
23379	12175
23380	14658
23381	14656
23382	14640
23383	12147
23384	12689
23385	12703
23386	12695
23387	14640
23388	14640
23389	14640
23390	14640
23391	14658
23392	14658
23393	14658
23394	14656
23395	14656
23396	14640
23397	12175
23398	12177
23399	12163
23400	14656
23401	14640
23402	12175
23403	12175
23404	8914
23405	8914
23406	12163
23407	14656
23408	14656
23409	14656
23410	14656
23411	14656
23412	14656
23413	14656
23414	14656
23415	14656
23416	23036
23417	23036
23418	17611
23419	17611
23420	17611
23421	17611
23422	17611
23423	17611
23424	17611
23425	17611
23426	17611
23427	17611
23428	23036
23429	17609
23430	16230
23431	23009
23432	23009
23433	23031
23434	23031
23435	12616
23436	12616
23437	12616
23438	12616
23439	12616
23440	12616
23441	12616
23442	12616
23443	12616
23444	12616
23445	12616
23446	12616
23447	23043
23448	23034
23449	23036
23450	12616
23451	12616
23452	23043
23453	23034
23454	23036
23455	17611
23456	17611
23457	17611
23458	17611
23459	23036
23460	16230
23461	16230
23462	23009
23463	23009
23464	23009
23465	12616
23466	12616
23467	12616
23468	12616
23469	12616
23470	12616
23471	12616
23472	12616
23473	14817
23474	14817
23475	14817
23476	14817
23477	14817
23478	14817
23479	16428
23480	16428
23481	16428
23482	16428
23483	16428
23484	12163
23485	14646
23486	14656
23487	14656
23488	8914
23489	8914
23490	12163
23491	4651
23492	8914
23493	4651
23494	4651
23495	8914
23496	4651
23497	14656
23498	14656
23499	16428
23500	16428
23501	16428
23502	14656
23503	14646
23504	14656
23505	14656
23506	16428
23507	16428
23508	16428
23509	14656
23510	16428
23511	23036
23512	23036
23513	14817
23514	14817
23515	14817
23516	14817
23517	14817
23518	14817
23519	14817
23520	14817
23521	14817
23522	23036
23523	23009
23524	23009
23525	23009
23526	23009
23527	16230
23528	23034
23529	17609
23530	16230
23531	23036
23532	17609
23533	17611
23534	17611
23535	17611
23536	17611
23537	14817
23538	14817
23539	14817
23540	14817
23541	14817
23542	14817
23543	14817
23544	14817
23545	14817
23546	14817
23547	14817
23548	14817
23549	14817
23550	17609
23551	23043
23552	23034
23553	12616
23554	12616
23555	12616
23556	12616
23557	12616
23558	12616
23559	12616
23560	12616
23561	12616
23562	12616
23563	12616
23564	12616
23565	12616
23566	12616
23567	12616
23568	12616
23569	12616
23570	12616
23571	12616
23572	12616
23573	12616
23574	12616
23575	12616
23576	12616
23577	23009
23578	23133
23579	13741
23580	13741
23581	13741
23582	13741
23583	13741
23584	13741
23585	13741
23586	13741
23587	13741
23588	13741
23589	13741
23590	13741
23591	13741
23592	13741
23593	13741
23594	13741
23595	13741
23596	13741
23597	13741
23598	13741
23599	13741
23600	13741
23601	13741
23602	13741
23603	13741
23604	13741
23605	13634
23606	13741
23607	13634
23608	13741
23609	13634
23610	13741
23611	13634
23612	13741
23613	13741
23614	13741
23615	13741
23616	13741
23617	13741
23618	13741
23619	13741
23620	14655
23621	14655
23622	16428
23623	14655
23624	13741
23625	14655
23626	13741
23627	13741
23628	13741
23629	13741
23630	13741
23631	13741
23632	13741
23633	13741
23634	13741
23635	13741
23636	14655
23637	14655
23638	14655
23639	14655
23640	13741
23641	13741
23642	20333
23643	20333
23644	20333
23645	13741
23646	13741
23647	13741
23648	13741
23649	13578
23650	13578
23651	13578
23652	13560
23653	13578
23654	13560
23655	13560
23656	13560
23657	13578
23658	13578
23659	13560
23660	13578
23661	13578
23662	13578
23663	13578
23664	13578
23665	13578
23666	13507
23667	13560
23668	13507
23669	13578
23670	13505
23671	13507
23672	13507
23673	13507
23674	13448
23675	13449
23676	13449
23677	13448
23678	13507
23679	13507
23680	13448
23681	13448
23682	13448
23683	13541
23684	13505
23685	13505
23686	13541
23687	13541
23688	13505
23689	13560
23690	13560
23691	13560
23692	13560
23693	13560
23694	13578
23695	13560
23696	13578
23697	13560
23698	13560
23699	13560
23700	13560
23701	13479
23702	13559
23703	13541
23704	13505
23705	13507
23706	13507
23707	13507
23708	13578
23709	13578
23710	13578
23711	13578
23712	13578
23713	13578
23714	13560
23715	13507
23716	13448
23717	13448
23718	13448
23719	13449
23720	13449
23721	13741
23722	13741
23723	13462
23724	13462
23725	13462
23726	13462
23727	13462
23728	13462
23729	13578
23730	13578
23731	13578
23732	13578
23733	13578
23734	13578
23735	13449
23736	13582
23737	13741
23738	13741
23739	13741
23740	13741
23741	13741
23742	13741
23743	13741
23744	13741
23745	13741
23746	13741
23747	13741
23748	13741
23749	13741
23750	13741
23751	5667
23752	13741
23753	13741
23754	13448
23755	14655
23756	14655
23757	13741
23758	13741
23759	13741
23760	13741
23761	13741
23762	13741
23763	13741
23764	13741
23765	20333
23766	20333
23767	20333
23768	20333
23769	20333
23770	20333
23771	20333
23772	13741
23773	13741
23774	13741
23775	13741
23776	13741
23777	14653
23778	14655
23779	14655
23780	13741
23781	13741
23782	20333
23783	20333
23784	20333
23785	20333
23786	20333
23787	20333
23788	20333
23789	20333
23790	20333
23791	20333
23792	20333
23793	13741
23794	13741
23795	13741
23796	13741
23797	13741
23798	13741
23799	13741
23800	14655
23801	14655
23802	20333
23803	14655
23804	14655
23805	14655
23806	14655
23807	14653
23808	13741
23809	13741
23810	13528
23811	13479
23812	13479
23813	13479
23814	13479
23815	13560
23816	13560
23817	13560
23818	13560
23819	13479
23820	13479
23821	13528
23822	13638
23823	13530
23824	13512
23825	13512
23826	13528
23827	13528
23828	13528
23829	13479
23830	13479
23831	13479
23832	13479
23833	13479
23834	13479
23835	13528
23836	13638
23837	13638
23838	13638
23839	13512
23840	13512
23841	13528
23842	13528
23843	13638
23844	13528
23845	13528
23846	13528
23847	13528
23848	13528
23849	13528
23850	13638
23851	13638
23852	13638
23853	13671
23854	13671
23855	13652
23856	13638
23857	13638
23858	13638
23859	13638
23860	13638
23861	13638
23862	13638
23863	13638
23864	13638
23865	13638
23866	13671
23867	13671
23868	13671
23869	13687
23870	13687
23871	13638
23872	13638
23873	13638
23874	13638
23875	13638
23876	13638
23877	13638
23878	13671
23879	23873
23880	13671
23881	13687
23882	13687
23883	13687
23884	13687
23885	13687
23886	13741
23887	13741
23888	13741
23889	13741
23890	13741
23891	13741
23892	13741
23893	14655
23894	14655
23895	13741
23896	13741
23897	13741
23898	20333
23899	13741
23900	13741
23901	13741
23902	13741
23903	13741
23904	13741
23905	14655
23906	14655
23907	14655
23908	14655
23909	14655
23910	14655
23911	14653
23912	13741
23913	14655
23914	14655
23915	14653
23916	13741
23917	13741
23918	20333
23919	20333
23920	20334
23921	20334
23922	20334
23923	20334
23924	20334
23925	20334
23926	20334
23927	20333
23928	20333
23929	20333
23930	13741
23931	20333
23932	20333
23933	20334
23934	20334
23935	20334
23936	20334
23937	20334
23938	20334
23939	20334
23940	20334
23941	20333
23942	20333
23943	13741
23944	20333
23945	14667
23946	14665
23947	14730
23948	11929
23949	8919
23950	8919
23951	4651
23952	4651
23953	4651
23954	4651
23955	4651
23956	9088
23957	14640
23958	14640
23959	12703
23960	12703
23961	14640
23962	14656
23963	14627
23964	14627
23965	14627
23966	14633
23967	14627
23968	14627
23969	14633
23970	16366
23971	14633
23972	14633
23973	9088
23974	9088
23975	9088
23976	9088
23977	14633
23978	9088
23979	9088
23980	9088
23981	4651
23982	14640
23983	20334
23984	20333
23985	20334
23986	20333
23987	20665
23988	20333
23989	20333
23990	20425
23991	20425
23992	19982
23993	19982
23994	14039
23995	20044
23996	20044
23997	19982
23998	20044
23999	19982
24000	19982
24001	20425
24002	20333
24003	20425
24004	20333
24005	20333
24006	20333
24007	20333
24008	20333
24009	20333
24010	20333
24011	20666
24012	14039
24013	20425
24014	20425
24015	14039
24016	20666
24017	20425
24018	14039
24019	20665
24020	20080
24021	20080
24022	20080
24023	20044
24024	19982
24025	14039
24026	14039
24027	14039
24028	14039
24029	20425
24030	14039
24031	20425
24032	20425
24033	20080
24034	19982
24035	20080
24036	20080
24037	20044
24038	19982
24039	14039
24040	19982
24041	14039
24042	23013
24043	16230
24044	16230
24045	16230
24046	16230
24047	23010
24048	23009
24049	23009
24050	14665
24051	20425
24052	20333
24053	14665
24054	14665
24055	16302
24056	16302
24057	14803
24058	19606
24059	20126
24060	20114
24061	20141
24062	20141
24063	20112
24064	20333
24065	20333
24066	16428
24067	20409
24068	20664
24069	20333
24070	20409
24071	20665
24072	20333
24073	20333
24074	20333
24075	20333
24076	20409
24077	20665
24078	20425
24079	20665
24080	20665
24081	20665
24082	20665
24083	20425
24084	20425
24085	20665
24086	20665
24087	20425
24088	20425
24089	20425
24090	20425
24091	20425
24092	20425
24093	20425
24094	20425
24095	20425
24096	20425
24097	20425
24098	20665
24099	20333
24100	20333
24101	20333
24102	20333
24103	20333
24104	20333
24105	20333
24106	20664
24107	20665
24108	20425
24109	20425
24110	20425
24111	20425
24112	14039
24113	20665
24114	14655
24115	14655
24116	14655
24117	14655
24118	14655
24119	14655
24120	14655
24121	14655
24122	14655
24123	14655
24124	16428
24125	16428
24126	14655
24127	16428
24128	16428
24129	16428
24130	14655
24131	14655
24132	16428
24133	14658
24134	16428
24135	14658
24136	14658
24137	16428
24138	16426
24139	14658
24140	16426
24141	16428
24142	14658
24143	14658
24144	14658
24145	16426
24146	14658
24147	14658
24148	16426
24149	16428
24150	16428
24151	16428
24152	14658
24153	14634
24154	14658
24155	14658
24156	14658
24157	14658
24158	14658
24159	14658
24160	14658
24161	14658
24162	14658
24163	14658
24164	14658
24165	14658
24166	14658
24167	14634
24168	14634
24169	14634
24170	14634
24171	14695
24172	14696
24173	14700
24174	14700
24175	14695
24176	14695
24177	14700
24178	14696
24179	14695
24180	14695
24181	14695
24182	14695
24183	14695
24184	14695
24185	14694
24186	14695
24187	14694
24188	14695
24189	14695
24190	14695
24191	14695
24192	14695
24193	14694
24194	14694
24195	16438
24196	16438
24197	14694
24198	14694
24199	16438
24200	14694
24201	14694
24202	16438
24203	16438
24204	14694
24205	14694
24206	14694
24207	14694
24208	14694
24209	14694
24210	16438
24211	16438
24212	16438
24213	16438
24214	16438
24215	14655
24216	14655
24217	14655
24218	14655
24219	16438
24220	16438
24221	16438
24222	14655
24223	14655
24224	14655
24225	14655
24226	14655
24227	14655
24228	16438
24229	16438
24230	16438
24231	14655
24232	14655
24233	14655
24234	14655
24235	14655
24236	14655
24237	14655
24238	14655
24239	16428
24240	16428
24241	16428
24242	16428
24243	16428
24244	16428
24245	16428
24246	16428
24247	16428
24248	14655
24249	14634
24250	14634
24251	14634
24252	14634
24253	14634
24254	14634
24255	14628
24256	14634
24257	14634
24258	14634
24259	14628
24260	14628
24261	14634
24262	14627
24263	14627
24264	14627
24265	14627
24266	14627
24267	14627
24268	14627
24269	14627
24270	16368
24271	16368
24272	14627
24273	16142
24274	16368
24275	16142
24276	16142
24277	16142
24278	16142
24279	16368
24280	16142
24281	16142
24282	16142
24283	14697
24284	14696
24285	14696
24286	14697
24287	16428
24288	16142
24289	16142
24290	16142
24291	14702
24292	14698
24293	14697
24294	14698
24295	13578
24296	24309
24297	13578
24298	13559
24299	13559
24300	13505
24301	13507
24302	13541
24303	13528
24304	13512
24305	13512
24306	13652
24307	4413
24308	20080
24309	16142
24310	14627
24311	14640
24312	16344
24313	16418
24314	14609
24315	16427
24316	6258
24317	5929
24318	16137
24319	4451
24320	16442
24321	25719
24322	24327
24323	24327
24324	24327
24325	24350
24326	24351
24327	24351
24328	25254
24329	25255
24330	24701
24331	24349
24332	25249
24333	24336
24334	1950
24335	1949
24336	1943
24337	1652
24338	1652
24339	1660
24340	1653
24341	1954
24342	1954
24343	1940
24344	1940
24345	1946
24346	1652
24347	1652
24348	1943
24349	1950
24350	24335
24351	25254
24352	25307
24353	25251
24354	1932
24355	1653
24356	24523
24357	24356
24358	25319
24359	25709
24360	24439
24361	25709
24362	25709
24363	25706
24364	24367
24365	24439
24366	24439
24367	25403
24368	24674
24369	24464
24370	25404
24371	25601
24372	24569
24373	25706
24374	25601
24375	25716
24376	25717
24377	24432
24378	25716
24379	24403
24380	24835
24381	24835
24382	24835
24383	24835
24384	24835
24385	24835
24386	24835
24387	24835
24388	24835
24389	24835
24390	24835
24391	24835
24392	24392
24393	24835
24394	24835
24395	24599
24396	24598
24397	25387
24398	24376
24399	25384
24400	24376
24401	24379
24402	24419
24403	24430
24404	24430
24405	24446
24406	24593
24407	24441
24408	24593
24409	25089
24410	26354
24411	24592
24412	24506
24413	24677
24414	24773
24415	24760
24416	24664
24417	24506
24418	26355
24419	25577
24420	25719
24421	24506
24422	24592
24423	24506
24424	24506
24425	24506
24426	24593
24427	24506
24428	24593
24429	24506
24430	24593
24431	24506
24432	24593
24433	25719
24434	24430
24435	24504
24436	24506
24437	25717
24438	25542
24439	25542
24440	24593
24441	24593
24442	24506
24443	24506
24444	24506
24445	24506
24446	24440
24447	24569
24448	1624
24449	1624
24450	1624
24451	1624
24452	1624
24453	24518
24454	25492
24455	24683
24456	24780
24457	24667
24458	24458
24459	25413
24460	25414
24461	24461
24462	24518
24463	24518
24464	24590
24465	1625
24466	1624
24467	25246
24468	24701
24469	24460
24470	24460
24471	25413
24472	25286
24473	24472
24474	24478
24475	24478
24476	24479
24477	25286
24478	25283
24479	24488
24480	24461
24481	24481
24482	24482
24483	25281
24484	24488
24485	24697
24486	24485
24487	25282
24488	25281
24489	24488
24490	24734
24491	25247
24492	25282
24493	25278
24494	24493
24495	25279
24496	25278
24497	24493
24498	24328
24499	25258
24500	24496
24501	24501
24502	24494
24503	24503
24504	24503
24505	24357
24506	26357
24507	25260
24508	24498
24509	25272
24510	24499
24511	24511
24512	24516
24513	24512
24514	24516
24515	24516
24516	24518
24517	24518
24518	1624
24519	25308
24520	24521
24521	24521
24522	25322
24523	24550
24524	24508
24525	24530
24526	24499
24527	25261
24528	24499
24529	25272
24530	25271
24531	25274
24532	25274
24533	24327
24534	24327
24535	24327
24536	25293
24537	25293
24538	25306
24539	25296
24540	25297
24541	25269
24542	25271
24543	24531
24544	24533
24545	25305
24546	25305
24547	24533
24548	24532
24549	24531
24550	24557
24551	24550
24552	25301
24553	24536
24554	24533
24555	24532
24556	24541
24557	24513
24558	24569
24559	24342
24560	25303
24561	24539
24562	24516
24563	24512
24564	24588
24565	24569
24566	24588
24567	24569
24568	24588
24569	24588
24570	24588
24571	24589
24572	24588
24573	24588
24574	24589
24575	24589
24576	24516
24577	24516
24578	24518
24579	24518
24580	1624
24581	1624
24582	1624
24583	1624
24584	24516
24585	24518
24586	1624
24587	1624
24588	24516
24589	24516
24590	24518
24591	1624
24592	26355
24593	24493
24594	25346
24595	24796
24596	24779
24597	25491
24598	24667
24599	24670
24600	24454
24601	24668
24602	24783
24603	24784
24604	24670
24605	24670
24606	25403
24607	24628
24608	24611
24609	24604
24610	24456
24611	24596
24612	24457
24613	24439
24614	24569
24615	24569
24616	24569
24617	24569
24618	24569
24619	24588
24620	24589
24621	24588
24622	24588
24623	24603
24624	24662
24625	25376
24626	25379
24627	25378
24628	24403
24629	25377
24630	24632
24631	24633
24632	24635
24633	24634
24634	24473
24635	24474
24636	25375
24637	24623
24638	24623
24639	24629
24640	25361
24641	25365
24642	25264
24643	25265
24644	25374
24645	25374
24646	24636
24647	24636
24648	24641
24649	24642
24650	25470
24651	24471
24652	24518
24653	24518
24654	24590
24655	24589
24656	24588
24657	24590
24658	24589
24659	24588
24660	24569
24661	24590
24662	24594
24663	24602
24664	24743
24665	24744
24666	1625
24667	1625
24668	1624
24669	1625
24670	1624
24671	24589
24672	25446
24673	24590
24674	24590
24675	24448
24676	25440
24677	24743
24678	1624
24679	1624
24680	1625
24681	1625
24682	1625
24683	24559
24684	1643
24685	25500
24686	1818
24687	25098
24688	25090
24689	25092
24690	25351
24691	25415
24692	24692
24693	25091
24694	25095
24695	24692
24696	1649
24697	24740
24698	24740
24699	24732
24700	25249
24701	25248
24702	24711
24703	24703
24704	24353
24705	24353
24706	25290
24707	24706
24708	24719
24709	24706
24710	25298
24711	24707
24712	24709
24713	24355
24714	24720
24715	24720
24716	24721
24717	25291
24718	24340
24719	24341
24720	24343
24721	24339
24722	1930
24723	1654
24724	1654
24725	24345
24726	1654
24727	24344
24728	24355
24729	24354
24730	24722
24731	1655
24732	1951
24733	1646
24734	1648
24735	1661
24736	1662
24737	25415
24738	24691
24739	24470
24740	1649
24741	1961
24742	25355
24743	25496
24744	1591
24745	25489
24746	25508
24747	24689
24748	24687
24749	24789
24750	24690
24751	24769
24752	25091
24753	24769
24754	24768
24755	24770
24756	24771
24757	24772
24758	24775
24759	24772
24760	24742
24761	24693
24762	24694
24763	24788
24764	24791
24765	24791
24766	24792
24767	24792
24768	1969
24769	25370
24770	25103
24771	25349
24772	25356
24773	24774
24774	1778
24775	1963
24776	1643
24777	1643
24778	1643
24779	1625
24780	1625
24781	1625
24782	1643
24783	1643
24784	1625
24785	25089
24786	24686
24787	24690
24788	25367
24789	25502
24790	25368
24791	25104
24792	24775
24793	24741
24794	25350
24795	1778
24796	1643
24797	1778
24798	1780
24799	1780
24800	1778
24801	1643
24802	24469
24803	24739
24804	1625
24805	1643
24806	1643
24807	24831
24808	24831
24809	24766
24810	24766
24811	24836
24812	24766
24813	24836
24814	24767
24815	24836
24816	24767
24817	24788
24818	24756
24819	24755
24820	24755
24821	25458
24822	25457
24823	24757
24824	25481
24825	25481
24826	24758
24827	25457
24828	24757
24829	25481
24830	25481
24831	24758
24832	25455
24833	25455
24834	25475
24835	25475
24836	25372
24837	25455
24838	25455
24839	25475
24840	25372
24841	25372
24842	25456
24843	24414
24844	25373
24845	24836
24846	24841
24847	24415
24848	25456
24849	25456
24850	24414
24851	25373
24852	24836
24853	24841
24854	24415
24855	24415
24856	25456
24857	25469
24858	24413
24859	24840
24860	24843
24861	24844
24862	24844
24863	24416
24864	24644
24865	25468
24866	24644
24867	24851
24868	24844
24869	24851
24870	24858
24871	24865
24872	24645
24873	25472
24874	24650
24875	25471
24876	24651
24877	24840
24878	24843
24879	24843
24880	24850
24881	24857
24882	24864
24883	24864
24884	25453
24885	24802
24886	24739
24887	24840
24888	24843
24889	24843
24890	24856
24891	24856
24892	24863
24893	24866
24894	24871
24895	24803
24896	24803
24897	25451
24898	25449
24899	24839
24900	24838
24901	24842
24902	24839
24903	24842
24904	24839
24905	24849
24906	24849
24907	24848
24908	24855
24909	24848
24910	24829
24911	24823
24912	24828
24913	24829
24914	24828
24915	24829
24916	24832
24917	24833
24918	24833
24919	24833
24920	24838
24921	24833
24922	24838
24923	24834
24924	24823
24925	24822
24926	24827
24927	24814
24928	24837
24929	24837
24930	24837
24931	25486
24932	25486
24933	25486
24934	25486
24935	25485
24936	24819
24937	24820
24938	24820
24939	24821
24940	24855
24941	24855
24942	24856
24943	24856
24944	24980
24945	24980
24946	24984
24947	24992
24948	24855
24949	24855
24950	24856
24951	24975
24952	24979
24953	24983
24954	24987
24955	24863
24956	24863
24957	24975
24958	24979
24959	24982
24960	24870
24961	24870
24962	24870
24963	24870
24964	24762
24965	25461
24966	24762
24967	24763
24968	25487
24969	24763
24970	25487
24971	24763
24972	24817
24973	24751
24974	25478
24975	24754
24976	24754
24977	25460
24978	24751
24979	25476
24980	24755
24981	25460
24982	25459
24983	25459
24984	24755
24985	24764
24986	25459
24987	25458
24988	25458
24989	24764
24990	25458
24991	25458
24992	25458
24993	24765
24994	25458
24995	24831
24996	24831
24997	24826
24998	24831
24999	24826
25000	24830
25001	24825
25002	24830
25003	24824
25004	24830
25005	24824
25006	24829
25007	24854
25008	24854
25009	24861
25010	24861
25011	24862
25012	24855
25013	24855
25014	24854
25015	24809
25016	24812
25017	24814
25018	24816
25019	24816
25020	24821
25021	24810
25022	25743
25023	25741
25024	24816
25025	24853
25026	24994
25027	24994
25028	24811
25029	25741
25030	25739
25031	24860
25032	24862
25033	24986
25034	24994
25035	25747
25036	25119
25037	25136
25038	25737
25039	24878
25040	24861
25041	24861
25042	24868
25043	24869
25044	25044
25045	25056
25046	24727
25047	24715
25048	24727
25049	24714
25050	24728
25051	25299
25052	25046
25053	25047
25054	25050
25055	25049
25056	25052
25057	25053
25058	25074
25059	25072
25060	24728
25061	25075
25062	25076
25063	25081
25064	1804
25065	25061
25066	25061
25067	25058
25068	25063
25069	25071
25070	1804
25071	1804
25072	24726
25073	24726
25074	24729
25075	24723
25076	24735
25077	24730
25078	24735
25079	25079
25080	24736
25081	1656
25082	1656
25083	24736
25084	25085
25085	25052
25086	1663
25087	1657
25088	1826
25089	2934
25090	3140
25091	1820
25092	3121
25093	3139
25094	1554
25095	1600
25096	1555
25097	1561
25098	3009
25099	3078
25100	1867
25101	3009
25102	1561
25103	1782
25104	1780
25105	1780
25106	1964
25107	1826
25108	3011
25109	3114
25110	3139
25111	3184
25112	3185
25113	1561
25114	1784
25115	1838
25116	1838
25117	1867
25118	3011
25119	24831
25120	24831
25121	24830
25122	24830
25123	24830
25124	24829
25125	24829
25126	24829
25127	24829
25128	24834
25129	24834
25130	24834
25131	24834
25132	24834
25133	24839
25134	24839
25135	24840
25136	24840
25137	24840
25138	24836
25139	24836
25140	24831
25141	24831
25142	24836
25143	24836
25144	24836
25145	24830
25146	24830
25147	24830
25148	24835
25149	24835
25150	24835
25151	24835
25152	24835
25153	24835
25154	24835
25155	24835
25156	24835
25157	24835
25158	24830
25159	24831
25160	24831
25161	24836
25162	24836
25163	24836
25164	24836
25165	24836
25166	24840
25167	24840
25168	24840
25169	24840
25170	24839
25171	24834
25172	24834
25173	24834
25174	24834
25175	24834
25176	24829
25177	24829
25178	24829
25179	24830
25180	24830
25181	24830
25182	24830
25183	24830
25184	24831
25185	24835
25186	24835
25187	24835
25188	24835
25189	24835
25190	24835
25191	24835
25192	24835
25193	24835
25194	24835
25195	24835
25196	24835
25197	24835
25198	24835
25199	24835
25200	24835
25201	24835
25202	24835
25203	24830
25204	24830
25205	24830
25206	24830
25207	24830
25208	24830
25209	24830
25210	24830
25211	24830
25212	24830
25213	24834
25214	24835
25215	24834
25216	24830
25217	24830
25218	24830
25219	24830
25220	24831
25221	24831
25222	24836
25223	24835
25224	24835
25225	24835
25226	24835
25227	24836
25228	24834
25229	24831
25230	24831
25231	24836
25232	24836
25233	24835
25234	24835
25235	24835
25236	24835
25237	24834
25238	24834
25239	24829
25240	24829
25241	24830
25242	24830
25243	24830
25244	24830
25245	1663
25246	24732
25247	24732
25248	1651
25249	1951
25250	25246
25251	1652
25252	1660
25253	1943
25254	1949
25255	24349
25256	24349
25257	25277
25258	24330
25259	24332
25260	24333
25261	24498
25262	24328
25263	24333
25264	24473
25265	25412
25266	25285
25267	25285
25268	25263
25269	25269
25270	24327
25271	24329
25272	25276
25273	24328
25274	24328
25275	25276
25276	24331
25277	25278
25278	25281
25279	24486
25280	24467
25281	25281
25282	24492
25283	24482
25284	25284
25285	24482
25286	25286
25287	25285
25288	25412
25289	24352
25290	24347
25291	24732
25292	24338
25293	24351
25294	25263
25295	25260
25296	25260
25297	25260
25298	24705
25299	24718
25300	24725
25301	24325
25302	25296
25303	24325
25304	24704
25305	25289
25306	24350
25307	1943
25308	1624
25309	24518
25310	24518
25311	24569
25312	24588
25313	24512
25314	24516
25315	24532
25316	24530
25317	25261
25318	25318
25319	24356
25320	25261
25321	25261
25322	25318
25323	1624
25324	24518
25325	24590
25326	24589
25327	24588
25328	1624
25329	1624
25330	24518
25331	24590
25332	24589
25333	24588
25334	1624
25335	24516
25336	24589
25337	24588
25338	24588
25339	24588
25340	24588
25341	24589
25342	24590
25343	24518
25344	1625
25345	1624
25346	1778
25347	1780
25348	1780
25349	1784
25350	1561
25351	1838
25352	1838
25353	1871
25354	1864
25355	1780
25356	1780
25357	1782
25358	1782
25359	24631
25360	24629
25361	24633
25362	24624
25363	25376
25364	25375
25365	24634
25366	1819
25367	1601
25368	1851
25369	1784
25370	1784
25371	1784
25372	25430
25373	24746
25374	24665
25375	24595
25376	24603
25377	25410
25378	25377
25379	24630
25380	24628
25381	24611
25382	24603
25383	24432
25384	24434
25385	25384
25386	25387
25387	25717
25388	25717
25389	24439
25390	24439
25391	24439
25392	25716
25393	25404
25394	25406
25395	25706
25396	24518
25397	24590
25398	24462
25399	25446
25400	24588
25401	24569
25402	24569
25403	25509
25404	25440
25405	25440
25406	24464
25407	24569
25408	24569
25409	24568
25410	25267
25411	24665
25412	25412
25413	25413
25414	25414
25415	25415
25416	25418
25417	25424
25418	25420
25419	25425
25420	25420
25421	24738
25422	24738
25423	24803
25424	25426
25425	24737
25426	25429
25427	25428
25428	24695
25429	25429
25430	25088
25431	1865
25432	3184
25433	3144
25434	1780
25435	1864
25436	3145
25437	3145
25438	1625
25439	1625
25440	24518
25441	1624
25442	24569
25443	24588
25444	24589
25445	24590
25446	24518
25447	1624
25448	24884
25449	24876
25450	25451
25451	24802
25452	24650
25453	25471
25454	24646
25455	24772
25456	24793
25457	24792
25458	24791
25459	24791
25460	24790
25461	24694
25462	2894
25463	24642
25464	25361
25465	24637
25466	25364
25467	24623
25468	24663
25469	24677
25470	24471
25471	24643
25472	24643
25473	25482
25474	24886
25475	24745
25476	24769
25477	24771
25478	24769
25479	24789
25480	24687
25481	24771
25482	24876
25483	24802
25484	24755
25485	24755
25486	24756
25487	24756
25488	1782
25489	1782
25490	24679
25491	1643
25492	1643
25493	1778
25494	1778
25495	1625
25496	1780
25497	1780
25498	1782
25499	3078
25500	3114
25501	1784
25502	1874
25503	3121
25504	1643
25505	1643
25506	1625
25507	1778
25508	1778
25509	1625
25510	24483
25511	24593
25512	24593
25513	24506
25514	24506
25515	24506
25516	24506
25517	24568
25518	25726
25519	24568
25520	25726
25521	24568
25522	25726
25523	25726
25524	25867
25525	25726
25526	25771
25527	25726
25528	25771
25529	25578
25530	25578
25531	25601
25532	25578
25533	25601
25534	24568
25535	24568
25536	24568
25537	24569
25538	24569
25539	24569
25540	24569
25541	24569
25542	25683
25543	25575
25544	25682
25545	25575
25546	25814
25547	25788
25548	25681
25549	26271
25550	26271
25551	26093
25552	26093
25553	26093
25554	26093
25555	26093
25556	26093
25557	26101
25558	26101
25559	25601
25560	25544
25561	25726
25562	25866
25563	25592
25564	25769
25565	25770
25566	26101
25567	25821
25568	25821
25569	25821
25570	25767
25571	25821
25572	25770
25573	25770
25574	25770
25575	25814
25576	25827
25577	25827
25578	25546
25579	25546
25580	26101
25581	25821
25582	25820
25583	26101
25584	25820
25585	26101
25586	25666
25587	26101
25588	26101
25589	25547
25590	25548
25591	25592
25592	25617
25593	25617
25594	25592
25595	25544
25596	25592
25597	25544
25598	25544
25599	25546
25600	24568
25601	25546
25602	25544
25603	25821
25604	25768
25605	25544
25606	25866
25607	25821
25608	25770
25609	25821
25610	25770
25611	25821
25612	26101
25613	26267
25614	26101
25615	25822
25616	25821
25617	25788
25618	24568
25619	24569
25620	24569
25621	24568
25622	24569
25623	24569
25624	24568
25625	25726
25626	25770
25627	25821
25628	26101
25629	26093
25630	26093
25631	24569
25632	24568
25633	24568
25634	25726
25635	25770
25636	25821
25637	25821
25638	26101
25639	26093
25640	24569
25641	24568
25642	24568
25643	25726
25644	25770
25645	25770
25646	25821
25647	26101
25648	26093
25649	26101
25650	25821
25651	25821
25652	25770
25653	25769
25654	25771
25655	25726
25656	24568
25657	24568
25658	25821
25659	25770
25660	25770
25661	25866
25662	25771
25663	25726
25664	25726
25665	24568
25666	25786
25667	25816
25668	25680
25669	25680
25670	26101
25671	26101
25672	25821
25673	25770
25674	25770
25675	25867
25676	25726
25677	24568
25678	24514
25679	26267
25680	26276
25681	25788
25682	25814
25683	25827
25684	26272
25685	26272
25686	26271
25687	26268
25688	26268
25689	26093
25690	26278
25691	26093
25692	26093
25693	26093
25694	26093
25695	26093
25696	26093
25697	26093
25698	26093
25699	26093
25700	26093
25701	26093
25702	26093
25703	26093
25704	25542
25705	25601
25706	25542
25707	25601
25708	25601
25709	25577
25710	24569
25711	24569
25712	24569
25713	24568
25714	24569
25715	24569
25716	26354
25717	26354
25718	25576
25719	26354
25720	24569
25721	24569
25722	24569
25723	24569
25724	24569
25725	24569
25726	25620
25727	24568
25728	24569
25729	24568
25730	26354
25731	24833
25732	24838
25733	24838
25734	24842
25735	24842
25736	24843
25737	24843
25738	24841
25739	24841
25740	24841
25741	24836
25742	24767
25743	24766
25744	24766
25745	24766
25746	24831
25747	24826
25748	24826
25749	24826
25750	24825
25751	24825
25752	24824
25753	24824
25754	24829
25755	24828
25756	24833
25757	24833
25758	25762
25759	26085
25760	26085
25761	25865
25762	25726
25763	25726
25764	25726
25765	25726
25766	25726
25767	24568
25768	25726
25769	24568
25770	25726
25771	24569
25772	24568
25773	24568
25774	24558
25775	26361
25776	26324
25777	26347
25778	26346
25779	26346
25780	26093
25781	26101
25782	26093
25783	26101
25784	25824
25785	26082
25786	26083
25787	25818
25788	25766
25789	25816
25790	25799
25791	26089
25792	25788
25793	26094
25794	26094
25795	26094
25796	26110
25797	26278
25798	25863
25799	25866
25800	25827
25801	25758
25802	25814
25803	25827
25804	26278
25805	26335
25806	26320
25807	26320
25808	26335
25809	25767
25810	25788
25811	25788
25812	25758
25813	26088
25814	26088
25815	26271
25816	25768
25817	25866
25818	25767
25819	25771
25820	25767
25821	25866
25822	25767
25823	26101
25824	25768
25825	25760
25826	25760
25827	25760
25828	26323
25829	26323
25830	26267
25831	26267
25832	26324
25833	25838
25834	26335
25835	26347
25836	26335
25837	26324
25838	26324
25839	26324
25840	26267
25841	26267
25842	26324
25843	26347
25844	26335
25845	25851
25846	25851
25847	25833
25848	26320
25849	26320
25850	26346
25851	26346
25852	26320
25853	26320
25854	26345
25855	26345
25856	26188
25857	26188
25858	26320
25859	26320
25860	25849
25861	26320
25862	25849
25863	24558
25864	24568
25865	24568
25866	24568
25867	24569
25868	25872
25869	25872
25870	25871
25871	25876
25872	25876
25873	25871
25874	25871
25875	25870
25876	26240
25877	26185
25878	26186
25879	26185
25880	25979
25881	25880
25882	25979
25883	25881
25884	25882
25885	25881
25886	25882
25887	25978
25888	25978
25889	25881
25890	25882
25891	25881
25892	25882
25893	25881
25894	25880
25895	26185
25896	26185
25897	25871
25898	25914
25899	25876
25900	25915
25901	25876
25902	25876
25903	25871
25904	25876
25905	25871
25906	25876
25907	25871
25908	25870
25909	25870
25910	25872
25911	25872
25912	25915
25913	26186
25914	26240
25915	26240
25916	26240
25917	26117
25918	25947
25919	25947
25920	26409
25921	26240
25922	25915
25923	26117
25924	26200
25925	26199
25926	26409
25927	25948
25928	25948
25929	26117
25930	25947
25931	25915
25932	25915
25933	25916
25934	25916
25935	25948
25936	26409
25937	26241
25938	25915
25939	26117
25940	26409
25941	26241
25942	25948
25943	26409
25944	25948
25945	26408
25946	26204
25947	26408
25948	26204
25949	26408
25950	26406
25951	25951
25952	25915
25953	25914
25954	25916
25955	26240
25956	25956
25957	25957
25958	25956
25959	25957
25960	25956
25961	25957
25962	25956
25963	25957
25964	25956
25965	25957
25966	26200
25967	26199
25968	26406
25969	26199
25970	26130
25971	25951
25972	25870
25973	26442
25974	26240
25975	26240
25976	26240
25977	26240
25978	25979
25979	26236
25980	26420
25981	26433
25982	26432
25983	25881
25984	26420
25985	26420
25986	26436
25987	26433
25988	26432
25989	26432
25990	25871
25991	25870
25992	25991
25993	25916
25994	25915
25995	25916
25996	26184
25997	26165
25998	26165
25999	26165
26000	26192
26001	26181
26002	26193
26003	26181
26004	26193
26005	26001
26006	26193
26007	26001
26008	26193
26009	26000
26010	26193
26011	26167
26012	26167
26013	26206
26014	26206
26015	26037
26016	26206
26017	26192
26018	26000
26019	26167
26020	26167
26021	26033
26022	26033
26023	26167
26024	26033
26025	26167
26026	26206
26027	26033
26028	26167
26029	26033
26030	26034
26031	26203
26032	26167
26033	26203
26034	26033
26035	26265
26036	26165
26037	26165
26038	26199
26039	26117
26040	26204
26041	26201
26042	25849
26043	26240
26044	26240
26045	26240
26046	26240
26047	26408
26048	25947
26049	25947
26050	25947
26051	26117
26052	26117
26053	26117
26054	26204
26055	26151
26056	26151
26057	26148
26058	26006
26059	26148
26060	25849
26061	25849
26062	25849
26063	25849
26064	25850
26065	26201
26066	26134
26067	26204
26068	26204
26069	26408
26070	26408
26071	26132
26072	26134
26073	25851
26074	26149
26075	26410
26076	26236
26077	26194
26078	25851
26079	25851
26080	24568
26081	24568
26082	24568
26083	25866
26084	25726
26085	24558
26086	26359
26087	26359
26088	25772
26089	25767
26090	25866
26091	25771
26092	26240
26093	26101
26094	26093
26095	26335
26096	26320
26097	26167
26098	26203
26099	26204
26100	26408
26101	26101
26102	26335
26103	25849
26104	26034
26105	26203
26106	25948
26107	26409
26108	26240
26109	25914
26110	26335
26111	25849
26112	26034
26113	26033
26114	25948
26115	26409
26116	26204
26117	26200
26118	26200
26119	26117
26120	26117
26121	26117
26122	26117
26123	26117
26124	26117
26125	26129
26126	26129
26127	26129
26128	26129
26129	26129
26130	26130
26131	26189
26132	26149
26133	26037
26134	26037
26135	26191
26136	26191
26137	26135
26138	26136
26139	26135
26140	26135
26141	26148
26142	26148
26143	26148
26144	26148
26145	26148
26146	26148
26147	26201
26148	26201
26149	26189
26150	26206
26151	26206
26152	26206
26153	26206
26154	26151
26155	26151
26156	26151
26157	26151
26158	26151
26159	26149
26160	26066
26161	26163
26162	26163
26163	26000
26164	25851
26165	26165
26166	26165
26167	25849
26168	25849
26169	25849
26170	26167
26171	26167
26172	26167
26173	26167
26174	25849
26175	26193
26176	26193
26177	26193
26178	26188
26179	26188
26180	26134
26181	26194
26182	26134
26183	26184
26184	26185
26185	25979
26186	26236
26187	25951
26188	25851
26189	26000
26190	26037
26191	26165
26192	26194
26193	25851
26194	26134
26195	25871
26196	25876
26197	26240
26198	26240
26199	26408
26200	26204
26201	26134
26202	26165
26203	26134
26204	26206
26205	25849
26206	26203
26207	25915
26208	25947
26209	26409
26210	26117
26211	25948
26212	26151
26213	26033
26214	26148
26215	26320
26216	26167
26217	26094
26218	26034
26219	25915
26220	26241
26221	25916
26222	25947
26223	25915
26224	25916
26225	26117
26226	25947
26227	25947
26228	25915
26229	25916
26230	26235
26231	26235
26232	26235
26233	26235
26234	26235
26235	25956
26236	25956
26237	25951
26238	25951
26239	26199
26240	26199
26241	26199
26242	26199
26243	26199
26244	26199
26245	25947
26246	25947
26247	25947
26248	25947
26249	25947
26250	25947
26251	26266
26252	25786
26253	25786
26254	25786
26255	26117
26256	25948
26257	26151
26258	26033
26259	26148
26260	26167
26261	25849
26262	26320
26263	26094
26264	26192
26265	26134
26266	25768
26267	26101
26268	26279
26269	26347
26270	26320
26271	26101
26272	26279
26273	26335
26274	26347
26275	25824
26276	25818
26277	25766
26278	26093
26279	26101
26280	25768
26281	25767
26282	25851
26283	26345
26284	26324
26285	26267
26286	25786
26287	25788
26288	25814
26289	25827
26290	25851
26291	26345
26292	26324
26293	26188
26294	26188
26295	26323
26296	26267
26297	25786
26298	25788
26299	25814
26300	25827
26301	25844
26302	25844
26303	25844
26304	25844
26305	25844
26306	25844
26307	25843
26308	25843
26309	25843
26310	26343
26311	26345
26312	25843
26313	26269
26314	26269
26315	26273
26316	26269
26317	25844
26318	25844
26319	25844
26320	25844
26321	26345
26322	26269
26323	26272
26324	26278
26325	26271
26326	26268
26327	26268
26328	26268
26329	26271
26330	26278
26331	26268
26332	26268
26333	26268
26334	26278
26335	26278
26336	26278
26337	25844
26338	25844
26339	25844
26340	25844
26341	25844
26342	25844
26343	26269
26344	25844
26345	26346
26346	26273
26347	26278
26348	26269
26349	26268
26350	25827
26351	25827
26352	25827
26353	24569
26354	25760
26355	25775
26356	24558
26357	26356
26358	24356
26359	24568
26360	24569
26361	24558
26362	26598
26363	26369
26364	26369
26365	26366
26366	26387
26367	26603
26368	27025
26369	26391
26370	26366
26371	26366
26372	26391
26373	26391
26374	27026
26375	27026
26376	27026
26377	27026
26378	27026
26379	27026
26380	26369
26381	26598
26382	27026
26383	27026
26384	27026
26385	27026
26386	27020
26387	25992
26388	26376
26389	26443
26390	25992
26391	26443
26392	26443
26393	26443
26394	26443
26395	26443
26396	26443
26397	26443
26398	26443
26399	26443
26400	26443
26401	27020
26402	27020
26403	26443
26404	26443
26405	26130
26406	26130
26407	26200
26408	26200
26409	26200
26410	26130
26411	25872
26412	25916
26413	25916
26414	25871
26415	25872
26416	25870
26417	26443
26418	26443
26419	26443
26420	25879
26421	25879
26422	25881
26423	26420
26424	26433
26425	26433
26426	26431
26427	26427
26428	26433
26429	26433
26430	26433
26431	26433
26432	26430
26433	26420
26434	26420
26435	26420
26436	26433
26437	26431
26438	26433
26439	26433
26440	25870
26441	26443
26442	25870
26443	25870
26444	25870
26445	26446
26446	26480
26447	26480
26448	26446
26449	26865
26450	26865
26451	26941
26452	26450
26453	26450
26454	26450
26455	26450
26456	26450
26457	26599
26458	26599
26459	26696
26460	26695
26461	26690
26462	26652
26463	26801
26464	25989
26465	26652
26466	26689
26467	26696
26468	26480
26469	26446
26470	26446
26471	26446
26472	26446
26473	26591
26474	26446
26475	26591
26476	26446
26477	26445
26478	26480
26479	26480
26480	26865
26481	26822
26482	26592
26483	26865
26484	26480
26485	26480
26486	26480
26487	26450
26488	26450
26489	26480
26490	26480
26491	26592
26492	26592
26493	26591
26494	26468
26495	26446
26496	26446
26497	26446
26498	26944
26499	26445
26500	26445
26501	26445
26502	26493
26503	26493
26504	26493
26505	26493
26506	26592
26507	26591
26508	26515
26509	26515
26510	26516
26511	26516
26512	26593
26513	26593
26514	26593
26515	26593
26516	26507
26517	26592
26518	26525
26519	26525
26520	26526
26521	26526
26522	26527
26523	26527
26524	26527
26525	26594
26526	26594
26527	26594
26528	26536
26529	26536
26530	26536
26531	26537
26532	26538
26533	26538
26534	26538
26535	26595
26536	26595
26537	26595
26538	26595
26539	26536
26540	26525
26541	26536
26542	26525
26543	26515
26544	26515
26545	26493
26546	26493
26547	26944
26548	26445
26549	26535
26550	26525
26551	26515
26552	26493
26553	26944
26554	26446
26555	26468
26556	26468
26557	26468
26558	26450
26559	26480
26560	26446
26561	26446
26562	26445
26563	26535
26564	26525
26565	26515
26566	26493
26567	26944
26568	26468
26569	26829
26570	26535
26571	26525
26572	26515
26573	26493
26574	26944
26575	26468
26576	26450
26577	26535
26578	26525
26579	26515
26580	26493
26581	26944
26582	26468
26583	26592
26584	26493
26585	26527
26586	26536
26587	26445
26588	26493
26589	26594
26590	26595
26591	26446
26592	26591
26593	26507
26594	26594
26595	26595
26596	26623
26597	26637
26598	26690
26599	26682
26600	26638
26601	26642
26602	26387
26603	26387
26604	26638
26605	26599
26606	26644
26607	26644
26608	27020
26609	27020
26610	27020
26611	26647
26612	26645
26613	26647
26614	26684
26615	26692
26616	26647
26617	26612
26618	26612
26619	26682
26620	26647
26621	26612
26622	26628
26623	26618
26624	26613
26625	26628
26626	26613
26627	26628
26628	26613
26629	26628
26630	26687
26631	26628
26632	26612
26633	26647
26634	26388
26635	26610
26636	26609
26637	26613
26638	26613
26639	26628
26640	26624
26641	26387
26642	26634
26643	26689
26644	26623
26645	27019
26646	27022
26647	27020
26648	27020
26649	26684
26650	26696
26651	26691
26652	26692
26653	26692
26654	26689
26655	26689
26656	26689
26657	26689
26658	26654
26659	26687
26660	26685
26661	26685
26662	26654
26663	26704
26664	26704
26665	26800
26666	26604
26667	26704
26668	26800
26669	26604
26670	26808
26671	26598
26672	26604
26673	26644
26674	26599
26675	26644
26676	26684
26677	27025
26678	26684
26679	26684
26680	27025
26681	26692
26682	26692
26683	26684
26684	27025
26685	26687
26686	26628
26687	26689
26688	26682
26689	26692
26690	26692
26691	26692
26692	26684
26693	26695
26694	27025
26695	27025
26696	26695
26697	26685
26698	26687
26699	26685
26700	26687
26701	26685
26702	26687
26703	26625
26704	26622
26705	26713
26706	26713
26707	26713
26708	26629
26709	26629
26710	26629
26711	26629
26712	26629
26713	26625
26714	26625
26715	26923
26716	26723
26717	26722
26718	26924
26719	26723
26720	26723
26721	26723
26722	26724
26723	26724
26724	26724
26725	26741
26726	26742
26727	26742
26728	26742
26729	26743
26730	26733
26731	26733
26732	26733
26733	26733
26734	26733
26735	26978
26736	26978
26737	26978
26738	26979
26739	26979
26740	26742
26741	26742
26742	26743
26743	26743
26744	26743
26745	26722
26746	26730
26747	26978
26748	26977
26749	26976
26750	26740
26751	26806
26752	26730
26753	26731
26754	26722
26755	26720
26756	26727
26757	26720
26758	26805
26759	26739
26760	26729
26761	26720
26762	26739
26763	26729
26764	26714
26765	26739
26766	26730
26767	26720
26768	26714
26769	26739
26770	26730
26771	26721
26772	26722
26773	26731
26774	26741
26775	26686
26776	26723
26777	26733
26778	26742
26779	26686
26780	26724
26781	26733
26782	26742
26783	26629
26784	26814
26785	26640
26786	26708
26787	26731
26788	26814
26789	26640
26790	26708
26791	26731
26792	26731
26793	26928
26794	26976
26795	26709
26796	26640
26797	26704
26798	26597
26799	26597
26800	26643
26801	26640
26802	26708
26803	26733
26804	26733
26805	26708
26806	26709
26807	26639
26808	26622
26809	26639
26810	26643
26811	26638
26812	26687
26813	26624
26814	26687
26815	26709
26816	26733
26817	26801
26818	26704
26819	26928
26820	26941
26821	26862
26822	26855
26823	26862
26824	26862
26825	26852
26826	26941
26827	26862
26828	26862
26829	27016
26830	26853
26831	26853
26832	28602
26833	28869
26834	28593
26835	28593
26836	28593
26837	28593
26838	28586
26839	28586
26840	28593
26841	28593
26842	28586
26843	28586
26844	28601
26845	26853
26846	28593
26847	28593
26848	28591
26849	26853
26850	26853
26851	28604
26852	28604
26853	28586
26854	28586
26855	28586
26856	28586
26857	26941
26858	26941
26859	28593
26860	26855
26861	27016
26862	27016
26863	26855
26864	26855
26865	26855
26866	26853
26867	26852
26868	26652
26869	26653
26870	26801
26871	26704
26872	26652
26873	26600
26874	26704
26875	26694
26876	26604
26877	26704
26878	26653
26879	26654
26880	26685
26881	26801
26882	26808
26883	26704
26884	26714
26885	26800
26886	26604
26887	26976
26888	26740
26889	26731
26890	26976
26891	26740
26892	26805
26893	26806
26894	26727
26895	26816
26896	26805
26897	26739
26898	26805
26899	26805
26900	26976
26901	26714
26902	26976
26903	26739
26904	26730
26905	26739
26906	26928
26907	26720
26908	26720
26909	26535
26910	26720
26911	26536
26912	26730
26913	26729
26914	26928
26915	26928
26916	26927
26917	26926
26918	26926
26919	26926
26920	26925
26921	26924
26922	26923
26923	26923
26924	26923
26925	26923
26926	26923
26927	26923
26928	26733
26929	26944
26930	26493
26931	26515
26932	26525
26933	26525
26934	26515
26935	26493
26936	26944
26937	26592
26938	26592
26939	26446
26940	26446
26941	28604
26942	26853
26943	26480
26944	26446
26945	26480
26946	26865
26947	27016
26948	28586
26949	26592
26950	26591
26951	26446
26952	26480
26953	26853
26954	28604
26955	28602
26956	26853
26957	26480
26958	26446
26959	26591
26960	26584
26961	26593
26962	26592
26963	26591
26964	26446
26965	26480
26966	26853
26967	28602
26968	26853
26969	26853
26970	26480
26971	26446
26972	26445
26973	26592
26974	26593
26975	26527
26976	26710
26977	26775
26978	26979
26979	26711
26980	26711
26981	26629
26982	26979
26983	26978
26984	26740
26985	26739
26986	26739
26987	26737
26988	26737
26989	26737
26990	26737
26991	26976
26992	26739
26993	26737
26994	26737
26995	28593
26996	28593
26997	28591
26998	28591
26999	26853
27000	26853
27001	26853
27002	26862
27003	26862
27004	26862
27005	28593
27006	28591
27007	26853
27008	26862
27009	26853
27010	26450
27011	26862
27012	26853
27013	26862
27014	28586
27015	28586
27016	28586
27017	26432
27018	26438
27019	26438
27020	26432
27021	26432
27022	27025
27023	26442
27024	26442
27025	26442
27026	26442
27027	27026
27028	28008
27029	28132
27030	28122
27031	33482
27032	33482
27033	27726
27034	33356
27035	28222
27036	27046
27037	28224
27038	27056
27039	27246
27040	27246
27041	28229
27042	28229
27043	27248
27044	27248
27045	27189
27046	28229
27047	27055
27048	28245
27049	31180
27050	31181
27051	27927
27052	27056
27053	27056
27054	27927
27055	27056
27056	27927
27057	28399
27058	28224
27059	27046
27060	28224
27061	28224
27062	28224
27063	28224
27064	28224
27065	27046
27066	28224
27067	27046
27068	28224
27069	27246
27070	28510
27071	27246
27072	28230
27073	27143
27074	27250
27075	28338
27076	28151
27077	27254
27078	28151
27079	28151
27080	27139
27081	27139
27082	28155
27083	28155
27084	28155
27085	27258
27086	27258
27087	27895
27088	27895
27089	28462
27090	28462
27091	27246
27092	27681
27093	28234
27094	27681
27095	27051
27096	27245
27097	28230
27098	27245
27099	28229
27100	27935
27101	27247
27102	27912
27103	27190
27104	27190
27105	27189
27106	28190
27107	28190
27108	27253
27109	28156
27110	28359
27111	28282
27112	27250
27113	27250
27114	27143
27115	27146
27116	28292
27117	28355
27118	28355
27119	27143
27120	28144
27121	27646
27122	27152
27123	27649
27124	28155
27125	28155
27126	27258
27127	28355
27128	28355
27129	28155
27130	28155
27131	28155
27132	28155
27133	28155
27134	28243
27135	27545
27136	28162
27137	27545
27138	28155
27139	28155
27140	27935
27141	28229
27142	28156
27143	28151
27144	28156
27145	27253
27146	28155
27147	27139
27148	27139
27149	28155
27150	28122
27151	28122
27152	28116
27153	28116
27154	27718
27155	27718
27156	28002
27157	27256
27158	28155
27159	28359
27160	28151
27161	28359
27162	27139
27163	28155
27164	27258
27165	28002
27166	28122
27167	27256
27168	28116
27169	28229
27170	27247
27171	28196
27172	28196
27173	27189
27174	27191
27175	27253
27176	27253
27177	27138
27178	27248
27179	27189
27180	28190
27181	28156
27182	28156
27183	27253
27184	27189
27185	28190
27186	27678
27187	28196
27188	28196
27189	28190
27190	27331
27191	27903
27192	28002
27193	27194
27194	27675
27195	27155
27196	27727
27197	28155
27198	27676
27199	28155
27200	27617
27201	27631
27202	31183
27203	28057
27204	27276
27205	27692
27206	31099
27207	31099
27208	31099
27209	31181
27210	33440
27211	33441
27212	28292
27213	27146
27214	28292
27215	28352
27216	28282
27217	27147
27218	28314
27219	27898
27220	28243
27221	28310
27222	27146
27223	28352
27224	27181
27225	27181
27226	28292
27227	28292
27228	27166
27229	28310
27230	27165
27231	27166
27232	28518
27233	28245
27234	27055
27235	27242
27236	28216
27237	31340
27238	31045
27239	27606
27240	27248
27241	28196
27242	27189
27243	28245
27244	28245
27245	27307
27246	27056
27247	27330
27248	27330
27249	27253
27250	27253
27251	28190
27252	27899
27253	27898
27254	27138
27255	27650
27256	27649
27257	27650
27258	27727
27259	28055
27260	27621
27261	28055
27262	27606
27263	27285
27264	28057
27265	28053
27266	27692
27267	27698
27268	27895
27269	33478
27270	27369
27271	33398
27272	32317
27273	31182
27274	28155
27275	27895
27276	31139
27277	31182
27278	31182
27279	31099
27280	31180
27281	31139
27282	32317
27283	27289
27284	27581
27285	31045
27286	31099
27287	31045
27288	31330
27289	31099
27290	31330
27291	28518
27292	28227
27293	28216
27294	27242
27295	27242
27296	27250
27297	28222
27298	28222
27299	27242
27300	28222
27301	28282
27302	28292
27303	27258
27304	33482
27305	27894
27306	28155
27307	27916
27308	28245
27309	28222
27310	28222
27311	28216
27312	28194
27313	28194
27314	28282
27315	28282
27316	28292
27317	27146
27318	28216
27319	28564
27320	28216
27321	28564
27322	27147
27323	28216
27324	28204
27325	28172
27326	27915
27327	27910
27328	27905
27329	27134
27330	27910
27331	27905
27332	28091
27333	27256
27334	27256
27335	28116
27336	27152
27337	27151
27338	28122
27339	27285
27340	28313
27341	27166
27342	28292
27343	28313
27344	28310
27345	28292
27346	28310
27347	28310
27348	27152
27349	28352
27350	28292
27351	27245
27352	27245
27353	27894
27354	27726
27355	27895
27356	28155
27357	27139
27358	27718
27359	31045
27360	31182
27361	31182
27362	31099
27363	31099
27364	28057
27365	27285
27366	27650
27367	27276
27368	27617
27369	27617
27370	27606
27371	28245
27372	28245
27373	28224
27374	27046
27375	28222
27376	28172
27377	28204
27378	28216
27379	28172
27380	28204
27381	28216
27382	28224
27383	27147
27384	27181
27385	28564
27386	28216
27387	28224
27388	27046
27389	27046
27390	28224
27391	28222
27392	28355
27393	27143
27394	27250
27395	28224
27396	27046
27397	28222
27398	27242
27399	28216
27400	28245
27401	28399
27402	27056
27403	28216
27404	28216
27405	28204
27406	28204
27407	28172
27408	28172
27409	28282
27410	28282
27411	28352
27412	27146
27413	27146
27414	28314
27415	27147
27416	28314
27417	27147
27418	27181
27419	27181
27420	28564
27421	28564
27422	28216
27423	28216
27424	28224
27425	28224
27426	27046
27427	27046
27428	28222
27429	28222
27430	28291
27431	28310
27432	28222
27433	28222
27434	27046
27435	27046
27436	28224
27437	28224
27438	28216
27439	27242
27440	28194
27441	27250
27442	28282
27443	28282
27444	28292
27445	28292
27446	27152
27447	28313
27448	27166
27449	27166
27450	27242
27451	27250
27452	27250
27453	27143
27454	27143
27455	28355
27456	28355
27457	27256
27458	27256
27459	27245
27460	28462
27461	27246
27462	28230
27463	27245
27464	28462
27465	27246
27466	28230
27467	27245
27468	28519
27469	27246
27470	28229
27471	28230
27472	27046
27473	28222
27474	28204
27475	28216
27476	28222
27477	28216
27478	28224
27479	28224
27480	27046
27481	28222
27482	27046
27483	27181
27484	28564
27485	28216
27486	28352
27487	27134
27488	27331
27489	28224
27490	27046
27491	27046
27492	28222
27493	27250
27494	27242
27495	28224
27496	28224
27497	28222
27498	28144
27499	27242
27500	28224
27501	27046
27502	28222
27503	28224
27504	28222
27505	27046
27506	27242
27507	28224
27508	27046
27509	28222
27510	27143
27511	27250
27512	27143
27513	27250
27514	27242
27515	28224
27516	27246
27517	28518
27518	28229
27519	28510
27520	27046
27521	28230
27522	28518
27523	28229
27524	27246
27525	28230
27526	28518
27527	27246
27528	27245
27529	28230
27530	27245
27531	28224
27532	27046
27533	27246
27534	28230
27535	27245
27536	28462
27537	28230
27538	27246
27539	28462
27540	27246
27541	28462
27542	28230
27543	31180
27544	27545
27545	28242
27546	28242
27547	28243
27548	27545
27549	27139
27550	27545
27551	28155
27552	28242
27553	27276
27554	28156
27555	28156
27556	28156
27557	28190
27558	27253
27559	28156
27560	28156
27561	28340
27562	27165
27563	27165
27564	27166
27565	27166
27566	27646
27567	27649
27568	28057
27569	31183
27570	27692
27571	27692
27572	27692
27573	28053
27574	31045
27575	28057
27576	28057
27577	27289
27578	27289
27579	27285
27580	28053
27581	31330
27582	31330
27583	31139
27584	27692
27585	28116
27586	27577
27587	27650
27588	28122
27589	28122
27590	27256
27591	28116
27592	27151
27593	28116
27594	27650
27595	31052
27596	31180
27597	31052
27598	27698
27599	31180
27600	31340
27601	31340
27602	31181
27603	31099
27604	31099
27605	31099
27606	31099
27607	31099
27608	31099
27609	31099
27610	31099
27611	27289
27612	28002
27613	27285
27614	27289
27615	31045
27616	31182
27617	31181
27618	31182
27619	31182
27620	31139
27621	31139
27622	31182
27623	31182
27624	32317
27625	31180
27626	31045
27627	31180
27628	27718
27629	32317
27630	32317
27631	32317
27632	27718
27633	27718
27634	27718
27635	27718
27636	27698
27637	28002
27638	28002
27639	28002
27640	27718
27641	31045
27642	27289
27643	28190
27644	27253
27645	28156
27646	28122
27647	28002
27648	28002
27649	28002
27650	27718
27651	27258
27652	33353
27653	33398
27654	28266
27655	33482
27656	27139
27657	28151
27658	28359
27659	27139
27660	27139
27661	28155
27662	28155
27663	28155
27664	28155
27665	28151
27666	28151
27667	27139
27668	28359
27669	33356
27670	27726
27671	28266
27672	33482
27673	27726
27674	27726
27675	33482
27676	33482
27677	27056
27678	27055
27679	28399
27680	28399
27681	28399
27682	27927
27683	27056
27684	27056
27685	27692
27686	27276
27687	27631
27688	27276
27689	27617
27690	27617
27691	27276
27692	31329
27693	31099
27694	31340
27695	31181
27696	31099
27697	31099
27698	31099
27699	31099
27700	31099
27701	31099
27702	27692
27703	31099
27704	31099
27705	28053
27706	28057
27707	27692
27708	31183
27709	31099
27710	31099
27711	31099
27712	31099
27713	27155
27714	27155
27715	27631
27716	27631
27717	27617
27718	27606
27719	27606
27720	27617
27721	28091
27722	27155
27723	27155
27724	27675
27725	28091
27726	28091
27727	28091
27728	27194
27729	27676
27730	27676
27731	27676
27732	28002
27733	27718
27734	31045
27735	31045
27736	27289
27737	27289
27738	28055
27739	28055
27740	28053
27741	27285
27742	28057
27743	28053
27744	28292
27745	27146
27746	27146
27747	28292
27748	28292
27749	27146
27750	27146
27751	27146
27752	28292
27753	28292
27754	28155
27755	28292
27756	28155
27757	28155
27758	27146
27759	27729
27760	27165
27761	28155
27762	28155
27763	27258
27764	28155
27765	27132
27766	27132
27767	27258
27768	27165
27769	27165
27770	27166
27771	27166
27772	27166
27773	28313
27774	27166
27775	28292
27776	28313
27777	28313
27778	27166
27779	28340
27780	27165
27781	28310
27782	28292
27783	28292
27784	28310
27785	28291
27786	28310
27787	28310
27788	27689
27789	28310
27790	28310
27791	28310
27792	28310
27793	28310
27794	27166
27795	28310
27796	28310
27797	28310
27798	27166
27799	28310
27800	28292
27801	27166
27802	27166
27803	27166
27804	28310
27805	28310
27806	28292
27807	28292
27808	28292
27809	28292
27810	28310
27811	28310
27812	28310
27813	28310
27814	28310
27815	28292
27816	27146
27817	27146
27818	27166
27819	27650
27820	27166
27821	27165
27822	27650
27823	27650
27824	27650
27825	27650
27826	27650
27827	28310
27828	27166
27829	28310
27830	28292
27831	28310
27832	27166
27833	27650
27834	28340
27835	28313
27836	28292
27837	27152
27838	28313
27839	28313
27840	27166
27841	28292
27842	28292
27843	28292
27844	28292
27845	27649
27846	28313
27847	27646
27848	28116
27849	28116
27850	27650
27851	27639
27852	27152
27853	28313
27854	28313
27855	28313
27856	27146
27857	27132
27858	28292
27859	28002
27860	28002
27861	28116
27862	28116
27863	28116
27864	28122
27865	28144
27866	27256
27867	27256
27868	28355
27869	27132
27870	27132
27871	28144
27872	27256
27873	28116
27874	28116
27875	28116
27876	28144
27877	28116
27878	27256
27879	27132
27880	28116
27881	27256
27882	27258
27883	27258
27884	27258
27885	27258
27886	27258
27887	27617
27888	27631
27889	27631
27890	27155
27891	27631
27892	27155
27893	27617
27894	27727
27895	28091
27896	28057
27897	28243
27898	27545
27899	28243
27900	28243
27901	28243
27902	27905
27903	27134
27904	27134
27905	27898
27906	27905
27907	27330
27908	27331
27909	27331
27910	27331
27911	27910
27912	27910
27913	27923
27914	27916
27915	27330
27916	27330
27917	27905
27918	27134
27919	28243
27920	27910
27921	27331
27922	27923
27923	27915
27924	27330
27925	27056
27926	27927
27927	27923
27928	27923
27929	28245
27930	28399
27931	28399
27932	27056
27933	27056
27934	27916
27935	27916
27936	27927
27937	28155
27938	28132
27939	33356
27940	33356
27941	27895
27942	28132
27943	28155
27944	28155
27945	28155
27946	27258
27947	27258
27948	28155
27949	28155
27950	28155
27951	27895
27952	27258
27953	28155
27954	28155
27955	27895
27956	27895
27957	27895
27958	27726
27959	27895
27960	27895
27961	28132
27962	28132
27963	28122
27964	28132
27965	27258
27966	27258
27967	28122
27968	33482
27969	33482
27970	33398
27971	33441
27972	33441
27973	33441
27974	33441
27975	27895
27976	27258
27977	28155
27978	28151
27979	27139
27980	27254
27981	28156
27982	31099
27983	31099
27984	31099
27985	31330
27986	27692
27987	31183
27988	31183
27989	28057
27990	27692
27991	31183
27992	31183
27993	27692
27994	28053
27995	28057
27996	28057
27997	28057
27998	28057
27999	28057
28000	27606
28001	27606
28002	27285
28003	27606
28004	27606
28005	27606
28006	27617
28007	27617
28008	27285
28009	27621
28010	27617
28011	27617
28012	27138
28013	27138
28014	27189
28015	27191
28016	28190
28017	28190
28018	27253
28019	28190
28020	27912
28021	28196
28022	27190
28023	27190
28024	27191
28025	27189
28026	28229
28027	27248
28028	27248
28029	27248
28030	28196
28031	28196
28032	27051
28033	27935
28034	28229
28035	28229
28036	27912
28037	27247
28038	28229
28039	27935
28040	28230
28041	27051
28042	27051
28043	27051
28044	27246
28045	27684
28046	27246
28047	27245
28048	28230
28049	31099
28050	31099
28051	31330
28052	31182
28053	31330
28054	31045
28055	27698
28056	31099
28057	31329
28058	31180
28059	31182
28060	31182
28061	31045
28062	28155
28063	28155
28064	28155
28065	28359
28066	28155
28067	28155
28068	28155
28069	31182
28070	31139
28071	27718
28072	33398
28073	28002
28074	31182
28075	31182
28076	31182
28077	31099
28078	31181
28079	31182
28080	31181
28081	31181
28082	31181
28083	31182
28084	32317
28085	31182
28086	31182
28087	32317
28088	33441
28089	32194
28090	33398
28091	33482
28092	27895
28093	27726
28094	27726
28095	28155
28096	27894
28097	27894
28098	27895
28099	33525
28100	32317
28101	33440
28102	33364
28103	27369
28104	33356
28105	33482
28106	33356
28107	28132
28108	27726
28109	27726
28110	27726
28111	27895
28112	27726
28113	28002
28114	27285
28115	27289
28116	27650
28117	27650
28118	27285
28119	27650
28120	27650
28121	27285
28122	28055
28123	27650
28124	27894
28125	27647
28126	27727
28127	27650
28128	28055
28129	27194
28130	27727
28131	27727
28132	27650
28133	28057
28134	27285
28135	27285
28136	27631
28137	27285
28138	27285
28139	27631
28140	27631
28141	28155
28142	28155
28143	27894
28144	27895
28145	27139
28146	28155
28147	27139
28148	27139
28149	28151
28150	28359
28151	27139
28152	28155
28153	28155
28154	27193
28155	27194
28156	27138
28157	28155
28158	28156
28159	28156
28160	28162
28161	28155
28162	27193
28163	27194
28164	28162
28165	27899
28166	28116
28167	28122
28168	28122
28169	28155
28170	27258
28171	27253
28172	27253
28173	28151
28174	28156
28175	28190
28176	27253
28177	27191
28178	27253
28179	27253
28180	27253
28181	28156
28182	28156
28183	28156
28184	28156
28185	27189
28186	28190
28187	27253
28188	27253
28189	27253
28190	27253
28191	27253
28192	27253
28193	27253
28194	27253
28195	28156
28196	27189
28197	27330
28198	27331
28199	27916
28200	28196
28201	27191
28202	28196
28203	27189
28204	27191
28205	27189
28206	27189
28207	28190
28208	27191
28209	27189
28210	28196
28211	27189
28212	27191
28213	27191
28214	28196
28215	28196
28216	28196
28217	28196
28218	28196
28219	27248
28220	28196
28221	28196
28222	28230
28223	28229
28224	27248
28225	28229
28226	28229
28227	28196
28228	27248
28229	27916
28230	27927
28231	28245
28232	28399
28233	27923
28234	27056
28235	28245
28236	28230
28237	28230
28238	27248
28239	27617
28240	27617
28241	31180
28242	27193
28243	27545
28244	28245
28245	28399
28246	27056
28247	27052
28248	28230
28249	27245
28250	28230
28251	27052
28252	28234
28253	27166
28254	28310
28255	28292
28256	28310
28257	28310
28258	28292
28259	28243
28260	28243
28261	33441
28262	33441
28263	31181
28264	31329
28265	27276
28266	27631
28267	27692
28268	31330
28269	28057
28270	27617
28271	27617
28272	27193
28273	27727
28274	27138
28275	28156
28276	27253
28277	27253
28278	28190
28279	28155
28280	27139
28281	27139
28282	28359
28283	27138
28284	27138
28285	27253
28286	27258
28287	28155
28288	27258
28289	28122
28290	28116
28291	27258
28292	27258
28293	28155
28294	28122
28295	28196
28296	28155
28297	28155
28298	28155
28299	27138
28300	28359
28301	27138
28302	27138
28303	27139
28304	27139
28305	28155
28306	28155
28307	28155
28308	28156
28309	28122
28310	27895
28311	28002
28312	27258
28313	28122
28314	28155
28315	28155
28316	28155
28317	28116
28318	27139
28319	27258
28320	28156
28321	27191
28322	28190
28323	28190
28324	28196
28325	27189
28326	27191
28327	28196
28328	27248
28329	27248
28330	28196
28331	27248
28332	28229
28333	28229
28334	27245
28335	27245
28336	28155
28337	28155
28338	28156
28339	27138
28340	28002
28341	28002
28342	28359
28343	27253
28344	27191
28345	28196
28346	28229
28347	27051
28348	28116
28349	27258
28350	28122
28351	28122
28352	28155
28353	27139
28354	27139
28355	28155
28356	27245
28357	27245
28358	28234
28359	28155
28360	28155
28361	28162
28362	28155
28363	27258
28364	27258
28365	27649
28366	28355
28367	28156
28368	27253
28369	27253
28370	27253
28371	28190
28372	28190
28373	27906
28374	27190
28375	27190
28376	27190
28377	27912
28378	27912
28379	27912
28380	27247
28381	27248
28382	27247
28383	27935
28384	28229
28385	28229
28386	27245
28387	27052
28388	27681
28389	27684
28390	27681
28391	27895
28392	27895
28393	27258
28394	28155
28395	28155
28396	28359
28397	28151
28398	28151
28399	27056
28400	27056
28401	31180
28402	28196
28403	27248
28404	28229
28405	28229
28406	27246
28407	28230
28408	27254
28409	27895
28410	33355
28411	27895
28412	27895
28413	28155
28414	28156
28415	28155
28416	31099
28417	31182
28418	31045
28419	27289
28420	27285
28421	28002
28422	31183
28423	31099
28424	31330
28425	28055
28426	27285
28427	27650
28428	28055
28429	27285
28430	27606
28431	27617
28432	27617
28433	27276
28434	27166
28435	33440
28436	31182
28437	28155
28438	27894
28439	27895
28440	27247
28441	27912
28442	28229
28443	27190
28444	27906
28445	27253
28446	28266
28447	33482
28448	28122
28449	27132
28450	27132
28451	28352
28452	28292
28453	28292
28454	28313
28455	28313
28456	27132
28457	27132
28458	27256
28459	27256
28460	27258
28461	28245
28462	28399
28463	28243
28464	27147
28465	28352
28466	28352
28467	27146
28468	27146
28469	27146
28470	28352
28471	27147
28472	27147
28473	27147
28474	27146
28475	27146
28476	27134
28477	28338
28478	28282
28479	28282
28480	28282
28481	27147
28482	27147
28483	28148
28484	27133
28485	28352
28486	28352
28487	28148
28488	28148
28489	28282
28490	28282
28491	28367
28492	28148
28493	28338
28494	28338
28495	28282
28496	28282
28497	27147
28498	28352
28499	28148
28500	28148
28501	28148
28502	28148
28503	27056
28504	27928
28505	27056
28506	27056
28507	27056
28508	27307
28509	27056
28510	28229
28511	27056
28512	27245
28513	27248
28514	27248
28515	27248
28516	28399
28517	28399
28518	27056
28519	27056
28520	27256
28521	28292
28522	28292
28523	27895
28524	27895
28525	28359
28526	28155
28527	28155
28528	28359
28529	27258
28530	27895
28531	27895
28532	27895
28533	28155
28534	28155
28535	27895
28536	27895
28537	28002
28538	28156
28539	28156
28540	28156
28541	28156
28542	28359
28543	28122
28544	28122
28545	27895
28546	28359
28547	28155
28548	27895
28549	27258
28550	27726
28551	27895
28552	27894
28553	27895
28554	28155
28555	28155
28556	27726
28557	28122
28558	28155
28559	28002
28560	28002
28561	27331
28562	27905
28563	27253
28564	28190
28565	28190
28566	27191
28567	28230
28568	28190
28569	27191
28570	27189
28571	28196
28572	27248
28573	27248
28574	28229
28575	27245
28576	27139
28577	28359
28578	31182
28579	28002
28580	27146
28581	28352
28582	27146
28583	27146
28584	27244
28585	27371
28586	27233
28587	28245
28588	27233
28589	28586
28590	27233
28591	27233
28592	28604
28593	28604
28594	27233
28595	28604
28596	28604
28597	28586
28598	28586
28599	27371
28600	27371
28601	28586
28602	27233
28603	28245
28604	27233
28605	27047
28606	28461
28607	28461
28608	28461
28609	28602
28610	28602
28611	28604
28612	28602
28613	28602
28614	28461
28615	27244
28616	28602
28617	28461
28618	28461
28619	28461
28620	28461
28621	27244
28622	27244
28623	27371
28624	27047
28625	27371
28626	28593
28627	27371
28628	27047
28629	27371
28630	27047
28631	27047
28632	27047
28633	28285
28634	28204
28635	27191
28636	28184
28637	28151
28638	28151
28639	28156
28640	27253
28641	27139
28642	27895
28643	27895
28644	27894
28645	27726
28646	27895
28647	28155
28648	28155
28649	28155
28650	27906
28651	27189
28652	27906
28653	27252
28654	27901
28655	27901
28656	27137
28657	27138
28658	28155
28659	28155
28660	28155
28661	28163
28662	28196
28663	28196
28664	28229
28665	28163
28666	28156
28667	27138
28668	27901
28669	27901
28670	27901
28671	28229
28672	27248
28673	27912
28674	27190
28675	27252
28676	27253
28677	28156
28678	28196
28679	27190
28680	27906
28681	27252
28682	28155
28683	27894
28684	28190
28685	27189
28686	28156
28687	28156
28688	27253
28689	28156
28690	27901
28691	27253
28692	27253
28693	27253
28694	26456
28695	27248
28696	27912
28697	27190
28698	27906
28699	28196
28700	27190
28701	28196
28702	27189
28703	28190
28704	27254
28705	27190
28706	28190
28707	27253
28708	28156
28709	27241
28710	28229
28711	27248
28712	28196
28713	27190
28714	27906
28715	27253
28716	28229
28717	27248
28718	28196
28719	27190
28720	27189
28721	27253
28722	28229
28723	27248
28724	28196
28725	27190
28726	27906
28727	27253
28728	28229
28729	27248
28730	28196
28731	27189
28732	27191
28733	27253
28734	28229
28735	27248
28736	28196
28737	28196
28738	27189
28739	27253
28740	27248
28741	27248
28742	28196
28743	27189
28744	27191
28745	27253
28746	27901
28747	27901
28748	27253
28749	27253
28750	27253
28751	27253
28752	28229
28753	27248
28754	28196
28755	28196
28756	28229
28757	27248
28758	28196
28759	28196
28760	27189
28761	27253
28762	27253
28763	28156
28764	28151
28765	27253
28766	27254
28767	28190
28768	27253
28769	27254
28770	28285
28771	27253
28772	28156
28773	27138
28774	27254
28775	28156
28776	28359
28777	28151
28778	27254
28779	28190
28780	27189
28781	27191
28782	27901
28783	27253
28784	28156
28785	27253
28786	27253
28787	28156
28788	28156
28789	27138
28790	28156
28791	28156
28792	28156
28793	28156
28794	28156
28795	27253
28796	28156
28797	27253
28798	28156
28799	27253
28800	27138
28801	28156
28802	28156
28803	28156
28804	28156
28805	28156
28806	28156
28807	27901
28808	27901
28809	27901
28810	27901
28811	27901
28812	27901
28813	27252
28814	27901
28815	27137
28816	27901
28817	27906
28818	27252
28819	27252
28820	27901
28821	27901
28822	28155
28823	28190
28824	27253
28825	28156
28826	28359
28827	27138
28828	28151
28829	28155
28830	28155
28831	27895
28832	27895
28833	27895
28834	27895
28835	27894
28836	27895
28837	27895
28838	27894
28839	27894
28840	28155
28841	28155
28842	28155
28843	28163
28844	28155
28845	27191
28846	27191
28847	27894
28848	27895
28849	28155
28850	28155
28851	27139
28852	28155
28853	27895
28854	28155
28855	27138
28856	27139
28857	27138
28858	27139
28859	27901
28860	27252
28861	27901
28862	27252
28863	27901
28864	28361
28865	28361
28866	27137
28867	27906
28868	27906
28869	27906
28870	27906
28871	27901
28872	27252
28873	27190
28874	27190
28875	27190
28876	27906
28877	28155
28878	28359
28879	27138
28880	27901
28881	28156
28882	27253
28883	28156
28884	27253
28885	27906
28886	27252
28887	27137
28888	27906
28889	27190
28890	27906
28891	27190
28892	27190
28893	27190
28894	28196
28895	27912
28896	28196
28897	28156
28898	28156
28899	27252
28900	27253
28901	27906
28902	27906
28903	27190
28904	27190
28905	27912
28906	27248
28907	27901
28908	27901
28909	27895
28910	28155
28911	28155
28912	28155
28913	27895
28914	28155
28915	27895
28916	27895
28917	28359
28918	28361
28919	27901
28920	27136
28921	28155
28922	27139
28923	27894
28924	28155
28925	28155
28926	27895
28927	28163
28928	27139
28929	27901
28930	27252
28931	27906
28932	27139
28933	28155
28934	27726
28935	27895
28936	27248
28937	27912
28938	27189
28939	27189
28940	27895
28941	27901
28942	27253
28943	27253
28944	27253
28945	27253
28946	27253
28947	27253
28948	27253
28949	27253
28950	28156
28951	27901
28952	28156
28953	28156
28954	27252
28955	28190
28956	28190
28957	28190
28958	28190
28959	28190
28960	28190
28961	28190
28962	28190
28963	27901
28964	27139
28965	28155
28966	28163
28967	33399
28968	33478
28969	27726
28970	33399
28971	27894
28972	27895
28973	27895
28974	28155
28975	28361
28976	28163
28977	28155
28978	28359
28979	27895
28980	27139
28981	28156
28982	28156
28983	27138
28984	28156
28985	27137
28986	28156
28987	27138
28988	28155
28989	28155
28990	28155
28991	27894
28992	33399
28993	28163
28994	28162
28995	28162
28996	28361
28997	27137
28998	28163
28999	28162
29000	27136
29001	27138
29002	28156
29003	28359
29004	29160
29005	27727
29006	27727
29007	29160
29008	27727
29009	33426
29010	27727
29011	33426
29012	27895
29013	33399
29014	27726
29015	33399
29016	27194
29017	27727
29018	27894
29019	27727
29020	27894
29021	27895
29022	27895
29023	28162
29024	29286
29025	29722
29026	33513
29027	33399
29028	33399
29029	33513
29030	33503
29031	33513
29032	29364
29033	29364
29034	29720
29035	29364
29036	29364
29037	33513
29038	29364
29039	29722
29040	29364
29041	28155
29042	33479
29043	29722
29044	27193
29045	27193
29046	27193
29047	27193
29048	27193
29049	27136
29050	28162
29051	27137
29052	27136
29053	27136
29054	28361
29055	28361
29056	28359
29057	27138
29058	27139
29059	27139
29060	27139
29061	27138
29062	27138
29063	28156
29064	28359
29065	27138
29066	27138
29067	27139
29068	27139
29069	27139
29070	28359
29071	27138
29072	28156
29073	27138
29074	27138
29075	28359
29076	27138
29077	28156
29078	28361
29079	28361
29080	27139
29081	27138
29082	27137
29083	28361
29084	27136
29085	27136
29086	27137
29087	27136
29088	28162
29089	28155
29090	27193
29091	27194
29092	28163
29093	28361
29094	28162
29095	27139
29096	27139
29097	28155
29098	28162
29099	28155
29100	28155
29101	27894
29102	28163
29103	27895
29104	27726
29105	27726
29106	27895
29107	27895
29108	27895
29109	27895
29110	33478
29111	27726
29112	33478
29113	27727
29114	27727
29115	33512
29116	33399
29117	33478
29118	27895
29119	28155
29120	27894
29121	27894
29122	28155
29123	28155
29124	28155
29125	28155
29126	28359
29127	28155
29128	28155
29129	27895
29130	27894
29131	28155
29132	28155
29133	27138
29134	28156
29135	28155
29136	28155
29137	27894
29138	28163
29139	27895
29140	27139
29141	28155
29142	27895
29143	33512
29144	33399
29145	33399
29146	33478
29147	29720
29148	29720
29149	29720
29150	29720
29151	29720
29152	33503
29153	33503
29154	33503
29155	33503
29156	33503
29157	29364
29158	29364
29159	33503
29160	33503
29161	29364
29162	29364
29163	29364
29164	29364
29165	29364
29166	33513
29167	33512
29168	33512
29169	33512
29170	33512
29171	33512
29172	33513
29173	33513
29174	33512
29175	33512
29176	29364
29177	33513
29178	33399
29179	29364
29180	29364
29181	29364
29182	29156
29183	29722
29184	29364
29185	29364
29186	33512
29187	27727
29188	33399
29189	29286
29190	29286
29191	27727
29192	27727
29193	27727
29194	27727
29195	27727
29196	27727
29197	28155
29198	28163
29199	28155
29200	27894
29201	28155
29202	28155
29203	27139
29204	29364
29205	29720
29206	29720
29207	29159
29208	29432
29209	29286
29210	27727
29211	27727
29212	27727
29213	27727
29214	28155
29215	27193
29216	27894
29217	28162
29218	28162
29219	33512
29220	29364
29221	29364
29222	29364
29223	29433
29224	33467
29225	27727
29226	33478
29227	33512
29228	33512
29229	27895
29230	27894
29231	27895
29232	27894
29233	33513
29234	29364
29235	27727
29236	33399
29237	33512
29238	27894
29239	27895
29240	27895
29241	33513
29242	33503
29243	33399
29244	27726
29245	33478
29246	29364
29247	29720
29248	29720
29249	29155
29250	29432
29251	29432
29252	27194
29253	27727
29254	27727
29255	28163
29256	27194
29257	29364
29258	29720
29259	27727
29260	29159
29261	29433
29262	27194
29263	27727
29264	29364
29265	27727
29266	33426
29267	27727
29268	33503
29269	29364
29270	27727
29271	27895
29272	29722
29273	33399
29274	27894
29275	27727
29276	27894
29277	29364
29278	27894
29279	27894
29280	27727
29281	33478
29282	27727
29283	27727
29284	27727
29285	27727
29286	33460
29287	29720
29288	29720
29289	29720
29290	29720
29291	29720
29292	29364
29293	29364
29294	33503
29295	29720
29296	29720
29297	29720
29298	29368
29299	29633
29300	29633
29301	29711
29302	29625
29303	29633
29304	29634
29305	29625
29306	29633
29307	29633
29308	29625
29309	29625
29310	29634
29311	29633
29312	29625
29313	29625
29314	29625
29315	29625
29316	29625
29317	29625
29318	29625
29319	29625
29320	29625
29321	29633
29322	29633
29323	29368
29324	29711
29325	29711
29326	29711
29327	29366
29328	29367
29329	29366
29330	29633
29331	29633
29332	29625
29333	29625
29334	29625
29335	29625
29336	29711
29337	29366
29338	29366
29339	29715
29340	29366
29341	29368
29342	29711
29343	29715
29344	29715
29345	29625
29346	29625
29347	29633
29348	29711
29349	29634
29350	29633
29351	29625
29352	29625
29353	29711
29354	29711
29355	29367
29356	29715
29357	29718
29358	29365
29359	29365
29360	29718
29361	29365
29362	29365
29363	29366
29364	29718
29365	29366
29366	29711
29367	29633
29368	29634
29369	29718
29370	29718
29371	29366
29372	29718
29373	29718
29374	29366
29375	29718
29376	29633
29377	29625
29378	29625
29379	29718
29380	29633
29381	29625
29382	29625
29383	29365
29384	29366
29385	29366
29386	29625
29387	29366
29388	29367
29389	29366
29390	29367
29391	29633
29392	29366
29393	29633
29394	29368
29395	29367
29396	29367
29397	29367
29398	29625
29399	29625
29400	29625
29401	29711
29402	29367
29403	29715
29404	29715
29405	29367
29406	29367
29407	29715
29408	29366
29409	29625
29410	29625
29411	29634
29412	29715
29413	29715
29414	29366
29415	29715
29416	29625
29417	29625
29418	29625
29419	29625
29420	29625
29421	29633
29422	29633
29423	29633
29424	29633
29425	29625
29426	29367
29427	29711
29428	29633
29429	29720
29430	29365
29431	33504
29432	29365
29433	29720
29434	29365
29435	29720
29436	29365
29437	29720
29438	29720
29439	29720
29440	29365
29441	29720
29442	29365
29443	29720
29444	29365
29445	29720
29446	29720
29447	29720
29448	29720
29449	29364
29450	29720
29451	29720
29452	29633
29453	29368
29454	29633
29455	29633
29456	29633
29457	29633
29458	29625
29459	29625
29460	29625
29461	29625
29462	29625
29463	29625
29464	29625
29465	29625
29466	29625
29467	29625
29468	29625
29469	29625
29470	29625
29471	29625
29472	29625
29473	29625
29474	29625
29475	29625
29476	29625
29477	29625
29478	29625
29479	29367
29480	29367
29481	29367
29482	29368
29483	29711
29484	29367
29485	29367
29486	29715
29487	29715
29488	29715
29489	29366
29490	29366
29491	29715
29492	29715
29493	29711
29494	29367
29495	29715
29496	29715
29497	29366
29498	29366
29499	29711
29500	29367
29501	29715
29502	29715
29503	29715
29504	29367
29505	29367
29506	29711
29507	29368
29508	29367
29509	29367
29510	29625
29511	29625
29512	29625
29513	29625
29514	29625
29515	29625
29516	29625
29517	29625
29518	29625
29519	29625
29520	29625
29521	29634
29522	29633
29523	29633
29524	29633
29525	29633
29526	29368
29527	29633
29528	29634
29529	29625
29530	29625
29531	29367
29532	29367
29533	29715
29534	29367
29535	29711
29536	29633
29537	29368
29538	29711
29539	29633
29540	29368
29541	29368
29542	29711
29543	29368
29544	29633
29545	29368
29546	29633
29547	29633
29548	29633
29549	29633
29550	29633
29551	29633
29552	29633
29553	29368
29554	29368
29555	29633
29556	29366
29557	29715
29558	29715
29559	29366
29560	29366
29561	29366
29562	29366
29563	29366
29564	29366
29565	29366
29566	29366
29567	29366
29568	29715
29569	29366
29570	29715
29571	29367
29572	29367
29573	29367
29574	29633
29575	29634
29576	29625
29577	29625
29578	29633
29579	29633
29580	29633
29581	29633
29582	29365
29583	29718
29584	29718
29585	29633
29586	29625
29587	29633
29588	29633
29589	29633
29590	29625
29591	29625
29592	29625
29593	29625
29594	29625
29595	29625
29596	29633
29597	29625
29598	29625
29599	29625
29600	29625
29601	29625
29602	29711
29603	29367
29604	29711
29605	29368
29606	29711
29607	29367
29608	29711
29609	29367
29610	29367
29611	29715
29612	29715
29613	29367
29614	29367
29615	29366
29616	29715
29617	29368
29618	29711
29619	29706
29620	29706
29621	29368
29622	29718
29623	29366
29624	29625
29625	29625
29626	29625
29627	29625
29628	29625
29629	29633
29630	29625
29631	29625
29632	29625
29633	29625
29634	29625
29635	29366
29636	29366
29637	29718
29638	29718
29639	29366
29640	29718
29641	29718
29642	29718
29643	29365
29644	29718
29645	29718
29646	29711
29647	29706
29648	29633
29649	29625
29650	29625
29651	29625
29652	29625
29653	29366
29654	29366
29655	29366
29656	29718
29657	29718
29658	29365
29659	29365
29660	29720
29661	29625
29662	29625
29663	29625
29664	29366
29665	29366
29666	29365
29667	29718
29668	29718
29669	29365
29670	29368
29671	29633
29672	29625
29673	29634
29674	29633
29675	29368
29676	29368
29677	29367
29678	29711
29679	29367
29680	29367
29681	29715
29682	29367
29683	29366
29684	29715
29685	29718
29686	29366
29687	29366
29688	29366
29689	29366
29690	29365
29691	29365
29692	29365
29693	29625
29694	29625
29695	29633
29696	29634
29697	29625
29698	29711
29699	29633
29700	29633
29701	29718
29702	29718
29703	29366
29704	29715
29705	29365
29706	29625
29707	29634
29708	29625
29709	29633
29710	29633
29711	29633
29712	29367
29713	29368
29714	29711
29715	29368
29716	29715
29717	29715
29718	29367
29719	29367
29720	29718
29721	29718
29722	29365
29723	29715
29724	29715
29725	29718
29726	29366
29727	29718
29728	29366
29729	29365
29730	29718
29731	29366
29732	29366
29733	29366
29734	29365
29735	29718
29736	29366
29737	29366
29738	29633
29739	29633
29740	29368
29741	29633
29742	29711
29743	29711
29744	29366
29745	29715
29746	29365
29747	29720
29748	29367
29749	29720
29750	29720
29751	29365
29752	29718
29753	29633
29754	29633
29755	29711
29756	29633
29757	29625
29758	29634
29759	29625
29760	29625
29761	29715
29762	29715
29763	29633
29764	29625
29765	29633
29766	29625
29767	29625
29768	29625
29769	29625
29770	29625
29771	29625
29772	29625
29773	29625
29774	29625
29775	29367
29776	29715
29777	29367
29778	29715
29779	29715
29780	29368
29781	29368
29782	29706
29783	29711
29784	29368
29785	29625
29786	29625
29787	29625
29788	29625
29789	29625
29790	29625
29791	29625
29792	29625
29793	29625
29794	29625
29795	29634
29796	29633
29797	29633
29798	29633
29799	29633
29800	29625
29801	29634
29802	29625
29803	29634
29804	29633
29805	29633
29806	29633
29807	29633
29808	29633
29809	29633
29810	29633
29811	29633
29812	29625
29813	29625
29814	29634
29815	29633
29816	29711
29817	29715
29818	29367
29819	29715
29820	29715
29821	29715
29822	29711
29823	29367
29824	29711
29825	29711
29826	29367
29827	29715
29828	29366
29829	29625
29830	29625
29831	29625
29832	29625
29833	29625
29834	29634
29835	29633
29836	29715
29837	29715
29838	29715
29839	29715
29840	29625
29841	29625
29842	29625
29843	29625
29844	29625
29845	29633
29846	29625
29847	29634
29848	29633
29849	29711
29850	29711
29851	29367
29852	29579
29853	29718
29854	29367
29855	29711
29856	29711
29857	29633
29858	29625
29859	29625
29860	29633
29861	29633
29862	29633
29863	29633
29864	29633
29865	29633
29866	29715
29867	29367
29868	29633
29869	28002
29870	27698
29871	31045
29872	27718
29873	31052
29874	28132
29875	28132
29876	28116
29877	28266
29878	31181
29879	33441
29880	31052
29881	31052
29882	33356
29883	33398
29884	28122
29885	28122
29886	28116
29887	28116
29888	31341
29889	31328
29890	31346
29891	31097
29892	31204
29893	31204
29894	31204
29895	31211
29896	31337
29897	31335
29898	31333
29899	31335
29900	31334
29901	31320
29902	31434
29903	31337
29904	33440
29905	33441
29906	33440
29907	33525
29908	33544
29909	33544
29910	28002
29911	33441
29912	27718
29913	31333
29914	31077
29915	31351
29916	31076
29917	31315
29918	31434
29919	31433
29920	31433
29921	31434
29922	31602
29923	31602
29924	31332
29925	31356
29926	31356
29927	31182
29928	31356
29929	31602
29930	33380
29931	33380
29932	31181
29933	31341
29934	31341
29935	31180
29936	31341
29937	31338
29938	31325
29939	31338
29940	31211
29941	31352
29942	31344
29943	31352
29944	31211
29945	31077
29946	31095
29947	31204
29948	31095
29949	31315
29950	31333
29951	28122
29952	28122
29953	28122
29954	28002
29955	28122
29956	28002
29957	28116
29958	28116
29959	33398
29960	33482
29961	33398
29962	31099
29963	31052
29964	31340
29965	31338
29966	31328
29967	31181
29968	31181
29969	31340
29970	31211
29971	31095
29972	31181
29973	31181
29974	31181
29975	31180
29976	31180
29977	31328
29978	31340
29979	31180
29980	33356
29981	33482
29982	33356
29983	33356
29984	28132
29985	28002
29986	28002
29987	28122
29988	28122
29989	28122
29990	28122
29991	28122
29992	28116
29993	28116
29994	28116
29995	27581
29996	27718
29997	28002
29998	28002
29999	28122
30000	28116
30001	33544
30002	33398
30003	33356
30004	31045
30005	31045
30006	31341
30007	31052
30008	31045
30009	28132
30010	27698
30011	27718
30012	27581
30013	31315
30014	31333
30015	31334
30016	31334
30017	31334
30018	31434
30019	31434
30020	28122
30021	28002
30022	28002
30023	28002
30024	31334
30025	31315
30026	31434
30027	31434
30028	31433
30029	31588
30030	31433
30031	31434
30032	31434
30033	31433
30034	31076
30035	31356
30036	31356
30037	31332
30038	31332
30039	31335
30040	31337
30041	31333
30042	31334
30043	31315
30044	31334
30045	31315
30046	31433
30047	31434
30048	31334
30049	31337
30050	31333
30051	31334
30052	31434
30053	31434
30054	28122
30055	28122
30056	28122
30057	28122
30058	28002
30059	28122
30060	28002
30061	28002
30062	27718
30063	31320
30064	31337
30065	31337
30066	31337
30067	31434
30068	31602
30069	31602
30070	31602
30071	31356
30072	31356
30073	31356
30074	31356
30075	31602
30076	31602
30077	31588
30078	31588
30079	31095
30080	31181
30081	33899
30082	31182
30083	31181
30084	33441
30085	33440
30086	33441
30087	33441
30088	33441
30089	31077
30090	31077
30091	31333
30092	31335
30093	31204
30094	31588
30095	31588
30096	31433
30097	33398
30098	33482
30099	28122
30100	28122
30101	28116
30102	28122
30103	28122
30104	28122
30105	28002
30106	27718
30107	28002
30108	28002
30109	28122
30110	28122
30111	28116
30112	28122
30113	28122
30114	28116
30115	31077
30116	31077
30117	31204
30118	31204
30119	31077
30120	31351
30121	31077
30122	31211
30123	31095
30124	31211
30125	33558
30126	31341
30127	31211
30128	31211
30129	31097
30130	33441
30131	33380
30132	33544
30133	33544
30134	33441
30135	33441
30136	31325
30137	31338
30138	31325
30139	31325
30140	31320
30141	31335
30142	31335
30143	31340
30144	31341
30145	31328
30146	31338
30147	31337
30148	31335
30149	31315
30150	31334
30151	31351
30152	31098
30153	31204
30154	31351
30155	33558
30156	33558
30157	33384
30158	33558
30159	31077
30160	31351
30161	31351
30162	31204
30163	31095
30164	31098
30165	31344
30166	31181
30167	31181
30168	33440
30169	31076
30170	31076
30171	31332
30172	31332
30173	31077
30174	31211
30175	31204
30176	31097
30177	31182
30178	31095
30179	31332
30180	31356
30181	31352
30182	31211
30183	31204
30184	31204
30185	31211
30186	31356
30187	31352
30188	31097
30189	31320
30190	31338
30191	31588
30192	31602
30193	31325
30194	31338
30195	31602
30196	31338
30197	31338
30198	31338
30199	31335
30200	31180
30201	31052
30202	31052
30203	33441
30204	31045
30205	27698
30206	31341
30207	31338
30208	31325
30209	33380
30210	31052
30211	33441
30212	33544
30213	31341
30214	31344
30215	33380
30216	33440
30217	33525
30218	33544
30219	31354
30220	31332
30221	31356
30222	31602
30223	31356
30224	31602
30225	31602
30226	31351
30227	31602
30228	31433
30229	31434
30230	31351
30231	31351
30232	27718
30233	33398
30234	33398
30235	31333
30236	31337
30237	31320
30238	31098
30239	31204
30240	31181
30241	33544
30242	31097
30243	31315
30244	31434
30245	31315
30246	31315
30247	31332
30248	31602
30249	31602
30250	31588
30251	31588
30252	31387
30253	31433
30254	31433
30255	31588
30256	31588
30257	31434
30258	31398
30259	31586
30260	31586
30261	31398
30262	31380
30263	31379
30264	31586
30265	31380
30266	31605
30267	31574
30268	31605
30269	31586
30270	31380
30271	31586
30272	31380
30273	31586
30274	31586
30275	31586
30276	31585
30277	31586
30278	31585
30279	31574
30280	31585
30281	31589
30282	31589
30283	31578
30284	31589
30285	31398
30286	31580
30287	31605
30288	31589
30289	31387
30290	31387
30291	31578
30292	31602
30293	31588
30294	31578
30295	31578
30296	31602
30297	31434
30298	31588
30299	31588
30300	31602
30301	31434
30302	31387
30303	31602
30304	31578
30305	31387
30306	31578
30307	31588
30308	31602
30309	31433
30310	31578
30311	31387
30312	31578
30313	31588
30314	31387
30315	31602
30316	31602
30317	31356
30318	31332
30319	31602
30320	31588
30321	31602
30322	31588
30323	31578
30324	31588
30325	31588
30326	31588
30327	31605
30328	31380
30329	31605
30330	31379
30331	31379
30332	31599
30333	31379
30334	31391
30335	31580
30336	31391
30337	31379
30338	31380
30339	31605
30340	31605
30341	31379
30342	31602
30343	31602
30344	31602
30345	31602
30346	31585
30347	31574
30348	31586
30349	31585
30350	31585
30351	31578
30352	31585
30353	31585
30354	31380
30355	31380
30356	31380
30357	31379
30358	31605
30359	31380
30360	31578
30361	31578
30362	31586
30363	31574
30364	31586
30365	31574
30366	31589
30367	31398
30368	31585
30369	31578
30370	31387
30371	31578
30372	31589
30373	31589
30374	31585
30375	31585
30376	31588
30377	31387
30378	31586
30379	31585
30380	31586
30381	31586
30382	31586
30383	31586
30384	31398
30385	31589
30386	31589
30387	31586
30388	31586
30389	31380
30390	31398
30391	31387
30392	31398
30393	31589
30394	31586
30395	31586
30396	31586
30397	31586
30398	31586
30399	31586
30400	31398
30401	31398
30402	31589
30403	31387
30404	31380
30405	31605
30406	31380
30407	31589
30408	31398
30409	31398
30410	31586
30411	31387
30412	31380
30413	31380
30414	31379
30415	31387
30416	31589
30417	31380
30418	31605
30419	31391
30420	31580
30421	31585
30422	31589
30423	31585
30424	31585
30425	31586
30426	31398
30427	31578
30428	31580
30429	31380
30430	31605
30431	31398
30432	31585
30433	31574
30434	31578
30435	31574
30436	31380
30437	31586
30438	31578
30439	31586
30440	31586
30441	31574
30442	31574
30443	31586
30444	31585
30445	31585
30446	31586
30447	31380
30448	31380
30449	31380
30450	31580
30451	31380
30452	31380
30453	31605
30454	31599
30455	31599
30456	31599
30457	31580
30458	31580
30459	31380
30460	31380
30461	31889
30462	31932
30463	31687
30464	31889
30465	31768
30466	31889
30467	31889
30468	31686
30469	31768
30470	31687
30471	31889
30472	31676
30473	31771
30474	31676
30475	31771
30476	31890
30477	32097
30478	31580
30479	31391
30480	31651
30481	31612
30482	31651
30483	31612
30484	31651
30485	32097
30486	32055
30487	31651
30488	31691
30489	31651
30490	31691
30491	32097
30492	32055
30493	31612
30494	32055
30495	31391
30496	31651
30497	31580
30498	32097
30499	31932
30500	31889
30501	31932
30502	31951
30503	31686
30504	31676
30505	31889
30506	32051
30507	31952
30508	31676
30509	31676
30510	31717
30511	31889
30512	31890
30513	32027
30514	31717
30515	31889
30516	31890
30517	31957
30518	31692
30519	31952
30520	31692
30521	31957
30522	31952
30523	32051
30524	32053
30525	32051
30526	32053
30527	31951
30528	32059
30529	31951
30530	32059
30531	31670
30532	31691
30533	31957
30534	31957
30535	31691
30536	32053
30537	31692
30538	31890
30539	31889
30540	31670
30541	31932
30542	31670
30543	31692
30544	31692
30545	32057
30546	31952
30547	31670
30548	32050
30549	31692
30550	31951
30551	31951
30552	32175
30553	31932
30554	32051
30555	31932
30556	32058
30557	31932
30558	31949
30559	31692
30560	31670
30561	32057
30562	31951
30563	31951
30564	31951
30565	31670
30566	31670
30567	31951
30568	31932
30569	31890
30570	31932
30571	31932
30572	32175
30573	32175
30574	32175
30575	32175
30576	31693
30577	31952
30578	32175
30579	31952
30580	31952
30581	31952
30582	31952
30583	31952
30584	31952
30585	31932
30586	31768
30587	31890
30588	31676
30589	31676
30590	31889
30591	31686
30592	31890
30593	31889
30594	31686
30595	31949
30596	31580
30597	31379
30598	32097
30599	31599
30600	31391
30601	31580
30602	31599
30603	31391
30604	31599
30605	31379
30606	31580
30607	31380
30608	31605
30609	31380
30610	31605
30611	31380
30612	32097
30613	31612
30614	31612
30615	31391
30616	31605
30617	31380
30618	31670
30619	32058
30620	31951
30621	31670
30622	31771
30623	31687
30624	31889
30625	31771
30626	31771
30627	31676
30628	31676
30629	31768
30630	31768
30631	31717
30632	31676
30633	32111
30634	31676
30635	31676
30636	31676
30637	31932
30638	31932
30639	31932
30640	31693
30641	32175
30642	31932
30643	31932
30644	31889
30645	31686
30646	31890
30647	31771
30648	31771
30649	31889
30650	31890
30651	31888
30652	31889
30653	31768
30654	31768
30655	31768
30656	31771
30657	31768
30658	31771
30659	31676
30660	31676
30661	31889
30662	31686
30663	31889
30664	31890
30665	31889
30666	31932
30667	31932
30668	31932
30669	32175
30670	31932
30671	31932
30672	31687
30673	31687
30674	32058
30675	31952
30676	32058
30677	32058
30678	31951
30679	31951
30680	31951
30681	31951
30682	31951
30683	32051
30684	32051
30685	31670
30686	31951
30687	31951
30688	31951
30689	31952
30690	32051
30691	32175
30692	32175
30693	32175
30694	31949
30695	31932
30696	31932
30697	31693
30698	31949
30699	31889
30700	31889
30701	31687
30702	31951
30703	31670
30704	31670
30705	31687
30706	31932
30707	32175
30708	32175
30709	31687
30710	31687
30711	31687
30712	31889
30713	31889
30714	31952
30715	32175
30716	31951
30717	31951
30718	31952
30719	32051
30720	32051
30721	31932
30722	31686
30723	31949
30724	32175
30725	31952
30726	31952
30727	31670
30728	31670
30729	32051
30730	32058
30731	31952
30732	31670
30733	31670
30734	31692
30735	32057
30736	32057
30737	31692
30738	31692
30739	31692
30740	31692
30741	32050
30742	31957
30743	31957
30744	31692
30745	32050
30746	31670
30747	31692
30748	31670
30749	32051
30750	32051
30751	31951
30752	31952
30753	31687
30754	31686
30755	31949
30756	31890
30757	31771
30758	31771
30759	31931
30760	31925
30761	31890
30762	31771
30763	31931
30764	31676
30765	31676
30766	31925
30767	31890
30768	31717
30769	31676
30770	31888
30771	31771
30772	31890
30773	31686
30774	31686
30775	31932
30776	31687
30777	31957
30778	31670
30779	31957
30780	31957
30781	32055
30782	32059
30783	31957
30784	32058
30785	31951
30786	32058
30787	32058
30788	32175
30789	31952
30790	32058
30791	32058
30792	31771
30793	31890
30794	31949
30795	31949
30796	31932
30797	31957
30798	32053
30799	31957
30800	31670
30801	32053
30802	31957
30803	31957
30804	32057
30805	31692
30806	32053
30807	31957
30808	32057
30809	32051
30810	31951
30811	31693
30812	31952
30813	31925
30814	31928
30815	31932
30816	31926
30817	31925
30818	31670
30819	31951
30820	31952
30821	32058
30822	32175
30823	31952
30824	31692
30825	32051
30826	31693
30827	31952
30828	31954
30829	32051
30830	32053
30831	31692
30832	31951
30833	32051
30834	31952
30835	32051
30836	32051
30837	31889
30838	31771
30839	31768
30840	32027
30841	31717
30842	32027
30843	31771
30844	31717
30845	32027
30846	31670
30847	31670
30848	31612
30849	31391
30850	31651
30851	32097
30852	31951
30853	31692
30854	31692
30855	31691
30856	32053
30857	32053
30858	32059
30859	32055
30860	32055
30861	31691
30862	31687
30863	31693
30864	31932
30865	31928
30866	31693
30867	31952
30868	31928
30869	31932
30870	31771
30871	31771
30872	31670
30873	32051
30874	31925
30875	31932
30876	31957
30877	32059
30878	32053
30879	32055
30880	32055
30881	32097
30882	31651
30883	31379
30884	31599
30885	31612
30886	32097
30887	32055
30888	32055
30889	31691
30890	31605
30891	31580
30892	32053
30893	31691
30894	31957
30895	31599
30896	32097
30897	32055
30898	31605
30899	31580
30900	31670
30901	31612
30902	32097
30903	32055
30904	32055
30905	31580
30906	31379
30907	31957
30908	31959
30909	32097
30910	31651
30911	31691
30912	31691
30913	31391
30914	31599
30915	32053
30916	31670
30917	31692
30918	32097
30919	31651
30920	31691
30921	31691
30922	31391
30923	31612
30924	32053
30925	32057
30926	32097
30927	31651
30928	32053
30929	32059
30930	31612
30931	31612
30932	31692
30933	31651
30934	32054
30935	32053
30936	32097
30937	32097
30938	32055
30939	31691
30940	32053
30941	32097
30942	31651
30943	31692
30944	31952
30945	32055
30946	31691
30947	31651
30948	31892
30949	31689
30950	31949
30951	31949
30952	31889
30953	31687
30954	31771
30955	31676
30956	31676
30957	31768
30958	31889
30959	32175
30960	32058
30961	32175
30962	31952
30963	31932
30964	31599
30965	31599
30966	31612
30967	32097
30968	31651
30969	32055
30970	32055
30971	31651
30972	32097
30973	32097
30974	31612
30975	31889
30976	31768
30977	31768
30978	31771
30979	31771
30980	31676
30981	31676
30982	31676
30983	31768
30984	31889
30985	31889
30986	31888
30987	31949
30988	31686
30989	31686
30990	31889
30991	31949
30992	31890
30993	31889
30994	31768
30995	31768
30996	31890
30997	31768
30998	31890
30999	31949
31000	31687
31001	31670
31002	31670
31003	31670
31004	31692
31005	32057
31006	31951
31007	32057
31008	31670
31009	31670
31010	31889
31011	32175
31012	31932
31013	31952
31014	31951
31015	31928
31016	31693
31017	31693
31018	31693
31019	31952
31020	31952
31021	31687
31022	32175
31023	32175
31024	32175
31025	32175
31026	32175
31027	32175
31028	31925
31029	31771
31030	31676
31031	31676
31032	31889
31033	31888
31034	31889
31035	31889
31036	31949
31037	31692
31038	31768
31039	31949
31040	31670
31041	31951
31042	31951
31043	32058
31044	27650
31045	31099
31046	31329
31047	31099
31048	31099
31049	31180
31050	31099
31051	31099
31052	31329
31053	31338
31054	31329
31055	27650
31056	28055
31057	27650
31058	27650
31059	27650
31060	27650
31061	28057
31062	28057
31063	27285
31064	27285
31065	27650
31066	27285
31067	28053
31068	31099
31069	31099
31070	31099
31071	31388
31072	31316
31073	31316
31074	31388
31075	31316
31076	31388
31077	31353
31078	31073
31079	31353
31080	31073
31081	31353
31082	31073
31083	31353
31084	31321
31085	31353
31086	31101
31087	31353
31088	31101
31089	31046
31090	31045
31091	31099
31092	31099
31093	28055
31094	28053
31095	31100
31096	31326
31097	31321
31098	31073
31099	31100
31100	31101
31101	31073
31102	31326
31103	31325
31104	27285
31105	28053
31106	27692
31107	31099
31108	31100
31109	31100
31110	31101
31111	31353
31112	31100
31113	31101
31114	31100
31115	31100
31116	31101
31117	31100
31118	27650
31119	27650
31120	31099
31121	31330
31122	31330
31123	31330
31124	31099
31125	31099
31126	31329
31127	31099
31128	27650
31129	27650
31130	27650
31131	27577
31132	27650
31133	27650
31134	27650
31135	27650
31136	27698
31137	27289
31138	31183
31139	31099
31140	31099
31141	27692
31142	27692
31143	27692
31144	31329
31145	31099
31146	31099
31147	31099
31148	28053
31149	28057
31150	31330
31151	31330
31152	31329
31153	31099
31154	27577
31155	27285
31156	27285
31157	27285
31158	27285
31159	28055
31160	27650
31161	28055
31162	27285
31163	27285
31164	27285
31165	28053
31166	28057
31167	28057
31168	27650
31169	27650
31170	27650
31171	27650
31172	27650
31173	27650
31174	27650
31175	31329
31176	31329
31177	31100
31178	31329
31179	31329
31180	31329
31181	31100
31182	31329
31183	31329
31184	31099
31185	27650
31186	27650
31187	27650
31188	27650
31189	27650
31190	27650
31191	31329
31192	31329
31193	31101
31194	31100
31195	31316
31196	31073
31197	31353
31198	31357
31199	31316
31200	31074
31201	31074
31202	31073
31203	31073
31204	31073
31205	31321
31206	31073
31207	31073
31208	31074
31209	31353
31210	31101
31211	31101
31212	31326
31213	31326
31214	31353
31215	31073
31216	31353
31217	31074
31218	31316
31219	31074
31220	31335
31221	31100
31222	31329
31223	31329
31224	31338
31225	31326
31226	31326
31227	31101
31228	31335
31229	31321
31230	31326
31231	31326
31232	31101
31233	31100
31234	31329
31235	31329
31236	31074
31237	31074
31238	31074
31239	31353
31240	31074
31241	31073
31242	31073
31243	31353
31244	31045
31245	31045
31246	31045
31247	31330
31248	31045
31249	31045
31250	31045
31251	28053
31252	31073
31253	31353
31254	31326
31255	31326
31256	31100
31257	31101
31258	31329
31259	31329
31260	31099
31261	31330
31262	31074
31263	31074
31264	31326
31265	31326
31266	31100
31267	31101
31268	31329
31269	31329
31270	31099
31271	31353
31272	31074
31273	31073
31274	31073
31275	31101
31276	31100
31277	31326
31278	31329
31279	31099
31280	27692
31281	31330
31282	31330
31283	28053
31284	28057
31285	28055
31286	27285
31287	27285
31288	27650
31289	31353
31290	31101
31291	31073
31292	31100
31293	31099
31294	27692
31295	31330
31296	28053
31297	27285
31298	27285
31299	27650
31300	27577
31301	31388
31302	31388
31303	31388
31304	31601
31305	31601
31306	31601
31307	31353
31308	31074
31309	31325
31310	31321
31311	31101
31312	31073
31313	31100
31314	31100
31315	31388
31316	31388
31317	31388
31318	31074
31319	31073
31320	31353
31321	31074
31322	31316
31323	31353
31324	31335
31325	31321
31326	31321
31327	31100
31328	31100
31329	31100
31330	31329
31331	31388
31332	31388
31333	31601
31334	31388
31335	31073
31336	31353
31337	31357
31338	31101
31339	31101
31340	31100
31341	31100
31342	31357
31343	31601
31344	31073
31345	31074
31346	31326
31347	31073
31348	31073
31349	31073
31350	31353
31351	31316
31352	31601
31353	31601
31354	31601
31355	31316
31356	31388
31357	31388
31358	31388
31359	31601
31360	31316
31361	31316
31362	31357
31363	31357
31364	31357
31365	34028
31366	34028
31367	34010
31368	34295
31369	34028
31370	34295
31371	34028
31372	34295
31373	34028
31374	34295
31375	34041
31376	34295
31377	34004
31378	34028
31379	34004
31380	34028
31381	34004
31382	34028
31383	34004
31384	34028
31385	34027
31386	31579
31387	31579
31388	31579
31389	31579
31390	31388
31391	34004
31392	34004
31393	34004
31394	33721
31395	31388
31396	31388
31397	33810
31398	33810
31399	33810
31400	33810
31401	33810
31402	31601
31403	31601
31404	31388
31405	33721
31406	34240
31407	34240
31408	31388
31409	33721
31410	34240
31411	34240
31412	31388
31413	34240
31414	34295
31415	34275
31416	31388
31417	31388
31418	31357
31419	31601
31420	31357
31421	31601
31422	31357
31423	31357
31424	31316
31425	31601
31426	31316
31427	31357
31428	31316
31429	31388
31430	31388
31431	31579
31432	31388
31433	31579
31434	31388
31435	31388
31436	31388
31437	31388
31438	31357
31439	31601
31440	31388
31441	31388
31442	31388
31443	31388
31444	31601
31445	31601
31446	31601
31447	33767
31448	31388
31449	31357
31450	34004
31451	34004
31452	34004
31453	34028
31454	34010
31455	34004
31456	34004
31457	33845
31458	34240
31459	33810
31460	33810
31461	34060
31462	34295
31463	34295
31464	34295
31465	31579
31466	33914
31467	34240
31468	34275
31469	34240
31470	31601
31471	31388
31472	31388
31473	33914
31474	31388
31475	33845
31476	34028
31477	34295
31478	33810
31479	34060
31480	34275
31481	34295
31482	34295
31483	34240
31484	34240
31485	33767
31486	34041
31487	34028
31488	34010
31489	34041
31490	34028
31491	34028
31492	33914
31493	33810
31494	34240
31495	34240
31496	33914
31497	33739
31498	33914
31499	33734
31500	31388
31501	31388
31502	33721
31503	31388
31504	31601
31505	34240
31506	33914
31507	34275
31508	34028
31509	34041
31510	34041
31511	34010
31512	33810
31513	33810
31514	34295
31515	34027
31516	34027
31517	34295
31518	34009
31519	34028
31520	33810
31521	34240
31522	34041
31523	34041
31524	34041
31525	34028
31526	34009
31527	34295
31528	33810
31529	33810
31530	34041
31531	34295
31532	34028
31533	33810
31534	34295
31535	34240
31536	34240
31537	33739
31538	33721
31539	31388
31540	33739
31541	31388
31542	31601
31543	31388
31544	31357
31545	34295
31546	34028
31547	34295
31548	34240
31549	33721
31550	31388
31551	31388
31552	31601
31553	34004
31554	34004
31555	34004
31556	34004
31557	34004
31558	34004
31559	34010
31560	34295
31561	34295
31562	34028
31563	33810
31564	34240
31565	31579
31566	31579
31567	34004
31568	34004
31569	34004
31570	34004
31571	34010
31572	34004
31573	33810
31574	34295
31575	34295
31576	34028
31577	31579
31578	34275
31579	34275
31580	34004
31581	34004
31582	34004
31583	34004
31584	34004
31585	34060
31586	34295
31587	34028
31588	31579
31589	34275
31590	34010
31591	34004
31592	34004
31593	34004
31594	33810
31595	34028
31596	31579
31597	34004
31598	34004
31599	34004
31600	31388
31601	31579
31602	31579
31603	34041
31604	34004
31605	34004
31606	34041
31607	34028
31608	34027
31609	34295
31610	34295
31611	34010
31612	34004
31613	34004
31614	34004
31615	34004
31616	34004
31617	34004
31618	34004
31619	34004
31620	34004
31621	34004
31622	34004
31623	33985
31624	33985
31625	33985
31626	33985
31627	31914
31628	33985
31629	31914
31630	33985
31631	33985
31632	33985
31633	33985
31634	31914
31635	31085
31636	33985
31637	31908
31638	31908
31639	31914
31640	31908
31641	31914
31642	33985
31643	33985
31644	31914
31645	34004
31646	34004
31647	34004
31648	34004
31649	34004
31650	34004
31651	34004
31652	34004
31653	34004
31654	34004
31655	34004
31656	34004
31657	34004
31658	34004
31659	34004
31660	33985
31661	33985
31662	33985
31663	34004
31664	33985
31665	34004
31666	33985
31667	33985
31668	33985
31669	33985
31670	33985
31671	33985
31672	33985
31673	31914
31674	31908
31675	31914
31676	33985
31677	34004
31678	31914
31679	31912
31680	31908
31681	33985
31682	33985
31683	33985
31684	33985
31685	33985
31686	33985
31687	33985
31688	33985
31689	31914
31690	33985
31691	34004
31692	33985
31693	33985
31694	33985
31695	33985
31696	33985
31697	33985
31698	34004
31699	31906
31700	31908
31701	31908
31702	33985
31703	33985
31704	33985
31705	33985
31706	33985
31707	33985
31708	33985
31709	33985
31710	33985
31711	33985
31712	33985
31713	33985
31714	33985
31715	31914
31716	33985
31717	33985
31718	33985
31719	31914
31720	33985
31721	33985
31722	33985
31723	33985
31724	33985
31725	33985
31726	33985
31727	33985
31728	33985
31729	33985
31730	33985
31731	33985
31732	33985
31733	33985
31734	33985
31735	31914
31736	31908
31737	31914
31738	33985
31739	33985
31740	33985
31741	33985
31742	33985
31743	33985
31744	33985
31745	33985
31746	33985
31747	34004
31748	34004
31749	34004
31750	34004
31751	34004
31752	34004
31753	34004
31754	34004
31755	34004
31756	34004
31757	34004
31758	34004
31759	34004
31760	34004
31761	34004
31762	34004
31763	34004
31764	34004
31765	34004
31766	34004
31767	34004
31768	33985
31769	33985
31770	33985
31771	33985
31772	33985
31773	33985
31774	33985
31775	33985
31776	33985
31777	33985
31778	33985
31779	33985
31780	33985
31781	33985
31782	33985
31783	33985
31784	33985
31785	33985
31786	33985
31787	33985
31788	33985
31789	33985
31790	33985
31791	33985
31792	33985
31793	33985
31794	31908
31795	31914
31796	31908
31797	31914
31798	31908
31799	31914
31800	31914
31801	31908
31802	31908
31803	33985
31804	31914
31805	31914
31806	31914
31807	31908
31808	31908
31809	33985
31810	33985
31811	33985
31812	33985
31813	33985
31814	33985
31815	33985
31816	33985
31817	33985
31818	33985
31819	33985
31820	33985
31821	33985
31822	33985
31823	33985
31824	33985
31825	33985
31826	33985
31827	33985
31828	33985
31829	33985
31830	33985
31831	33985
31832	33985
31833	31914
31834	33985
31835	33985
31836	33985
31837	33985
31838	33985
31839	33985
31840	33985
31841	31914
31842	31914
31843	31914
31844	31914
31845	31914
31846	31914
31847	33985
31848	33985
31849	33985
31850	33985
31851	33985
31852	33985
31853	33985
31854	33985
31855	33985
31856	33985
31857	33985
31858	33985
31859	33985
31860	33985
31861	33985
31862	33985
31863	33985
31864	33985
31865	33985
31866	33985
31867	33985
31868	33985
31869	33985
31870	33985
31871	33985
31872	33985
31873	33985
31874	33985
31875	33985
31876	33985
31877	33985
31878	33985
31879	33985
31880	33985
31881	33985
31882	33985
31883	33985
31884	33985
31885	33985
31886	33985
31887	33985
31888	33985
31889	33985
31890	33985
31891	33985
31892	33985
31893	34004
31894	34004
31895	34004
31896	33985
31897	33985
31898	33985
31899	34004
31900	33985
31901	33985
31902	33985
31903	33985
31904	33985
31905	33985
31906	31914
31907	33985
31908	31908
31909	31912
31910	31908
31911	31908
31912	31908
31913	31914
31914	31908
31915	31908
31916	31914
31917	33985
31918	33985
31919	33985
31920	33985
31921	33985
31922	33985
31923	33985
31924	33985
31925	33985
31926	33985
31927	33985
31928	33985
31929	33985
31930	31914
31931	33985
31932	33985
31933	31908
31934	31914
31935	33985
31936	33985
31937	33985
31938	33985
31939	33985
31940	33985
31941	33985
31942	33985
31943	33985
31944	31908
31945	31908
31946	31908
31947	31908
31948	33985
31949	33985
31950	33985
31951	33985
31952	33985
31953	33985
31954	33985
31955	33985
31956	33985
31957	33985
31958	34004
31959	34004
31960	34004
31961	34004
31962	34004
31963	34004
31964	33985
31965	34004
31966	34004
31967	34004
31968	33985
31969	33985
31970	33985
31971	33985
31972	33985
31973	31908
31974	31912
31975	33985
31976	33985
31977	33985
31978	33985
31979	33985
31980	33985
31981	34004
31982	34004
31983	33985
31984	33985
31985	33985
31986	33985
31987	33985
31988	34004
31989	34004
31990	34004
31991	34004
31992	34004
31993	34004
31994	34004
31995	34004
31996	34004
31997	33985
31998	33985
31999	33985
32000	33985
32001	33985
32002	33985
32003	33985
32004	33985
32005	33985
32006	33985
32007	34004
32008	33985
32009	34004
32010	34004
32011	34004
32012	34004
32013	34004
32014	33985
32015	33985
32016	34004
32017	33985
32018	34004
32019	34004
32020	31908
32021	33985
32022	33985
32023	33985
32024	31908
32025	31908
32026	31906
32027	31908
32028	33985
32029	33985
32030	33985
32031	33985
32032	33985
32033	33985
32034	34004
32035	34004
32036	34004
32037	34004
32038	33985
32039	33985
32040	33985
32041	33985
32042	33985
32043	33985
32044	33985
32045	33985
32046	34004
32047	34004
32048	34004
32049	33985
32050	33985
32051	33985
32052	34004
32053	33985
32054	34004
32055	34004
32056	34004
32057	33985
32058	33985
32059	34004
32060	34004
32061	34004
32062	31908
32063	33985
32064	33985
32065	33985
32066	33985
32067	33985
32068	31914
32069	33985
32070	31908
32071	31908
32072	31908
32073	31908
32074	31908
32075	31914
32076	33985
32077	33985
32078	33985
32079	33985
32080	33985
32081	33985
32082	33985
32083	33985
32084	33985
32085	34004
32086	34004
32087	33985
32088	34004
32089	34004
32090	34004
32091	34004
32092	34004
32093	34004
32094	34004
32095	34004
32096	34004
32097	34004
32098	34004
32099	34004
32100	34004
32101	31914
32102	31914
32103	33985
32104	33985
32105	33985
32106	33985
32107	31914
32108	31908
32109	31908
32110	31908
32111	31908
32112	31914
32113	33985
32114	33985
32115	33985
32116	33985
32117	33985
32118	31914
32119	33985
32120	33985
32121	33985
32122	33985
32123	33985
32124	33985
32125	33985
32126	33985
32127	33985
32128	33985
32129	33985
32130	33985
32131	33985
32132	33985
32133	33985
32134	33985
32135	33985
32136	33985
32137	33985
32138	33985
32139	33985
32140	33985
32141	33985
32142	33985
32143	33985
32144	33985
32145	33985
32146	33985
32147	33985
32148	31908
32149	31908
32150	31914
32151	33985
32152	33985
32153	33985
32154	33985
32155	33985
32156	33985
32157	33985
32158	33985
32159	33985
32160	33985
32161	33985
32162	33985
32163	33985
32164	33985
32165	33985
32166	33985
32167	33985
32168	33985
32169	33985
32170	33985
32171	33985
32172	33985
32173	33985
32174	33985
32175	33985
32176	32660
32177	31329
32178	31099
32179	31099
32180	31329
32181	31175
32182	27692
32183	27692
32184	31183
32185	27606
32186	27692
32187	31099
32188	27692
32189	28057
32190	27276
32191	27606
32192	27617
32193	31099
32194	27606
32195	28057
32196	27692
32197	27166
32198	27165
32199	27165
32200	31099
32201	27650
32202	27165
32203	27166
32204	27166
32205	27285
32206	27155
32207	27692
32208	31183
32209	31099
32210	27692
32211	28057
32212	27692
32213	28057
32214	28057
32215	28053
32216	32697
32217	32434
32218	32660
32219	32223
32220	32352
32221	32697
32222	32434
32223	32434
32224	32223
32225	27650
32226	27166
32227	28340
32228	27640
32229	27285
32230	27624
32231	31175
32232	31183
32233	32428
32234	32223
32235	32434
32236	32434
32237	32223
32238	32434
32239	32434
32240	32697
32241	32352
32242	31099
32243	32223
32244	32434
32245	27166
32246	32636
32247	32697
32248	32697
32249	32697
32250	32660
32251	32636
32252	32636
32253	32697
32254	32697
32255	32697
32256	32636
32257	32661
32258	32660
32259	32697
32260	27617
32261	27621
32262	28057
32263	28057
32264	28057
32265	32356
32266	27692
32267	27692
32268	28057
32269	27606
32270	31183
32271	27692
32272	27624
32273	27631
32274	27606
32275	27606
32276	27692
32277	27692
32278	27617
32279	28057
32280	27155
32281	27155
32282	27166
32283	27166
32284	27166
32285	27165
32286	27166
32287	27692
32288	27692
32289	28057
32290	27692
32291	27692
32292	31099
32293	31099
32294	31099
32295	31099
32296	31099
32297	31099
32298	31099
32299	31099
32300	31099
32301	32223
32302	31099
32303	31183
32304	31099
32305	31183
32306	27166
32307	31183
32308	27692
32309	27606
32310	27618
32311	28057
32312	27692
32313	31099
32314	27692
32315	27692
32316	32356
32317	31183
32318	31183
32319	27692
32320	31099
32321	31099
32322	32223
32323	31329
32324	28053
32325	28053
32326	28055
32327	28055
32328	27640
32329	27640
32330	27165
32331	27166
32332	27166
32333	32697
32334	32697
32335	32352
32336	32434
32337	32697
32338	32352
32339	32434
32340	32697
32341	32434
32342	32697
32343	32697
32344	32434
32345	32697
32346	32356
32347	32356
32348	32223
32349	31175
32350	32434
32351	32697
32352	32697
32353	32697
32354	32437
32355	32437
32356	32223
32357	32223
32358	32356
32359	32352
32360	32352
32361	32352
32362	32434
32363	32352
32364	27285
32365	27285
32366	28055
32367	28055
32368	27650
32369	28057
32370	28057
32371	27285
32372	27285
32373	27285
32374	28057
32375	31099
32376	27692
32377	31183
32378	27692
32379	32437
32380	31099
32381	27692
32382	27692
32383	27692
32384	32434
32385	32434
32386	32428
32387	32434
32388	32356
32389	32356
32390	32437
32391	32352
32392	32434
32393	32697
32394	32223
32395	32352
32396	32356
32397	27692
32398	27692
32399	28057
32400	27285
32401	27620
32402	27624
32403	27165
32404	27155
32405	27166
32406	27165
32407	27165
32408	27166
32409	27166
32410	32434
32411	32223
32412	31183
32413	28057
32414	28057
32415	28057
32416	28055
32417	27640
32418	27165
32419	27640
32420	27166
32421	32434
32422	32434
32423	32223
32424	32697
32425	32356
32426	32356
32427	32434
32428	32697
32429	32697
32430	32660
32431	32223
32432	32223
32433	32636
32434	32636
32435	32660
32436	32697
32437	32352
32438	31099
32439	32356
32440	31183
32441	31099
32442	32697
32443	32661
32444	32352
32445	31099
32446	27692
32447	28057
32448	28057
32449	28057
32450	31099
32451	32637
32452	32636
32453	32636
32454	32637
32455	32637
32456	32637
32457	32637
32458	32637
32459	32637
32460	32637
32461	32466
32462	32466
32463	32716
32464	32663
32465	32716
32466	32607
32467	32716
32468	32607
32469	32716
32470	32607
32471	32587
32472	32587
32473	32607
32474	32587
32475	32607
32476	32587
32477	32733
32478	32733
32479	32733
32480	32608
32481	32608
32482	32733
32483	32733
32484	32587
32485	32587
32486	32608
32487	32608
32488	32608
32489	32466
32490	32699
32491	32637
32492	32637
32493	32636
32494	32661
32495	32661
32496	32636
32497	32637
32498	32637
32499	32636
32500	32716
32501	32716
32502	32699
32503	32637
32504	32697
32505	32697
32506	32661
32507	32661
32508	32636
32509	32636
32510	32660
32511	32697
32512	32636
32513	32637
32514	32660
32515	32636
32516	32660
32517	32733
32518	32733
32519	32733
32520	32733
32521	32733
32522	32636
32523	32636
32524	32637
32525	32637
32526	32636
32527	32636
32528	32661
32529	32636
32530	32660
32531	32697
32532	32697
32533	32661
32534	32660
32535	32697
32536	32660
32537	32636
32538	32661
32539	32637
32540	32637
32541	32661
32542	32661
32543	32636
32544	32636
32545	32636
32546	32636
32547	32637
32548	32636
32549	32636
32550	32636
32551	32587
32552	32607
32553	32608
32554	32587
32555	32587
32556	32733
32557	32587
32558	32716
32559	32716
32560	32716
32561	32466
32562	32716
32563	32716
32564	32637
32565	32637
32566	32637
32567	32636
32568	32636
32569	32636
32570	32636
32571	32636
32572	32660
32573	32661
32574	32660
32575	32660
32576	32697
32577	32637
32578	32466
32579	32716
32580	32637
32581	32637
32582	32637
32583	32716
32584	32631
32585	32587
32586	32608
32587	32587
32588	32607
32589	32608
32590	32587
32591	32587
32592	32608
32593	32607
32594	32608
32595	32716
32596	32716
32597	32466
32598	32637
32599	32637
32600	32636
32601	32637
32602	32636
32603	32636
32604	32660
32605	32697
32606	32697
32607	32607
32608	32608
32609	32637
32610	32636
32611	32661
32612	32697
32613	32608
32614	32699
32615	32716
32616	32716
32617	32637
32618	32637
32619	32608
32620	32608
32621	32608
32622	32587
32623	32587
32624	32587
32625	32608
32626	32608
32627	32587
32628	32587
32629	32607
32630	32607
32631	32466
32632	32607
32633	32608
32634	32608
32635	32637
32636	32637
32637	32716
32638	32637
32639	32637
32640	32637
32641	32636
32642	32636
32643	32637
32644	32637
32645	32607
32646	32466
32647	32466
32648	32608
32649	32608
32650	32733
32651	32587
32652	32587
32653	32733
32654	32733
32655	32733
32656	32637
32657	32637
32658	32466
32659	32716
32660	32637
32661	32637
32662	32608
32663	32587
32664	32733
32665	32733
32666	32733
32667	32733
32668	32466
32669	32716
32670	32466
32671	32607
32672	32466
32673	32637
32674	32637
32675	32637
32676	32607
32677	32716
32678	32636
32679	32637
32680	32733
32681	32733
32682	32733
32683	32733
32684	32733
32685	32733
32686	32733
32687	32636
32688	32637
32689	32637
32690	32636
32691	32636
32692	32636
32693	32636
32694	32733
32695	32661
32696	32636
32697	32636
32698	32607
32699	32607
32700	32466
32701	32607
32702	32466
32703	32607
32704	32607
32705	32608
32706	32733
32707	32733
32708	32733
32709	32733
32710	32733
32711	32587
32712	32608
32713	32608
32714	32607
32715	32466
32716	32466
32717	32716
32718	32716
32719	32637
32720	32637
32721	32637
32722	32637
32723	32733
32724	32733
32725	32733
32726	32587
32727	32733
32728	32587
32729	32733
32730	32733
32731	32733
32732	32587
32733	32587
32734	32587
32735	33286
32736	32733
32737	32733
32738	32733
32739	32733
32740	33286
32741	32747
32742	32733
32743	33286
32744	32733
32745	33286
32746	32733
32747	33286
32748	32747
32749	33229
32750	32969
32751	33229
32752	32954
32753	32954
32754	32969
32755	32954
32756	32969
32757	32969
32758	32969
32759	32969
32760	32954
32761	32954
32762	32954
32763	32800
32764	32800
32765	32800
32766	32800
32767	32969
32768	32969
32769	32969
32770	33229
32771	33229
32772	32954
32773	32954
32774	32829
32775	33046
32776	33047
32777	33039
32778	32829
32779	33039
32780	33046
32781	33046
32782	33229
32783	33046
32784	33047
32785	32829
32786	33229
32787	33039
32788	32829
32789	33047
32790	33229
32791	33039
32792	33040
32793	33286
32794	32747
32795	33297
32796	32747
32797	32747
32798	32954
32799	32800
32800	32800
32801	32800
32802	32800
32803	32969
32804	32969
32805	33039
32806	32747
32807	32747
32808	32829
32809	33047
32810	32829
32811	32954
32812	32800
32813	32800
32814	33229
32815	33229
32816	33046
32817	33229
32818	33269
32819	32954
32820	32954
32821	32747
32822	32829
32823	33229
32824	32954
32825	32800
32826	32954
32827	33229
32828	32829
32829	33229
32830	32800
32831	33040
32832	33040
32833	33039
32834	33039
32835	32800
32836	32969
32837	33229
32838	32747
32839	32747
32840	32747
32841	32747
32842	32876
32843	33040
32844	33040
32845	33039
32846	33039
32847	33040
32848	32747
32849	33269
32850	33269
32851	33269
32852	33269
32853	33269
32854	33269
32855	33269
32856	33269
32857	33269
32858	33269
32859	33269
32860	33269
32861	32954
32862	33040
32863	33039
32864	33039
32865	33334
32866	32800
32867	32969
32868	32969
32869	32954
32870	32954
32871	32954
32872	32969
32873	32969
32874	33046
32875	33046
32876	33046
32877	33229
32878	33269
32879	32733
32880	32733
32881	32733
32882	32733
32883	32733
32884	32587
32885	32733
32886	32587
32887	32733
32888	32587
32889	32733
32890	32733
32891	33286
32892	32733
32893	33286
32894	32733
32895	32733
32896	32733
32897	32733
32898	32733
32899	32733
32900	32733
32901	32587
32902	33046
32903	32829
32904	33047
32905	33146
32906	33146
32907	32870
32908	33229
32909	33046
32910	33046
32911	33046
32912	33046
32913	32829
32914	32829
32915	33229
32916	33229
32917	33229
32918	33229
32919	33046
32920	33046
32921	33046
32922	32948
32923	32969
32924	32948
32925	32969
32926	32969
32927	33269
32928	33269
32929	33269
32930	32948
32931	32955
32932	32969
32933	32969
32934	33269
32935	32948
32936	32870
32937	33269
32938	32954
32939	32954
32940	32954
32941	32954
32942	32948
32943	32954
32944	32954
32945	32954
32946	32954
32947	33269
32948	32800
32949	32954
32950	32800
32951	32800
32952	32800
32953	32800
32954	32800
32955	32800
32956	32800
32957	32800
32958	32969
32959	32800
32960	32800
32961	32800
32962	32969
32963	32969
32964	32969
32965	32969
32966	32969
32967	32969
32968	32954
32969	32800
32970	32800
32971	32800
32972	32800
32973	32954
32974	32954
32975	32954
32976	32954
32977	32969
32978	32969
32979	32969
32980	32969
32981	32800
32982	32800
32983	32829
32984	32829
32985	32829
32986	33046
32987	32829
32988	32969
32989	32969
32990	32969
32991	32969
32992	32969
32993	32969
32994	32969
32995	32969
32996	32954
32997	32954
32998	32954
32999	32829
33000	32829
33001	33046
33002	33039
33003	33039
33004	33039
33005	33039
33006	33039
33007	33039
33008	33039
33009	32829
33010	32829
33011	33039
33012	33039
33013	33039
33014	33039
33015	33039
33016	33039
33017	33039
33018	33039
33019	32829
33020	33039
33021	32969
33022	32969
33023	33229
33024	33269
33025	32969
33026	32969
33027	32969
33028	32969
33029	33229
33030	32870
33031	32870
33032	33229
33033	33229
33034	33229
33035	32969
33036	33269
33037	33039
33038	32829
33039	33229
33040	33046
33041	33269
33042	33269
33043	33269
33044	32954
33045	32955
33046	33269
33047	33269
33048	33229
33049	32800
33050	32800
33051	32800
33052	32800
33053	32800
33054	32800
33055	32800
33056	32800
33057	32954
33058	32954
33059	32800
33060	32800
33061	33040
33062	33039
33063	33039
33064	32800
33065	32800
33066	32800
33067	32969
33068	32800
33069	32800
33070	32800
33071	33040
33072	33040
33073	33039
33074	33039
33075	32829
33076	32829
33077	32800
33078	32800
33079	32747
33080	32747
33081	32747
33082	33286
33083	33297
33084	32747
33085	32747
33086	33040
33087	32876
33088	32870
33089	32870
33090	32870
33091	32954
33092	33269
33093	33297
33094	33297
33095	33297
33096	32733
33097	33286
33098	33297
33099	33297
33100	32876
33101	32747
33102	33040
33103	33040
33104	33039
33105	33039
33106	32969
33107	33269
33108	32969
33109	33039
33110	32829
33111	32733
33112	33286
33113	32747
33114	32747
33115	32876
33116	33040
33117	32733
33118	33286
33119	32747
33120	32747
33121	32747
33122	33297
33123	32747
33124	33039
33125	33040
33126	33046
33127	33229
33128	33046
33129	33046
33130	32829
33131	33046
33132	33046
33133	33269
33134	32870
33135	32954
33136	33269
33137	32800
33138	32954
33139	32800
33140	32954
33141	32800
33142	32800
33143	32954
33144	32800
33145	32800
33146	33269
33147	33269
33148	33146
33149	33229
33150	33046
33151	32733
33152	33297
33153	33286
33154	32733
33155	32733
33156	32733
33157	32733
33158	32747
33159	32747
33160	32747
33161	32747
33162	33286
33163	33297
33164	33040
33165	33040
33166	33039
33167	33040
33168	33229
33169	33046
33170	33046
33171	32829
33172	33269
33173	33269
33174	33269
33175	32954
33176	32954
33177	32954
33178	33269
33179	32954
33180	32954
33181	33269
33182	32954
33183	33146
33184	33229
33185	33039
33186	32829
33187	33046
33188	33040
33189	32747
33190	32747
33191	33040
33192	33040
33193	33040
33194	32876
33195	32876
33196	32747
33197	32747
33198	32747
33199	33286
33200	32747
33201	33040
33202	32829
33203	33039
33204	32747
33205	32747
33206	32747
33207	32747
33208	33146
33209	33229
33210	33269
33211	33229
33212	33146
33213	33039
33214	32829
33215	33046
33216	33146
33217	32800
33218	33039
33219	33046
33220	33229
33221	33039
33222	33046
33223	33039
33224	33046
33225	32969
33226	32800
33227	32800
33228	32954
33229	32954
33230	33286
33231	33286
33232	33286
33233	32733
33234	32747
33235	33297
33236	32747
33237	32733
33238	33229
33239	33046
33240	33046
33241	33047
33242	33229
33243	33046
33244	32829
33245	33146
33246	33146
33247	33146
33248	33229
33249	32829
33250	32829
33251	32829
33252	32954
33253	32954
33254	32954
33255	32954
33256	32954
33257	32954
33258	32954
33259	33269
33260	32954
33261	32969
33262	32969
33263	32969
33264	32800
33265	32969
33266	32800
33267	32800
33268	32954
33269	32800
33270	32800
33271	32954
33272	32954
33273	32954
33274	32969
33275	32969
33276	32969
33277	32969
33278	32969
33279	32954
33280	32954
33281	32954
33282	33269
33283	32733
33284	32733
33285	32733
33286	32733
33287	32733
33288	32733
33289	32733
33290	32733
33291	32733
33292	32733
33293	32733
33294	32733
33295	33286
33296	32733
33297	32733
33298	32733
33299	32733
33300	33040
33301	32876
33302	32876
33303	33040
33304	33040
33305	33039
33306	33039
33307	32829
33308	32829
33309	33039
33310	33040
33311	32876
33312	33040
33313	33229
33314	33229
33315	33229
33316	33229
33317	32870
33318	32870
33319	33269
33320	33269
33321	32954
33322	32954
33323	32954
33324	32954
33325	32955
33326	32954
33327	33039
33328	33039
33329	33039
33330	32829
33331	32829
33332	33048
33333	32969
33334	32800
33335	32800
33336	32954
33337	32954
33338	32969
33339	32969
33340	33229
33341	33146
33342	33146
33343	32829
33344	32829
33345	32829
33346	32829
33347	33269
33348	33229
33349	33229
33350	33229
33351	33229
33352	28310
33353	27617
33354	27617
33355	27155
33356	27631
33357	27617
33358	28310
33359	28310
33360	27166
33361	27155
33362	27631
33363	27155
33364	27617
33365	27617
33366	27617
33367	27166
33368	28091
33369	28310
33370	27155
33371	27617
33372	27631
33373	27617
33374	27617
33375	27617
33376	27617
33377	27617
33378	27617
33379	27617
33380	27617
33381	30183
33382	27617
33383	30183
33384	27617
33385	27617
33386	27617
33387	27617
33388	27617
33389	27617
33390	27617
33391	28091
33392	27166
33393	27631
33394	27276
33395	27631
33396	27155
33397	27155
33398	27617
33399	27631
33400	30183
33401	30183
33402	27631
33403	28340
33404	27617
33405	27618
33406	27617
33407	27617
33408	27276
33409	27617
33410	27165
33411	27166
33412	28310
33413	27166
33414	27631
33415	27631
33416	27631
33417	27631
33418	27631
33419	27631
33420	27631
33421	27276
33422	27617
33423	27617
33424	28072
33425	28091
33426	27631
33427	27155
33428	28310
33429	28310
33430	28310
33431	28155
33432	27676
33433	27676
33434	27165
33435	27165
33436	27617
33437	27617
33438	27276
33439	27617
33440	27617
33441	27617
33442	27617
33443	27617
33444	27617
33445	27617
33446	27155
33447	27631
33448	28310
33449	28310
33450	27276
33451	27631
33452	27631
33453	27165
33454	27166
33455	27166
33456	30183
33457	30187
33458	30187
33459	27617
33460	27617
33461	27617
33462	27617
33463	27617
33464	27617
33465	27617
33466	27276
33467	27276
33468	27631
33469	27631
33470	27631
33471	27617
33472	27276
33473	27617
33474	27631
33475	27155
33476	27631
33477	27631
33478	27631
33479	27631
33480	27617
33481	27631
33482	27631
33483	27617
33484	27617
33485	27617
33486	30183
33487	27617
33488	27617
33489	27617
33490	27276
33491	27617
33492	27617
33493	27617
33494	27631
33495	27631
33496	27155
33497	27155
33498	27155
33499	28091
33500	27155
33501	30176
33502	27617
33503	27617
33504	27617
33505	27617
33506	27617
33507	30183
33508	27617
33509	27617
33510	27617
33511	27617
33512	27276
33513	27617
33514	28310
33515	27675
33516	27166
33517	28310
33518	28072
33519	27676
33520	28091
33521	30183
33522	30183
33523	27617
33524	30183
33525	27617
33526	27617
33527	30187
33528	30187
33529	30183
33530	30183
33531	30183
33532	30183
33533	27617
33534	27617
33535	27617
33536	30183
33537	30183
33538	30183
33539	30183
33540	27617
33541	30183
33542	27617
33543	27617
33544	27617
33545	30183
33546	27617
33547	27617
33548	27617
33549	27631
33550	27631
33551	27617
33552	27617
33553	27617
33554	27617
33555	27617
33556	30183
33557	27617
33558	27617
33559	27617
33560	27617
33561	27166
33562	27276
33563	30432
33564	30432
33565	30432
33566	30431
33567	30431
33568	30431
33569	30310
33570	30310
33571	30431
33572	30431
33573	30252
33574	30431
33575	30252
33576	30431
33577	30252
33578	30431
33579	30252
33580	30423
33581	30310
33582	30078
33583	30037
33584	30037
33585	30078
33586	30187
33587	30078
33588	30078
33589	30187
33590	30187
33591	30183
33592	30187
33593	30037
33594	30183
33595	30078
33596	30187
33597	30187
33598	30075
33599	30037
33600	30187
33601	30231
33602	30116
33603	30239
33604	30183
33605	30187
33606	30183
33607	30187
33608	30129
33609	27617
33610	27617
33611	27617
33612	30183
33613	30252
33614	30310
33615	30252
33616	30431
33617	30310
33618	30252
33619	30252
33620	30075
33621	30078
33622	30431
33623	30310
33624	30078
33625	30078
33626	30037
33627	30078
33628	30310
33629	30252
33630	30078
33631	30078
33632	30187
33633	30037
33634	30310
33635	30252
33636	30078
33637	30318
33638	30187
33639	30037
33640	30310
33641	30252
33642	30078
33643	30078
33644	29914
33645	30231
33646	30431
33647	30431
33648	30431
33649	30423
33650	30423
33651	30431
33652	30116
33653	29914
33654	29914
33655	30423
33656	30432
33657	30423
33658	30431
33659	30423
33660	30431
33661	30037
33662	30187
33663	30187
33664	30037
33665	30118
33666	30187
33667	30187
33668	30183
33669	30187
33670	30187
33671	30037
33672	30431
33673	30431
33674	30431
33675	30037
33676	30078
33677	30310
33678	30310
33679	30423
33680	30431
33681	30187
33682	30183
33683	30187
33684	30187
33685	30187
33686	30183
33687	30187
33688	30078
33689	30078
33690	30252
33691	30310
33692	30432
33693	30431
33694	30431
33695	30431
33696	30431
33697	30432
33698	30432
33699	30432
33700	30431
33701	30037
33702	30078
33703	30252
33704	30310
33705	30187
33706	30037
33707	30423
33708	30267
33709	30432
33710	30431
33711	30187
33712	30187
33713	30187
33714	30037
33715	30187
33716	30187
33717	30187
33718	30037
33719	30431
33720	30431
33721	30432
33722	30432
33723	30078
33724	30037
33725	30037
33726	30078
33727	30310
33728	30310
33729	30310
33730	30310
33731	30431
33732	30431
33733	30431
33734	30423
33735	30432
33736	30267
33737	30432
33738	30432
33739	30432
33740	30267
33741	29891
33742	29891
33743	29891
33744	27617
33745	30183
33746	30176
33747	30117
33748	30183
33749	30183
33750	30183
33751	30183
33752	30183
33753	29891
33754	27617
33755	30183
33756	30187
33757	30183
33758	30183
33759	30117
33760	30187
33761	30118
33762	30187
33763	30187
33764	30183
33765	30118
33766	30187
33767	30432
33768	30423
33769	30423
33770	30267
33771	30267
33772	30267
33773	30432
33774	30432
33775	30423
33776	30432
33777	30449
33778	30267
33779	30449
33780	30449
33781	30450
33782	30848
33783	30861
33784	30861
33785	30861
33786	30861
33787	30861
33788	30859
33789	30855
33790	30859
33791	30855
33792	30859
33793	30861
33794	30536
33795	30536
33796	30536
33797	30536
33798	30861
33799	30861
33800	30861
33801	30861
33802	30267
33803	30267
33804	30267
33805	30432
33806	30267
33807	30267
33808	30357
33809	30848
33810	30450
33811	30859
33812	30633
33813	30861
33814	30536
33815	30536
33816	30536
33817	30861
33818	30861
33819	30848
33820	30449
33821	30861
33822	30491
33823	30848
33824	30536
33825	30536
33826	30876
33827	30536
33828	30859
33829	30861
33830	30859
33831	30861
33832	30861
33833	30449
33834	30851
33835	30850
33836	30357
33837	30357
33838	30357
33839	30615
33840	30491
33841	30859
33842	30491
33843	30851
33844	30848
33845	30450
33846	30850
33847	30615
33848	30491
33849	30615
33850	30859
33851	30861
33852	30491
33853	30449
33854	30449
33855	30449
33856	30436
33857	30357
33858	30450
33859	30357
33860	30436
33861	30851
33862	30851
33863	30851
33864	30491
33865	30848
33866	30848
33867	30851
33868	30848
33869	30848
33870	30450
33871	30615
33872	30615
33873	30615
33874	30859
33875	30491
33876	30536
33877	30876
33878	30536
33879	30494
33880	30850
33881	30604
33882	30357
33883	30850
33884	30850
33885	30850
33886	30850
33887	30850
33888	30850
33889	30859
33890	30859
33891	30859
33892	30494
33893	30494
33894	30494
33895	30861
33896	30861
33897	30861
33898	30536
33899	30536
33900	30855
33901	30859
33902	30859
33903	30494
33904	30861
33905	30450
33906	30450
33907	30848
33908	30266
33909	30449
33910	30267
33911	30615
33912	30423
33913	30423
33914	30267
33915	30432
33916	30432
33917	30423
33918	30423
33919	30423
33920	30267
33921	30432
33922	30432
33923	30423
33924	30267
33925	30432
33926	30267
33927	30267
33928	30267
33929	30267
33930	30437
33931	30267
33932	30861
33933	30536
33934	30861
33935	30861
33936	30861
33937	30861
33938	30861
33939	30861
33940	30861
33941	30494
33942	30859
33943	30494
33944	30859
33945	30494
33946	30861
33947	30861
33948	30859
33949	30491
33950	30850
33951	30859
33952	30859
33953	30859
33954	30859
33955	30859
33956	30450
33957	30491
33958	30848
33959	30450
33960	30450
33961	30615
33962	30450
33963	30848
33964	30848
33965	30450
33966	30450
33967	30615
33968	30615
33969	30848
33970	30848
33971	30615
33972	30450
33973	30848
33974	30848
33975	30859
33976	30859
33977	30491
33978	30850
33979	30536
33980	30536
33981	30536
33982	30536
33983	30536
33984	30536
33985	30536
33986	30536
33987	30861
33988	30536
33989	30536
33990	30536
33991	30861
33992	30861
33993	30861
33994	30861
33995	30859
33996	30859
33997	30859
33998	30859
33999	30859
34000	30861
34001	30861
34002	30859
34003	30494
34004	30861
34005	30536
34006	30536
34007	30861
34008	30861
34009	30861
34010	30861
34011	30536
34012	30536
34013	30861
34014	30861
34015	30861
34016	30861
34017	30861
34018	30861
34019	30491
34020	30491
34021	30491
34022	30491
34023	30850
34024	30851
34025	30859
34026	30859
34027	30850
34028	30859
34029	30494
34030	30494
34031	30859
34032	30859
34033	30968
34034	30850
34035	30494
34036	30861
34037	30861
34038	30855
34039	30861
34040	30861
34041	30861
34042	30861
34043	30861
34044	30861
34045	30861
34046	30861
34047	30861
34048	30859
34049	30855
34050	30848
34051	30848
34052	30491
34053	30491
34054	30850
34055	30851
34056	30615
34057	30357
34058	30615
34059	30450
34060	30450
34061	30615
34062	30357
34063	30357
34064	30615
34065	30615
34066	30848
34067	30450
34068	30450
34069	30848
34070	30491
34071	30491
34072	30450
34073	30450
34074	30848
34075	30859
34076	30859
34077	30850
34078	30850
34079	30861
34080	30861
34081	30861
34082	30494
34083	30494
34084	30450
34085	30848
34086	30491
34087	30848
34088	30850
34089	30851
34090	30536
34091	30536
34092	30536
34093	30536
34094	30876
34095	30536
34096	30536
34097	30861
34098	30536
34099	30536
34100	30536
34101	30861
34102	30536
34103	30861
34104	30536
34105	30861
34106	30536
34107	30536
34108	30536
34109	30536
34110	30855
34111	30861
34112	30861
34113	30859
34114	30859
34115	30859
34116	30859
34117	30861
34118	30267
34119	30432
34120	30267
34121	30267
34122	30357
34123	30449
34124	30449
34125	30267
34126	30357
34127	30615
34128	30357
34129	30848
34130	30450
34131	30357
34132	30436
34133	30357
34134	30615
34135	30266
34136	30436
34137	30267
34138	30449
34139	30357
34140	30357
34141	30859
34142	30859
34143	30491
34144	30850
34145	30859
34146	30449
34147	30357
34148	30266
34149	30449
34150	30449
34151	30449
34152	30357
34153	30449
34154	30267
34155	30449
34156	30357
34157	30848
34158	30851
34159	30491
34160	30851
34161	30848
34162	30615
34163	30357
34164	30357
34165	30851
34166	30848
34167	30851
34168	30859
34169	30850
34170	30851
34171	30436
34172	30358
34173	30604
34174	30604
34175	30450
34176	30848
34177	30494
34178	30850
34179	30859
34180	30861
34181	30861
34182	30494
34183	30850
34184	30450
34185	30848
34186	30265
34187	30450
34188	30449
34189	30357
34190	30357
34191	30615
34192	30491
34193	30491
34194	30851
34195	30494
34196	30848
34197	30615
34198	30357
34199	30861
34200	30861
34201	30536
34202	30861
34203	30861
34204	30861
34205	30855
34206	30861
34207	30861
34208	30859
34209	30968
34210	30850
34211	30432
34212	30267
34213	30267
34214	30848
34215	30491
34216	30450
34217	30536
34218	30536
34219	30536
34220	30536
34221	30861
34222	30861
34223	30861
34224	30615
34225	30450
34226	30449
34227	30449
34228	30357
34229	30357
34230	30432
34231	30267
34232	30423
34233	30432
34234	30423
34235	30432
34236	30432
34237	30432
34238	30267
34239	30267
34240	30267
34241	30267
34242	30267
34243	30861
34244	30855
34245	30536
34246	30861
34247	30536
34248	30536
34249	30536
34250	30536
34251	30536
34252	30861
34253	30859
34254	30859
34255	30859
34256	30859
34257	30861
34258	30861
34259	30861
34260	30861
34261	30861
34262	30450
34263	30357
34264	30449
34265	30357
34266	30437
34267	30449
34268	30267
34269	30449
34270	30267
34271	30267
34272	30267
34273	30267
34274	30267
34275	30449
34276	30449
34277	30436
34278	30436
34279	30436
34280	30265
34281	30436
34282	30449
34283	30266
34284	30494
34285	30850
34286	30859
34287	30850
34288	30850
34289	30859
34290	30850
34291	30859
34292	30850
34293	30850
34294	30851
34295	30850
34296	30491
34297	30491
34298	30848
34299	30491
34300	30848
34301	30491
34302	30848
34303	30491
34304	30848
34305	30491
34306	30848
34307	30848
34308	30491
34309	30848
34310	30450
34311	30491
34312	30848
34313	30850
34314	30859
34315	30536
34316	30536
34317	30861
34318	30494
34319	30861
34320	30859
34321	30850
34322	30848
34323	30357
34324	30850
34325	30491
34326	30491
34327	30491
34328	30491
34329	30491
34330	30968
34331	30850
34332	30859
34333	30859
34334	30494
34335	30494
34336	30494
34337	30855
34338	30536
34339	30536
34340	30536
34341	30861
34342	30859
34343	30494
34344	30450
34345	30848
34346	30848
34347	30267
34348	30449
34349	30357
34350	30615
34351	30848
34352	30436
34353	35577
34354	34354
34355	34567
34356	34354
34357	35338
34358	35328
34359	34359
34360	34360
34361	35305
34362	34362
34363	34732
34364	34733
34365	35287
34366	34380
34367	34368
34368	34380
34369	2624
34370	2330
34371	2330
34372	34371
34373	35283
34374	2629
34375	2629
34376	2331
34377	2616
34378	35339
34379	35339
34380	2625
34381	35280
34382	34382
34383	34365
34384	34367
34385	34384
34386	2332
34387	34377
34388	34599
34389	34590
34390	34583
34391	35710
34392	35744
34393	35743
34394	35710
34395	35755
34396	35474
34397	34650
34398	35760
34399	34687
34400	34607
34401	34609
34402	34651
34403	35573
34404	35757
34405	35752
34406	35899
34407	35633
34408	35688
34409	35755
34410	35738
34411	34470
34412	34858
34413	34797
34414	34858
34415	34797
34416	34797
34417	34797
34418	34858
34419	34858
34420	34858
34421	34858
34422	34858
34423	34858
34424	34424
34425	34858
34426	34858
34427	34653
34428	35431
34429	35432
34430	35433
34431	34654
34432	34647
34433	34649
34434	35434
34435	34451
34436	35741
34437	34353
34438	35750
34439	35748
34440	35748
34441	2491
34442	35576
34443	35578
34444	35607
34445	34634
34446	34778
34447	34825
34448	34825
34449	35607
34450	36389
34451	35631
34452	35611
34453	35574
34454	35609
34455	34537
34456	34537
34457	35609
34458	35608
34459	35609
34460	35609
34461	35574
34462	35574
34463	35574
34464	35574
34465	35611
34466	35741
34467	36389
34468	36389
34469	35567
34470	35632
34471	35688
34472	34536
34473	35762
34474	35574
34475	35574
34476	35609
34477	35609
34478	35748
34479	34605
34480	34623
34481	2310
34482	34623
34483	34623
34484	34623
34485	34623
34486	34623
34487	34622
34488	34613
34489	34611
34490	34504
34491	34505
34492	34491
34493	35320
34494	34622
34495	34622
34496	34621
34497	2310
34498	2310
34499	34499
34500	34500
34501	35296
34502	35297
34503	34666
34504	34507
34505	34667
34506	35545
34507	34476
34508	34443
34509	35542
34510	35545
34511	34450
34512	34517
34513	34518
34514	34520
34515	34625
34516	34536
34517	34517
34518	34523
34519	34525
34520	34529
34521	34536
34522	34522
34523	34523
34524	34527
34525	34529
34526	34535
34527	35290
34528	34532
34529	34535
34530	35294
34531	34541
34532	34542
34533	34558
34534	34535
34535	35351
34536	34389
34537	36388
34538	35807
34539	34356
34540	34564
34541	34562
34542	35349
34543	34582
34544	34621
34545	34620
34546	34621
34547	34544
34548	34621
34549	35341
34550	34550
34551	34551
34552	34552
34553	34552
34554	34582
34555	34597
34556	34588
34557	34596
34558	34582
34559	35348
34560	34557
34561	34556
34562	34575
34563	35334
34564	34571
34565	34569
34566	34354
34567	34569
34568	35333
34569	35333
34570	34577
34571	34579
34572	34576
34573	34580
34574	34575
34575	34586
34576	34585
34577	34578
34578	34584
34579	34585
34580	34586
34581	34595
34582	34597
34583	34599
34584	34591
34585	34592
34586	34593
34587	35346
34588	35346
34589	34598
34590	35343
34591	34591
34592	34592
34593	34593
34594	34546
34595	34620
34596	34601
34597	34601
34598	34601
34599	34600
34600	34601
34601	34601
34602	34601
34603	34620
34604	34601
34605	34601
34606	34620
34607	34620
34608	34621
34609	34621
34610	34621
34611	34621
34612	34622
34613	34622
34614	34623
34615	34623
34616	34621
34617	34621
34618	34622
34619	34623
34620	34620
34621	34621
34622	34621
34623	34622
34624	36389
34625	34535
34626	2312
34627	34836
34628	35479
34629	34711
34630	35472
34631	34496
34632	35477
34633	34609
34634	2507
34635	34482
34636	34705
34637	34496
34638	34693
34639	35438
34640	35438
34641	35437
34642	35430
34643	35429
34644	34652
34645	35744
34646	35757
34647	34602
34648	34602
34649	34602
34650	34602
34651	34603
34652	34616
34653	34603
34654	34603
34655	34628
34656	34631
34657	34637
34658	34642
34659	34642
34660	35425
34661	34411
34662	34407
34663	34435
34664	34452
34665	34437
34666	34439
34667	34474
34668	34635
34669	34694
34670	34643
34671	35408
34672	35414
34673	35410
34674	35409
34675	35442
34676	34709
34677	34695
34678	34634
34679	35443
34680	35443
34681	34668
34682	35393
34683	35296
34684	34622
34685	34621
34686	34621
34687	34620
34688	34602
34689	34621
34690	34621
34691	34603
34692	34602
34693	34621
34694	34702
34695	34627
34696	34776
34697	34813
34698	2311
34699	2310
34700	34623
34701	2310
34702	34623
34703	34621
34704	34616
34705	34622
34706	34621
34707	34617
34708	34621
34709	34776
34710	34623
34711	34623
34712	2303
34713	2310
34714	2311
34715	2311
34716	2321
34717	35469
34718	2496
34719	35131
34720	2939
34721	35125
34722	2898
34723	34492
34724	34727
34725	35122
34726	35126
34727	34729
34728	34728
34729	34729
34730	34730
34731	34731
34732	34732
34733	35278
34734	34744
34735	34734
34736	34736
34737	34737
34738	34738
34739	34741
34740	34740
34741	34741
34742	34742
34743	34743
34744	34744
34745	34759
34746	34746
34747	34750
34748	34757
34749	34750
34750	34753
34751	34385
34752	34373
34753	34375
34754	2332
34755	2333
34756	34754
34757	34376
34758	34754
34759	34756
34760	34758
34761	34755
34762	34767
34763	2334
34764	2326
34765	34765
34766	34766
34767	2333
34768	2341
34769	34502
34770	34501
34771	34503
34772	34772
34773	2269
34774	35466
34775	35523
34776	34838
34777	34830
34778	34810
34779	34717
34780	34718
34781	34719
34782	34722
34783	34722
34784	35122
34785	34826
34786	35123
34787	34801
34788	35398
34789	34803
34790	35138
34791	34777
34792	34773
34793	34721
34794	34721
34795	34821
34796	34821
34797	34822
34798	34823
34799	34824
34800	35402
34801	35401
34802	35530
34803	35389
34804	35137
34805	34814
34806	2264
34807	2506
34808	2266
34809	2322
34810	2322
34811	2311
34812	2311
34813	2311
34814	2323
34815	2322
34816	2311
34817	35121
34818	34718
34819	35122
34820	35399
34821	35130
34822	35400
34823	35400
34824	34806
34825	34808
34826	35133
34827	2323
34828	2322
34829	2323
34830	2464
34831	2458
34832	2456
34833	2323
34834	34675
34835	34683
34836	2311
34837	2322
34838	2321
34839	34797
34840	35490
34841	34787
34842	34785
34843	35490
34844	34787
34845	35490
34846	34787
34847	34797
34848	35489
34849	34821
34850	34726
34851	34786
34852	35508
34853	35508
34854	34787
34855	35509
34856	34788
34857	34820
34858	34822
34859	34787
34860	35509
34861	34788
34862	34820
34863	34823
34864	34789
34865	35513
34866	35462
34867	34790
34868	34790
34869	34789
34870	35513
34871	35462
34872	34790
34873	34792
34874	35507
34875	35404
34876	34792
34877	34798
34878	35489
34879	35489
34880	34791
34881	35507
34882	35404
34883	34696
34884	34798
34885	35489
34886	35487
34887	35487
34888	34791
34889	35405
34890	34696
34891	34798
34892	34799
34893	34799
34894	35487
34895	35488
34896	34446
34897	35406
34898	35488
34899	34447
34900	34799
34901	34447
34902	34876
34903	34448
34904	35501
34905	35500
34906	34676
34907	35500
34908	35504
34909	34863
34910	34868
34911	34868
34912	34873
34913	34873
34914	34876
34915	34876
34916	34883
34917	35486
34918	34682
34919	34863
34920	34868
34921	34868
34922	34872
34923	34872
34924	34875
34925	34882
34926	34882
34927	34905
34928	34903
34929	34899
34930	34901
34931	34857
34932	34862
34933	34862
34934	34863
34935	34867
34936	34863
34937	34867
34938	34867
34939	34861
34940	34867
34941	34861
34942	34849
34943	35519
34944	34850
34945	34849
34946	34850
34947	34850
34948	34850
34949	34857
34950	34850
34951	34857
34952	34857
34953	34857
34954	34857
34955	34857
34956	35012
34957	35518
34958	34851
34959	34851
34960	34856
34961	34856
34962	34856
34963	35493
34964	35494
34965	34793
34966	34794
34967	35007
34968	35008
34969	35007
34970	35008
34971	35012
34972	34866
34973	34866
34974	34867
34975	34872
34976	35494
34977	34793
34978	35007
34979	35007
34980	34866
34981	34871
34982	34872
34983	35494
34984	2874
34985	2378
34986	35006
34987	34874
34988	34874
34989	2373
34990	2874
34991	2377
34992	34880
34993	34881
34994	34887
34995	34888
34996	35512
34997	34780
34998	34779
34999	35512
35000	34779
35001	34781
35002	35493
35003	34781
35004	35493
35005	34782
35006	34819
35007	34725
35008	34721
35009	35511
35010	34782
35011	34784
35012	34725
35013	35511
35014	35510
35015	34784
35016	34784
35017	34781
35018	35510
35019	35510
35020	35510
35021	35492
35022	35510
35023	35510
35024	35508
35025	34783
35026	34785
35027	35491
35028	34796
35029	35492
35030	34796
35031	35492
35032	34796
35033	34795
35034	34849
35035	34794
35036	34849
35037	35519
35038	34849
35039	34860
35040	34860
35041	34859
35042	34864
35043	34869
35044	34865
35045	34861
35046	34861
35047	35012
35048	35517
35049	34851
35050	34851
35051	34856
35052	35011
35053	35016
35054	35516
35055	34852
35056	34852
35057	34855
35058	35011
35059	35015
35060	35020
35061	34853
35062	34853
35063	34854
35064	34870
35065	35006
35066	35010
35067	35014
35068	35023
35069	35026
35070	34842
35071	35777
35072	34846
35073	34848
35074	34869
35075	34880
35076	2456
35077	35117
35078	34761
35079	35079
35080	35107
35081	35081
35082	35108
35083	35083
35084	35092
35085	35085
35086	35094
35087	35085
35088	35086
35089	35087
35090	35115
35091	35112
35092	35108
35093	35114
35094	35103
35095	35119
35096	2570
35097	2570
35098	35102
35099	35101
35100	2467
35101	2467
35102	2483
35103	2572
35104	34763
35105	35113
35106	35113
35107	34763
35108	35277
35109	35277
35110	34768
35111	34387
35112	2482
35113	2335
35114	2335
35115	2572
35116	35097
35117	35097
35118	2342
35119	2342
35120	2636
35121	3508
35122	3484
35123	2501
35124	3434
35125	3481
35126	3435
35127	2647
35128	2648
35129	2649
35130	3409
35131	3445
35132	3440
35133	3432
35134	2526
35135	2285
35136	2505
35137	2464
35138	2637
35139	2636
35140	3380
35141	3411
35142	3437
35143	3369
35144	3257
35145	2517
35146	2285
35147	3425
35148	3512
35149	3440
35150	3380
35151	34796
35152	34796
35153	34796
35154	34796
35155	34849
35156	34849
35157	34849
35158	34849
35159	34849
35160	34857
35161	34857
35162	34857
35163	34857
35164	34858
35165	34858
35166	34863
35167	34863
35168	34863
35169	34798
35170	34798
35171	34798
35172	34797
35173	34797
35174	34797
35175	34797
35176	34797
35177	34858
35178	34858
35179	34797
35180	34797
35181	34797
35182	34797
35183	34797
35184	34797
35185	34858
35186	34858
35187	34858
35188	34858
35189	34858
35190	34858
35191	34797
35192	34797
35193	34797
35194	34797
35195	34797
35196	34797
35197	34798
35198	34798
35199	34863
35200	34863
35201	34863
35202	34858
35203	34858
35204	34858
35205	34857
35206	34857
35207	34857
35208	34849
35209	34849
35210	34849
35211	34849
35212	34849
35213	34796
35214	34796
35215	34796
35216	34796
35217	34797
35218	34797
35219	34797
35220	34797
35221	34797
35222	34797
35223	34797
35224	34797
35225	34858
35226	34858
35227	34858
35228	34858
35229	34858
35230	34858
35231	34858
35232	34858
35233	34858
35234	34858
35235	34858
35236	34858
35237	34858
35238	34858
35239	34858
35240	34858
35241	34797
35242	34797
35243	34797
35244	34797
35245	34858
35246	34858
35247	34858
35248	34858
35249	34849
35250	34849
35251	34797
35252	34797
35253	34797
35254	34797
35255	34797
35256	34797
35257	34858
35258	34858
35259	34797
35260	34858
35261	34797
35262	34797
35263	34797
35264	34797
35265	34797
35266	34863
35267	34863
35268	34858
35269	34858
35270	34858
35271	34849
35272	34849
35273	34849
35274	34849
35275	34796
35276	34796
35277	2335
35278	34766
35279	35279
35280	2626
35281	2326
35282	35282
35283	2330
35284	2330
35285	34380
35286	34380
35287	34364
35288	35288
35289	34531
35290	34530
35291	35291
35292	35292
35293	34563
35294	34539
35295	35306
35296	34667
35297	35299
35298	34440
35299	34440
35300	34355
35301	35301
35302	34567
35303	34539
35304	35303
35305	35306
35306	35329
35307	35304
35308	35308
35309	35289
35310	34528
35311	35312
35312	35308
35313	34526
35314	35314
35315	34521
35316	35313
35317	35543
35318	34506
35319	35543
35320	35298
35321	34382
35322	34385
35323	34371
35324	34373
35325	35325
35326	34355
35327	34354
35328	34356
35329	35328
35330	34739
35331	35331
35332	34761
35333	34739
35334	34579
35335	34577
35336	35330
35337	35337
35338	35338
35339	2619
35340	35340
35341	35341
35342	34621
35343	34601
35344	34601
35345	34620
35346	34620
35347	34594
35348	34595
35349	34588
35350	34589
35351	36392
35352	35348
35353	35348
35354	34582
35355	34622
35356	34621
35357	34621
35358	34620
35359	34601
35360	34623
35361	34622
35362	34621
35363	34621
35364	34620
35365	34601
35366	34623
35367	34621
35368	34621
35369	34620
35370	34602
35371	34602
35372	34620
35373	34621
35374	34621
35375	34622
35376	2310
35377	34623
35378	2456
35379	2458
35380	2458
35381	2243
35382	2517
35383	2538
35384	2550
35385	3440
35386	3291
35387	2458
35388	2465
35389	2465
35390	2460
35391	34660
35392	34641
35393	34662
35394	34643
35395	34636
35396	34635
35397	34664
35398	2497
35399	2278
35400	2279
35401	2640
35402	2243
35403	2243
35404	34774
35405	34775
35406	34627
35407	34702
35408	35435
35409	34466
35410	34410
35411	34644
35412	34638
35413	34632
35414	34633
35415	35738
35416	34646
35417	34649
35418	35433
35419	35759
35420	35743
35421	34647
35422	34647
35423	34648
35424	35633
35425	34605
35426	34605
35427	35757
35428	34622
35429	34622
35430	34621
35431	34616
35432	34603
35433	34602
35434	35757
35435	34611
35436	34617
35437	34609
35438	34607
35439	34602
35440	34602
35441	35757
35442	34464
35443	34635
35444	35298
35445	34505
35446	35320
35447	34492
35448	34769
35449	34770
35450	35458
35451	34918
35452	34769
35453	34834
35454	34834
35455	34906
35456	34769
35457	34771
35458	34769
35459	34728
35460	1088
35461	34723
35462	35139
35463	3291
35464	3463
35465	3463
35466	2464
35467	3291
35468	3369
35469	3369
35470	2311
35471	2310
35472	34622
35473	34623
35474	34602
35475	34603
35476	34620
35477	34621
35478	34622
35479	34623
35480	34894
35481	34896
35482	34895
35483	34897
35484	34679
35485	35498
35486	34671
35487	34804
35488	34805
35489	34802
35490	34801
35491	34826
35492	34821
35493	34719
35494	34720
35495	35395
35496	34656
35497	34655
35498	35408
35499	35407
35500	34709
35501	34697
35502	34665
35503	34663
35504	34661
35505	34901
35506	34902
35507	34777
35508	35123
35509	34800
35510	34722
35511	34722
35512	34717
35513	34803
35514	34898
35515	34904
35516	35508
35517	34786
35518	34786
35519	34726
35520	2285
35521	2465
35522	2243
35523	2322
35524	2311
35525	2323
35526	2464
35527	2310
35528	2464
35529	2464
35530	2280
35531	3254
35532	3411
35533	2239
35534	2649
35535	3434
35536	2311
35537	2322
35538	2311
35539	2323
35540	2464
35541	2311
35542	35548
35543	35751
35544	35609
35545	35609
35546	35609
35547	35609
35548	35607
35549	35573
35550	35801
35551	35899
35552	35801
35553	35899
35554	35801
35555	35899
35556	35801
35557	35899
35558	35801
35559	35899
35560	35801
35561	35801
35562	35802
35563	35801
35564	35802
35565	35899
35566	35573
35567	35573
35568	35573
35569	35757
35570	35757
35571	35757
35572	35757
35573	35758
35574	35624
35575	35625
35576	35701
35577	35618
35578	35700
35579	35582
35580	35856
35581	35814
35582	35814
35583	35855
35584	35812
35585	35812
35586	35855
35587	35813
35588	35813
35589	35855
35590	35855
35591	35899
35592	35801
35593	35899
35594	35802
35595	35802
35596	35802
35597	35853
35598	35855
35599	35854
35600	35854
35601	35855
35602	35853
35603	35853
35604	35853
35605	35853
35606	35802
35607	35699
35608	35579
35609	35580
35610	35851
35611	36116
35612	35855
35613	35854
35614	35855
35615	35813
35616	35855
35617	35813
35618	35855
35619	35813
35620	36126
35621	35854
35622	35853
35623	35853
35624	36312
35625	35854
35626	35802
35627	35802
35628	35853
35629	35802
35630	35853
35631	35853
35632	35573
35633	35800
35634	35802
35635	35854
35636	35853
35637	35802
35638	35802
35639	35854
35640	35802
35641	35853
35642	35802
35643	35853
35644	35855
35645	35814
35646	35855
35647	35855
35648	35854
35649	35581
35650	35573
35651	35573
35652	35573
35653	35573
35654	35757
35655	35573
35656	35573
35657	35801
35658	35802
35659	35853
35660	35855
35661	35855
35662	35812
35663	35757
35664	35573
35665	35899
35666	35801
35667	35802
35668	35853
35669	35854
35670	35855
35671	35812
35672	35757
35673	35573
35674	35899
35675	35801
35676	35802
35677	35853
35678	35854
35679	35855
35680	35813
35681	35855
35682	35854
35683	35854
35684	35853
35685	35802
35686	35801
35687	35899
35688	35899
35689	35573
35690	35854
35691	35853
35692	35853
35693	35802
35694	35801
35695	35899
35696	35899
35697	35573
35698	35815
35699	35815
35700	35815
35701	36311
35702	35855
35703	35855
35704	35854
35705	35853
35706	35802
35707	35801
35708	35899
35709	35573
35710	35345
35711	35814
35712	35815
35713	35581
35714	35699
35715	35579
35716	36362
35717	36367
35718	35876
35719	35876
35720	35876
35721	36362
35722	36362
35723	36362
35724	35812
35725	35812
35726	35585
35727	35585
35728	35585
35729	35723
35730	35723
35731	35723
35732	35723
35733	35723
35734	35723
35735	35585
35736	35557
35737	35573
35738	35557
35739	35899
35740	35899
35741	35631
35742	35757
35743	35757
35744	35757
35745	35757
35746	35757
35747	35757
35748	35576
35749	35577
35750	35610
35751	35576
35752	35757
35753	34602
35754	34602
35755	35757
35756	34601
35757	34601
35758	34600
35759	35757
35760	35757
35761	35573
35762	35607
35763	34857
35764	34850
35765	34850
35766	34850
35767	34850
35768	35519
35769	34795
35770	34795
35771	34795
35772	35492
35773	35491
35774	35491
35775	35491
35776	35490
35777	35490
35778	35490
35779	35489
35780	34798
35781	34798
35782	34798
35783	34863
35784	34863
35785	34863
35786	34862
35787	34862
35788	34857
35789	34857
35790	35798
35791	35797
35792	35797
35793	35798
35794	36112
35795	36112
35796	36112
35797	35898
35798	35898
35799	35803
35800	35898
35801	35803
35802	35898
35803	35758
35804	35758
35805	36385
35806	36392
35807	35804
35808	36352
35809	36352
35810	35881
35811	35881
35812	35812
35813	35855
35814	35812
35815	35855
35816	35815
35817	36115
35818	36312
35819	35856
35820	35850
35821	35856
35822	35850
35823	35848
35824	35848
35825	35866
35826	35866
35827	35866
35828	35828
35829	35723
35830	35830
35831	36114
35832	36120
35833	35841
35834	35712
35835	35579
35836	35866
35837	35866
35838	36135
35839	36135
35840	36370
35841	35851
35842	35848
35843	35848
35844	35841
35845	35841
35846	35849
35847	35814
35848	35855
35849	35799
35850	35854
35851	35799
35852	35854
35853	35802
35854	35854
35855	35855
35856	35855
35857	36120
35858	36123
35859	35796
35860	36351
35861	36351
35862	36304
35863	36304
35864	36351
35865	36066
35866	35866
35867	36370
35868	36370
35869	36352
35870	36352
35871	36352
35872	35814
35873	36304
35874	36351
35875	35876
35876	35866
35877	35881
35878	35881
35879	36329
35880	36135
35881	35880
35882	36128
35883	35881
35884	36135
35885	36135
35886	35881
35887	36237
35888	36237
35889	36237
35890	36135
35891	36135
35892	36135
35893	36135
35894	36135
35895	36392
35896	36113
35897	35803
35898	35803
35899	35803
35900	36429
35901	36429
35902	36253
35903	36251
35904	36253
35905	36253
35906	35986
35907	36435
35908	36251
35909	36446
35910	35954
35911	35906
35912	35985
35913	35906
35914	35985
35915	35906
35916	35906
35917	35907
35918	35906
35919	35985
35920	35985
35921	35906
35922	35906
35923	35907
35924	35906
35925	36447
35926	36446
35927	36253
35928	36253
35929	35986
35930	35984
35931	36256
35932	36256
35933	36256
35934	36256
35935	36431
35936	35986
35937	36431
35938	35986
35939	36431
35940	36435
35941	36431
35942	36431
35943	36431
35944	36256
35945	36140
35946	36252
35947	36252
35948	36251
35949	35952
35950	36254
35951	36240
35952	35952
35953	35951
35954	36239
35955	36154
35956	36154
35957	36279
35958	36279
35959	36146
35960	36146
35961	35952
35962	36255
35963	36256
35964	36255
35965	36429
35966	36429
35967	36154
35968	36280
35969	36255
35970	36256
35971	36154
35972	36280
35973	36255
35974	36146
35975	36147
35976	36146
35977	36147
35978	35976
35979	36147
35980	36187
35981	36153
35982	36153
35983	35977
35984	36255
35985	35984
35986	36429
35987	35951
35988	36274
35989	35980
35990	36274
35991	36149
35992	36274
35993	36149
35994	35987
35995	36150
35996	35987
35997	36150
35998	36154
35999	36279
36000	36154
36001	36278
36002	36153
36003	36278
36004	36416
36005	36415
36006	36239
36007	36239
36008	36255
36009	36255
36010	35987
36011	35987
36012	36473
36013	37059
36014	36492
36015	35907
36016	36473
36017	36448
36018	37059
36019	36406
36020	36492
36021	36499
36022	36436
36023	36436
36024	36408
36025	36429
36026	36256
36027	36429
36028	36446
36029	36180
36030	36179
36031	36066
36032	36065
36033	36065
36034	36066
36035	36183
36036	36233
36037	36183
36038	36233
36039	36183
36040	36233
36041	36183
36042	36180
36043	36062
36044	35879
36045	36187
36046	36188
36047	36062
36048	36187
36049	36187
36050	36184
36051	36062
36052	36062
36053	36188
36054	36188
36055	36062
36056	36188
36057	36062
36058	36188
36059	36061
36060	36062
36061	36061
36062	36062
36063	36061
36064	36136
36065	36063
36066	36090
36067	36063
36068	36066
36069	36066
36070	36240
36071	35952
36072	36146
36073	36061
36074	36202
36075	35951
36076	35951
36077	35951
36078	36240
36079	36147
36080	36254
36081	36254
36082	36254
36083	36154
36084	35952
36085	35952
36086	36146
36087	36146
36088	36146
36089	36176
36090	36176
36091	36061
36092	36203
36093	36203
36094	36203
36095	36202
36096	36202
36097	36061
36098	36061
36099	36146
36100	36146
36101	36147
36102	36147
36103	35976
36104	36063
36105	36202
36106	35978
36107	36147
36108	36251
36109	36065
36110	36199
36111	36199
36112	35803
36113	35758
36114	35898
36115	35799
36116	35898
36117	36392
36118	35804
36119	35897
36120	35797
36121	36115
36122	36116
36123	36114
36124	35951
36125	35855
36126	35812
36127	35866
36128	36135
36129	36136
36130	36063
36131	35976
36132	36147
36133	35855
36134	35866
36135	36135
36136	36136
36137	36061
36138	35976
36139	36147
36140	35951
36141	35984
36142	35866
36143	36135
36144	36062
36145	36061
36146	36146
36147	35952
36148	36187
36149	35976
36150	35976
36151	36154
36152	36154
36153	36154
36154	36154
36155	36154
36156	36154
36157	36132
36158	36132
36159	36132
36160	36132
36161	36150
36162	36149
36163	36186
36164	36131
36165	36066
36166	36066
36167	36180
36168	36180
36169	36180
36170	36065
36171	36065
36172	36065
36173	36176
36174	36176
36175	36176
36176	36176
36177	36176
36178	36176
36179	36177
36180	36179
36181	36184
36182	36063
36183	36063
36184	36187
36185	36187
36186	36187
36187	36187
36188	36188
36189	36188
36190	36188
36191	36149
36192	36111
36193	35980
36194	35980
36195	36183
36196	36199
36197	36199
36198	36200
36199	36202
36200	36202
36201	36202
36202	36202
36203	36202
36204	36202
36205	36202
36206	36202
36207	36199
36208	36234
36209	36234
36210	36234
36211	36199
36212	36179
36213	36179
36214	36179
36215	36446
36216	36446
36217	35987
36218	35987
36219	35977
36220	35881
36221	36183
36222	36066
36223	36066
36224	36065
36225	36199
36226	36179
36227	36449
36228	36251
36229	36252
36230	36251
36231	36153
36232	35976
36233	36179
36234	36136
36235	36179
36236	36187
36237	36200
36238	36063
36239	36255
36240	36254
36241	35952
36242	36154
36243	36146
36244	36188
36245	36061
36246	36176
36247	36135
36248	36202
36249	35866
36250	36062
36251	36239
36252	35951
36253	36431
36254	36254
36255	36255
36256	36429
36257	35952
36258	36254
36259	36254
36260	36255
36261	36429
36262	36141
36263	35985
36264	35987
36265	35987
36266	35987
36267	36274
36268	36274
36269	36276
36270	36276
36271	35975
36272	36278
36273	36278
36274	36278
36275	36278
36276	36278
36277	36279
36278	36279
36279	36279
36280	36280
36281	36254
36282	36254
36283	35815
36284	36303
36285	36303
36286	36303
36287	36154
36288	36146
36289	36146
36290	36188
36291	36176
36292	36062
36293	36203
36294	36135
36295	35723
36296	36063
36297	36179
36298	36312
36299	36125
36300	36310
36301	36127
36302	36128
36303	35813
36304	35812
36305	36127
36306	36352
36307	35815
36308	35856
36309	35849
36310	35812
36311	35855
36312	35855
36313	35854
36314	36199
36315	36199
36316	36352
36317	36304
36318	36303
36319	35581
36320	35699
36321	35579
36322	36199
36323	35881
36324	36352
36325	36234
36326	36237
36327	36351
36328	36304
36329	36303
36330	35848
36331	35817
36332	35793
36333	36371
36334	36371
36335	36371
36336	36371
36337	36371
36338	36371
36339	35881
36340	36302
36341	36302
36342	36302
36343	36302
36344	35881
36345	35881
36346	35881
36347	36135
36348	35881
36349	36370
36350	36370
36351	36369
36352	36370
36353	35881
36354	36352
36355	36367
36356	36367
36357	36366
36358	36305
36359	36366
36360	36305
36361	36366
36362	36362
36363	36305
36364	36305
36365	36305
36366	36362
36367	36362
36368	36362
36369	36370
36370	36370
36371	36371
36372	36371
36373	36371
36374	36371
36375	36352
36376	36371
36377	36352
36378	36369
36379	36362
36380	35881
36381	36305
36382	35792
36383	35607
36384	36119
36385	35758
36386	36118
36387	35895
36388	36392
36389	35805
36390	36392
36391	36385
36392	35758
36393	36392
36394	36908
36395	36907
36396	36907
36397	36908
36398	36901
36399	36904
36400	36904
36401	36907
36402	36907
36403	36907
36404	36907
36405	36907
36406	36904
36407	36907
36408	36907
36409	36907
36410	36907
36411	36907
36412	36907
36413	36908
36414	36907
36415	36907
36416	36907
36417	36907
36418	36499
36419	36499
36420	36420
36421	36409
36422	36904
36423	36415
36424	36416
36425	36416
36426	36409
36427	36409
36428	36409
36429	36409
36430	36409
36431	36409
36432	36409
36433	36491
36434	36491
36435	36409
36436	36416
36437	35976
36438	36151
36439	35976
36440	35976
36441	35976
36442	36150
36443	36416
36444	36431
36445	35986
36446	35986
36447	36435
36448	36416
36449	36256
36450	36431
36451	36416
36452	35907
36453	35907
36454	35907
36455	35907
36456	36473
36457	37059
36458	37059
36459	36911
36460	37059
36461	36473
36462	37059
36463	37059
36464	37059
36465	36473
36466	35907
36467	36473
36468	37059
36469	37059
36470	37059
36471	36448
36472	36448
36473	36415
36474	36436
36475	36436
36476	36436
36477	36594
36478	36591
36479	36592
36480	36594
36481	36510
36482	36510
36483	36899
36484	36608
36485	36608
36486	36484
36487	36487
36488	36520
36489	36908
36490	36905
36491	36495
36492	36904
36493	36902
36494	36908
36495	36906
36496	36454
36497	36905
36498	36906
36499	36905
36500	36592
36501	36594
36502	36592
36503	36594
36504	36593
36505	36594
36506	36594
36507	36594
36508	36594
36509	36615
36510	36484
36511	36592
36512	36510
36513	36484
36514	36615
36515	36486
36516	36486
36517	36592
36518	36592
36519	36592
36520	37042
36521	36592
36522	36592
36523	36615
36524	36615
36525	36615
36526	36594
36527	36594
36528	36594
36529	36594
36530	36615
36531	36615
36532	36615
36533	36615
36534	36616
36535	36616
36536	36616
36537	36615
36538	36615
36539	36615
36540	36576
36541	36576
36542	36616
36543	36616
36544	36616
36545	36616
36546	36616
36547	36616
36548	36616
36549	36616
36550	36572
36551	36572
36552	36572
36553	36572
36554	36572
36555	36617
36556	36617
36557	36617
36558	36617
36559	36617
36560	36943
36561	36943
36562	36571
36563	36571
36564	36618
36565	36618
36566	36618
36567	36618
36568	36618
36569	36618
36570	36572
36571	36943
36572	36572
36573	36943
36574	36572
36575	36576
36576	36616
36577	36615
36578	36615
36579	36615
36580	36615
36581	36943
36582	36572
36583	36576
36584	36616
36585	36615
36586	36587
36587	36587
36588	36587
36589	36607
36590	36487
36591	36587
36592	36587
36593	36594
36594	36594
36595	36943
36596	36572
36597	36576
36598	36616
36599	36615
36600	36614
36601	36487
36602	36943
36603	36572
36604	36576
36605	36616
36606	36615
36607	36614
36608	36487
36609	36943
36610	36572
36611	36576
36612	36616
36613	36615
36614	36594
36615	36615
36616	36616
36617	36572
36618	36571
36619	36615
36620	36616
36621	36617
36622	36618
36623	36594
36624	36615
36625	36616
36626	36617
36627	36572
36628	36693
36629	36693
36630	36694
36631	36694
36632	36912
36633	36902
36634	36901
36635	36900
36636	36912
36637	36905
36638	36903
36639	36903
36640	36491
36641	36491
36642	36491
36643	36493
36644	36493
36645	36689
36646	36493
36647	36689
36648	36689
36649	36688
36650	36691
36651	36691
36652	36689
36653	36691
36654	36781
36655	36693
36656	36693
36657	36781
36658	36729
36659	36807
36660	36729
36661	36781
36662	36729
36663	36781
36664	36691
36665	36689
36666	36498
36667	36691
36668	36689
36669	36730
36670	36730
36671	36922
36672	36783
36673	36498
36674	36498
36675	36691
36676	36729
36677	36492
36678	36491
36679	36491
36680	36491
36681	36491
36682	36901
36683	36902
36684	36498
36685	36689
36686	36691
36687	36912
36688	36695
36689	36903
36690	36903
36691	36912
36692	36783
36693	36783
36694	36906
36695	36925
36696	36928
36697	36908
36698	36909
36699	36928
36700	36908
36701	36908
36702	36928
36703	36908
36704	36908
36705	36928
36706	36908
36707	36928
36708	36491
36709	36499
36710	36493
36711	36499
36712	36499
36713	36689
36714	36689
36715	36499
36716	36499
36717	36693
36718	36781
36719	36691
36720	36689
36721	36689
36722	36689
36723	36498
36724	36498
36725	36498
36726	36494
36727	36499
36728	36498
36729	36783
36730	36912
36731	36922
36732	36693
36733	36922
36734	36693
36735	37018
36736	37019
36737	37019
36738	37019
36739	37019
36740	37018
36741	37015
36742	37015
36743	37015
36744	37016
36745	37018
36746	37018
36747	36804
36748	36804
36749	36786
36750	36787
36751	36804
36752	36804
36753	36804
36754	36943
36755	36943
36756	36943
36757	36785
36758	36785
36759	36805
36760	36805
36761	36951
36762	36951
36763	36951
36764	36951
36765	36951
36766	36951
36767	36920
36768	36782
36769	36806
36770	36785
36771	36785
36772	36785
36773	36785
36774	36785
36775	36805
36776	36785
36777	36786
36778	36785
36779	36920
36780	36920
36781	36926
36782	36927
36783	37019
36784	36949
36785	36949
36786	36942
36787	37009
36788	36927
36789	36942
36790	37020
36791	36927
36792	36927
36793	36942
36794	36927
36795	36927
36796	37020
36797	36920
36798	36785
36799	36786
36800	37019
36801	36920
36802	36785
36803	36786
36804	36943
36805	36949
36806	36927
36807	37018
36808	36943
36809	36951
36810	36785
36811	37018
36812	36943
36813	36951
36814	36785
36815	36920
36816	36906
36817	36783
36818	37018
36819	36951
36820	36906
36821	36925
36822	36926
36823	36951
36824	36949
36825	36949
36826	36926
36827	36787
36828	36925
36829	36928
36830	36909
36831	36909
36832	36906
36833	36783
36834	37018
36835	36951
36836	36952
36837	36920
36838	36920
36839	36922
36840	36922
36841	36783
36842	36903
36843	36912
36844	36912
36845	36922
36846	36912
36847	36920
36848	36952
36849	36909
36850	36928
36851	36949
36852	36899
36853	37035
36854	36483
36855	36510
36856	36510
36857	36856
36858	36859
36859	36859
36860	37035
36861	36483
36862	36483
36863	36510
36864	36896
36865	37129
36866	38664
36867	37029
36868	37030
36869	38663
36870	38664
36871	38663
36872	36879
36873	38663
36874	36888
36875	36888
36876	36882
36877	37032
36878	37029
36879	36882
36880	37038
36881	36896
36882	36896
36883	36896
36884	36896
36885	36888
36886	36888
36887	36888
36888	38656
36889	36899
36890	37029
36891	36879
36892	36879
36893	36896
36894	36896
36895	36879
36896	36483
36897	36483
36898	36510
36899	36856
36900	36905
36901	36906
36902	36906
36903	36931
36904	36908
36905	36906
36906	36928
36907	36908
36908	36906
36909	36928
36910	36906
36911	36903
36912	36925
36913	36909
36914	36928
36915	36928
36916	37020
36917	36908
36918	36909
36919	36926
36920	36927
36921	36949
36922	37019
36923	36927
36924	37020
36925	37020
36926	36927
36927	36948
36928	37020
36929	36927
36930	37020
36931	37020
36932	36926
36933	37020
36934	36926
36935	36920
36936	36927
36937	36927
36938	36949
36939	36942
36940	36942
36941	36943
36942	36942
36943	36943
36944	36948
36945	36927
36946	36949
36947	36949
36948	36949
36949	36949
36950	36942
36951	36942
36952	36942
36953	36942
36954	36787
36955	36787
36956	36787
36957	36787
36958	36787
36959	36787
36960	36952
36961	36615
36962	36615
36963	36576
36964	36572
36965	36572
36966	36576
36967	36616
36968	36615
36969	36615
36970	36615
36971	36594
36972	36592
36973	36896
36974	36483
36975	36592
36976	36594
36977	36592
36978	36486
36979	36483
36980	36896
36981	36615
36982	36594
36983	36594
36984	36592
36985	36510
36986	36896
36987	36896
36988	36510
36989	36592
36990	36594
36991	36594
36992	36992
36993	36616
36994	36615
36995	36615
36996	36594
36997	36592
36998	36510
36999	36896
37000	36896
37001	36510
37002	36592
37003	36594
37004	36615
37005	36615
37006	36616
37007	36617
37008	36920
37009	36802
37010	36806
37011	36810
37012	36806
37013	36806
37014	36782
37015	36920
37016	36920
37017	36920
37018	36920
37019	36926
37020	36926
37021	36926
37022	36926
37023	36926
37024	36926
37025	36926
37026	36926
37027	36882
37028	36880
37029	36882
37030	36882
37031	36896
37032	36896
37033	37032
37034	36510
37035	36510
37036	37035
37037	36882
37038	36882
37039	37032
37040	37035
37041	37032
37042	36592
37043	36510
37044	36896
37045	37035
37046	36888
37047	36888
37048	36888
37049	36492
37050	36492
37051	36492
37052	36492
37053	36492
37054	36492
37055	36406
37056	36406
37057	36408
37058	36408
37059	36415
37060	37120
37061	38444
37062	37120
37063	37703
37064	40017
37065	37871
37066	37597
37067	37330
37068	37406
37069	37092
37070	37089
37071	37432
37072	38629
37073	37089
37074	37089
37075	37418
37076	37418
37077	37452
37078	37089
37079	38629
37080	38629
37081	37647
37082	37575
37083	37089
37084	37089
37085	37340
37086	37089
37087	37340
37088	37089
37089	37340
37090	37092
37091	37528
37092	37527
37093	38284
37094	37127
37095	38284
37096	37127
37097	38284
37098	37127
37099	38420
37100	37127
37101	38420
37102	37127
37103	38420
37104	38284
37105	38402
37106	38057
37107	38403
37108	38402
37109	37139
37110	38446
37111	38401
37112	37338
37113	37338
37114	37693
37115	37693
37116	37986
37117	37984
37118	37117
37119	38424
37120	38424
37121	38628
37122	36888
37123	37340
37124	36888
37125	37340
37126	38629
37127	37340
37128	37089
37129	37340
37130	37089
37131	37089
37132	37089
37133	37088
37134	37418
37135	37418
37136	37418
37137	37453
37138	37344
37139	37472
37140	37347
37141	37347
37142	38514
37143	38513
37144	37472
37145	37136
37146	37474
37147	37348
37148	37814
37149	37348
37150	37348
37151	37474
37152	37807
37153	37373
37154	37808
37155	37810
37156	37693
37157	37868
37158	37869
37159	37348
37160	37348
37161	37986
37162	38499
37163	37258
37164	37258
37165	38500
37166	37249
37167	38497
37168	38507
37169	37447
37170	38507
37171	38499
37172	37089
37173	37089
37174	37256
37175	38521
37176	38521
37177	37450
37178	38612
37179	38514
37180	38514
37181	38612
37182	37804
37183	37804
37184	37808
37185	37808
37186	41165
37187	37644
37188	41150
37189	37837
37190	37258
37191	38514
37192	38522
37193	38512
37194	37254
37195	37348
37196	37815
37197	37800
37198	37810
37199	37807
37200	37813
37201	37089
37202	37089
37203	37418
37204	37418
37205	37353
37206	37351
37207	37515
37208	37515
37209	38514
37210	37418
37211	37452
37212	37351
37213	37347
37214	37347
37215	37515
37216	37452
37217	37351
37218	36865
37219	37418
37220	37418
37221	37353
37222	37417
37223	37451
37224	41203
37225	37841
37226	37376
37227	37826
37228	37463
37229	37849
37230	37817
37231	37849
37232	42448
37233	42363
37234	37717
37235	42261
37236	42449
37237	37775
37238	38455
37239	37238
37240	37730
37241	38101
37242	37270
37243	37767
37244	37250
37245	38507
37246	37250
37247	37447
37248	38528
37249	38527
37250	38506
37251	38528
37252	37415
37253	38554
37254	38500
37255	37354
37256	37515
37257	37515
37258	37258
37259	37258
37260	37261
37261	37261
37262	37852
37263	37835
37264	38420
37265	37340
37266	37340
37267	37471
37268	37350
37269	37575
37270	41169
37271	42261
37272	37418
37273	37418
37274	37453
37275	38629
37276	38629
37277	37089
37278	37089
37279	37418
37280	37418
37281	37256
37282	37450
37283	37353
37284	37450
37285	38528
37286	38527
37287	37860
37288	37261
37289	37373
37290	37261
37291	42277
37292	42257
37293	42231
37294	42399
37295	42451
37296	37397
37297	41205
37298	37396
37299	41195
37300	37984
37301	37120
37302	39904
37303	40028
37304	37270
37305	37270
37306	37476
37307	37372
37308	37270
37309	38273
37310	38273
37311	37730
37312	41277
37313	37647
37314	41169
37315	41319
37316	41317
37317	41137
37318	37238
37319	41194
37320	37396
37321	38455
37322	37396
37323	38420
37324	38066
37325	37202
37326	38059
37327	38052
37328	37136
37329	38420
37330	38420
37331	38059
37332	38420
37333	38512
37334	37814
37335	38424
37336	40017
37337	37984
37338	37338
37339	37418
37340	37432
37341	37330
37342	37330
37343	37350
37344	37351
37345	37351
37346	38522
37347	38522
37348	37862
37349	38500
37350	37350
37351	37351
37352	37350
37353	37351
37354	37354
37355	37350
37356	37353
37357	37256
37358	37418
37359	37417
37360	37416
37361	38528
37362	37417
37363	37416
37364	42235
37365	37380
37366	37808
37367	37804
37368	37807
37369	37804
37370	37800
37371	41163
37372	37805
37373	37860
37374	37862
37375	37859
37376	37463
37377	37377
37378	37261
37379	37261
37380	37859
37381	37449
37382	37849
37383	37127
37384	37127
37385	37876
37386	38443
37387	38424
37388	37476
37389	38514
37390	37645
37391	41169
37392	37575
37393	37575
37394	38455
37395	38455
37396	37397
37397	37398
37398	42451
37399	42436
37400	42448
37401	42448
37402	42399
37403	38629
37404	38629
37405	37527
37406	37527
37407	38420
37408	37451
37409	37417
37410	37418
37411	37450
37412	37353
37413	37454
37414	37092
37415	37447
37416	37256
37417	37353
37418	37350
37419	37092
37420	37528
37421	37528
37422	37092
37423	37330
37424	37348
37425	38402
37426	38057
37427	37127
37428	38284
37429	38420
37430	38052
37431	37202
37432	37464
37433	37406
37434	37089
37435	37418
37436	37454
37437	37452
37438	37353
37439	37451
37440	37450
37441	38528
37442	38528
37443	37449
37444	38498
37445	38498
37446	37446
37447	37354
37448	37446
37449	37447
37450	37256
37451	37256
37452	37351
37453	37351
37454	37350
37455	37350
37456	37092
37457	37092
37458	37528
37459	37528
37460	37330
37461	37330
37462	38553
37463	37832
37464	38420
37465	38420
37466	37527
37467	38284
37468	37527
37469	37127
37470	37350
37471	37471
37472	37472
37473	37472
37474	38522
37475	38512
37476	37862
37477	37814
37478	37859
37479	37805
37480	37860
37481	37373
37482	38059
37483	38057
37484	38057
37485	37474
37486	37474
37487	37348
37488	37348
37489	37380
37490	37869
37491	37127
37492	38629
37493	37340
37494	38438
37495	37127
37496	38629
37497	37340
37498	37340
37499	37127
37500	38420
37501	38420
37502	38066
37503	38284
37504	37528
37505	37330
37506	37353
37507	37350
37508	37330
37509	37350
37510	37092
37511	37092
37512	37406
37513	37330
37514	37406
37515	37515
37516	37351
37517	37350
37518	37449
37519	38528
37520	37416
37521	37092
37522	37528
37523	37528
37524	37330
37525	37472
37526	38059
37527	37127
37528	38284
37529	38420
37530	37869
37531	38059
37532	37127
37533	38284
37534	38420
37535	37127
37536	38420
37537	38284
37538	38059
37539	37127
37540	38284
37541	38420
37542	38402
37543	38057
37544	37474
37545	37136
37546	38059
37547	37127
37548	38420
37549	38420
37550	38066
37551	37127
37552	38420
37553	37127
37554	38420
37555	38066
37556	38420
37557	38284
37558	38420
37559	38420
37560	38066
37561	38284
37562	37127
37563	37527
37564	37528
37565	38420
37566	38284
37567	37127
37568	38628
37569	38438
37570	38420
37571	38628
37572	38420
37573	38628
37574	38438
37575	37647
37576	38497
37577	38498
37578	38497
37579	37249
37580	38497
37581	38498
37582	38497
37583	37839
37584	37849
37585	42398
37586	37515
37587	38522
37588	37347
37589	37351
37590	37515
37591	37515
37592	37515
37593	37373
37594	37811
37595	37811
37596	37806
37597	37373
37598	37373
37599	37373
37600	37775
37601	37396
37602	37396
37603	37396
37604	41315
37605	41204
37606	41195
37607	37397
37608	37775
37609	41317
37610	41088
37611	41090
37612	41205
37613	38455
37614	37396
37615	41198
37616	37396
37617	37859
37618	37853
37619	37373
37620	37806
37621	37806
37622	37807
37623	37813
37624	37837
37625	37859
37626	37800
37627	37647
37628	37647
37629	37647
37630	37643
37631	41168
37632	41081
37633	37575
37634	37730
37635	37575
37636	37730
37637	37238
37638	37730
37639	37575
37640	37575
37641	37575
37642	37575
37643	41187
37644	41204
37645	41163
37646	41187
37647	41169
37648	37647
37649	38101
37650	38273
37651	37647
37652	37270
37653	37647
37654	37647
37655	37647
37656	37643
37657	37270
37658	41169
37659	37647
37660	37645
37661	37643
37662	37270
37663	37643
37664	37644
37665	37644
37666	41320
37667	41125
37668	37643
37669	37800
37670	41203
37671	37800
37672	41202
37673	41319
37674	41136
37675	37344
37676	37347
37677	37347
37678	37810
37679	37810
37680	37810
37681	37810
37682	41222
37683	37815
37684	40028
37685	40028
37686	37120
37687	40017
37688	37338
37689	38401
37690	38446
37691	37338
37692	37338
37693	37693
37694	37982
37695	37694
37696	37338
37697	38402
37698	38402
37699	37338
37700	38446
37701	39916
37702	37871
37703	37120
37704	37120
37705	37871
37706	37871
37707	39916
37708	39916
37709	37340
37710	37340
37711	37340
37712	37340
37713	37340
37714	37089
37715	37089
37716	37340
37717	37396
37718	42398
37719	42438
37720	42436
37721	42448
37722	42448
37723	42398
37724	37238
37725	37730
37726	37575
37727	38101
37728	38455
37729	37238
37730	38455
37731	38455
37732	38455
37733	38455
37734	37396
37735	38455
37736	38455
37737	37397
37738	37397
37739	37396
37740	37717
37741	38455
37742	38455
37743	38455
37744	38455
37745	42363
37746	42450
37747	42449
37748	42260
37749	42448
37750	42261
37751	42261
37752	42448
37753	42316
37754	42258
37755	42440
37756	37842
37757	42316
37758	37826
37759	37844
37760	37817
37761	37843
37762	37843
37763	37843
37764	41186
37765	37645
37766	41169
37767	41169
37768	41187
37769	41187
37770	37858
37771	37851
37772	37397
37773	38460
37774	37397
37775	37397
37776	38507
37777	38498
37778	38498
37779	37250
37780	37250
37781	38498
37782	38498
37783	38498
37784	37841
37785	37250
37786	37849
37787	37250
37788	37839
37789	37849
37790	38498
37791	37839
37792	42315
37793	37875
37794	37875
37795	38425
37796	37986
37797	37868
37798	37868
37799	38425
37800	37852
37801	37852
37802	37860
37803	37373
37804	37860
37805	37261
37806	37860
37807	37859
37808	37859
37809	37860
37810	37860
37811	37852
37812	37852
37813	37859
37814	37862
37815	37862
37816	37463
37817	38553
37818	37832
37819	37832
37820	37721
37821	37463
37822	37261
37823	37463
37824	37837
37825	37837
37826	37261
37827	37261
37828	37837
37829	37837
37830	37261
37831	37261
37832	37832
37833	37261
37834	37835
37835	37261
37836	37837
37837	37837
37838	37377
37839	37448
37840	37446
37841	37446
37842	37463
37843	37832
37844	37816
37845	37462
37846	37819
37847	38554
37848	38507
37849	38507
37850	37822
37851	37853
37852	37835
37853	42277
37854	37853
37855	37853
37856	42451
37857	42231
37858	42231
37859	37837
37860	37261
37861	37837
37862	37258
37863	37859
37864	37860
37865	37853
37866	37835
37867	37806
37868	37807
37869	37813
37870	37806
37871	37806
37872	37806
37873	37814
37874	37807
37875	37807
37876	37813
37877	37810
37878	37808
37879	37804
37880	37810
37881	37810
37882	41203
37883	37800
37884	37813
37885	37808
37886	37808
37887	37804
37888	37814
37889	37815
37890	37814
37891	37644
37892	37644
37893	37804
37894	37810
37895	37810
37896	37800
37897	37807
37898	37804
37899	37808
37900	37348
37901	37815
37902	37814
37903	37380
37904	37808
37905	37804
37906	37804
37907	37804
37908	37815
37909	37871
37910	37808
37911	37815
37912	37804
37913	37871
37914	37867
37915	37867
37916	37869
37917	37869
37918	37869
37919	42398
37920	42363
37921	42452
37922	37826
37923	42363
37924	42452
37925	42448
37926	37820
37927	37827
37928	42261
37929	38528
37930	37449
37931	37449
37932	38527
37933	38528
37934	37416
37935	37416
37936	38528
37937	38528
37938	37451
37939	37417
37940	37417
37941	37416
37942	37416
37943	37417
37944	37417
37945	37418
37946	37418
37947	37358
37948	37417
37949	37416
37950	38528
37951	37249
37952	37417
37953	37416
37954	37088
37955	37418
37956	37417
37957	37089
37958	37089
37959	37418
37960	37088
37961	37340
37962	37340
37963	37340
37964	37089
37965	37340
37966	37418
37967	37418
37968	37089
37969	37986
37970	38423
37971	38480
37972	38139
37973	38444
37974	37120
37975	37693
37976	37693
37977	37694
37978	37117
37979	37117
37980	37693
37981	37982
37982	37693
37983	38424
37984	37984
37985	37986
37986	37693
37987	37991
37988	38424
37989	38424
37990	37991
37991	38424
37992	38424
37993	38423
37994	38424
37995	37120
37996	37120
37997	38424
37998	37117
37999	37120
38000	40017
38001	40017
38002	40017
38003	39904
38004	39904
38005	37767
38006	40042
38007	38423
38008	38425
38009	37694
38010	38446
38011	38446
38012	37139
38013	38402
38014	38455
38015	38455
38016	38455
38017	38455
38018	37396
38019	37396
38020	37396
38021	42261
38022	37397
38023	37396
38024	37396
38025	37775
38026	42399
38027	42399
38028	42261
38029	42237
38030	42237
38031	42261
38032	42261
38033	42261
38034	42257
38035	42399
38036	42399
38037	42399
38038	42261
38039	42398
38040	42451
38041	42257
38042	42398
38043	42399
38044	37346
38045	38514
38046	37453
38047	37351
38048	37344
38049	37344
38050	37472
38051	37472
38052	37418
38053	37418
38054	37418
38055	37453
38056	37453
38057	37453
38058	37089
38059	37418
38060	37418
38061	37418
38062	37418
38063	37418
38064	37089
38065	37089
38066	37089
38067	37089
38068	37418
38069	37089
38070	37089
38071	37089
38072	37340
38073	37340
38074	37340
38075	37340
38076	37340
38077	38629
38078	37340
38079	37089
38080	37340
38081	37238
38082	37238
38083	37717
38084	41316
38085	41316
38086	41194
38087	41194
38088	37730
38089	37238
38090	41316
38091	37575
38092	37575
38093	41099
38094	38612
38095	38614
38096	38614
38097	38514
38098	38614
38099	37476
38100	37476
38101	37647
38102	37647
38103	38611
38104	37892
38105	41087
38106	37647
38107	37647
38108	37575
38109	37575
38110	37730
38111	38273
38112	38273
38113	38101
38114	38273
38115	38273
38116	37270
38117	37270
38118	37647
38119	37270
38120	37643
38121	39904
38122	40018
38123	40018
38124	37869
38125	38424
38126	38424
38127	37334
38128	37875
38129	37876
38130	37869
38131	37270
38132	37270
38133	37270
38134	37270
38135	40028
38136	37120
38137	38139
38138	37120
38139	38443
38140	38443
38141	38443
38142	38424
38143	38424
38144	38424
38145	37812
38146	41090
38147	41088
38148	42277
38149	37852
38150	37851
38151	37835
38152	37835
38153	42257
38154	42231
38155	37261
38156	37837
38157	37261
38158	37835
38159	37835
38160	42277
38161	37258
38162	37261
38163	37827
38164	42277
38165	37397
38166	42257
38167	42257
38168	42451
38169	42451
38170	42451
38171	42438
38172	42438
38173	37258
38174	37258
38175	37837
38176	37837
38177	37354
38178	38500
38179	37255
38180	37354
38181	38527
38182	37447
38183	37447
38184	38499
38185	37377
38186	37377
38187	37377
38188	37447
38189	38499
38190	37256
38191	38528
38192	38507
38193	38507
38194	37250
38195	37463
38196	37447
38197	38528
38198	37808
38199	37808
38200	37810
38201	37258
38202	37258
38203	37256
38204	37256
38205	38522
38206	38521
38207	37353
38208	37450
38209	37453
38210	37451
38211	37451
38212	37450
38213	37256
38214	37256
38215	38528
38216	38528
38217	37453
38218	37353
38219	37450
38220	37451
38221	37450
38222	37450
38223	37515
38224	37515
38225	37515
38226	37256
38227	37515
38228	37417
38229	37418
38230	37417
38231	37418
38232	37418
38233	37453
38234	37418
38235	37453
38236	37353
38237	37418
38238	37452
38239	37351
38240	37353
38241	37353
38242	37418
38243	37452
38244	37353
38245	37353
38246	37418
38247	37418
38248	37418
38249	37418
38250	37418
38251	37419
38252	37418
38253	37418
38254	37340
38255	37089
38256	37419
38257	37419
38258	37419
38259	37418
38260	37418
38261	37418
38262	37089
38263	38629
38264	37340
38265	37089
38266	37089
38267	38629
38268	37340
38269	37340
38270	37418
38271	42448
38272	42448
38273	37647
38274	37839
38275	38498
38276	37340
38277	37340
38278	37340
38279	38629
38280	37340
38281	37089
38282	37340
38283	38629
38284	37340
38285	37835
38286	37261
38287	37258
38288	37816
38289	38554
38290	37250
38291	37415
38292	37249
38293	37767
38294	40042
38295	38101
38296	37238
38297	42449
38298	42363
38299	37738
38300	37717
38301	42261
38302	42448
38303	42448
38304	37839
38305	37818
38306	38513
38307	37347
38308	37347
38309	37515
38310	37351
38311	38612
38312	38514
38313	38514
38314	38513
38315	38512
38316	38512
38317	37256
38318	37814
38319	37814
38320	37814
38321	37804
38322	37808
38323	37807
38324	37807
38325	38612
38326	37804
38327	37418
38328	37258
38329	38500
38330	37254
38331	38522
38332	38512
38333	38512
38334	38512
38335	38514
38336	38514
38337	37348
38338	38612
38339	38612
38340	37346
38341	37809
38342	37808
38343	37801
38344	37815
38345	37804
38346	37348
38347	38612
38348	37814
38349	37813
38350	38514
38351	37814
38352	37347
38353	37351
38354	37344
38355	37351
38356	37418
38357	37452
38358	37353
38359	37418
38360	37418
38361	37418
38362	37418
38363	37418
38364	37089
38365	37419
38366	37340
38367	37089
38368	37814
38369	37476
38370	38521
38371	38522
38372	37800
38373	41217
38374	38514
38375	37515
38376	37351
38377	37418
38378	37089
38379	37340
38380	37813
38381	37258
38382	37808
38383	37804
38384	38612
38385	38514
38386	38612
38387	37258
38388	37340
38389	37340
38390	37340
38391	38499
38392	38499
38393	37447
38394	37986
38395	38425
38396	38425
38397	37810
38398	37348
38399	37346
38400	37347
38401	37347
38402	37347
38403	37344
38404	37472
38405	37344
38406	37453
38407	37417
38408	37417
38409	37418
38410	37358
38411	37418
38412	37089
38413	37088
38414	37088
38415	37089
38416	37089
38417	37089
38418	37089
38419	38629
38420	38629
38421	38629
38422	36888
38423	38424
38424	38424
38425	37117
38426	37693
38427	37338
38428	38446
38429	38401
38430	38402
38431	37089
38432	37089
38433	37647
38434	37418
38435	37418
38436	37419
38437	37089
38438	38629
38439	37340
38440	37139
38441	37869
38442	37120
38443	38424
38444	38424
38445	37476
38446	37346
38447	38614
38448	37730
38449	37575
38450	41169
38451	41187
38452	41186
38453	41222
38454	37717
38455	38455
38456	37717
38457	42257
38458	37398
38459	42451
38460	37858
38461	42451
38462	42399
38463	42448
38464	42448
38465	42436
38466	37261
38467	37270
38468	37270
38469	37338
38470	37984
38471	37984
38472	37088
38473	37418
38474	37089
38475	37417
38476	37453
38477	37515
38478	37871
38479	40017
38480	37120
38481	37868
38482	37868
38483	37449
38484	37862
38485	37813
38486	37860
38487	37806
38488	37815
38489	37815
38490	37867
38491	37867
38492	37868
38493	38629
38494	37340
38495	37415
38496	37415
38497	37447
38498	38506
38499	38506
38500	38500
38501	38500
38502	37447
38503	37449
38504	37415
38505	37449
38506	38506
38507	38506
38508	38528
38509	38528
38510	38528
38511	38521
38512	38522
38513	37255
38514	37254
38515	38446
38516	38044
38517	37254
38518	38612
38519	38612
38520	38514
38521	38521
38522	38522
38523	38528
38524	38529
38525	38528
38526	38528
38527	38521
38528	38521
38529	37254
38530	37254
38531	38612
38532	38529
38533	38529
38534	38529
38535	37089
38536	37089
38537	37340
38538	37089
38539	37340
38540	37089
38541	37089
38542	37089
38543	37340
38544	37089
38545	37521
38546	37419
38547	37521
38548	37340
38549	37340
38550	37340
38551	37340
38552	37867
38553	37377
38554	37446
38555	37478
38556	37372
38557	38514
38558	37476
38559	38612
38560	38514
38561	38484
38562	38484
38563	38484
38564	38485
38565	37476
38566	38612
38567	37380
38568	37478
38569	37593
38570	37346
38571	37346
38572	37346
38573	37346
38574	38514
38575	37597
38576	37809
38577	38484
38578	38514
38579	37476
38580	37478
38581	37815
38582	37871
38583	37372
38584	37876
38585	37876
38586	38612
38587	38612
38588	37871
38589	37871
38590	37476
38591	41203
38592	41203
38593	37353
38594	37450
38595	37351
38596	37351
38597	37351
38598	37353
38599	37340
38600	37351
38601	37351
38602	37452
38603	37418
38604	37418
38605	37419
38606	37089
38607	37340
38608	38514
38609	38514
38610	37270
38611	41204
38612	38500
38613	37349
38614	37349
38615	37349
38616	38641
38617	37330
38618	38629
38619	38629
38620	36888
38621	36888
38622	36888
38623	36888
38624	36888
38625	36888
38626	36888
38627	36888
38628	36888
38629	37330
38630	37330
38631	38664
38632	37330
38633	36888
38634	36888
38635	38629
38636	38629
38637	38641
38638	38641
38639	38641
38640	38641
38641	36888
38642	36888
38643	36888
38644	36888
38645	36888
38646	38641
38647	36888
38648	36888
38649	38641
38650	38641
38651	38641
38652	38641
38653	36888
38654	36888
38655	38641
38656	38641
38657	38641
38658	38663
38659	38641
38660	38641
38661	38646
38662	38641
38663	38641
38664	38641
38665	38056
38666	38053
38667	37136
38668	38403
38669	38402
38670	38446
38671	38402
38672	38403
38673	38529
38674	37991
38675	37337
38676	37337
38677	37991
38678	37991
38679	37984
38680	37982
38681	37338
38682	38056
38683	37136
38684	38053
38685	38056
38686	38404
38687	37139
38688	38822
38689	39010
38690	39091
38691	38681
38692	39154
38693	39154
38694	38052
38695	38053
38696	38066
38697	37982
38698	38402
38699	38808
38700	37109
38701	38918
38702	38912
38703	38066
38704	38066
38705	37088
38706	37358
38707	37947
38708	37347
38709	37346
38710	38052
38711	38052
38712	37136
38713	38056
38714	37688
38715	37982
38716	38056
38717	38053
38718	37139
38719	37139
38720	38403
38721	37139
38722	38918
38723	38404
38724	38056
38725	37139
38726	38234
38727	38378
38728	37202
38729	38052
38730	37947
38731	38052
38732	38052
38733	38052
38734	37136
38735	38056
38736	37139
38737	37417
38738	37472
38739	37347
38740	37346
38741	37202
38742	38066
38743	37202
38744	38052
38745	38053
38746	37136
38747	38918
38748	38066
38749	38378
38750	38052
38751	38052
38752	37136
38753	38405
38754	38066
38755	37202
38756	38052
38757	38052
38758	37136
38759	38738
38760	38066
38761	37202
38762	38052
38763	38053
38764	37136
38765	38056
38766	38066
38767	37202
38768	38052
38769	38053
38770	37136
38771	38056
38772	38378
38773	37202
38774	38052
38775	38053
38776	37136
38777	38403
38778	38918
38779	38918
38780	38918
38781	37139
38782	37139
38783	37139
38784	38066
38785	38378
38786	38052
38787	38052
38788	38066
38789	38378
38790	38052
38791	38052
38792	38053
38793	38056
38794	37139
38795	38402
38796	38402
38797	38403
38798	37139
38799	38057
38800	38403
38801	37139
38802	38056
38803	38403
38804	37346
38805	38514
38806	37139
38807	37139
38808	38446
38809	38401
38810	38403
38811	38057
38812	37136
38813	38057
38814	38916
38815	37139
38816	37139
38817	38403
38818	37139
38819	38402
38820	37139
38821	38401
38822	38401
38823	38402
38824	38402
38825	38402
38826	38402
38827	37139
38828	37139
38829	37139
38830	37139
38831	37139
38832	38446
38833	38402
38834	38477
38835	37139
38836	37139
38837	38914
38838	38914
38839	38914
38840	38912
38841	38912
38842	38912
38843	38918
38844	38912
38845	38707
38846	38918
38847	38914
38848	38914
38849	38057
38850	38056
38851	38056
38852	37139
38853	37139
38854	37982
38855	38056
38856	38056
38857	38477
38858	38446
38859	38446
38860	38401
38861	37982
38862	37982
38863	37337
38864	37991
38865	37337
38866	37991
38867	39009
38868	37337
38869	37337
38870	39009
38871	39009
38872	39154
38873	39154
38874	37982
38875	37982
38876	39154
38877	38057
38878	38057
38879	37982
38880	37337
38881	38681
38882	37338
38883	38613
38884	37338
38885	37337
38886	37338
38887	38808
38888	38858
38889	37474
38890	38858
38891	38807
38892	38056
38893	38403
38894	38057
38895	38403
38896	38860
38897	39010
38898	38822
38899	38053
38900	37136
38901	38053
38902	38057
38903	37139
38904	38056
38905	38053
38906	38052
38907	38053
38908	37136
38909	37148
38910	38529
38911	38514
38912	37346
38913	37346
38914	37347
38915	37346
38916	37347
38917	37473
38918	37347
38919	37698
38920	37947
38921	37947
38922	37947
38923	38053
38924	37955
38925	37955
38926	38052
38927	37202
38928	38052
38929	37346
38930	37346
38931	37416
38932	37515
38933	37417
38934	37417
38935	37955
38936	37358
38937	37959
38938	38437
38939	38914
38940	38918
38941	37337
38942	39091
38943	39154
38944	39154
38945	37337
38946	37982
38947	37337
38948	37991
38949	39092
38950	38822
38951	37139
38952	39010
38953	39091
38954	38996
38955	37982
38956	39154
38957	37982
38958	37337
38959	39009
38960	39092
38961	37139
38962	38056
38963	37136
38964	37338
38965	37984
38966	37991
38967	37337
38968	38378
38969	38257
38970	38053
38971	38053
38972	37337
38973	38918
38974	38404
38975	38404
38976	38404
38977	38918
38978	37139
38979	37139
38980	38404
38981	37139
38982	38914
38983	38914
38984	37139
38985	38477
38986	38056
38987	38057
38988	38056
38989	38057
38990	38056
38991	38056
38992	38057
38993	38057
38994	38056
38995	38918
38996	37338
38997	39154
38998	39009
38999	39136
39000	39005
39001	39005
39002	39150
39003	38679
39004	39005
39005	37337
39006	39022
39007	39010
39008	39156
39009	37982
39010	38446
39011	37991
39012	38681
39013	38401
39014	38401
39015	38446
39016	38914
39017	38912
39018	38401
39019	38446
39020	39154
39021	39154
39022	37338
39023	39153
39024	39150
39025	39155
39026	39090
39027	39090
39028	38912
39029	38891
39030	39155
39031	39090
39032	38898
39033	38913
39034	38914
39035	38709
39036	39146
39037	39004
39038	39004
39039	39146
39040	39140
39041	39146
39042	39152
39043	39004
39044	39005
39045	39150
39046	39005
39047	39150
39048	39162
39049	39140
39050	39003
39051	39140
39052	39151
39053	39005
39054	37337
39055	39163
39056	39024
39057	39024
39058	39024
39059	39150
39060	39150
39061	39203
39062	39203
39063	39203
39064	39203
39065	39203
39066	39203
39067	39203
39068	39203
39069	39203
39070	39203
39071	39203
39072	39203
39073	39154
39074	39146
39075	39203
39076	39155
39077	39155
39078	39155
39079	39155
39080	39155
39081	38898
39082	39090
39083	38912
39084	39090
39085	39090
39086	38898
39087	38898
39088	38446
39089	38401
39090	37338
39091	37338
39092	37338
39093	38401
39094	38446
39095	38401
39096	38446
39097	38401
39098	38446
39099	39091
39100	39091
39101	39091
39102	38446
39103	38401
39104	38739
39105	38913
39106	38929
39107	38709
39108	38401
39109	38914
39110	38913
39111	38913
39112	39090
39113	38709
39114	38912
39115	38891
39116	39090
39117	38896
39118	38912
39119	38898
39120	39090
39121	39154
39122	39155
39123	39162
39124	39155
39125	39010
39126	39090
39127	39092
39128	39092
39129	39022
39130	39090
39131	39154
39132	39154
39133	39156
39134	39155
39135	39171
39136	39138
39137	37992
39138	37337
39139	37337
39140	39138
39141	39171
39142	38947
39143	39005
39144	39140
39145	39140
39146	39140
39147	39146
39148	39150
39149	39005
39150	39005
39151	37337
39152	37337
39153	37337
39154	37982
39155	39009
39156	38680
39157	37982
39158	38446
39159	39154
39160	39009
39161	39153
39162	39153
39163	38854
39164	39154
39165	38401
39166	38401
39167	39154
39168	39154
39169	39151
39170	39151
39171	37337
39172	39092
39173	39154
39174	39153
39175	39024
39176	39150
39177	38947
39178	38947
39179	39209
39180	39203
39181	39209
39182	39203
39183	39209
39184	39058
39185	39203
39186	39203
39187	39203
39188	39058
39189	39203
39190	39203
39191	39203
39192	39203
39193	39203
39194	39203
39195	39203
39196	39203
39197	39203
39198	39203
39199	39146
39200	39024
39201	39024
39202	39146
39203	39146
39204	39203
39205	39024
39206	39146
39207	39146
39208	39203
39209	39024
39210	39150
39211	39203
39212	39203
39213	39203
39214	39024
39215	39203
39216	39203
39217	39203
39218	39024
39219	39150
39220	39146
39221	39024
39222	39024
39223	39140
39224	39150
39225	39152
39226	39140
39227	39004
39228	39150
39229	39156
39230	39155
39231	39156
39232	39151
39233	39154
39234	39154
39235	39090
39236	39203
39237	39209
39238	39209
39239	39146
39240	39024
39241	39024
39242	39146
39243	39146
39244	39140
39245	39004
39246	39022
39247	39155
39248	39162
39249	39090
39250	39090
39251	39024
39252	39203
39253	39203
39254	39203
39255	39024
39256	39024
39257	39140
39258	39150
39259	39146
39260	39024
39261	39153
39262	39153
39263	39152
39264	39151
39265	39203
39266	39203
39267	39005
39268	39150
39269	39146
39270	38679
39271	39138
39272	39005
39273	39203
39274	39203
39275	39150
39276	37991
39277	39005
39278	39203
39279	39209
39280	39209
39281	39146
39282	39024
39283	39024
39284	39161
39285	39004
39286	39161
39287	39162
39288	39162
39289	39203
39290	39209
39291	39004
39292	39146
39293	39024
39294	39162
39295	39161
39296	39203
39297	39004
39298	39146
39299	39140
39300	39203
39301	39203
39302	39140
39303	39005
39304	39024
39305	39150
39306	39152
39307	39005
39308	39153
39309	39203
39310	39153
39311	39152
39312	39140
39313	39005
39314	39140
39315	39140
39316	39004
39317	39004
39318	39058
39319	39209
39320	39209
39321	39209
39322	39058
39323	39203
39324	39203
39325	39203
39326	39058
39327	39058
39328	39058
39329	39209
39330	39670
39331	39647
39332	39647
39333	39670
39334	39646
39335	39647
39336	39648
39337	39648
39338	39647
39339	39647
39340	39646
39341	39646
39342	39647
39343	39647
39344	39646
39345	39648
39346	39646
39347	39646
39348	39646
39349	39646
39350	39646
39351	39648
39352	39646
39353	39647
39354	39647
39355	39647
39356	39670
39357	39670
39358	39670
39359	39783
39360	39669
39361	39783
39362	39647
39363	39647
39364	39646
39365	39646
39366	39646
39367	39646
39368	39670
39369	39480
39370	39480
39371	39669
39372	39783
39373	39397
39374	39670
39375	39783
39376	39783
39377	39646
39378	39386
39379	39647
39380	39669
39381	39648
39382	39647
39383	39646
39384	39398
39385	39397
39386	39670
39387	39669
39388	39669
39389	39480
39390	39208
39391	39208
39392	39480
39393	39208
39394	39208
39395	39480
39396	39208
39397	39783
39398	39397
39399	39750
39400	39398
39401	39481
39402	39481
39403	39783
39404	39481
39405	39481
39406	39480
39407	39208
39408	39750
39409	39646
39410	39386
39411	39481
39412	39647
39413	39646
39414	39386
39415	39208
39416	39480
39417	39480
39418	39386
39419	39783
39420	39669
39421	39783
39422	39669
39423	39647
39424	39480
39425	39647
39426	39647
39427	39669
39428	39669
39429	39669
39430	39646
39431	39646
39432	39646
39433	39670
39434	39669
39435	39669
39436	39669
39437	39669
39438	39669
39439	39669
39440	39783
39441	39648
39442	39648
39443	39647
39444	39783
39445	39783
39446	39783
39447	39783
39448	39648
39449	39646
39450	39646
39451	39646
39452	39646
39453	39647
39454	39647
39455	39647
39456	39647
39457	39648
39458	39669
39459	39670
39460	39647
39461	39209
39462	39058
39463	39058
39464	39058
39465	39058
39466	39058
39467	39058
39468	39208
39469	39058
39470	39058
39471	39058
39472	39208
39473	39209
39474	39208
39475	39209
39476	39208
39477	39209
39478	39058
39479	39203
39480	39058
39481	39203
39482	39058
39483	39203
39484	39647
39485	39670
39486	39647
39487	39647
39488	39647
39489	39647
39490	39646
39491	39646
39492	39646
39493	39646
39494	39646
39495	39646
39496	39646
39497	39646
39498	39646
39499	39646
39500	39646
39501	39646
39502	39646
39503	39646
39504	39646
39505	39646
39506	39646
39507	39648
39508	39648
39509	39648
39510	39648
39511	39669
39512	39669
39513	39669
39514	39647
39515	39670
39516	39669
39517	39669
39518	39783
39519	39783
39520	39783
39521	39480
39522	39783
39523	39669
39524	39669
39525	39670
39526	39669
39527	39783
39528	39783
39529	39480
39530	39480
39531	39670
39532	39669
39533	39783
39534	39669
39535	39783
39536	39669
39537	39669
39538	39669
39539	39670
39540	39669
39541	39669
39542	39646
39543	39646
39544	39646
39545	39646
39546	39646
39547	39646
39548	39646
39549	39646
39550	39648
39551	39648
39552	39648
39553	39648
39554	39647
39555	39647
39556	39648
39557	39647
39558	39647
39559	39647
39560	39648
39561	39648
39562	39648
39563	39669
39564	39669
39565	39783
39566	39669
39567	39670
39568	39647
39569	39647
39570	39670
39571	39647
39572	39647
39573	39670
39574	39670
39575	39647
39576	39647
39577	39647
39578	39647
39579	39647
39580	39647
39581	39647
39582	39647
39583	39647
39584	39647
39585	39647
39586	39647
39587	39647
39588	39783
39589	39783
39590	39783
39591	39480
39592	39783
39593	39480
39594	39783
39595	39480
39596	39480
39597	39480
39598	39480
39599	39480
39600	39783
39601	39783
39602	39783
39603	39669
39604	39669
39605	39669
39606	39647
39607	39648
39608	39646
39609	39646
39610	39647
39611	39647
39612	39647
39613	39647
39614	39208
39615	39481
39616	39481
39617	39647
39618	39648
39619	39647
39620	39647
39621	39647
39622	39646
39623	39386
39624	39646
39625	39646
39626	39646
39627	39646
39628	39647
39629	39648
39630	39646
39631	39646
39632	39728
39633	39386
39634	39670
39635	39669
39636	39670
39637	39647
39638	39670
39639	39669
39640	39670
39641	39669
39642	39669
39643	39783
39644	39669
39645	39669
39646	39669
39647	39783
39648	39669
39649	39647
39650	39670
39651	39750
39652	39647
39653	39647
39654	39480
39655	39480
39656	39646
39657	39386
39658	39386
39659	39651
39660	39728
39661	39647
39662	39646
39663	39646
39664	39646
39665	39646
39666	39646
39667	39783
39668	39783
39669	39481
39670	39480
39671	39783
39672	39481
39673	39481
39674	39481
39675	39208
39676	39481
39677	39480
39678	39670
39679	39647
39680	39647
39681	39646
39682	39646
39683	39646
39684	39386
39685	39480
39686	39480
39687	39480
39688	39481
39689	39481
39690	39208
39691	39208
39692	39058
39693	39386
39694	39386
39695	39386
39696	39480
39697	39783
39698	39481
39699	39480
39700	39480
39701	39208
39702	39670
39703	39647
39704	39398
39705	39647
39706	39647
39707	39647
39708	39670
39709	39669
39710	39670
39711	39669
39712	39669
39713	39669
39714	39669
39715	39480
39716	39783
39717	39481
39718	39480
39719	39480
39720	39480
39721	39480
39722	39058
39723	39208
39724	39208
39725	39646
39726	39646
39727	39647
39728	39398
39729	39398
39730	39670
39731	39750
39732	39750
39733	39208
39734	39480
39735	39480
39736	39783
39737	39058
39738	39398
39739	39398
39740	39398
39741	39750
39742	39750
39743	39750
39744	39397
39745	39397
39746	39397
39747	39750
39748	39783
39749	39783
39750	39669
39751	39669
39752	39481
39753	39208
39754	39058
39755	39783
39756	39783
39757	39481
39758	39480
39759	39480
39760	39480
39761	39208
39762	39481
39763	39480
39764	39480
39765	39783
39766	39208
39767	39481
39768	39783
39769	39480
39770	39750
39771	39647
39772	39750
39773	39750
39774	39397
39775	39397
39776	39480
39777	39783
39778	39208
39779	39058
39780	39669
39781	39058
39782	39058
39783	39208
39784	39481
39785	39647
39786	39647
39787	39670
39788	39647
39789	39646
39790	39648
39791	39646
39792	39646
39793	39783
39794	39783
39795	39647
39796	39646
39797	39647
39798	39646
39799	39646
39800	39646
39801	39646
39802	39646
39803	39646
39804	39646
39805	39646
39806	39646
39807	39669
39808	39669
39809	39669
39810	39669
39811	39669
39812	39647
39813	39647
39814	39647
39815	39670
39816	39670
39817	39646
39818	39646
39819	39646
39820	39646
39821	39646
39822	39646
39823	39646
39824	39646
39825	39646
39826	39646
39827	39647
39828	39647
39829	39647
39830	39647
39831	39647
39832	39648
39833	39648
39834	39648
39835	39648
39836	39647
39837	39647
39838	39647
39839	39647
39840	39647
39841	39647
39842	39647
39843	39647
39844	39648
39845	39648
39846	39648
39847	39647
39848	39670
39849	39783
39850	39669
39851	39669
39852	39783
39853	39783
39854	39670
39855	39669
39856	39669
39857	39670
39858	39669
39859	39669
39860	39783
39861	39646
39862	39646
39863	39648
39864	39648
39865	39648
39866	39648
39867	39647
39868	39783
39869	39669
39870	39783
39871	39783
39872	39648
39873	39646
39874	39646
39875	39646
39876	39646
39877	39647
39878	39648
39879	39648
39880	39647
39881	39669
39882	39670
39883	39669
39884	39611
39885	39481
39886	39669
39887	39670
39888	39670
39889	39647
39890	39646
39891	39646
39892	39647
39893	39647
39894	39647
39895	39647
39896	39647
39897	39647
39898	39783
39899	39669
39900	39647
39901	37645
39902	37643
39903	41169
39904	37645
39905	37647
39906	38444
39907	37895
39908	37880
39909	37120
39910	38101
39911	39904
39912	41081
39913	37647
39914	38480
39915	40028
39916	41203
39917	41087
39918	37596
39919	37810
39920	37575
39921	41154
39922	38101
39923	41254
39924	41288
39925	41288
39926	41288
39927	41254
39928	41288
39929	41254
39930	41257
39931	41288
39932	41257
39933	41288
39934	41370
39935	41288
39936	37270
39937	40042
39938	37270
39939	37270
39940	39904
39941	37765
39942	37892
39943	37643
39944	37390
39945	41287
39946	41287
39947	41257
39948	41257
39949	41287
39950	41118
39951	41118
39952	41118
39953	41118
39954	41118
39955	41289
39956	41257
39957	41118
39958	41370
39959	37270
39960	41289
39961	41289
39962	37270
39963	37270
39964	38273
39965	41153
39966	41153
39967	37647
39968	41154
39969	41292
39970	41292
39971	41292
39972	37637
39973	41370
39974	38101
39975	41257
39976	41292
39977	41288
39978	41292
39979	41288
39980	41154
39981	41287
39982	41287
39983	37896
39984	37370
39985	37370
39986	37891
39987	37882
39988	38611
39989	37871
39990	37880
39991	40028
39992	40017
39993	40028
39994	37575
39995	37647
39996	41081
39997	41102
39998	41155
39999	38101
40000	37575
40001	37575
40002	38101
40003	38101
40004	38273
40005	38101
40006	38101
40007	37647
40008	37647
40009	41154
40010	41081
40011	37647
40012	40017
40013	40017
40014	39916
40015	40017
40016	37120
40017	37644
40018	37644
40019	37800
40020	37810
40021	37810
40022	37810
40023	41087
40024	37810
40025	37370
40026	37871
40027	37643
40028	37645
40029	38611
40030	38611
40031	37896
40032	37880
40033	39904
40034	40028
40035	38139
40036	41169
40037	37647
40038	41154
40039	37647
40040	41169
40041	38444
40042	37643
40043	37645
40044	37643
40045	41287
40046	41287
40047	41287
40048	41287
40049	41287
40050	41118
40051	41118
40052	41087
40053	41087
40054	37644
40055	37644
40056	41287
40057	41287
40058	41118
40059	41118
40060	41118
40061	41284
40062	41118
40063	41118
40064	41118
40065	41118
40066	41370
40067	41370
40068	41370
40069	41370
40070	41370
40071	41372
40072	41360
40073	41257
40074	41370
40075	41370
40076	41287
40077	41287
40078	41118
40079	41118
40080	41370
40081	41288
40082	41257
40083	41287
40084	41118
40085	41287
40086	37882
40087	37882
40088	37370
40089	37882
40090	38611
40091	41087
40092	37892
40093	38611
40094	37645
40095	41288
40096	41288
40097	41288
40098	41287
40099	41118
40100	41118
40101	41289
40102	41289
40103	41118
40104	41118
40105	41118
40106	41118
40107	41289
40108	41289
40109	41284
40110	41284
40111	38101
40112	41154
40113	40013
40114	38273
40115	38273
40116	40042
40117	37270
40118	37391
40119	40042
40120	37767
40121	41288
40122	41288
40123	41287
40124	41288
40125	41288
40126	41284
40127	41284
40128	41118
40129	39904
40130	40018
40131	39916
40132	39916
40133	37370
40134	37882
40135	37370
40136	37370
40137	37891
40138	37390
40139	37390
40140	37891
40141	37370
40142	37896
40143	37871
40144	37896
40145	37896
40146	37880
40147	41288
40148	41288
40149	41288
40150	41288
40151	41288
40152	41287
40153	41287
40154	41292
40155	41292
40156	41292
40157	37647
40158	41153
40159	41254
40160	41254
40161	41254
40162	37767
40163	37270
40164	37767
40165	40042
40166	40042
40167	37391
40168	41254
40169	41292
40170	41254
40171	41254
40172	41288
40173	41254
40174	41254
40175	41081
40176	41153
40177	41154
40178	41292
40179	41288
40180	41372
40181	41118
40182	41287
40183	41287
40184	41288
40185	41288
40186	41287
40187	37647
40188	37647
40189	41081
40190	37647
40191	41288
40192	41257
40193	41257
40194	41288
40195	41292
40196	41254
40197	41254
40198	41154
40199	41154
40200	37270
40201	41257
40202	41257
40203	41287
40204	41257
40205	41288
40206	41292
40207	41288
40208	41288
40209	37270
40210	41154
40211	41257
40212	41257
40213	41288
40214	38101
40215	41360
40216	41372
40217	38101
40218	41370
40219	41370
40220	41372
40221	41372
40222	38101
40223	41284
40224	41118
40225	37637
40226	41154
40227	41118
40228	41292
40229	41292
40230	41292
40231	41254
40232	37647
40233	37647
40234	41081
40235	37643
40236	37643
40237	37643
40238	41153
40239	41292
40240	41254
40241	37647
40242	37647
40243	37643
40244	37765
40245	41153
40246	41254
40247	37391
40248	37270
40249	37270
40250	39904
40251	41257
40252	41287
40253	41287
40254	41289
40255	41287
40256	41370
40257	41370
40258	41257
40259	41118
40260	41118
40261	41118
40262	41257
40263	41287
40264	37645
40265	37390
40266	39904
40267	41257
40268	41288
40269	41288
40270	41288
40271	41288
40272	37575
40273	39904
40274	41288
40275	41370
40276	41118
40277	41287
40278	41287
40279	41287
40280	41118
40281	41118
40282	41284
40283	41284
40284	41284
40285	41118
40286	41118
40287	41284
40288	41284
40289	41118
40290	41477
40291	41529
40292	41428
40293	41477
40294	41524
40295	41524
40296	41428
40297	41524
40298	41524
40299	41529
40300	41524
40301	41529
40302	41524
40303	41428
40304	41524
40305	41428
40306	41428
40307	41428
40308	41477
40309	41428
40310	41477
40311	41529
40312	41477
40313	41249
40314	41249
40315	41249
40316	41395
40317	41395
40318	41526
40319	41524
40320	41249
40321	41284
40322	41284
40323	41117
40324	41284
40325	41284
40326	41249
40327	41249
40328	41118
40329	41118
40330	41284
40331	41284
40332	41118
40333	41118
40334	41284
40335	41118
40336	41285
40337	41284
40338	41117
40339	41284
40340	41118
40341	41118
40342	41117
40343	41284
40344	41117
40345	41284
40346	41284
40347	41118
40348	41118
40349	41289
40350	41287
40351	41118
40352	41284
40353	41118
40354	41284
40355	41117
40356	41284
40357	41284
40358	41284
40359	41524
40360	41524
40361	41524
40362	41524
40363	41526
40364	41526
40365	41524
40366	41526
40367	41526
40368	41526
40369	41524
40370	41524
40371	41524
40372	41524
40373	41524
40374	41118
40375	41118
40376	41118
40377	41284
40378	41477
40379	41529
40380	41428
40381	41477
40382	41477
40383	41249
40384	41395
40385	41395
40386	41524
40387	41524
40388	41524
40389	41524
40390	41524
40391	41529
40392	41117
40393	41117
40394	41529
40395	41529
40396	41428
40397	41529
40398	41395
40399	41395
40400	41477
40401	41249
40402	41117
40403	41249
40404	41249
40405	41249
40406	41428
40407	41477
40408	41284
40409	41117
40410	41529
40411	41477
40412	41428
40413	41529
40414	41529
40415	41529
40416	41477
40417	41249
40418	41249
40419	41428
40420	41428
40421	41524
40422	41477
40423	41284
40424	41395
40425	41395
40426	41529
40427	41428
40428	41428
40429	41529
40430	41529
40431	41529
40432	41395
40433	41395
40434	41285
40435	41284
40436	41524
40437	41524
40438	41524
40439	41249
40440	41477
40441	41395
40442	41428
40443	41284
40444	41529
40445	41524
40446	41524
40447	41284
40448	41249
40449	41524
40450	41524
40451	41526
40452	41526
40453	41477
40454	41249
40455	41477
40456	41477
40457	41529
40458	41477
40459	41285
40460	41526
40461	41524
40462	41524
40463	41395
40464	41477
40465	41529
40466	41117
40467	41529
40468	41524
40469	41428
40470	41249
40471	41428
40472	41428
40473	41529
40474	41428
40475	41428
40476	41477
40477	41477
40478	41529
40479	41524
40480	41524
40481	41524
40482	41526
40483	41524
40484	41524
40485	41524
40486	41526
40487	41526
40488	41526
40489	41526
40490	41526
40491	41524
40492	41524
40493	42025
40494	41689
40495	41689
40496	42028
40497	42043
40498	41679
40499	42025
40500	42025
40501	41695
40502	41689
40503	42028
40504	42027
40505	41695
40506	42043
40507	42043
40508	41989
40509	41525
40510	41526
40511	41526
40512	41525
40513	41526
40514	41525
40515	41526
40516	41525
40517	41526
40518	41525
40519	41525
40520	41525
40521	41525
40522	41525
40523	41526
40524	41525
40525	41526
40526	41525
40527	41526
40528	41525
40529	41526
40530	41525
40531	42026
40532	42028
40533	42026
40534	41554
40535	42045
40536	42039
40537	41679
40538	41542
40539	41783
40540	42039
40541	42118
40542	42118
40543	42028
40544	42024
40545	42039
40546	42118
40547	42025
40548	42028
40549	41547
40550	41547
40551	41785
40552	41547
40553	41547
40554	41785
40555	41783
40556	41559
40557	41554
40558	41559
40559	41554
40560	41559
40561	41554
40562	41559
40563	41547
40564	41559
40565	41547
40566	41547
40567	41559
40568	41559
40569	41547
40570	42085
40571	42041
40572	41557
40573	41689
40574	41557
40575	41547
40576	41547
40577	41557
40578	41783
40579	41557
40580	41547
40581	41547
40582	41554
40583	41554
40584	41782
40585	41782
40586	41554
40587	41689
40588	41783
40589	42045
40590	42045
40591	41547
40592	41547
40593	41557
40594	41554
40595	41554
40596	41554
40597	41557
40598	41557
40599	41554
40600	42026
40601	42028
40602	42045
40603	42045
40604	41784
40605	41784
40606	41784
40607	41782
40608	41783
40609	41783
40610	41782
40611	41783
40612	41783
40613	41783
40614	41783
40615	41783
40616	41783
40617	41784
40618	42043
40619	41989
40620	42043
40621	41695
40622	42028
40623	42025
40624	42025
40625	42025
40626	42025
40627	42020
40628	41526
40629	41524
40630	41526
40631	41526
40632	41526
40633	41526
40634	41526
40635	41526
40636	41526
40637	41526
40638	41526
40639	41524
40640	41524
40641	41524
40642	41524
40643	41524
40644	41526
40645	41526
40646	41526
40647	41526
40648	41524
40649	41524
40650	41557
40651	41783
40652	41554
40653	41557
40654	41695
40655	41689
40656	42028
40657	41695
40658	41695
40659	42118
40660	42118
40661	42028
40662	42028
40663	42039
40664	42039
40665	41667
40666	42043
40667	42118
40668	42118
40669	42045
40670	42045
40671	42045
40672	41785
40673	41784
40674	42045
40675	42045
40676	41679
40677	42045
40678	42028
40679	41695
40680	41695
40681	42028
40682	42028
40683	42025
40684	42028
40685	42028
40686	42028
40687	42043
40688	42043
40689	41695
40690	41695
40691	41695
40692	41695
40693	41989
40694	42045
40695	41679
40696	41989
40697	41989
40698	42026
40699	42026
40700	42026
40701	41782
40702	41782
40703	41689
40704	41689
40705	41689
40706	41783
40707	41783
40708	41783
40709	41783
40710	41554
40711	41554
40712	41554
40713	41554
40714	41554
40715	41554
40716	41554
40717	41557
40718	41557
40719	41554
40720	41554
40721	41783
40722	41554
40723	42123
40724	41782
40725	41782
40726	41689
40727	41689
40728	42123
40729	41782
40730	42045
40731	42024
40732	41679
40733	42045
40734	41554
40735	41557
40736	41557
40737	41689
40738	41689
40739	41782
40740	41782
40741	41689
40742	41689
40743	41689
40744	42025
40745	42025
40746	41785
40747	41784
40748	41554
40749	41554
40750	41783
40751	41542
40752	41554
40753	42026
40754	42025
40755	41689
40756	41782
40757	41783
40758	41783
40759	41557
40760	41557
40761	41554
40762	41783
40763	41783
40764	41547
40765	41557
40766	41547
40767	41557
40768	41557
40769	41547
40770	41547
40771	41547
40772	41547
40773	41557
40774	41547
40775	41547
40776	41547
40777	41547
40778	41557
40779	41547
40780	41547
40781	41554
40782	41542
40783	41554
40784	41783
40785	41689
40786	42025
40787	42020
40788	41989
40789	42043
40790	42043
40791	42043
40792	42045
40793	42085
40794	42043
40795	42043
40796	42043
40797	42043
40798	42045
40799	42024
40800	42039
40801	42043
40802	42025
40803	41695
40804	42025
40805	42025
40806	42025
40807	41782
40808	41689
40809	41547
40810	41547
40811	41547
40812	41547
40813	41525
40814	41559
40815	41547
40816	41783
40817	41554
40818	41783
40819	41783
40820	41782
40821	41783
40822	41783
40823	41783
40824	41695
40825	42028
40826	42020
40827	42020
40828	41689
40829	41547
40830	41559
40831	41547
40832	41557
40833	41559
40834	41547
40835	41547
40836	41557
40837	41547
40838	41559
40839	41547
40840	41557
40841	41554
40842	41554
40843	41785
40844	41783
40845	42045
40846	41784
40847	42045
40848	42045
40849	42045
40850	41557
40851	41554
40852	41783
40853	41783
40854	41782
40855	41783
40856	41547
40857	41554
40858	41783
40859	41783
40860	41783
40861	41542
40862	41559
40863	41547
40864	41564
40865	41542
40866	41785
40867	41554
40868	41542
40869	41679
40870	42043
40871	42043
40872	42039
40873	42039
40874	42039
40875	41695
40876	42118
40877	42039
40878	41557
40879	41557
40880	41526
40881	41526
40882	41525
40883	41526
40884	41564
40885	41547
40886	41547
40887	41559
40888	41559
40889	41559
40890	41559
40891	41525
40892	41525
40893	41525
40894	42045
40895	41785
40896	41784
40897	41785
40898	41785
40899	41785
40900	41784
40901	42045
40902	41695
40903	41695
40904	41557
40905	41554
40906	42051
40907	42123
40908	41547
40909	41559
40910	41559
40911	41525
40912	41525
40913	41526
40914	41525
40915	41524
40916	41526
40917	41526
40918	41525
40919	41525
40920	41525
40921	41559
40922	41524
40923	41526
40924	41559
40925	41559
40926	41547
40927	41526
40928	41525
40929	41525
40930	41524
40931	41526
40932	41547
40933	41526
40934	41525
40935	41525
40936	41525
40937	41526
40938	41526
40939	41559
40940	41559
40941	41526
40942	41525
40943	41525
40944	41525
40945	41526
40946	41526
40947	41559
40948	41557
40949	41547
40950	41526
40951	41525
40952	41559
40953	41525
40954	41526
40955	41526
40956	41559
40957	41557
40958	41526
40959	41525
40960	41559
40961	41559
40962	41526
40963	41526
40964	41547
40965	41525
40966	41525
40967	41559
40968	41526
40969	41525
40970	41525
40971	41525
40972	41559
40973	41526
40974	41525
40975	41547
40976	41785
40977	41525
40978	41525
40979	41525
40980	41695
40981	42024
40982	42020
40983	42020
40984	42028
40985	41689
40986	41695
40987	42118
40988	42039
40989	41989
40990	41679
40991	41784
40992	41783
40993	41782
40994	41783
40995	42026
40996	41526
40997	41526
40998	41526
40999	41525
41000	41525
41001	41525
41002	41525
41003	41525
41004	41526
41005	41526
41006	41526
41007	42024
41008	41989
41009	41989
41010	42043
41011	42043
41012	42043
41013	41695
41014	42027
41015	41695
41016	42028
41017	42025
41018	42025
41019	42020
41020	42025
41021	42025
41022	42025
41023	42020
41024	42028
41025	42025
41026	42043
41027	41695
41028	42025
41029	42043
41030	41989
41031	42020
41032	41689
41033	41557
41034	41557
41035	41557
41036	41557
41037	41557
41038	41557
41039	41557
41040	41557
41041	41557
41042	42028
41043	41782
41044	42026
41045	41783
41046	41554
41047	41784
41048	41785
41049	41785
41050	41785
41051	41783
41052	41783
41053	41689
41054	41782
41055	41782
41056	41782
41057	41782
41058	41782
41059	41782
41060	42045
41061	42043
41062	42043
41063	41695
41064	42028
41065	42025
41066	42025
41067	42025
41068	42020
41069	41547
41070	42043
41071	42020
41072	41557
41073	41554
41074	41554
41075	41783
41076	37812
41077	37238
41078	37238
41079	37730
41080	37575
41081	41168
41082	38455
41083	37730
41084	37238
41085	37730
41086	38449
41087	41203
41088	37851
41089	37858
41090	37853
41091	37865
41092	41203
41093	41315
41094	37775
41095	38460
41096	37397
41097	41204
41098	41317
41099	41194
41100	41312
41101	38455
41102	37575
41103	40213
41104	41370
41105	41370
41106	40213
41107	41370
41108	40213
41109	41370
41110	41360
41111	40215
41112	41362
41113	40215
41114	41362
41115	40215
41116	41362
41117	40215
41118	40220
41119	40215
41120	41362
41121	41198
41122	41277
41123	37575
41124	41121
41125	41204
41126	41194
41127	41211
41128	41211
41129	41362
41130	41362
41131	41216
41132	41362
41133	41362
41134	41211
41135	37637
41136	41205
41137	41194
41138	41198
41139	41312
41140	37637
41141	41211
41142	41362
41143	40215
41144	41211
41145	41372
41146	37637
41147	37637
41148	41372
41149	41211
41150	37812
41151	37811
41152	37575
41153	41277
41154	37647
41155	37647
41156	37730
41157	37575
41158	38101
41159	37575
41160	37812
41161	37812
41162	41203
41163	41204
41164	41222
41165	41203
41166	41203
41167	41203
41168	41187
41169	41187
41170	37717
41171	37730
41172	38455
41173	37396
41174	41198
41175	41198
41176	37730
41177	37321
41178	37575
41179	38455
41180	37397
41181	37775
41182	41198
41183	41198
41184	37730
41185	38455
41186	41204
41187	41317
41188	41317
41189	41317
41190	37398
41191	37398
41192	37853
41193	37851
41194	41088
41195	41193
41196	38460
41197	37397
41198	41096
41199	41196
41200	37812
41201	37812
41202	37853
41203	37853
41204	37851
41205	37851
41206	37853
41207	37730
41208	37730
41209	37637
41210	37730
41211	37238
41212	37238
41213	41216
41214	37730
41215	37730
41216	37238
41217	41203
41218	37812
41219	41090
41220	41090
41221	37853
41222	37853
41223	37730
41224	37730
41225	41211
41226	41211
41227	39973
41228	41360
41229	40215
41230	40219
41231	40216
41232	40215
41233	40215
41234	41362
41235	41362
41236	41362
41237	41362
41238	41372
41239	41372
41240	41370
41241	41360
41242	41362
41243	41211
41244	41211
41245	41211
41246	40215
41247	40220
41248	40215
41249	40215
41250	39973
41251	39973
41252	41362
41253	37637
41254	38449
41255	38449
41256	37637
41257	37637
41258	41362
41259	41362
41260	41362
41261	41362
41262	41211
41263	41211
41264	41372
41265	41077
41266	37730
41267	37730
41268	39973
41269	39973
41270	39973
41271	41360
41272	39973
41273	41372
41274	41372
41275	41360
41276	41315
41277	41315
41278	41168
41279	41282
41280	41198
41281	41315
41282	41315
41283	41194
41284	40220
41285	40215
41286	37637
41287	37637
41288	38101
41289	41362
41290	41279
41291	38449
41292	38273
41293	41277
41294	40215
41295	40215
41296	41362
41297	41362
41298	37637
41299	41362
41300	37730
41301	41279
41302	41121
41303	40215
41304	39973
41305	41362
41306	41362
41307	41362
41308	41211
41309	41362
41310	37730
41311	41312
41312	41315
41313	41312
41314	41198
41315	41195
41316	41315
41317	41192
41318	41317
41319	41088
41320	41090
41321	40215
41322	41362
41323	40220
41324	37637
41325	41138
41326	41198
41327	41316
41328	41194
41329	41204
41330	41317
41331	41090
41332	41204
41333	40213
41334	40213
41335	40213
41336	40213
41337	41370
41338	40213
41339	41360
41340	41370
41341	41211
41342	41362
41343	41362
41344	41362
41345	41211
41346	41211
41347	40213
41348	40213
41349	40213
41350	41370
41351	41362
41352	41370
41353	41370
41354	41370
41355	41370
41356	41362
41357	41362
41358	41362
41359	41216
41360	41216
41361	41216
41362	37238
41363	40213
41364	40213
41365	41370
41366	40213
41367	41362
41368	41362
41369	41370
41370	41211
41371	41362
41372	37238
41373	41216
41374	41370
41375	40213
41376	41362
41377	41370
41378	41211
41379	40220
41380	39974
41381	41360
41382	41370
41383	41370
41384	41370
41385	41370
41386	40213
41387	40219
41388	40213
41389	40213
41390	40213
41391	40213
41392	39973
41393	39973
41394	40219
41395	40219
41396	40219
41397	40366
41398	40366
41399	40366
41400	40458
41401	40366
41402	40458
41403	40366
41404	40458
41405	40366
41406	40458
41407	40366
41408	40457
41409	40630
41410	40449
41411	40630
41412	40366
41413	40630
41414	40366
41415	40631
41416	40449
41417	40457
41418	40288
41419	40447
41420	40447
41421	40101
41422	40213
41423	40965
41424	40969
41425	40965
41426	40110
41427	40213
41428	40107
41429	40314
41430	40314
41431	40314
41432	40314
41433	40314
41434	40213
41435	40213
41436	39955
41437	40284
41438	40447
41439	40447
41440	39958
41441	40110
41442	40447
41443	40447
41444	40213
41445	40447
41446	40458
41447	40314
41448	40107
41449	40213
41450	40219
41451	40070
41452	40219
41453	40213
41454	40219
41455	40219
41456	39973
41457	40070
41458	39973
41459	40219
41460	39973
41461	40213
41462	40213
41463	40213
41464	40213
41465	40201
41466	40213
41467	40213
41468	40213
41469	40213
41470	40213
41471	40213
41472	40107
41473	40213
41474	40213
41475	40213
41476	40213
41477	40213
41478	40213
41479	40284
41480	40213
41481	40219
41482	40969
41483	40965
41484	40969
41485	40366
41486	40631
41487	40631
41488	40630
41489	40458
41490	40447
41491	40314
41492	40458
41493	40458
41494	40457
41495	40458
41496	40458
41497	40101
41498	40447
41499	40447
41500	40447
41501	40447
41502	40213
41503	40213
41504	40213
41505	40447
41506	40213
41507	40458
41508	40366
41509	40457
41510	40314
41511	40458
41512	40314
41513	40458
41514	40458
41515	40447
41516	40447
41517	40284
41518	40366
41519	40366
41520	40631
41521	40366
41522	40449
41523	40449
41524	40447
41525	40314
41526	40447
41527	40447
41528	40447
41529	40110
41530	40284
41531	39955
41532	40256
41533	39955
41534	40110
41535	40256
41536	40070
41537	40447
41538	40447
41539	40314
41540	40449
41541	40366
41542	40366
41543	40631
41544	40314
41545	40314
41546	40458
41547	40457
41548	40457
41549	40458
41550	40366
41551	40366
41552	40314
41553	40447
41554	40366
41555	40366
41556	40366
41557	40366
41558	40366
41559	40458
41560	40314
41561	40314
41562	40366
41563	40457
41564	40366
41565	40314
41566	40458
41567	40447
41568	40447
41569	40110
41570	40110
41571	40110
41572	40110
41573	39955
41574	40213
41575	40213
41576	40219
41577	40457
41578	40366
41579	40458
41580	40447
41581	40284
41582	39955
41583	40110
41584	40213
41585	40630
41586	40969
41587	40630
41588	40969
41589	40969
41590	40630
41591	40364
41592	40458
41593	40458
41594	40457
41595	40314
41596	40447
41597	40447
41598	40101
41599	40965
41600	40965
41601	40965
41602	40965
41603	40366
41604	40630
41605	40314
41606	40458
41607	40458
41608	40366
41609	40288
41610	40314
41611	40447
41612	40965
41613	40966
41614	40966
41615	40631
41616	40969
41617	40458
41618	40458
41619	40366
41620	40447
41621	40447
41622	40364
41623	40630
41624	40966
41625	40965
41626	40314
41627	40366
41628	40447
41629	40966
41630	40965
41631	40966
41632	40213
41633	40201
41634	40201
41635	40366
41636	40631
41637	40631
41638	40366
41639	40366
41640	40457
41641	40457
41642	40457
41643	40366
41644	40966
41645	40966
41646	40965
41647	40630
41648	40630
41649	40631
41650	40969
41651	40965
41652	40965
41653	40969
41654	40630
41655	40545
41656	40545
41657	40545
41658	40545
41659	40545
41660	40545
41661	40545
41662	40545
41663	40796
41664	40545
41665	40796
41666	40545
41667	40665
41668	40799
41669	40872
41670	40872
41671	40545
41672	40545
41673	40545
41674	40796
41675	40796
41676	40545
41677	40966
41678	40960
41679	40960
41680	40966
41681	40960
41682	40966
41683	40960
41684	40960
41685	40966
41686	40966
41687	40965
41688	40965
41689	40965
41690	40965
41691	40960
41692	40867
41693	40964
41694	40964
41695	40966
41696	40964
41697	40966
41698	40964
41699	40899
41700	40964
41701	40901
41702	40867
41703	40799
41704	40899
41705	40545
41706	40872
41707	40545
41708	40799
41709	40960
41710	40545
41711	40872
41712	40872
41713	40867
41714	40867
41715	40798
41716	40799
41717	40867
41718	40901
41719	40901
41720	40867
41721	40801
41722	40796
41723	40964
41724	40899
41725	40798
41726	40964
41727	40899
41728	40798
41729	40960
41730	40960
41731	40801
41732	40872
41733	40545
41734	40545
41735	40867
41736	40796
41737	40901
41738	40899
41739	40799
41740	40899
41741	40867
41742	40867
41743	40545
41744	40796
41745	40798
41746	40798
41747	40545
41748	40798
41749	40799
41750	40796
41751	40545
41752	40897
41753	40897
41754	40897
41755	40901
41756	40899
41757	40897
41758	40901
41759	40897
41760	40897
41761	40897
41762	40867
41763	40899
41764	40897
41765	40897
41766	40545
41767	40545
41768	40872
41769	40545
41770	40545
41771	40796
41772	40545
41773	40545
41774	40545
41775	40545
41776	40796
41777	40796
41778	40796
41779	40966
41780	40965
41781	40969
41782	40969
41783	40630
41784	40969
41785	40630
41786	40969
41787	40631
41788	40966
41789	40966
41790	40966
41791	40966
41792	40965
41793	40965
41794	40966
41795	40966
41796	40965
41797	40630
41798	40969
41799	40630
41800	40798
41801	40798
41802	40798
41803	40798
41804	40796
41805	40799
41806	40545
41807	40545
41808	40545
41809	40545
41810	40545
41811	40545
41812	40545
41813	40545
41814	40796
41815	40798
41816	40799
41817	40796
41818	40796
41819	40796
41820	40796
41821	40796
41822	40796
41823	40545
41824	40545
41825	40545
41826	40872
41827	40545
41828	40872
41829	40545
41830	40545
41831	40545
41832	40545
41833	40872
41834	40872
41835	40545
41836	40545
41837	40545
41838	40545
41839	40872
41840	40545
41841	40545
41842	40545
41843	40545
41844	40545
41845	40796
41846	40796
41847	40796
41848	40799
41849	40799
41850	40796
41851	40545
41852	40545
41853	40545
41854	40796
41855	40796
41856	40796
41857	40796
41858	40545
41859	40545
41860	40545
41861	40545
41862	40545
41863	40545
41864	40545
41865	40545
41866	40545
41867	40796
41868	40796
41869	40796
41870	40796
41871	40796
41872	40545
41873	40545
41874	40545
41875	40545
41876	40545
41877	40545
41878	40545
41879	40545
41880	40545
41881	40796
41882	40796
41883	40799
41884	40799
41885	40796
41886	40899
41887	40899
41888	40867
41889	40867
41890	40899
41891	40899
41892	40796
41893	40799
41894	40796
41895	40545
41896	40897
41897	40899
41898	40899
41899	40899
41900	40899
41901	40897
41902	40897
41903	40867
41904	40899
41905	40899
41906	40901
41907	40897
41908	40867
41909	40867
41910	40901
41911	40897
41912	40545
41913	40545
41914	40796
41915	40799
41916	40796
41917	40798
41918	40798
41919	40897
41920	40901
41921	40798
41922	40798
41923	40545
41924	40799
41925	40960
41926	40966
41927	40960
41928	40964
41929	40964
41930	40964
41931	40960
41932	40799
41933	40796
41934	40796
41935	40901
41936	40798
41937	40799
41938	40545
41939	40796
41940	40872
41941	40872
41942	40872
41943	40872
41944	40872
41945	40545
41946	40545
41947	40545
41948	40545
41949	40799
41950	40796
41951	40901
41952	40798
41953	40799
41954	40798
41955	40799
41956	40799
41957	40799
41958	40799
41959	40897
41960	40798
41961	40799
41962	40545
41963	40801
41964	40901
41965	40872
41966	40545
41967	40545
41968	40796
41969	40545
41970	40796
41971	40796
41972	40796
41973	40545
41974	40798
41975	40799
41976	40872
41977	40872
41978	40872
41979	40872
41980	40897
41981	40901
41982	40799
41983	40899
41984	40899
41985	40899
41986	40897
41987	40867
41988	40964
41989	40964
41990	40960
41991	40960
41992	40966
41993	40966
41994	40960
41995	40966
41996	40964
41997	40960
41998	40966
41999	40966
42000	40964
42001	40964
42002	40899
42003	40867
42004	40964
42005	40872
42006	40872
42007	40867
42008	40964
42009	40867
42010	40899
42011	40899
42012	40867
42013	40965
42014	40965
42015	40867
42016	40964
42017	40867
42018	40899
42019	40867
42020	40966
42021	40966
42022	40965
42023	40960
42024	40966
42025	40966
42026	40965
42027	40960
42028	40966
42029	40964
42030	40867
42031	40964
42032	40964
42033	40964
42034	40867
42035	40899
42036	40867
42037	40867
42038	40964
42039	40960
42040	40964
42041	40966
42042	40966
42043	40960
42044	40966
42045	40965
42046	40867
42047	40867
42048	40960
42049	40960
42050	40966
42051	40965
42052	40545
42053	40798
42054	40799
42055	40796
42056	40872
42057	40872
42058	40801
42059	40545
42060	40901
42061	40798
42062	40867
42063	40964
42064	40899
42065	40867
42066	40960
42067	40960
42068	40960
42069	40966
42070	40897
42071	40899
42072	40899
42073	40897
42074	40901
42075	40867
42076	40867
42077	40964
42078	40960
42079	40960
42080	40960
42081	40897
42082	40899
42083	40897
42084	40964
42085	40867
42086	40960
42087	40960
42088	40960
42089	40867
42090	40899
42091	40964
42092	40960
42093	40960
42094	40872
42095	40899
42096	40897
42097	40899
42098	40897
42099	40964
42100	40545
42101	40545
42102	40872
42103	40872
42104	40872
42105	40872
42106	40872
42107	40545
42108	40897
42109	40897
42110	40897
42111	40897
42112	40901
42113	40899
42114	40897
42115	40867
42116	40964
42117	40960
42118	40960
42119	40960
42120	40965
42121	40966
42122	40969
42123	40969
42124	40969
42125	40969
42126	40965
42127	40966
42128	40966
42129	40966
42130	40966
42131	40966
42132	40966
42133	40545
42134	40545
42135	40796
42136	40545
42137	40545
42138	40545
42139	40545
42140	40545
42141	40872
42142	40872
42143	40872
42144	40545
42145	40545
42146	40545
42147	40545
42148	40796
42149	40545
42150	40545
42151	40545
42152	40899
42153	40899
42154	40901
42155	40901
42156	40901
42157	40798
42158	40798
42159	40901
42160	40798
42161	40798
42162	40901
42163	40897
42164	40798
42165	40901
42166	40798
42167	40901
42168	40799
42169	40901
42170	40798
42171	40867
42172	40899
42173	40867
42174	40897
42175	40897
42176	40897
42177	40897
42178	40899
42179	40545
42180	40545
42181	40872
42182	40545
42183	40796
42184	40796
42185	40796
42186	40545
42187	40545
42188	40799
42189	40799
42190	40799
42191	40899
42192	40899
42193	40867
42194	40867
42195	40867
42196	40867
42197	40899
42198	40899
42199	40867
42200	40867
42201	40799
42202	40545
42203	40545
42204	40545
42205	40799
42206	40796
42207	40897
42208	42469
42209	38455
42210	38455
42211	38455
42212	37394
42213	42343
42214	42404
42215	42404
42216	42245
42217	42448
42218	42447
42219	38455
42220	37396
42221	37775
42222	42398
42223	42448
42224	42448
42225	37717
42226	42261
42227	42404
42228	37738
42229	37820
42230	42277
42231	42277
42232	38455
42233	42451
42234	42452
42235	37820
42236	37835
42237	42399
42238	42438
42239	42447
42240	37396
42241	38455
42242	37738
42243	37397
42244	42404
42245	42261
42246	42404
42247	42399
42248	42455
42249	42455
42250	42469
42251	42348
42252	42212
42253	42455
42254	42463
42255	42463
42256	42390
42257	42231
42258	37835
42259	42277
42260	42450
42261	42257
42262	42449
42263	42242
42264	42480
42265	42421
42266	42390
42267	42455
42268	42455
42269	42390
42270	42455
42271	42212
42272	42455
42273	42212
42274	42410
42275	42390
42276	42455
42277	37835
42278	42394
42279	42455
42280	42455
42281	42463
42282	42469
42283	42469
42284	42469
42285	42455
42286	42455
42287	42455
42288	42394
42289	42394
42290	42455
42291	42455
42292	42448
42293	42398
42294	42403
42295	42404
42296	42403
42297	42216
42298	42447
42299	42404
42300	42403
42301	42448
42302	37396
42303	37396
42304	42449
42305	42449
42306	42261
42307	42261
42308	42404
42309	42404
42310	42448
42311	42403
42312	42450
42313	42363
42314	37835
42315	37835
42316	37820
42317	42314
42318	37826
42319	42404
42320	42404
42321	42261
42322	42404
42323	42404
42324	38455
42325	37396
42326	38455
42327	37394
42328	38455
42329	38455
42330	38455
42331	38455
42332	38455
42333	42211
42334	38455
42335	42344
42336	37717
42337	37717
42338	37835
42339	37396
42340	42404
42341	42448
42342	42398
42343	37775
42344	37738
42345	42216
42346	42245
42347	42404
42348	42408
42349	42245
42350	37738
42351	42245
42352	38455
42353	37394
42354	42211
42355	37394
42356	37397
42357	37397
42358	42451
42359	42257
42360	42231
42361	42231
42362	42277
42363	37835
42364	37835
42365	42455
42366	42455
42367	42390
42368	42455
42369	42455
42370	42348
42371	42455
42372	42455
42373	42464
42374	42455
42375	42455
42376	42464
42377	42455
42378	42414
42379	42216
42380	42390
42381	42215
42382	42212
42383	42463
42384	42463
42385	42464
42386	37742
42387	42211
42388	42211
42389	42390
42390	42414
42391	42390
42392	42390
42393	42390
42394	42348
42395	42348
42396	42399
42397	42257
42398	42451
42399	42451
42400	42451
42401	37737
42402	37397
42403	42399
42404	42399
42405	38460
42406	37397
42407	38455
42408	42343
42409	42343
42410	37738
42411	37742
42412	42242
42413	42245
42414	42343
42415	37775
42416	42421
42417	42421
42418	42212
42419	42464
42420	42263
42421	42263
42422	37742
42423	42212
42424	42455
42425	42455
42426	42390
42427	42421
42428	42414
42429	42245
42430	42404
42431	42448
42432	42398
42433	42398
42434	42438
42435	42363
42436	42438
42437	37835
42438	42277
42439	42277
42440	37261
42441	37835
42442	42455
42443	42421
42444	42244
42445	42261
42446	42404
42447	42261
42448	42257
42449	42231
42450	42277
42451	42277
42452	37835
42453	42463
42454	42463
42455	42348
42456	42455
42457	37394
42458	37742
42459	42463
42460	42463
42461	42463
42462	42469
42463	42211
42464	42211
42465	42394
42466	42394
42467	42469
42468	42463
42469	42463
42470	37394
42471	37394
42472	37396
42473	37717
42474	42455
42475	42394
42476	42353
42477	42343
42478	42405
42479	42261
42480	42404
42481	37775
42482	42344
42483	42724
42484	42456
42485	42456
42486	42724
42487	42290
42488	42724
42489	42290
42490	42673
42491	42290
42492	42673
42493	42676
42494	42676
42495	42673
42496	42676
42497	42674
42498	42676
42499	42674
42500	42676
42501	42674
42502	42676
42503	42677
42504	42677
42505	42676
42506	42677
42507	42676
42508	42677
42509	42683
42510	42651
42511	42651
42512	42647
42513	42647
42514	42651
42515	42683
42516	42677
42517	42677
42518	42647
42519	42647
42520	42647
42521	42676
42522	42676
42523	42290
42524	42290
42525	42456
42526	42394
42527	42394
42528	42394
42529	42456
42530	42290
42531	42456
42532	42673
42533	42674
42534	42676
42535	42290
42536	42455
42537	42455
42538	42394
42539	42394
42540	42456
42541	42456
42542	42394
42543	42455
42544	42394
42545	42290
42546	42394
42547	42394
42548	42469
42549	42683
42550	42683
42551	42683
42552	42651
42553	42651
42554	42456
42555	42456
42556	42724
42557	42290
42558	42456
42559	42456
42560	42394
42561	42394
42562	42455
42563	42455
42564	42455
42565	42394
42566	42394
42567	42455
42568	42394
42569	42394
42570	42394
42571	42724
42572	42290
42573	42394
42574	42394
42575	42456
42576	42394
42577	42456
42578	42456
42579	42290
42580	42456
42581	42394
42582	42394
42583	42677
42584	42647
42585	42534
42586	42534
42587	42534
42588	42651
42589	42652
42590	42670
42591	42674
42592	42674
42593	42676
42594	42670
42595	42670
42596	42724
42597	42724
42598	42290
42599	42456
42600	42456
42601	42456
42602	42394
42603	42394
42604	42394
42605	42394
42606	42394
42607	42394
42608	42455
42609	42724
42610	42670
42611	42674
42612	42724
42613	42724
42614	42724
42615	42670
42616	42673
42617	42534
42618	42534
42619	42534
42620	42647
42621	42647
42622	42534
42623	42534
42624	42534
42625	42676
42626	42647
42627	42670
42628	42674
42629	42676
42630	42290
42631	42724
42632	42456
42633	42290
42634	42394
42635	42394
42636	42394
42637	42455
42638	42455
42639	42647
42640	42647
42641	42290
42642	42456
42643	42394
42644	42455
42645	42647
42646	42676
42647	42670
42648	42670
42649	42290
42650	42724
42651	42677
42652	42647
42653	42647
42654	42677
42655	42677
42656	42677
42657	42647
42658	42677
42659	42677
42660	42677
42661	42647
42662	42647
42663	42670
42664	42676
42665	42647
42666	42647
42667	42724
42668	42724
42669	42674
42670	42290
42671	42290
42672	42290
42673	42456
42674	42456
42675	42290
42676	42724
42677	42647
42678	42670
42679	42670
42680	42647
42681	42677
42682	42651
42683	42677
42684	42677
42685	42651
42686	42677
42687	42651
42688	42724
42689	42724
42690	42670
42691	42674
42692	42290
42693	42290
42694	42647
42695	42677
42696	42651
42697	42651
42698	42651
42699	42651
42700	42670
42701	42674
42702	42670
42703	42676
42704	42670
42705	42456
42706	42290
42707	42724
42708	42676
42709	42673
42710	42456
42711	42290
42712	42683
42713	42683
42714	42683
42715	42651
42716	42651
42717	42651
42718	42683
42719	42456
42720	42456
42721	42290
42722	42456
42723	42456
42724	42394
42725	42394
42726	42651
42727	42394
42728	42456
42729	42456
42730	42647
42731	42676
42732	42676
42733	42647
42734	42676
42735	42647
42736	42676
42737	42647
42738	42651
42739	42651
42740	42651
42741	42651
42742	42651
42743	42677
42744	42647
42745	42647
42746	42676
42747	42670
42748	42670
42749	42670
42750	42670
42751	42673
42752	42290
42753	42290
42754	42290
42755	42683
42756	42683
42757	42651
42758	42677
42759	42651
42760	42652
42761	42651
42762	42651
42763	42683
42764	42677
42765	42677
42766	42677
42767	42516
42768	42652
42769	42651
42770	42683
42771	42683
42772	42683
42773	42682
42774	42516
42775	42738
42776	42651
42777	42683
42778	42652
42779	42516
42780	42682
42781	43199
42782	43164
42783	43199
42784	43164
42785	43164
42786	43164
42787	43164
42788	43164
42789	43164
42790	43164
42791	43164
42792	43164
42793	43164
42794	43164
42795	43164
42796	42783
42797	43164
42798	43164
42799	43164
42800	43164
42801	43164
42802	43199
42803	43199
42804	43164
42805	43164
42806	43190
42807	43191
42808	43191
42809	43194
42810	43191
42811	43195
42812	43153
42813	43191
42814	43198
42815	43191
42816	43191
42817	43190
42818	43199
42819	43195
42820	42780
42821	43191
42822	43199
42823	43194
42824	42927
42825	42683
42826	42726
42827	42682
42828	42682
42829	42682
42830	43164
42831	43164
42832	42783
42833	42783
42834	42783
42835	43164
42836	43164
42837	43195
42838	42717
42839	42726
42840	43190
42841	43191
42842	43190
42843	43164
42844	42783
42845	43166
42846	43198
42847	43198
42848	43191
42849	43199
42850	43203
42851	43203
42852	43203
42853	42726
42854	43190
42855	43198
42856	43160
42857	43200
42858	43160
42859	43199
42860	43190
42861	43198
42862	42859
42863	42927
42864	42772
42865	42772
42866	43194
42867	43166
42868	43164
42869	43199
42870	42726
42871	42726
42872	42726
42873	42717
42874	42928
42875	42927
42876	42927
42877	43194
42878	43194
42879	42927
42880	42726
42881	43162
42882	43162
42883	43162
42884	43162
42885	43162
42886	43162
42887	43162
42888	43162
42889	43203
42890	43162
42891	43162
42892	43203
42893	43203
42894	42772
42895	43194
42896	43195
42897	43366
42898	42783
42899	43164
42900	43164
42901	43164
42902	43164
42903	43164
42904	43164
42905	43164
42906	43152
42907	43191
42908	43152
42909	43199
42910	43162
42911	42683
42912	42683
42913	42651
42914	42652
42915	42652
42916	42677
42917	42652
42918	42677
42919	42652
42920	42677
42921	42651
42922	42651
42923	42683
42924	42683
42925	42683
42926	42683
42927	42683
42928	42683
42929	42683
42930	42651
42931	42651
42932	42652
42933	42677
42934	42875
42935	42780
42936	43191
42937	42875
42938	42875
42939	43162
42940	43199
42941	43152
42942	43152
42943	42875
42944	43152
42945	43190
42946	43191
42947	43162
42948	43199
42949	43162
42950	43199
42951	43152
42952	42875
42953	43153
42954	43162
42955	43162
42956	43162
42957	43164
42958	43164
42959	43162
42960	43162
42961	43162
42962	43162
42963	43162
42964	43164
42965	43164
42966	43162
42967	43162
42968	43198
42969	43162
42970	43203
42971	43162
42972	43164
42973	43164
42974	43162
42975	43203
42976	43203
42977	43164
42978	43164
42979	43162
42980	42859
42981	43164
42982	42859
42983	42859
42984	42783
42985	42783
42986	42859
42987	42859
42988	42783
42989	42783
42990	43164
42991	43164
42992	42783
42993	42783
42994	43164
42995	43164
42996	43164
42997	43164
42998	43164
42999	43164
43000	43164
43001	43164
43002	43164
43003	43164
43004	43164
43005	43164
43006	43164
43007	43164
43008	43164
43009	43164
43010	43164
43011	43164
43012	43164
43013	42783
43014	43164
43015	42780
43016	43190
43017	43190
43018	43191
43019	42780
43020	43164
43021	43164
43022	43164
43023	43164
43024	43164
43025	43164
43026	43164
43027	43164
43028	43164
43029	43164
43030	43164
43031	43190
43032	43190
43033	43191
43034	43195
43035	43195
43036	43195
43037	43195
43038	43195
43039	43194
43040	43195
43041	43195
43042	42780
43043	42772
43044	42772
43045	43194
43046	43194
43047	43195
43048	42772
43049	43194
43050	43194
43051	43190
43052	43194
43053	43162
43054	43162
43055	43162
43056	43162
43057	43164
43058	43164
43059	43164
43060	43164
43061	43198
43062	43198
43063	43198
43064	43199
43065	43198
43066	43198
43067	43162
43068	43162
43069	43194
43070	43190
43071	43199
43072	43152
43073	43198
43074	43198
43075	43198
43076	43160
43077	43203
43078	43198
43079	43198
43080	43198
43081	42859
43082	42859
43083	43166
43084	42859
43085	42783
43086	43166
43087	43166
43088	43166
43089	43203
43090	43164
43091	43200
43092	43166
43093	43265
43094	42772
43095	43194
43096	42783
43097	43164
43098	43164
43099	43164
43100	42783
43101	42783
43102	43166
43103	42928
43104	42927
43105	43194
43106	43194
43107	43190
43108	43190
43109	42783
43110	43166
43111	42726
43112	42726
43113	42726
43114	42683
43115	42682
43116	42738
43117	42682
43118	42927
43119	42928
43120	43198
43121	43198
43122	43198
43123	43164
43124	43162
43125	42682
43126	42682
43127	42682
43128	42516
43129	42516
43130	42682
43131	42682
43132	42928
43133	42726
43134	42772
43135	42927
43136	43194
43137	42772
43138	43162
43139	43162
43140	43164
43141	42772
43142	42780
43143	42516
43144	42683
43145	42682
43146	42726
43147	42928
43148	42927
43149	42516
43150	42683
43151	42726
43152	42928
43153	42717
43154	42682
43155	42682
43156	43194
43157	42928
43158	43152
43159	43199
43160	43152
43161	43152
43162	43190
43163	43152
43164	43152
43165	43198
43166	43198
43167	43203
43168	43203
43169	42859
43170	43160
43171	43160
43172	43160
43173	42859
43174	43166
43175	43160
43176	43200
43177	43160
43178	43203
43179	43198
43180	43199
43181	43199
43182	43191
43183	42683
43184	42682
43185	42683
43186	42516
43187	42683
43188	42651
43189	42683
43190	42682
43191	42726
43192	42682
43193	42682
43194	42683
43195	42682
43196	42928
43197	42928
43198	43194
43199	42927
43200	43199
43201	43152
43202	43152
43203	43190
43204	43198
43205	43198
43206	43203
43207	43160
43208	43203
43209	43203
43210	43203
43211	43203
43212	43160
43213	43203
43214	43203
43215	43199
43216	43198
43217	43194
43218	43190
43219	43191
43220	42928
43221	42682
43222	42726
43223	42927
43224	42928
43225	42927
43226	42928
43227	42928
43228	42726
43229	42682
43230	42682
43231	42682
43232	42717
43233	42927
43234	43190
43235	43194
43236	42726
43237	42682
43238	42682
43239	42726
43240	43152
43241	43198
43242	43203
43243	43199
43244	43152
43245	43194
43246	43191
43247	43191
43248	43152
43249	42859
43250	43190
43251	43153
43252	43199
43253	42927
43254	43153
43255	43195
43256	43191
43257	43164
43258	43164
43259	42783
43260	43164
43261	43203
43262	42683
43263	42683
43264	42683
43265	42683
43266	42726
43267	42682
43268	42726
43269	42683
43270	43199
43271	43152
43272	43152
43273	43153
43274	43199
43275	43153
43276	42780
43277	43152
43278	43152
43279	43152
43280	43199
43281	42780
43282	43195
43283	43190
43284	43164
43285	43164
43286	43164
43287	43164
43288	43164
43289	43164
43290	43164
43291	43162
43292	43164
43293	43164
43294	43164
43295	43164
43296	43164
43297	43164
43298	42783
43299	42783
43300	43164
43301	43164
43302	42859
43303	43164
43304	43164
43305	43164
43306	43164
43307	43164
43308	43164
43309	43164
43310	43164
43311	43164
43312	43164
43313	43162
43314	43162
43315	42651
43316	42516
43317	42516
43318	42652
43319	42652
43320	42652
43321	42651
43322	42651
43323	42652
43324	42516
43325	42651
43326	42683
43327	42683
43328	42516
43329	42516
43330	42516
43331	42516
43332	42928
43333	42928
43334	42928
43335	42927
43336	42927
43337	43194
43338	43194
43339	43190
43340	43190
43341	43194
43342	42927
43343	42928
43344	42927
43345	43198
43346	43198
43347	43162
43348	43162
43349	43162
43350	43162
43351	43198
43352	43162
43353	43160
43354	43162
43355	43164
43356	43203
43357	43203
43358	43160
43359	42772
43360	43195
43361	43195
43362	42780
43363	42780
43364	43195
43365	43164
43366	43164
43367	42783
43368	43164
43369	43164
43370	43164
43371	43164
43372	43199
43373	43199
43374	43152
43375	42780
43376	42780
43377	43191
43378	43191
43379	43198
43380	43199
43381	43198
43382	43199
43383	43199
43384	37839
43385	42448
43386	42448
43387	42315
43388	42450
43389	42398
43390	37840
43391	37817
43392	37843
43393	42450
43394	42436
43395	42317
43396	43484
43397	43387
43398	37922
43399	37844
43400	37842
43401	37839
43402	43487
43403	37758
43404	42312
43405	37364
43406	43387
43407	43387
43408	37364
43409	43387
43410	37364
43411	43483
43412	43387
43413	43513
43414	43483
43415	43512
43416	43513
43417	43513
43418	43483
43419	43483
43420	43387
43421	43387
43422	43387
43423	42316
43424	37843
43425	37226
43426	37364
43427	42435
43428	42317
43429	42315
43430	42449
43431	38195
43432	43513
43433	43512
43434	37760
43435	42440
43436	42448
43437	42398
43438	37924
43439	42448
43440	42436
43441	42398
43442	42316
43443	37844
43444	37817
43445	37376
43446	42260
43447	42317
43448	42435
43449	42435
43450	42435
43451	42436
43452	42312
43453	42436
43454	43387
43455	43387
43456	43487
43457	42316
43458	37760
43459	42315
43460	37817
43461	37840
43462	37839
43463	37839
43464	37842
43465	37843
43466	42315
43467	42315
43468	42448
43469	42448
43470	42449
43471	42398
43472	43484
43473	37754
43474	37924
43475	42448
43476	43484
43477	43484
43478	42317
43479	42438
43480	37817
43481	37817
43482	42449
43483	42450
43484	42363
43485	42315
43486	42316
43487	37376
43488	43512
43489	43512
43490	43512
43491	43387
43492	43387
43493	43387
43494	37755
43495	43387
43496	43387
43497	43387
43498	37226
43499	37226
43500	37226
43501	37760
43502	37226
43503	37364
43504	37759
43505	37364
43506	37760
43507	43487
43508	42435
43509	42435
43510	42317
43511	38305
43512	37927
43513	37926
43514	42438
43515	43513
43516	43387
43517	43483
43518	43512
43519	43513
43520	43483
43521	43387
43522	37364
43523	43387
43524	43387
43525	37755
43526	42435
43527	42312
43528	42437
43529	42437
43530	42317
43531	42316
43532	42315
43533	43513
43534	43387
43535	37755
43536	43387
43537	43387
43538	43387
43539	43512
43540	43483
43541	43513
43542	43484
43543	43484
43544	37926
43545	37364
43546	37817
43547	37842
43548	37843
43549	37817
43550	42315
43551	37842
43552	42316
43553	43512
43554	43512
43555	43513
43556	43512
43557	43483
43558	43483
43559	43512
43560	43512
43561	43513
43562	43512
43563	43513
43564	43512
43565	43387
43566	37754
43567	43513
43568	43545
43569	43512
43570	43512
43571	43513
43572	43483
43573	43513
43574	43484
43575	37758
43576	37758
43577	43513
43578	43387
43579	43387
43580	37755
43581	42317
43582	37226
43583	37755
43584	43387
43585	43387
43586	43483
43587	43513
43588	43513
43589	43513
43590	43387
43591	43387
43592	37755
43593	37376
43594	42436
43595	43667
43596	43609
43597	43667
43598	43669
43599	43671
43600	43669
43601	43671
43602	43670
43603	43662
43604	43662
43605	43698
43606	43671
43607	43697
43608	43671
43609	43697
43610	43662
43611	43698
43612	43662
43613	43670
43614	43638
43615	43580
43616	43643
43617	43638
43618	43407
43619	43781
43620	43775
43621	43580
43622	43512
43623	43512
43624	43512
43625	43493
43626	43512
43627	43638
43628	43643
43629	43407
43630	43781
43631	43493
43632	43407
43633	43407
43634	43407
43635	43545
43636	43545
43637	43592
43638	43512
43639	43512
43640	43408
43641	43387
43642	43387
43643	43513
43644	43512
43645	43795
43646	43634
43647	43795
43648	43669
43649	43670
43650	43795
43651	43795
43652	43781
43653	43638
43654	43671
43655	43670
43656	43638
43657	43638
43658	43643
43659	43638
43660	43670
43661	43697
43662	43773
43663	43773
43664	43493
43665	43781
43666	43670
43667	43697
43668	43773
43669	43773
43670	43407
43671	43493
43672	43670
43673	43697
43674	43638
43675	43773
43676	43407
43677	43407
43678	43662
43679	43662
43680	43662
43681	43667
43682	43662
43683	43671
43684	43592
43685	43407
43686	43407
43687	43667
43688	43667
43689	43667
43690	43662
43691	43667
43692	43662
43693	43493
43694	43512
43695	43643
43696	43781
43697	43545
43698	43407
43699	43407
43700	43512
43701	43407
43702	43580
43703	43643
43704	43662
43705	43671
43706	43671
43707	43580
43708	43638
43709	43634
43710	43686
43711	43669
43712	43633
43713	43512
43714	43512
43715	43580
43716	43580
43717	43580
43718	43512
43719	43512
43720	43775
43721	43795
43722	43795
43723	43698
43724	43667
43725	43669
43726	43662
43727	43671
43728	43671
43729	43667
43730	43667
43731	43667
43732	43671
43733	43643
43734	43638
43735	43795
43736	43698
43737	43407
43738	43493
43739	43667
43740	43666
43741	43667
43742	43662
43743	43512
43744	43512
43745	43512
43746	43580
43747	43512
43748	43545
43749	43512
43750	43643
43751	43671
43752	43669
43753	43667
43754	43667
43755	43412
43756	43580
43757	43493
43758	43781
43759	43671
43760	43670
43761	43670
43762	43671
43763	43671
43764	43671
43765	43669
43766	43667
43767	43667
43768	43666
43769	43609
43770	43609
43771	43609
43772	43666
43773	43499
43774	43408
43775	43408
43776	43387
43777	43513
43778	43431
43779	43545
43780	43512
43781	43512
43782	43512
43783	43512
43784	43512
43785	43500
43786	43483
43787	43512
43788	43512
43789	43512
43790	43545
43791	43545
43792	43407
43793	43545
43794	43512
43795	43512
43796	43545
43797	43592
43798	43407
43799	43666
43800	43667
43801	43667
43802	43666
43803	43666
43804	43666
43805	43667
43806	43667
43807	43667
43808	43667
43809	43706
43810	43666
43811	43706
43812	43666
43813	44268
43814	44268
43815	43868
43816	43868
43817	43868
43818	44185
43819	43868
43820	44185
43821	44185
43822	43885
43823	44185
43824	43885
43825	43871
43826	43879
43827	43879
43828	43998
43829	43879
43830	43871
43831	43868
43832	43868
43833	43868
43834	43666
43835	43666
43836	43666
43837	43667
43838	43666
43839	43666
43840	43704
43841	44268
43842	43800
43843	44185
43844	43908
43845	43871
43846	43879
43847	44006
43848	44006
43849	43868
43850	44160
43851	44268
43852	43606
43853	43868
43854	43836
43855	44268
43856	43998
43857	43998
43858	44332
43859	43998
43860	43885
43861	43868
43862	43885
43863	43868
43864	44185
43865	43606
43866	44305
43867	44305
43868	43704
43869	43704
43870	43704
43871	43704
43872	44268
43873	43885
43874	43836
43875	44305
43876	44268
43877	44268
43878	44305
43879	43800
43880	44268
43881	43800
43882	43885
43883	43868
43884	43836
43885	43606
43886	43606
43887	43606
43888	43606
43889	43704
43890	43800
43891	43704
43892	43606
43893	43836
43894	44305
43895	44305
43896	43836
43897	44268
43898	44268
43899	44305
43900	44268
43901	44268
43902	44268
43903	43800
43904	43704
43905	43800
43906	44185
43907	44268
43908	43998
43909	44332
43910	43879
43911	44185
43912	44305
43913	43836
43914	43704
43915	44305
43916	44305
43917	44305
43918	44305
43919	44305
43920	44305
43921	43885
43922	43885
43923	43885
43924	44185
43925	44185
43926	44185
43927	43868
43928	43868
43929	44093
43930	43998
43931	43879
43932	44185
43933	44185
43934	44185
43935	44185
43936	43868
43937	43800
43938	44268
43939	44268
43940	43606
43941	43606
43942	43666
43943	43800
43944	43667
43945	43667
43946	43666
43947	43667
43948	43667
43949	43667
43950	43667
43951	43667
43952	43666
43953	43667
43954	43667
43955	43667
43956	43666
43957	43667
43958	43666
43959	43666
43960	43666
43961	43666
43962	43666
43963	43666
43964	43868
43965	43998
43966	43871
43967	43871
43968	44160
43969	43868
43970	43868
43971	43868
43972	43868
43973	44185
43974	44185
43975	44185
43976	43885
43977	44185
43978	43868
43979	43868
43980	43885
43981	43836
43982	44305
43983	43885
43984	44185
43985	43885
43986	43885
43987	43885
43988	44268
43989	44268
43990	44268
43991	43800
43992	43800
43993	43800
43994	43800
43995	44268
43996	44268
43997	44268
43998	43800
43999	43704
44000	43800
44001	44268
44002	44268
44003	43800
44004	43800
44005	44268
44006	44268
44007	43885
44008	43885
44009	43836
44010	44305
44011	43998
44012	43998
44013	43998
44014	43998
44015	43998
44016	43998
44017	43998
44018	43998
44019	43868
44020	43879
44021	43998
44022	43998
44023	43868
44024	43868
44025	43868
44026	43868
44027	44185
44028	44185
44029	44185
44030	44185
44031	44185
44032	43868
44033	43868
44034	43885
44035	44185
44036	44093
44037	43998
44038	43879
44039	43868
44040	43868
44041	43868
44042	43868
44043	43879
44044	43879
44045	43868
44046	43868
44047	43868
44048	43868
44049	43868
44050	43868
44051	43836
44052	43836
44053	43836
44054	43836
44055	44305
44056	43836
44057	43885
44058	43885
44059	44305
44060	43885
44061	44185
44062	44185
44063	43885
44064	43885
44065	44305
44066	44305
44067	44185
44068	44185
44069	43868
44070	44185
44071	44185
44072	43868
44073	43868
44074	43868
44075	43868
44076	43868
44077	43868
44078	43871
44079	44185
44080	44185
44081	44185
44082	44268
44083	44268
44084	44268
44085	43836
44086	44305
44087	44305
44088	43800
44089	43800
44090	43800
44091	44268
44092	43800
44093	43800
44094	43704
44095	43704
44096	43800
44097	43800
44098	44268
44099	44268
44100	44268
44101	44268
44102	43836
44103	43836
44104	43800
44105	43800
44106	44268
44107	44185
44108	44185
44109	44305
44110	44305
44111	43868
44112	43868
44113	43868
44114	44185
44115	44185
44116	44268
44117	44268
44118	43836
44119	44268
44120	44305
44121	43836
44122	44332
44123	43998
44124	43900
44125	44006
44126	44332
44127	43998
44128	43900
44129	44160
44130	43998
44131	44006
44132	44006
44133	43868
44134	44093
44135	43871
44136	43998
44137	43868
44138	43998
44139	44006
44140	43998
44141	43998
44142	44185
44143	43868
44144	44160
44145	44305
44146	43885
44147	43885
44148	44185
44149	44185
44150	43761
44151	43667
44152	43761
44153	43761
44154	43704
44155	43606
44156	43666
44157	43761
44158	43704
44159	43704
44160	43704
44161	44268
44162	43800
44163	43704
44164	43704
44165	43704
44166	43800
44167	43606
44168	43606
44169	43666
44170	43606
44171	43704
44172	43704
44173	43885
44174	43885
44175	43836
44176	44305
44177	44185
44178	43606
44179	43704
44180	43606
44181	43606
44182	43606
44183	43606
44184	43704
44185	43606
44186	43666
44187	43606
44188	43800
44189	44268
44190	43836
44191	43836
44192	43836
44193	44268
44194	43704
44195	43606
44196	43704
44197	44305
44198	44268
44199	43836
44200	43885
44201	44305
44202	44305
44203	43704
44204	43800
44205	44268
44206	44268
44207	43800
44208	44268
44209	43885
44210	44305
44211	43885
44212	44160
44213	43868
44214	43885
44215	44305
44216	43800
44217	44268
44218	43606
44219	43800
44220	43606
44221	43704
44222	43704
44223	43704
44224	44268
44225	44268
44226	43836
44227	44185
44228	44268
44229	43800
44230	43704
44231	43868
44232	43868
44233	43998
44234	43868
44235	44185
44236	43868
44237	44185
44238	43868
44239	43868
44240	43885
44241	44305
44242	44305
44243	43667
44244	43666
44245	43666
44246	44268
44247	43836
44248	43800
44249	44006
44250	43998
44251	43998
44252	43998
44253	44093
44254	43868
44255	43868
44256	43800
44257	44268
44258	43606
44259	43606
44260	43704
44261	43704
44262	43667
44263	43666
44264	43667
44265	43667
44266	43667
44267	43667
44268	43667
44269	43666
44270	43666
44271	43666
44272	43666
44273	43666
44274	43666
44275	43868
44276	44185
44277	43879
44278	43868
44279	43998
44280	43998
44281	43998
44282	43879
44283	43998
44284	44093
44285	44185
44286	44185
44287	44185
44288	44185
44289	44185
44290	43868
44291	43868
44292	43868
44293	43868
44294	43800
44295	43800
44296	43606
44297	43704
44298	43666
44299	43706
44300	43666
44301	43606
44302	43666
44303	43666
44304	43761
44305	43666
44306	43666
44307	43666
44308	43606
44309	43606
44310	43606
44311	43606
44312	43704
44313	43606
44314	43606
44315	43606
44316	44185
44317	43885
44318	43885
44319	44305
44320	44305
44321	43885
44322	44305
44323	43885
44324	44305
44325	43885
44326	44305
44327	44305
44328	43836
44329	43836
44330	44268
44331	43836
44332	44268
44333	44268
44334	44268
44335	44268
44336	44268
44337	44268
44338	44268
44339	44268
44340	44268
44341	44268
44342	44268
44343	43836
44344	44268
44345	44305
44346	44185
44347	43879
44348	44006
44349	43871
44350	44185
44351	44185
44352	43885
44353	44305
44354	44268
44355	43704
44356	44305
44357	43836
44358	43836
44359	43836
44360	43836
44361	44305
44362	44305
44363	44305
44364	43885
44365	43885
44366	44185
44367	44185
44368	44185
44369	44185
44370	43879
44371	43998
44372	43879
44373	43868
44374	44185
44375	44185
44376	43800
44377	44268
44378	44268
44379	43666
44380	43606
44381	43704
44382	43800
44383	44268
44384	43704
44385	74
44386	72
44387	74
44388	74
44389	48630
44390	48630
44391	48630
44392	48630
44393	48630
44394	48630
44395	48630
44396	48630
44397	44495
44398	48630
44399	48630
44400	48630
44401	48630
44402	48630
44403	118
44404	129
44405	72
44406	81
44407	81
44408	44387
44409	77
44410	130
44411	48630
44412	44525
44413	44426
44414	45216
44415	44471
44416	44965
44417	44944
44418	45008
44419	44944
44420	45166
44421	45066
44422	45192
44423	45166
44424	44969
44425	44990
44426	44785
44427	44494
44428	44702
44429	44445
44430	44445
44431	44660
44432	44446
44433	44660
44434	44446
44435	44702
44436	44700
44437	44613
44438	44944
44439	44627
44440	44996
44441	44682
44442	44587
44443	44974
44444	44974
44445	44849
44446	44989
44447	44492
44448	44682
44449	44973
44450	44996
44451	44995
44452	44996
44453	44995
44454	44778
44455	44447
44456	44447
44457	44471
44458	44936
44459	44425
44460	44961
44461	44935
44462	44444
44463	44470
44464	44444
44465	44443
44466	44492
44467	44441
44468	44492
44469	44492
44470	44973
44471	44990
44472	44780
44473	45187
44474	44962
44475	44957
44476	44957
44477	44858
44478	44700
44479	44700
44480	44701
44481	44700
44482	44932
44483	45277
44484	44616
44485	44521
44486	44940
44487	44947
44488	44494
44489	45152
44490	45180
44491	44719
44492	44666
44493	44997
44494	44849
44495	44387
44496	126
44497	44575
44498	128
44499	44702
44500	44985
44501	44441
44502	44471
44503	44471
44504	44882
44505	44972
44506	44973
44507	44973
44508	44441
44509	44501
44510	44501
44511	45165
44512	44425
44513	44387
44514	44387
44515	45005
44516	45153
44517	45155
44518	44628
44519	44949
44520	44702
44521	44571
44522	44666
44523	44687
44524	44780
44525	44785
44526	44531
44527	44532
44528	44532
44529	44527
44530	257
44531	229
44532	111
44533	110
44534	72
44535	72
44536	44400
44537	72
44538	48978
44539	48630
44540	48630
44541	48630
44542	48630
44543	255
44544	256
44545	44530
44546	44544
44547	44526
44548	44545
44549	44405
44550	44406
44551	44387
44552	44387
44553	72
44554	111
44555	44403
44556	44892
44557	44831
44558	44409
44559	48779
44560	48651
44561	48911
44562	48767
44563	48629
44564	48632
44565	48630
44566	44556
44567	44556
44568	44727
44569	44528
44570	44556
44571	72
44572	44387
44573	72
44574	72
44575	72
44576	48996
44577	45021
44578	45221
44579	45011
44580	45010
44581	45009
44582	44667
44583	44681
44584	44997
44585	44666
44586	44541
44587	44541
44588	44540
44589	44541
44590	44541
44591	44541
44592	44541
44593	72
44594	72
44595	44541
44596	701
44597	267
44598	218
44599	218
44600	44644
44601	44640
44602	44644
44603	44644
44604	195
44605	44646
44606	216
44607	44647
44608	191
44609	44815
44610	192
44611	44513
44612	44895
44613	44386
44614	44386
44615	44408
44616	44898
44617	44898
44618	44765
44619	44646
44620	44604
44621	44604
44622	44602
44623	44602
44624	44765
44625	44815
44626	44733
44627	44612
44628	44789
44629	44728
44630	44716
44631	44719
44632	44723
44633	44723
44634	44646
44635	45108
44636	45113
44637	44602
44638	44644
44639	44646
44640	44526
44641	44545
44642	44642
44643	44548
44644	194
44645	186
44646	195
44647	189
44648	45107
44649	45106
44650	48907
44651	44649
44652	45091
44653	133
44654	123
44655	44916
44656	44915
44657	44931
44658	598
44659	44389
44660	44541
44661	44392
44662	44855
44663	44401
44664	44401
44665	44910
44666	44910
44667	44910
44668	44906
44669	44906
44670	44910
44671	44910
44672	44888
44673	44540
44674	49000
44675	48488
44676	49000
44677	48976
44678	44398
44679	44910
44680	44888
44681	44540
44682	44540
44683	48963
44684	44887
44685	44542
44686	44542
44687	44666
44688	49362
44689	49010
44690	596
44691	49003
44692	44871
44693	49004
44694	45247
44695	44886
44696	44576
44697	44870
44698	44825
44699	45268
44700	44385
44701	44847
44702	44385
44703	44385
44704	44392
44705	44385
44706	44387
44707	44389
44708	81
44709	44392
44710	44906
44711	44400
44712	44529
44713	44529
44714	44528
44715	44729
44716	44728
44717	44570
44718	44714
44719	44568
44720	44714
44721	44643
44722	44718
44723	44713
44724	44829
44725	44827
44726	44533
44727	44830
44728	44730
44729	44832
44730	44831
44731	203
44732	201
44733	44760
44734	242
44735	45128
44736	44745
44737	45112
44738	44746
44739	45088
44740	45087
44741	44741
44742	44751
44743	44750
44744	45076
44745	45252
44746	45119
44747	45103
44748	44652
44749	45249
44750	45104
44751	107
44752	108
44753	234
44754	237
44755	176
44756	277
44757	108
44758	139
44759	281
44760	281
44761	44600
44762	44602
44763	44600
44764	191
44765	216
44766	227
44767	44600
44768	262
44769	198
44770	199
44771	44771
44772	196
44773	44734
44774	45112
44775	44996
44776	44996
44777	45009
44778	44666
44779	44667
44780	44667
44781	44975
44782	45268
44783	45017
44784	44667
44785	44997
44786	44681
44787	44703
44788	44615
44789	44615
44790	44549
44791	44834
44792	44834
44793	44896
44794	44832
44795	44801
44796	45011
44797	45049
44798	44810
44799	45027
44800	44811
44801	44808
44802	44808
44803	45048
44804	44810
44805	45026
44806	44784
44807	44698
44808	44699
44809	44698
44810	44782
44811	44667
44812	44997
44813	44996
44814	263
44815	228
44816	49172
44817	48779
44818	49363
44819	48978
44820	49000
44821	48912
44822	48977
44823	48651
44824	48915
44825	48912
44826	44401
44827	44403
44828	44403
44829	44831
44830	44891
44831	128
44832	44409
44833	126
44834	126
44835	44405
44836	44387
44837	44387
44838	44387
44839	44387
44840	44387
44841	48480
44842	72
44843	72
44844	72
44845	72
44846	72
44847	74
44848	74
44849	48630
44850	48630
44851	48630
44852	48630
44853	48630
44854	48630
44855	48630
44856	48630
44857	44524
44858	44985
44859	44973
44860	44973
44861	44441
44862	44441
44863	44470
44864	44501
44865	44861
44866	44471
44867	48978
44868	49361
44869	596
44870	48911
44871	48767
44872	48629
44873	48632
44874	44470
44875	44443
44876	44446
44877	44660
44878	44501
44879	44447
44880	44494
44881	44700
44882	44994
44883	44972
44884	44985
44885	44972
44886	48630
44887	48630
44888	48630
44889	48978
44890	129
44891	128
44892	119
44893	81
44894	44387
44895	44387
44896	78
44897	72
44898	72
44899	72
44900	48630
44901	72
44902	48630
44903	48630
44904	48630
44905	48630
44906	48630
44907	48632
44908	48630
44909	48630
44910	48630
44911	48632
44912	48632
44913	594
44914	48765
44915	122
44916	133
44917	107
44918	135
44919	277
44920	49003
44921	48913
44922	48906
44923	44922
44924	45118
44925	44923
44926	49363
44927	49362
44928	49362
44929	49362
44930	124
44931	125
44932	44898
44933	44848
44934	44898
44935	44590
44936	44492
44937	44701
44938	44701
44939	44704
44940	44898
44941	44613
44942	44703
44943	44898
44944	44612
44945	44613
44946	44614
44947	44614
44948	44793
44949	44615
44950	44996
44951	44996
44952	45009
44953	44785
44954	44681
44955	44541
44956	44666
44957	44776
44958	44776
44959	44966
44960	44962
44961	44813
44962	44813
44963	45215
44964	44805
44965	44805
44966	44991
44967	44996
44968	44996
44969	45009
44970	45009
44971	44811
44972	44997
44973	44666
44974	44540
44975	44540
44976	72
44977	44906
44978	44906
44979	44855
44980	44855
44981	45179
44982	45179
44983	44997
44984	44996
44985	44996
44986	44687
44987	44400
44988	44910
44989	44910
44990	44997
44991	44996
44992	45026
44993	44811
44994	44997
44995	44666
44996	44540
44997	44540
44998	44910
44999	45204
45000	44803
45001	44578
45002	45174
45003	44577
45004	45193
45005	45028
45006	45153
45007	45030
45008	45024
45009	44997
45010	44997
45011	44783
45012	45027
45013	44667
45014	44663
45015	44888
45016	44910
45017	44910
45018	44910
45019	45038
45020	45025
45021	45231
45022	44629
45023	44629
45024	45050
45025	45044
45026	44667
45027	44667
45028	45048
45029	45048
45030	45049
45031	45018
45032	44542
45033	44910
45034	44910
45035	44910
45036	44629
45037	45045
45038	45232
45039	44795
45040	45223
45041	45045
45042	44719
45043	45046
45044	45234
45045	45210
45046	45196
45047	44664
45048	44782
45049	44809
45050	44802
45051	44542
45052	44722
45053	44719
45054	44542
45055	44398
45056	44401
45057	44722
45058	45171
45059	44722
45060	44945
45061	45227
45062	45178
45063	44807
45064	44691
45065	44601
45066	44717
45067	44743
45068	45089
45069	44600
45070	44600
45071	44602
45072	44602
45073	45235
45074	44600
45075	45271
45076	45075
45077	45242
45078	44823
45079	44869
45080	48651
45081	48650
45082	48913
45083	48914
45084	45100
45085	45101
45086	44738
45087	45098
45088	45244
45089	45237
45090	49173
45091	45081
45092	45090
45093	44604
45094	48914
45095	44749
45096	44749
45097	44927
45098	44650
45099	48906
45100	45238
45101	45229
45102	45104
45103	45104
45104	45099
45105	49363
45106	45107
45107	49363
45108	45122
45109	45122
45110	44736
45111	44735
45112	45120
45113	45121
45114	45107
45115	44815
45116	44647
45117	44815
45118	44923
45119	45250
45120	45266
45121	45253
45122	45230
45123	44742
45124	44731
45125	44731
45126	198
45127	267
45128	45256
45129	44655
45130	192
45131	218
45132	45008
45133	44577
45134	45066
45135	44629
45136	44519
45137	44602
45138	44580
45139	45206
45140	44722
45141	44763
45142	44763
45143	44602
45144	44600
45145	198
45146	44732
45147	44772
45148	44723
45149	44765
45150	44737
45151	45084
45152	45021
45153	45209
45154	45039
45155	45183
45156	44739
45157	45182
45158	44796
45159	44581
45160	45212
45161	45208
45162	45207
45163	44952
45164	45012
45165	44799
45166	45220
45167	44993
45168	45200
45169	45044
45170	45183
45171	45190
45172	45185
45173	45077
45174	45030
45175	44798
45176	45038
45177	45044
45178	44744
45179	45012
45180	44799
45181	44798
45182	45210
45183	45224
45184	45222
45185	44748
45186	44813
45187	44805
45188	45011
45189	45219
45190	45225
45191	45029
45192	44798
45193	45030
45194	45224
45195	44804
45196	45226
45197	45227
45198	45235
45199	45227
45200	45088
45201	45087
45202	44797
45203	45029
45204	45028
45205	45011
45206	44804
45207	45028
45208	45028
45209	45233
45210	45063
45211	44804
45212	44811
45213	45010
45214	45010
45215	44785
45216	44990
45217	45027
45218	44811
45219	44802
45220	45028
45221	44803
45222	45232
45223	45234
45224	45240
45225	45241
45226	45246
45227	45240
45228	45245
45229	45243
45230	45263
45231	44809
45232	44808
45233	44802
45234	44807
45235	45092
45236	45246
45237	45102
45238	45251
45239	45264
45240	44807
45241	45064
45242	45092
45243	45251
45244	45097
45245	45078
45246	44697
45247	48629
45248	48906
45249	45264
45250	45267
45251	44651
45252	44915
45253	45265
45254	44654
45255	133
45256	44916
45257	48632
45258	48632
45259	44401
45260	49000
45261	48978
45262	48632
45263	124
45264	45114
45265	125
45266	45265
45267	44651
45268	48998
45269	49004
45270	49003
45271	48651
45272	48650
45273	49362
45274	45289
45275	45288
45276	45289
45277	45289
45278	44470
45279	44470
45280	44860
45281	44860
45282	44860
45283	44449
45284	44860
45285	44860
45286	44883
45287	44884
45288	44440
45289	44440
45290	44451
45291	44440
45292	44451
45293	44858
45294	44858
45295	44884
45296	44884
45297	44858
45298	44883
45299	44775
45300	44884
45301	44885
45302	44885
45303	44453
45304	44453
45305	44453
45306	44454
45307	44453
45308	44451
45309	44451
45310	45871
45311	45871
45312	45877
45313	45877
45314	45791
45315	45795
45316	45795
45317	45795
45318	45795
45319	45790
45320	45790
45321	45789
45322	45789
45323	45790
45324	45790
45325	45877
45326	45875
45327	45793
45328	45792
45329	45792
45330	45791
45331	45789
45332	45789
45333	45789
45334	45789
45335	46021
45336	46021
45337	45875
45338	45875
45339	45875
45340	45791
45341	45791
45342	45791
45343	46021
45344	45877
45345	45877
45346	46020
45347	46020
45348	46021
45349	46020
45350	46019
45351	46021
45352	45877
45353	46020
45354	46021
45355	46021
45356	46020
45357	46021
45358	46020
45359	46021
45360	45418
45361	45877
45362	45877
45363	45877
45364	46020
45365	45877
45366	45871
45367	45877
45368	46021
45369	46754
45370	46754
45371	46754
45372	46021
45373	46797
45374	45789
45375	45791
45376	45875
45377	45793
45378	45877
45379	45791
45380	45793
45381	45875
45382	45875
45383	45877
45384	45793
45385	45875
45386	45877
45387	45877
45388	45792
45389	45875
45390	45877
45391	45877
45392	45875
45393	45877
45394	45420
45395	45792
45396	45793
45397	45877
45398	46019
45399	45877
45400	45877
45401	46019
45402	45875
45403	45877
45404	45420
45405	45875
45406	45877
45407	45877
45408	46019
45409	45877
45410	45875
45411	45793
45412	46021
45413	46021
45414	45877
45415	46021
45416	45791
45417	45877
45418	45875
45419	45791
45420	45875
45421	45877
45422	45875
45423	45789
45424	45791
45425	45875
45426	46019
45427	46019
45428	46019
45429	46020
45430	46020
45431	46020
45432	46020
45433	46021
45434	46021
45435	46019
45436	46019
45437	45877
45438	45795
45439	45795
45440	45791
45441	45789
45442	45789
45443	45789
45444	45789
45445	45790
45446	45875
45447	45877
45448	45493
45449	45650
45450	45493
45451	45493
45452	45650
45453	45493
45454	45650
45455	45493
45456	45650
45457	45493
45458	45650
45459	45493
45460	45650
45461	45493
45462	45994
45463	45994
45464	45994
45465	45994
45466	45494
45467	45481
45468	45481
45469	45995
45470	45481
45471	45507
45472	45989
45473	45651
45474	45651
45475	45507
45476	45993
45477	45507
45478	45650
45479	45507
45480	45650
45481	45509
45482	45650
45483	45509
45484	45650
45485	45509
45486	45650
45487	46008
45488	45650
45489	46008
45490	46008
45491	46007
45492	46007
45493	45510
45494	45510
45495	45507
45496	45507
45497	45507
45498	45508
45499	45526
45500	45526
45501	45508
45502	45526
45503	45508
45504	45990
45505	45990
45506	45990
45507	45538
45508	45538
45509	45539
45510	45539
45511	45539
45512	45539
45513	45539
45514	45539
45515	45306
45516	45306
45517	45306
45518	45306
45519	45303
45520	45303
45521	45290
45522	45289
45523	44506
45524	45308
45525	45307
45526	45304
45527	45309
45528	45305
45529	45292
45530	45290
45531	45290
45532	45290
45533	45307
45534	45307
45535	45292
45536	45309
45537	45309
45538	45305
45539	45305
45540	45303
45541	45306
45542	45303
45543	45511
45544	46008
45545	45650
45546	45650
45547	45650
45548	45650
45549	46008
45550	45511
45551	45483
45552	45493
45553	45493
45554	45484
45555	45485
45556	45484
45557	45484
45558	45484
45559	45484
45560	45484
45561	45484
45562	45800
45563	45493
45564	45650
45565	45650
45566	45493
45567	45493
45568	45493
45569	45508
45570	45995
45571	45481
45572	45480
45573	45480
45574	45469
45575	45988
45576	45989
45577	45494
45578	45494
45579	45995
45580	45507
45581	45507
45582	45508
45583	45508
45584	45995
45585	45995
45586	45481
45587	45481
45588	45989
45589	45988
45590	45962
45591	45962
45592	45511
45593	45962
45594	45507
45595	45513
45596	45513
45597	45962
45598	45493
45599	45493
45600	45800
45601	45484
45602	45800
45603	45457
45604	45457
45605	45484
45606	45800
45607	45484
45608	45485
45609	45650
45610	45493
45611	45456
45612	45456
45613	45484
45614	45457
45615	46008
45616	45513
45617	46008
45618	45493
45619	45493
45620	45493
45621	45493
45622	45485
45623	45493
45624	45484
45625	45484
45626	45650
45627	45650
45628	45493
45629	45650
45630	46008
45631	46008
45632	45510
45633	45513
45634	45513
45635	45650
45636	45507
45637	45507
45638	45507
45639	46008
45640	46008
45641	45513
45642	46008
45643	45513
45644	45513
45645	45513
45646	45507
45647	45508
45648	46007
45649	46007
45650	45510
45651	45510
45652	45991
45653	45508
45654	45508
45655	45507
45656	45460
45657	45460
45658	45480
45659	45786
45660	45460
45661	45482
45662	45994
45663	45484
45664	45483
45665	45482
45666	45480
45667	45993
45668	45993
45669	45994
45670	45993
45671	45456
45672	45456
45673	45481
45674	45459
45675	45484
45676	45484
45677	45484
45678	45484
45679	45484
45680	45484
45681	45484
45682	45484
45683	45484
45684	45484
45685	45484
45686	45484
45687	45484
45688	45485
45689	45484
45690	45485
45691	45484
45692	45480
45693	45480
45694	45484
45695	45484
45696	45493
45697	45493
45698	45456
45699	45457
45700	45484
45701	45484
45702	45493
45703	45493
45704	45650
45705	45650
45706	45993
45707	45650
45708	45650
45709	45456
45710	45482
45711	45456
45712	45459
45713	45456
45714	45459
45715	45459
45716	45788
45717	45459
45718	45459
45719	45459
45720	45459
45721	45459
45722	45458
45723	45458
45724	45480
45725	45459
45726	45459
45727	45459
45728	45482
45729	45482
45730	45483
45731	45480
45732	45481
45733	45482
45734	45483
45735	45994
45736	45650
45737	45993
45738	45494
45739	45480
45740	45460
45741	45459
45742	45459
45743	45789
45744	45789
45745	45459
45746	45459
45747	45460
45748	45480
45749	45995
45750	45459
45751	45459
45752	45480
45753	45494
45754	45494
45755	45494
45756	45494
45757	45481
45758	45459
45759	45459
45760	45459
45761	45459
45762	45459
45763	45459
45764	45789
45765	45459
45766	45459
45767	45459
45768	45789
45769	45789
45770	45786
45771	45460
45772	45785
45773	45784
45774	45789
45775	45459
45776	45460
45777	45786
45778	45493
45779	45459
45780	45456
45781	45456
45782	45482
45783	45482
45784	45483
45785	45994
45786	45650
45787	45650
45788	45493
45789	45485
45790	45484
45791	45484
45792	45456
45793	45456
45794	45456
45795	45456
45796	45484
45797	45484
45798	45485
45799	45493
45800	45650
45801	45484
45802	45456
45803	45457
45804	45789
45805	45791
45806	45877
45807	45795
45808	45798
45809	45457
45810	45877
45811	45795
45812	45798
45813	45795
45814	45795
45815	45457
45816	45457
45817	45799
45818	45798
45819	45798
45820	45797
45821	45795
45822	45797
45823	45457
45824	45457
45825	45457
45826	45457
45827	45457
45828	45789
45829	45797
45830	45797
45831	45798
45832	45798
45833	45489
45834	45457
45835	45798
45836	45789
45837	45789
45838	45789
45839	45789
45840	45789
45841	45789
45842	45789
45843	45789
45844	45789
45845	45789
45846	45789
45847	45789
45848	45789
45849	45789
45850	45789
45851	45793
45852	45789
45853	45789
45854	45789
45855	45789
45856	45791
45857	45792
45858	45793
45859	45875
45860	45875
45861	45793
45862	45792
45863	45875
45864	45877
45865	45792
45866	45789
45867	45792
45868	45792
45869	45789
45870	45789
45871	45791
45872	45789
45873	45789
45874	45789
45875	45457
45876	45789
45877	45789
45878	45789
45879	45457
45880	45457
45881	45457
45882	45789
45883	45789
45884	45986
45885	45986
45886	45986
45887	45523
45888	45537
45889	45537
45890	45537
45891	45537
45892	45528
45893	45967
45894	45537
45895	45537
45896	45990
45897	45526
45898	45526
45899	45650
45900	45994
45901	45994
45902	45481
45903	45481
45904	45650
45905	45493
45906	45998
45907	46020
45908	46019
45909	46021
45910	45786
45911	45480
45912	45480
45913	45480
45914	45480
45915	45482
45916	45480
45917	45480
45918	45481
45919	45481
45920	45481
45921	45481
45922	45481
45923	45481
45924	45494
45925	45995
45926	45995
45927	45995
45928	45995
45929	45507
45930	45988
45931	45988
45932	45988
45933	45988
45934	45507
45935	45507
45936	45507
45937	45507
45938	45989
45939	45989
45940	45989
45941	45989
45942	45989
45943	45651
45944	45651
45945	45507
45946	45507
45947	45508
45948	45508
45949	45987
45950	45987
45951	45987
45952	45508
45953	45508
45954	45990
45955	45990
45956	45537
45957	45290
45958	45290
45959	45290
45960	45537
45961	45537
45962	45539
45963	45539
45964	45528
45965	45528
45966	45528
45967	44507
45968	45537
45969	45537
45970	45537
45971	45513
45972	45513
45973	45513
45974	45513
45975	45513
45976	45513
45977	45513
45978	45513
45979	45510
45980	45510
45981	45510
45982	45510
45983	45510
45984	46007
45985	45991
45986	45304
45987	45538
45988	45538
45989	45510
45990	45295
45991	45538
45992	45538
45993	45510
45994	45509
45995	45509
45996	45307
45997	45990
45998	45986
45999	45991
46000	45507
46001	45507
46002	45993
46003	45993
46004	45994
46005	45994
46006	45994
46007	45539
46008	45539
46009	45510
46010	45510
46011	46008
46012	45650
46013	45650
46014	45650
46015	45493
46016	45493
46017	45485
46018	45484
46019	45877
46020	46020
46021	46021
46022	45539
46023	45539
46024	45510
46025	45481
46026	45457
46027	45457
46028	45457
46029	45457
46030	45457
46031	45457
46032	45457
46033	45789
46034	45798
46035	45798
46036	45797
46037	45795
46038	45795
46039	45795
46040	45800
46041	45800
46042	45800
46043	45456
46044	45456
46045	45456
46046	45456
46047	45456
46048	45456
46049	45456
46050	45650
46051	45650
46052	45650
46053	45650
46054	45650
46055	45676
46056	45650
46057	45650
46058	45650
46059	45493
46060	45493
46061	45493
46062	45650
46063	45493
46064	45493
46065	45308
46066	45537
46067	45528
46068	45510
46069	45510
46070	45537
46071	45510
46072	45528
46073	45528
46074	45510
46075	45292
46076	45528
46077	45512
46078	45510
46079	45537
46080	45537
46081	45513
46082	45528
46083	46110
46084	46108
46085	46102
46086	46170
46087	46169
46088	46169
46089	46169
46090	46169
46091	46169
46092	46169
46093	46169
46094	46102
46095	46163
46096	46163
46097	46102
46098	46626
46099	46103
46100	46106
46101	46103
46102	46161
46103	46161
46104	46161
46105	46161
46106	46161
46107	46161
46108	46188
46109	46161
46110	46188
46111	46160
46112	46185
46113	46185
46114	46185
46115	46185
46116	46185
46117	46185
46118	46157
46119	47176
46120	46157
46121	46185
46122	46161
46123	46185
46124	46161
46125	46161
46126	46161
46127	46161
46128	46161
46129	46161
46130	46163
46131	46163
46132	46163
46133	46163
46134	46163
46135	46163
46136	46189
46137	46665
46138	46189
46139	46665
46140	46189
46141	46665
46142	46189
46143	46665
46144	46169
46145	46664
46146	46169
46147	46169
46148	46664
46149	46163
46150	46163
46151	46163
46152	46163
46153	46163
46154	46163
46155	46161
46156	46161
46157	46673
46158	46673
46159	46673
46160	46675
46161	46675
46162	46675
46163	46675
46164	46676
46165	46677
46166	46163
46167	46664
46168	46381
46169	46381
46170	46381
46171	46381
46172	46381
46173	46163
46174	46163
46175	46676
46176	46675
46177	46675
46178	46673
46179	46673
46180	46675
46181	46676
46182	46676
46183	46381
46184	46384
46185	46384
46186	46675
46187	46675
46188	46384
46189	46381
46190	46673
46191	46675
46192	46676
46193	46108
46194	46110
46195	46110
46196	46102
46197	46102
46198	46161
46199	46108
46200	46103
46201	46201
46202	46626
46203	46107
46204	46102
46205	46102
46206	46117
46207	46108
46208	46108
46209	46108
46210	46108
46211	46117
46212	46792
46213	46102
46214	46102
46215	46102
46216	46108
46217	46108
46218	46110
46219	46384
46220	46379
46221	46379
46222	46676
46223	46019
46224	46019
46225	46019
46226	45871
46227	45871
46228	45418
46229	45331
46230	45877
46231	45877
46232	45331
46233	46236
46234	46235
46235	46767
46236	46236
46237	46278
46238	46780
46239	46779
46240	46779
46241	46236
46242	46780
46243	46779
46244	46245
46245	46245
46246	46780
46247	46779
46248	46780
46249	46781
46250	46291
46251	46291
46252	46781
46253	46782
46254	46245
46255	46780
46256	46779
46257	46767
46258	46779
46259	46781
46260	46779
46261	46781
46262	46779
46263	46781
46264	46779
46265	46779
46266	46783
46267	46268
46268	46268
46269	46784
46270	46785
46271	46783
46272	46783
46273	46782
46274	46268
46275	46278
46276	46268
46277	46278
46278	46278
46279	46278
46280	46784
46281	46779
46282	46779
46283	46779
46284	46777
46285	46781
46286	46235
46287	46755
46288	46278
46289	46785
46290	46291
46291	46291
46292	46783
46293	46785
46294	46783
46295	46784
46296	46785
46297	46784
46298	46785
46299	46778
46300	46520
46301	46784
46302	46783
46303	46783
46304	46312
46305	46787
46306	46788
46307	46788
46308	46386
46309	46386
46310	46347
46311	46347
46312	46348
46313	46348
46314	46788
46315	46353
46316	46785
46317	46347
46318	46787
46319	46788
46320	46786
46321	46782
46322	46702
46323	46785
46324	46785
46325	46786
46326	46786
46327	46333
46328	46312
46329	46327
46330	46327
46331	46703
46332	46785
46333	46786
46334	46312
46335	46334
46336	46783
46337	46785
46338	46786
46339	46312
46340	46334
46341	46783
46342	46785
46343	46786
46344	46312
46345	46788
46346	46786
46347	46785
46348	46348
46349	46348
46350	46785
46351	46347
46352	46348
46353	46348
46354	46785
46355	46347
46356	46348
46357	46349
46358	46784
46359	46347
46360	46348
46361	46349
46362	46784
46363	46786
46364	46348
46365	46349
46366	46784
46367	46786
46368	46348
46369	46357
46370	46780
46371	46781
46372	46784
46373	46786
46374	46312
46375	46357
46376	46788
46377	46384
46378	46384
46379	46329
46380	46329
46381	46335
46382	46335
46383	46386
46384	46788
46385	46788
46386	46384
46387	46384
46388	46386
46389	46386
46390	46386
46391	46756
46392	46756
46393	46777
46394	46777
46395	46779
46396	46779
46397	46020
46398	46020
46399	46020
46400	46020
46401	46020
46402	46020
46403	46021
46404	46020
46405	46021
46406	46021
46407	46021
46408	46021
46409	46020
46410	46021
46411	46021
46412	46754
46413	46754
46414	46020
46415	46020
46416	46021
46417	46021
46418	46754
46419	46021
46420	46021
46421	46020
46422	46020
46423	46754
46424	46021
46425	46021
46426	46020
46427	46021
46428	46020
46429	46021
46430	46021
46431	46754
46432	46754
46433	46021
46434	46754
46435	46755
46436	46755
46437	46291
46438	46755
46439	46755
46440	46777
46441	46755
46442	46777
46443	46755
46444	46756
46445	46755
46446	46755
46447	46754
46448	46755
46449	46756
46450	46755
46451	46776
46452	46756
46453	46442
46454	46778
46455	46779
46456	46755
46457	46756
46458	46776
46459	46778
46460	46779
46461	46755
46462	46756
46463	46776
46464	46778
46465	46779
46466	46755
46467	46776
46468	46778
46469	46779
46470	46755
46471	46756
46472	46020
46473	46020
46474	45420
46475	45877
46476	46019
46477	46019
46478	46019
46479	46019
46480	46021
46481	46020
46482	46020
46483	45804
46484	45331
46485	45331
46486	46020
46487	46019
46488	46019
46489	46019
46490	46020
46491	46020
46492	46020
46493	46021
46494	46021
46495	46020
46496	46020
46497	46021
46498	46021
46499	46021
46500	46754
46501	46754
46502	46021
46503	46021
46504	46754
46505	46754
46506	46754
46507	46755
46508	46019
46509	46020
46510	46019
46511	46019
46512	45420
46513	46019
46514	46019
46515	46021
46516	46020
46517	46021
46518	46291
46519	46755
46520	46291
46521	46755
46522	46755
46523	46755
46524	46777
46525	46779
46526	46779
46527	46754
46528	46754
46529	46756
46530	46756
46531	46756
46532	46754
46533	46754
46534	46756
46535	46778
46536	46778
46537	46537
46538	46778
46539	46754
46540	46754
46541	46754
46542	46756
46543	46756
46544	46778
46545	46756
46546	46778
46547	46754
46548	46778
46549	46778
46550	46019
46551	45418
46552	45877
46553	45877
46554	45331
46555	45456
46556	45456
46557	45868
46558	45457
46559	45457
46560	45456
46561	45456
46562	45459
46563	45459
46564	45456
46565	45456
46566	45456
46567	45456
46568	45456
46569	45456
46570	45789
46571	45877
46572	45877
46573	45789
46574	45789
46575	45789
46576	45793
46577	45793
46578	45877
46579	45877
46580	45793
46581	45789
46582	45789
46583	45457
46584	45789
46585	45793
46586	45877
46587	45791
46588	45789
46589	45457
46590	45877
46591	45877
46592	45795
46593	45795
46594	45795
46595	45789
46596	45789
46597	45789
46598	45457
46599	45457
46600	45456
46601	45457
46602	45877
46603	45877
46604	45793
46605	45791
46606	45875
46607	45875
46608	45875
46609	45791
46610	45877
46611	45875
46612	45877
46613	46357
46614	46386
46615	46676
46616	46163
46617	46677
46618	46163
46619	46102
46620	46103
46621	46103
46622	46626
46623	46626
46624	46626
46625	46107
46626	46108
46627	46677
46628	46108
46629	46108
46630	46108
46631	46107
46632	46107
46633	46107
46634	46107
46635	46109
46636	46109
46637	46109
46638	46109
46639	46109
46640	46109
46641	46108
46642	46108
46643	46107
46644	46163
46645	46163
46646	46677
46647	46676
46648	46386
46649	46357
46650	46348
46651	46786
46652	46784
46653	46780
46654	46779
46655	46777
46656	46755
46657	46754
46658	46386
46659	46386
46660	46386
46661	46679
46662	46679
46663	46335
46664	46335
46665	46335
46666	46335
46667	46676
46668	46386
46669	46386
46670	46384
46671	46384
46672	46384
46673	46384
46674	46384
46675	46384
46676	46386
46677	46675
46678	46386
46679	46386
46680	46349
46681	46348
46682	46347
46683	46784
46684	46781
46685	46783
46686	46783
46687	46783
46688	46783
46689	46783
46690	46783
46691	46784
46692	46784
46693	46784
46694	46784
46695	46784
46696	46784
46697	46780
46698	46779
46699	46779
46700	46780
46701	46460
46702	46465
46703	46780
46704	46780
46705	46780
46706	46781
46707	46778
46708	46778
46709	46778
46710	46778
46711	46778
46712	46778
46713	46778
46714	46778
46715	46778
46716	46779
46717	46779
46718	46779
46719	46778
46720	46778
46721	46778
46722	46778
46723	46756
46724	45437
46725	46776
46726	46776
46727	46777
46728	46777
46729	46777
46730	46777
46731	46777
46732	46777
46733	46777
46734	46777
46735	46756
46736	46754
46737	46755
46738	46755
46739	46755
46740	46777
46741	46756
46742	46755
46743	46754
46744	46021
46745	46754
46746	46755
46747	46756
46748	46777
46749	46778
46750	46779
46751	46781
46752	46779
46753	46780
46754	46754
46755	46755
46756	46756
46757	46767
46758	46236
46759	46245
46760	46537
46761	46291
46762	46756
46763	46522
46764	46754
46765	46780
46766	46780
46767	46780
46768	46781
46769	46235
46770	46278
46771	46278
46772	46751
46773	46782
46774	46782
46775	46780
46776	46756
46777	46291
46778	46778
46779	46245
46780	46236
46781	46772
46782	46235
46783	46278
46784	46268
46785	46784
46786	46785
46787	46348
46788	46348
46789	46788
46790	46384
46791	46384
46792	46673
46793	46185
46794	46157
46795	46117
46796	46109
46797	46755
46798	46754
46799	46755
46800	46756
46801	46777
46802	46755
46803	46754
46804	46778
46805	46106
46806	46103
46807	46103
46808	46102
46809	46102
46810	46163
46811	46102
46812	46161
46813	46161
46814	46626
46815	46626
46816	46675
46817	46676
46818	46161
46819	46786
46820	46787
46821	46785
46822	46784
46823	46788
46824	46386
46825	46386
46826	46163
46827	46676
46828	46386
46829	46676
46830	46673
46831	46673
46832	46384
46833	46788
46834	46348
46835	46347
46836	46384
46837	46107
46838	46109
46839	46084
46840	46109
46841	46103
46842	46103
46843	46141
46844	46141
46845	46143
46846	46103
46847	46103
46848	46631
46849	46626
46850	46107
46851	46107
46852	46143
46853	46089
46854	46140
46855	47174
46856	46875
46857	46142
46858	46143
46859	46142
46860	46875
46861	47173
46862	46089
46863	46143
46864	46089
46865	46089
46866	46089
46867	46631
46868	46631
46869	46216
46870	46103
46871	46103
46872	46805
46873	46805
46874	46875
46875	46089
46876	46875
46877	46875
46878	46212
46879	46875
46880	46084
46881	46633
46882	46633
46883	46084
46884	46632
46885	46631
46886	46850
46887	46631
46888	46642
46889	46850
46890	46805
46891	46140
46892	46875
46893	47174
46894	46893
46895	46140
46896	46805
46897	46216
46898	46805
46899	46805
46900	46805
46901	46642
46902	46103
46903	46633
46904	46084
46905	46084
46906	46633
46907	46632
46908	46632
46909	46631
46910	46850
46911	46626
46912	46633
46913	46084
46914	46946
46915	46947
46916	46947
46917	46917
46918	46975
46919	46926
46920	46948
46921	46924
46922	46924
46923	47116
46924	47035
46925	46926
46926	46948
46927	47137
46928	46929
46929	47137
46930	47137
46931	46923
46932	46923
46933	47117
46934	47117
46935	46928
46936	47220
46937	46923
46938	47117
46939	46962
46940	46938
46941	46937
46942	46918
46943	46928
46944	46929
46945	46929
46946	46946
46947	46947
46948	46947
46949	47220
46950	47217
46951	47218
46952	47220
46953	47217
46954	47219
46955	46958
46956	46956
46957	46957
46958	46958
46959	46959
46960	46962
46961	46961
46962	46962
46963	46961
46964	46961
46965	47238
46966	46928
46967	46967
46968	46938
46969	46923
46970	47219
46971	46928
46972	47120
46973	46997
46974	47043
46975	46878
46976	46928
46977	46928
46978	46978
46979	46984
46980	46985
46981	46980
46982	46982
46983	46981
46984	46892
46985	47013
46986	46892
46987	47013
46988	46988
46989	46989
46990	46990
46991	46991
46992	46992
46993	46993
46994	46994
46995	46995
46996	46996
46997	46997
46998	47188
46999	47188
47000	47006
47001	47188
47002	47002
47003	47003
47004	47004
47005	47005
47006	47006
47007	47007
47008	47115
47009	47010
47010	47036
47011	47114
47012	47114
47013	47013
47014	47036
47015	46989
47016	47188
47017	47017
47018	46984
47019	46979
47020	47018
47021	47186
47022	47187
47023	47188
47024	47010
47025	47008
47026	47024
47027	47011
47028	47025
47029	47029
47030	46876
47031	46876
47032	46876
47033	47033
47034	47033
47035	46948
47036	47033
47037	47032
47038	47092
47039	47092
47040	47094
47041	47094
47042	47042
47043	47043
47044	46988
47045	47069
47046	47198
47047	47198
47048	47094
47049	47198
47050	47092
47051	47111
47052	47092
47053	47092
47054	47094
47055	47198
47056	46988
47057	46993
47058	47043
47059	47042
47060	46928
47061	46929
47062	47135
47063	47198
47064	47188
47065	47188
47066	47198
47067	47198
47068	47188
47069	47188
47070	47092
47071	47092
47072	47111
47073	47111
47074	47111
47075	47111
47076	46815
47077	46815
47078	46874
47079	46876
47080	46876
47081	47037
47082	46887
47083	46886
47084	46886
47085	46887
47086	47188
47087	46867
47088	46851
47089	46837
47090	46837
47091	46867
47092	46867
47093	46867
47094	47188
47095	47188
47096	47188
47097	47186
47098	47188
47099	47186
47100	47188
47101	47051
47102	47188
47103	47188
47104	47188
47105	47111
47106	47111
47107	47111
47108	46886
47109	46887
47110	46837
47111	46851
47112	46849
47113	47037
47114	47034
47115	47036
47116	47035
47117	47116
47118	46929
47119	47135
47120	47135
47121	47135
47122	46929
47123	46929
47124	46929
47125	47030
47126	47135
47127	47135
47128	47188
47129	47188
47130	47188
47131	47030
47132	47030
47133	47080
47134	47030
47135	47080
47136	47080
47137	47137
47138	47186
47139	46867
47140	46886
47141	47111
47142	47101
47143	47111
47144	47111
47145	47111
47146	47188
47147	47188
47148	47188
47149	47188
47150	47188
47151	47188
47152	47200
47153	46887
47154	46887
47155	46837
47156	46837
47157	46837
47158	47188
47159	47188
47160	46867
47161	47111
47162	47111
47163	47030
47164	46109
47165	46109
47166	46109
47167	46103
47168	46626
47169	46109
47170	46102
47171	46143
47172	46143
47173	46143
47174	46143
47175	46084
47176	46084
47177	46633
47178	46887
47179	46837
47180	46837
47181	46837
47182	46887
47183	46887
47184	47188
47185	46626
47186	46631
47187	46631
47188	46850
47189	46631
47190	46850
47191	47092
47192	47094
47193	47094
47194	47198
47195	47188
47196	47188
47197	47188
47198	46867
47199	47188
47200	46867
47201	47188
47202	47188
47203	47188
47204	47188
47205	46867
47206	46915
47207	46916
47208	47211
47209	46916
47210	47214
47211	46916
47212	46917
47213	46917
47214	46917
47215	46918
47216	46919
47217	47221
47218	47925
47219	46914
47220	46914
47221	46915
47222	46915
47223	46925
47224	47383
47225	48161
47226	47217
47227	47217
47228	48191
47229	47229
47230	48195
47231	47980
47232	47980
47233	46957
47234	47237
47235	47241
47236	46931
47237	47240
47238	47241
47239	46921
47240	46921
47241	46921
47242	47323
47243	47323
47244	47323
47245	47326
47246	48178
47247	47209
47248	47928
47249	47326
47250	47326
47251	47326
47252	47326
47253	47307
47254	47328
47255	47270
47256	47307
47257	47311
47258	47311
47259	48409
47260	47261
47261	47206
47262	48169
47263	48168
47264	47222
47265	47321
47266	47251
47267	47252
47268	47249
47269	47251
47270	47326
47271	47248
47272	48471
47273	48471
47274	47330
47275	47328
47276	47293
47277	47295
47278	47323
47279	47347
47280	47347
47281	47323
47282	47307
47283	47307
47284	47306
47285	47306
47286	47312
47287	47307
47288	47308
47289	47308
47290	48473
47291	47307
47292	47303
47293	47301
47294	47303
47295	47301
47296	47302
47297	47303
47298	47302
47299	47325
47300	47302
47301	48399
47302	47248
47303	47248
47304	48397
47305	47326
47306	47326
47307	47301
47308	47248
47309	48085
47310	47321
47311	47247
47312	47343
47313	47343
47314	48473
47315	48472
47316	47311
47317	48471
47318	47321
47319	47207
47320	48169
47321	47207
47322	48172
47323	48084
47324	47248
47325	48084
47326	47754
47327	47307
47328	47325
47329	47271
47330	47326
47331	47305
47332	47271
47333	47305
47334	47325
47335	47270
47336	47270
47337	47324
47338	47323
47339	47323
47340	47271
47341	47270
47342	47323
47343	48178
47344	47326
47345	47323
47346	47323
47347	47326
47348	47347
47349	47347
47350	47271
47351	47326
47352	47326
47353	47307
47354	47307
47355	47307
47356	47306
47357	47270
47358	47323
47359	47326
47360	47311
47361	48167
47362	47926
47363	47308
47364	47307
47365	47307
47366	47302
47367	47302
47368	47368
47369	47303
47370	47303
47371	47307
47372	47306
47373	47306
47374	48126
47375	48126
47376	47261
47377	47323
47378	47347
47379	47347
47380	47261
47381	48409
47382	47221
47383	47221
47384	48048
47385	48048
47386	47523
47387	48057
47388	48057
47389	47768
47390	47768
47391	47429
47392	48464
47393	48464
47394	47431
47395	47433
47396	48453
47397	48464
47398	48464
47399	47433
47400	48464
47401	48453
47402	48453
47403	47433
47404	47433
47405	47433
47406	47433
47407	47431
47408	47433
47409	47433
47410	48453
47411	48453
47412	48453
47413	48453
47414	48453
47415	48453
47416	48453
47417	48453
47418	48453
47419	47510
47420	48383
47421	48463
47422	48463
47423	47510
47424	48383
47425	48383
47426	47510
47427	48382
47428	47499
47429	48382
47430	47499
47431	48382
47432	47498
47433	48392
47434	47498
47435	48392
47436	48367
47437	47386
47438	47520
47439	47931
47440	47932
47441	47523
47442	47431
47443	48464
47444	47444
47445	47426
47446	47509
47447	47427
47448	47427
47449	47426
47450	47426
47451	47427
47452	47427
47453	48463
47454	48464
47455	47932
47456	47542
47457	48453
47458	47498
47459	47517
47460	48453
47461	48382
47462	47510
47463	48382
47464	48453
47465	47515
47466	47510
47467	48382
47468	47510
47469	47576
47470	48383
47471	47576
47472	47575
47473	47432
47474	47432
47475	48464
47476	47427
47477	47432
47478	47426
47479	47432
47480	48453
47481	47517
47482	47491
47483	48057
47484	47515
47485	47575
47486	47491
47487	48369
47488	48392
47489	47575
47490	48369
47491	48367
47492	47517
47493	47517
47494	47517
47495	48453
47496	48453
47497	48464
47498	47574
47499	47574
47500	47767
47501	47767
47502	47573
47503	47573
47504	47427
47505	47427
47506	48464
47507	48463
47508	47427
47509	48464
47510	47575
47511	47575
47512	47575
47513	47575
47514	48373
47515	47574
47516	47514
47517	47514
47518	47542
47519	48336
47520	48185
47521	47542
47522	47542
47523	47932
47524	47519
47525	47519
47526	48369
47527	48392
47528	47767
47529	47767
47530	47875
47531	48081
47532	48082
47533	47573
47534	47564
47535	47767
47536	48057
47537	48369
47538	47768
47539	48411
47540	47213
47541	47213
47542	47932
47543	48011
47544	48011
47545	47560
47546	47560
47547	47544
47548	47544
47549	47575
47550	47560
47551	47679
47552	48222
47553	47792
47554	47793
47555	47793
47556	47793
47557	47574
47558	47519
47559	47574
47560	47793
47561	47575
47562	47575
47563	47570
47564	47575
47565	47573
47566	47575
47567	48337
47568	48186
47569	47903
47570	48039
47571	47903
47572	47575
47573	47575
47574	47519
47575	47574
47576	47574
47577	48229
47578	48255
47579	47816
47580	47816
47581	47816
47582	47816
47583	47789
47584	47788
47585	47788
47586	48443
47587	48255
47588	48255
47589	47816
47590	48255
47591	48255
47592	47816
47593	48255
47594	48360
47595	48359
47596	48360
47597	48359
47598	48359
47599	48359
47600	48359
47601	48359
47602	48359
47603	48359
47604	48359
47605	48358
47606	47841
47607	48358
47608	47841
47609	47816
47610	47841
47611	47644
47612	47641
47613	47641
47614	47641
47615	47644
47616	48310
47617	48308
47618	47914
47619	47920
47620	48310
47621	48305
47622	48305
47623	47637
47624	47998
47625	47636
47626	48297
47627	47636
47628	47885
47629	47885
47630	48253
47631	48253
47632	48207
47633	48305
47634	47907
47635	47642
47636	47885
47637	48273
47638	48273
47639	47885
47640	47907
47641	47907
47642	47907
47643	47907
47644	47907
47645	47797
47646	48189
47647	47652
47648	48189
47649	47223
47650	48198
47651	47649
47652	47649
47653	48196
47654	47660
47655	47660
47656	48198
47657	47239
47658	47650
47659	48198
47660	47239
47661	48198
47662	47651
47663	47679
47664	48222
47665	47663
47666	47792
47667	47793
47668	47793
47669	47679
47670	47659
47671	47681
47672	48234
47673	48233
47674	47682
47675	47672
47676	48204
47677	47652
47678	48189
47679	47659
47680	47650
47681	47659
47682	47659
47683	48234
47684	48205
47685	47840
47686	48011
47687	48205
47688	47722
47689	47688
47690	47722
47691	47688
47692	47715
47693	48219
47694	47715
47695	47726
47696	48229
47697	47702
47698	47702
47699	47699
47700	48081
47701	47852
47702	47767
47703	47767
47704	47376
47705	47380
47706	47347
47707	47245
47708	47245
47709	47347
47710	47869
47711	47869
47712	47245
47713	47752
47714	48236
47715	47840
47716	47840
47717	48219
47718	48218
47719	48218
47720	48193
47721	47655
47722	48235
47723	48089
47724	48081
47725	48236
47726	47840
47727	48273
47728	47885
47729	48253
47730	48253
47731	47637
47732	48305
47733	47637
47734	48207
47735	48207
47736	47736
47737	48199
47738	48219
47739	47736
47740	47736
47741	47713
47742	47713
47743	47870
47744	47870
47745	47380
47746	47764
47747	48412
47748	48421
47749	48432
47750	47969
47751	47323
47752	47326
47753	48084
47754	47210
47755	48176
47756	48179
47757	47211
47758	47754
47759	48406
47760	48412
47761	47536
47762	47539
47763	48412
47764	48413
47765	47530
47766	47768
47767	47768
47768	47877
47769	48446
47770	48446
47771	47844
47772	47789
47773	47845
47774	47845
47775	47581
47776	47582
47777	47582
47778	47582
47779	47582
47780	48258
47781	47582
47782	47813
47783	47813
47784	47793
47785	48359
47786	48360
47787	47793
47788	47665
47789	47560
47790	48222
47791	47652
47792	48222
47793	47792
47794	47793
47795	47792
47796	47666
47797	47795
47798	47797
47799	48197
47800	47707
47801	47870
47802	48126
47803	47582
47804	47845
47805	47844
47806	48444
47807	47813
47808	47813
47809	48258
47810	46942
47811	47813
47812	48238
47813	47796
47814	47798
47815	48218
47816	48011
47817	47665
47818	47796
47819	48275
47820	47909
47821	48277
47822	47814
47823	47913
47824	47618
47825	48308
47826	48308
47827	48308
47828	47986
47829	47814
47830	47814
47831	47813
47832	48274
47833	47981
47834	48255
47835	47982
47836	48010
47837	48218
47838	48011
47839	47666
47840	47666
47841	47560
47842	47560
47843	48219
47844	47840
47845	48218
47846	47560
47847	47560
47848	47543
47849	47544
47850	47560
47851	47575
47852	47767
47853	47767
47854	47752
47855	48103
47856	47347
47857	47967
47858	48411
47859	48067
47860	47536
47861	47952
47862	47954
47863	48089
47864	48089
47865	47767
47866	48050
47867	48102
47868	47869
47869	47347
47870	47323
47871	47703
47872	47716
47873	48048
47874	48048
47875	48175
47876	48048
47877	47523
47878	48290
47879	48305
47880	48305
47881	48305
47882	47681
47883	47681
47884	48253
47885	47883
47886	47639
47887	47638
47888	47639
47889	47639
47890	48347
47891	48347
47892	47514
47893	47571
47894	47551
47895	48360
47896	47793
47897	47788
47898	47652
47899	47678
47900	47934
47901	48039
47902	48189
47903	47649
47904	48189
47905	47649
47906	47681
47907	48210
47908	47669
47909	47644
47910	47645
47911	47644
47912	47911
47913	47920
47914	47911
47915	47912
47916	48142
47917	48291
47918	48315
47919	47613
47920	47643
47921	47613
47922	48282
47923	47906
47924	47222
47925	47221
47926	47206
47927	47209
47928	47211
47929	47211
47930	47214
47931	47212
47932	47212
47933	47215
47934	47223
47935	47560
47936	47558
47937	47574
47938	47514
47939	47575
47940	48189
47941	47207
47942	47206
47943	47952
47944	47954
47945	47964
47946	47954
47947	47967
47948	48432
47949	47967
47950	48432
47951	48432
47952	47962
47953	47962
47954	48414
47955	47961
47956	48428
47957	47961
47958	47765
47959	48428
47960	47875
47961	48367
47962	47877
47963	47876
47964	48058
47965	48414
47966	48420
47967	47877
47968	48401
47969	48402
47970	48402
47971	47968
47972	47968
47973	47967
47974	47967
47975	47210
47976	48177
47977	47210
47978	48177
47979	47210
47980	47657
47981	48253
47982	47883
47983	47735
47984	47885
47985	48204
47986	48293
47987	47637
47988	48261
47989	48271
47990	48297
47991	47623
47992	48290
47993	48291
47994	48290
47995	48141
47996	47636
47997	47637
47998	48273
47999	48205
48000	48011
48001	48218
48002	48011
48003	47641
48004	47613
48005	48005
48006	47613
48007	48305
48008	48305
48009	48305
48010	47666
48011	47793
48012	47839
48013	47816
48014	47813
48015	47845
48016	47845
48017	48258
48018	47579
48019	48258
48020	47582
48021	47575
48022	47789
48023	48013
48024	47582
48025	47845
48026	47845
48027	47789
48028	48443
48029	48445
48030	47789
48031	48446
48032	47789
48033	48446
48034	47789
48035	47813
48036	48258
48037	47813
48038	48255
48039	47215
48040	48443
48041	48445
48042	48443
48043	48443
48044	48446
48045	48013
48046	48013
48047	48258
48048	47212
48049	47213
48050	47323
48051	48103
48052	48050
48053	47767
48054	47573
48055	47575
48056	48367
48057	47530
48058	47386
48059	47875
48060	47966
48061	47765
48062	48415
48063	48413
48064	47964
48065	48415
48066	47964
48067	47765
48068	47536
48069	48412
48070	48421
48071	48089
48072	47767
48073	47767
48074	48089
48075	48415
48076	47964
48077	47537
48078	47767
48079	47767
48080	47767
48081	48057
48082	48057
48083	48057
48084	47928
48085	47209
48086	48411
48087	48411
48088	48421
48089	47768
48090	48057
48091	47767
48092	48050
48093	48421
48094	48050
48095	47966
48096	47966
48097	47965
48098	47964
48099	48421
48100	48411
48101	48050
48102	47323
48103	47326
48104	48432
48105	48432
48106	47966
48107	47961
48108	47961
48109	48432
48110	47962
48111	48432
48112	47966
48113	47965
48114	47964
48115	48167
48116	47802
48117	47381
48118	47323
48119	47376
48120	47376
48121	47376
48122	47326
48123	47326
48124	47209
48125	47222
48126	48167
48127	47326
48128	47311
48129	47303
48130	47306
48131	47307
48132	47307
48133	48464
48134	47433
48135	47433
48136	47433
48137	47433
48138	47433
48139	47433
48140	47433
48141	48293
48142	48293
48143	47785
48144	47785
48145	47813
48146	48305
48147	47613
48148	47613
48149	48445
48150	48013
48151	48446
48152	48428
48153	47965
48154	47966
48155	47966
48156	48305
48157	48305
48158	48305
48159	47785
48160	48258
48161	48165
48162	48165
48163	47925
48164	47222
48165	47222
48166	47222
48167	47206
48168	47207
48169	47207
48170	47207
48171	47209
48172	47209
48173	47925
48174	47213
48175	47213
48176	47210
48177	47210
48178	47209
48179	47211
48180	47210
48181	47210
48182	47213
48183	47212
48184	47212
48185	47212
48186	47215
48187	47215
48188	47223
48189	47649
48190	48125
48191	48115
48192	48196
48193	47656
48194	47239
48195	48196
48196	47239
48197	48231
48198	47239
48199	48197
48200	48205
48201	48205
48202	47681
48203	48223
48204	47680
48205	48207
48206	48207
48207	48223
48208	48223
48209	48222
48210	47670
48211	48223
48212	47767
48213	47767
48214	47573
48215	47573
48216	47840
48217	48229
48218	48011
48219	48011
48220	48011
48221	47839
48222	47650
48223	47650
48224	47659
48225	48204
48226	48205
48227	47573
48228	47561
48229	48011
48230	47840
48231	47661
48232	48234
48233	47650
48234	48198
48235	47682
48236	47573
48237	48082
48238	47794
48239	47665
48240	47663
48241	47816
48242	47839
48243	48207
48244	48211
48245	48253
48246	47983
48247	47883
48248	47883
48249	47883
48250	48207
48251	48253
48252	47883
48253	48207
48254	47664
48255	47667
48256	48266
48257	48239
48258	48255
48259	47813
48260	48253
48261	48253
48262	48243
48263	48254
48264	47797
48265	47795
48266	48240
48267	47984
48268	47981
48269	47885
48270	48253
48271	47885
48272	47885
48273	48253
48274	48275
48275	47794
48276	48256
48277	47643
48278	48274
48279	48274
48280	48273
48281	47643
48282	47643
48283	48274
48284	48288
48285	48273
48286	48261
48287	47636
48288	48261
48289	47910
48290	48293
48291	48305
48292	48305
48293	47639
48294	48290
48295	48291
48296	48305
48297	47639
48298	47618
48299	47911
48300	47911
48301	48297
48302	48293
48303	48293
48304	48297
48305	48297
48306	48282
48307	48281
48308	47912
48309	47911
48310	48282
48311	48289
48312	48289
48313	47986
48314	47986
48315	47911
48316	47911
48317	48293
48318	48293
48319	47637
48320	47623
48321	48330
48322	48293
48323	47639
48324	47639
48325	47638
48326	47643
48327	47911
48328	47639
48329	47637
48330	47636
48331	48289
48332	48293
48333	47637
48334	48297
48335	47637
48336	48188
48337	48188
48338	48188
48339	48189
48340	47560
48341	47560
48342	47544
48343	47560
48344	47793
48345	47652
48346	47651
48347	48222
48348	48337
48349	47901
48350	47552
48351	47575
48352	47560
48353	47560
48354	47574
48355	47519
48356	47560
48357	47840
48358	47560
48359	47666
48360	47793
48361	48347
48362	47552
48363	47552
48364	48346
48365	48345
48366	47898
48367	47523
48368	47523
48369	47386
48370	48185
48371	48185
48372	48184
48373	47542
48374	47542
48375	48184
48376	47573
48377	47575
48378	47767
48379	48057
48380	47521
48381	47521
48382	47574
48383	47575
48384	47575
48385	47518
48386	47521
48387	47530
48388	48373
48389	47768
48390	47768
48391	47519
48392	47514
48393	47926
48394	47927
48395	47927
48396	47927
48397	47928
48398	47927
48399	47928
48400	48048
48401	48048
48402	48049
48403	48048
48404	48048
48405	48049
48406	47930
48407	47926
48408	47942
48409	47942
48410	48411
48411	47530
48412	48057
48413	48367
48414	47386
48415	48369
48416	47755
48417	47978
48418	47978
48419	47875
48420	47875
48421	47768
48422	48411
48423	48089
48424	47752
48425	48050
48426	47767
48427	48089
48428	47530
48429	47968
48430	48419
48431	48419
48432	47963
48433	47530
48434	47560
48435	47560
48436	47575
48437	47575
48438	48343
48439	48344
48440	47560
48441	47554
48442	47560
48443	47560
48444	48218
48445	47840
48446	47839
48447	47554
48448	47554
48449	47554
48450	47554
48451	47554
48452	48392
48453	48392
48454	47573
48455	47576
48456	47574
48457	47574
48458	47574
48459	47574
48460	47574
48461	47575
48462	48392
48463	47575
48464	47575
48465	47576
48466	47343
48467	47320
48468	48396
48469	47320
48470	48395
48471	48394
48472	48397
48473	47248
48474	48396
48475	48757
48476	49088
48477	48757
48478	48757
48479	49108
48480	48757
48481	49108
48482	48757
48483	49108
48484	48757
48485	49108
48486	48666
48487	48630
48488	48630
48489	48630
48490	48630
48491	48630
48492	49108
48493	48980
48494	48588
48495	48758
48496	48758
48497	48681
48498	48685
48499	48796
48500	48985
48501	49108
48502	48613
48503	48562
48504	48972
48505	48975
48506	48867
48507	49279
48508	49095
48509	49279
48510	49302
48511	49136
48512	49111
48513	49302
48514	48875
48515	48531
48516	49063
48517	48534
48518	48584
48519	48533
48520	48538
48521	48538
48522	48538
48523	48538
48524	48538
48525	48790
48526	48587
48527	48706
48528	49292
48529	48527
48530	48675
48531	48675
48532	48538
48533	48675
48534	48675
48535	49046
48536	48676
48537	48531
48538	48675
48539	48531
48540	48675
48541	48583
48542	48675
48543	48583
48544	48583
48545	48559
48546	48591
48547	48557
48548	48559
48549	48562
48550	48614
48551	48560
48552	48560
48553	48539
48554	48531
48555	48531
48556	48531
48557	48539
48558	48531
48559	48531
48560	48531
48561	48583
48562	48583
48563	48516
48564	48615
48565	48972
48566	48972
48567	48973
48568	49025
48569	48532
48570	49023
48571	49023
48572	49025
48573	49030
48574	48880
48575	48551
48576	48611
48577	48525
48578	48534
48579	49307
48580	48896
48581	48577
48582	49064
48583	49046
48584	49046
48585	48682
48586	48662
48587	48582
48588	48639
48589	48535
48590	48540
48591	48531
48592	48557
48593	48543
48594	48541
48595	48530
48596	48530
48597	48530
48598	48539
48599	48539
48600	48539
48601	48975
48602	48975
48603	49045
48604	48679
48605	49102
48606	49311
48607	49114
48608	48577
48609	49037
48610	48790
48611	48582
48612	49064
48613	48675
48614	48583
48615	48583
48616	48617
48617	48644
48618	48644
48619	48618
48620	48616
48621	48622
48622	48982
48623	48493
48624	49087
48625	49087
48626	48762
48627	48762
48628	49108
48629	49107
48630	49108
48631	49106
48632	49108
48633	48636
48634	48635
48635	48637
48636	48638
48637	48730
48638	48731
48639	48679
48640	48662
48641	49045
48642	48682
48643	49087
48644	48623
48645	48647
48646	48918
48647	48883
48648	48642
48649	48779
48650	48651
48651	48915
48652	48767
48653	48629
48654	48666
48655	48762
48656	48657
48657	48815
48658	48818
48659	48660
48660	48657
48661	49087
48662	48763
48663	49087
48664	49087
48665	49087
48666	49107
48667	48888
48668	48894
48669	49116
48670	49103
48671	48868
48672	49064
48673	49046
48674	49064
48675	49064
48676	49086
48677	49086
48678	49087
48679	49064
48680	48763
48681	48771
48682	49086
48683	49087
48684	49087
48685	48763
48686	48860
48687	48858
48688	49221
48689	48861
48690	48690
48691	48691
48692	48692
48693	48693
48694	48694
48695	48694
48696	48694
48697	48696
48698	48855
48699	48696
48700	48856
48701	48749
48702	48749
48703	48536
48704	48750
48705	48662
48706	48749
48707	48536
48708	49206
48709	48695
48710	48728
48711	48709
48712	49155
48713	49241
48714	48726
48715	49199
48716	48825
48717	48881
48718	49038
48719	48717
48720	48609
48721	48529
48722	49155
48723	49258
48724	49175
48725	48827
48726	48828
48727	49258
48728	48693
48729	48695
48730	48802
48731	48730
48732	48732
48733	48732
48734	48811
48735	48734
48736	48736
48737	48736
48738	48908
48739	49196
48740	49172
48741	49208
48742	49182
48743	418
48744	436
48745	49008
48746	403
48747	49021
48748	49328
48749	48676
48750	49064
48751	48676
48752	49087
48753	49106
48754	49106
48755	49106
48756	48762
48757	48762
48758	49087
48759	49087
48760	49106
48761	48762
48762	49087
48763	48771
48764	48755
48765	48755
48766	49107
48767	48754
48768	49107
48769	49106
48770	49105
48771	48771
48772	48771
48773	48774
48774	49106
48775	49105
48776	48771
48777	49086
48778	49172
48779	48781
48780	48782
48781	48782
48782	48773
48783	48773
48784	48774
48785	49144
48786	49105
48787	48788
48788	48782
48789	48784
48790	48582
48791	48612
48792	48560
48793	48612
48794	48677
48795	48679
48796	49045
48797	48763
48798	49087
48799	49065
48800	48762
48801	48762
48802	48804
48803	48803
48804	48659
48805	48884
48806	48805
48807	48658
48808	48808
48809	48718
48810	48810
48811	48811
48812	48812
48813	48813
48814	48819
48815	48819
48816	48817
48817	48819
48818	48884
48819	48882
48820	48883
48821	48847
48822	48843
48823	48745
48824	49345
48825	49211
48826	49320
48827	49190
48828	49319
48829	49178
48830	49177
48831	49167
48832	48743
48833	49327
48834	49325
48835	49353
48836	49209
48837	49329
48838	49332
48839	48748
48840	49334
48841	414
48842	416
48843	49006
48844	49007
48845	49007
48846	414
48847	414
48848	417
48849	417
48850	419
48851	48853
48852	48852
48853	48853
48854	48854
48855	48855
48856	48856
48857	48728
48858	48858
48859	48823
48860	48824
48861	48861
48862	48844
48863	48826
48864	48828
48865	49046
48866	48675
48867	49085
48868	49064
48869	49086
48870	49064
48871	49065
48872	49144
48873	48771
48874	48772
48875	49046
48876	49046
48877	48791
48878	48881
48879	48882
48880	48799
48881	48793
48882	48703
48883	48704
48884	48702
48885	48891
48886	49116
48887	48899
48888	49137
48889	48873
48890	48869
48891	48898
48892	48898
48893	48872
48894	48786
48895	48777
48896	49085
48897	48788
48898	48789
48899	49137
48900	49141
48901	49104
48902	49046
48903	49046
48904	48904
48905	48905
48906	49172
48907	48779
48908	49172
48909	48755
48910	49107
48911	48767
48912	48754
48913	48914
48914	48915
48915	49358
48916	48762
48917	48647
48918	48919
48919	48648
48920	48648
48921	48639
48922	48639
48923	48662
48924	48662
48925	48679
48926	48679
48927	48682
48928	48682
48929	49045
48930	49045
48931	49087
48932	49087
48933	49087
48934	49087
48935	48762
48936	48762
48937	48762
48938	48762
48939	48757
48940	48757
48941	49108
48942	48757
48943	49108
48944	49107
48945	49108
48946	49108
48947	48541
48948	48530
48949	48530
48950	48531
48951	48531
48952	48539
48953	48539
48954	48539
48955	48951
48956	48975
48957	48666
48958	49361
48959	596
48960	48911
48961	48767
48962	48629
48963	48632
48964	48539
48965	48531
48966	48538
48967	48538
48968	48539
48969	48560
48970	48537
48971	49023
48972	48583
48973	48530
48974	48530
48975	48530
48976	49108
48977	49108
48978	49108
48979	48666
48980	48921
48981	48604
48982	391
48983	48758
48984	48681
48985	48679
48986	48796
48987	49087
48988	49087
48989	49087
48990	48757
48991	48762
48992	48757
48993	49108
48994	49108
48995	48666
48996	48630
48997	48666
48998	48666
48999	48630
49000	48630
49001	48632
49002	48666
49003	594
49004	48765
49005	435
49006	415
49007	415
49008	418
49009	390
49010	49003
49011	48913
49012	48778
49013	49195
49014	49208
49015	44923
49016	49363
49017	49362
49018	49362
49019	49362
49020	437
49021	438
49022	48582
49023	48582
49024	48582
49025	48582
49026	48538
49027	48706
49028	49033
49029	48751
49030	48536
49031	48706
49032	48707
49033	48536
49034	48880
49035	48706
49036	48701
49037	48791
49038	48795
49039	48701
49040	48675
49041	48675
49042	49085
49043	48868
49044	49046
49045	48771
49046	49064
49047	49073
49048	49073
49049	48615
49050	48615
49051	48672
49052	48870
49053	48866
49054	48902
49055	48870
49056	49103
49057	49046
49058	48675
49059	49085
49060	49085
49061	49116
49062	49046
49063	49064
49064	48771
49065	48771
49066	49087
49067	49087
49068	49087
49069	49087
49070	49087
49071	49060
49072	49060
49073	49046
49074	48675
49075	48675
49076	48675
49077	48762
49078	48762
49079	48762
49080	49046
49081	49046
49082	48777
49083	48869
49084	49064
49085	49086
49086	48771
49087	49087
49088	48762
49089	49101
49090	49117
49091	49308
49092	49307
49093	49301
49094	48888
49095	48900
49096	49297
49097	49321
49098	49311
49099	49064
49100	49046
49101	49121
49102	48873
49103	49064
49104	48771
49105	49105
49106	48762
49107	48762
49108	48762
49109	49309
49110	49299
49111	49139
49112	49259
49113	49259
49114	49323
49115	49312
49116	49086
49117	48776
49118	49137
49119	49138
49120	49138
49121	48771
49122	49105
49123	48762
49124	49106
49125	49106
49126	49130
49127	49130
49128	49323
49129	49140
49130	49312
49131	49273
49132	49136
49133	49273
49134	48885
49135	49151
49136	49287
49137	48775
49138	48785
49139	48872
49140	48891
49141	49105
49142	49150
49143	48529
49144	48770
49145	49106
49146	49106
49147	49261
49148	49272
49149	49152
49150	49035
49151	49317
49152	49268
49153	49330
49154	48787
49155	49156
49156	48719
49157	49179
49158	49179
49159	48710
49160	48851
49161	48851
49162	48852
49163	49325
49164	49158
49165	49168
49166	49335
49167	49177
49168	48787
49169	48780
49170	48651
49171	48781
49172	48779
49173	48781
49174	48837
49175	49186
49176	49186
49177	49332
49178	48840
49179	48837
49180	49169
49181	49169
49182	49181
49183	49176
49184	48914
49185	48839
49186	49190
49187	49180
49188	49187
49189	48778
49190	49329
49191	49319
49192	49194
49193	49192
49194	49189
49195	49363
49196	48908
49197	49363
49198	48836
49199	49203
49200	49203
49201	49198
49202	49209
49203	49210
49204	48908
49205	48699
49206	48697
49207	49200
49208	44923
49209	49340
49210	48747
49211	49343
49212	49343
49213	49344
49214	49218
49215	49219
49216	49213
49217	49215
49218	49342
49219	48746
49220	48700
49221	48698
49222	49095
49223	49301
49224	49247
49225	49259
49226	49266
49227	49161
49228	49059
49229	49082
49230	49152
49231	48722
49232	49246
49233	49158
49234	49158
49235	48823
49236	49213
49237	48863
49238	49263
49239	48864
49240	49174
49241	49157
49242	49118
49243	49119
49244	49309
49245	49128
49246	49263
49247	49284
49248	48895
49249	49058
49250	48902
49251	49101
49252	48894
49253	49044
49254	49100
49255	49100
49256	49101
49257	48902
49258	49291
49259	49128
49260	49134
49261	49280
49262	49275
49263	49163
49264	49118
49265	49118
49266	48887
49267	49134
49268	49288
49269	48901
49270	49100
49271	48901
49272	49286
49273	49313
49274	49140
49275	49163
49276	48870
49277	49099
49278	49116
49279	49321
49280	48831
49281	48893
49282	49117
49283	49321
49284	49300
49285	48901
49286	49315
49287	49314
49288	48834
49289	49313
49290	49178
49291	48838
49292	49321
49293	48893
49294	49117
49295	49116
49296	49117
49297	48900
49298	48873
49299	49139
49300	49316
49301	48873
49302	48869
49303	48869
49304	49103
49305	49063
49306	49063
49307	48873
49308	48873
49309	48892
49310	48873
49311	49138
49312	49322
49313	49324
49314	49153
49315	49326
49316	49331
49317	49330
49318	49166
49319	49333
49320	49020
49321	48899
49322	48898
49323	48899
49324	49330
49325	49166
49326	49331
49327	49334
49328	49341
49329	49339
49330	48897
49331	49336
49332	48742
49333	49357
49334	49188
49335	49165
49336	48787
49337	48754
49338	48778
49339	49354
49340	49357
49341	48741
49342	403
49343	405
49344	49005
49345	416
49346	404
49347	48666
49348	48666
49349	49107
49350	49107
49351	48666
49352	48666
49353	405
49354	49196
49355	406
49356	49021
49357	49014
49358	49145
49359	49358
49360	49359
49361	48781
49362	48779
49363	48779
49364	49382
49365	49382
49366	49382
49367	49382
49368	48539
49369	48539
49370	48539
49371	48539
49372	48539
49373	48539
49374	48539
49375	48539
49376	49382
49377	48596
49378	48539
49379	48539
49380	48539
49381	48597
49382	48539
49383	49397
49384	49397
49385	49395
49386	49394
49387	49397
49388	49399
49389	49023
49390	49399
49391	49382
49392	49382
49393	48539
49394	48539
49395	48539
49396	48597
49397	48539
49398	48539
49399	48539
49400	49405
49401	49405
49402	49924
49403	49405
49404	49893
49405	49893
49406	49924
49407	49893
49408	49893
49409	49780
49410	49780
49411	49780
49412	49780
49413	49780
49414	49780
49415	49924
49416	49893
49417	49893
49418	49891
49419	49781
49420	49891
49421	49780
49422	49780
49423	49780
49424	49780
49425	49453
49426	49453
49427	49893
49428	49893
49429	49893
49430	49780
49431	49780
49432	49780
49433	49434
49434	49405
49435	49405
49436	49405
49437	49453
49438	49436
49439	49405
49440	49405
49441	49453
49442	49895
49443	49405
49444	49453
49445	49454
49446	49405
49447	49454
49448	49453
49449	49434
49450	49405
49451	49895
49452	49895
49453	49893
49454	49453
49455	49405
49456	49405
49457	49895
49458	49436
49459	49524
49460	49462
49461	49454
49462	49436
49463	49780
49464	49780
49465	49780
49466	49893
49467	49891
49468	49893
49469	49780
49470	49891
49471	49893
49472	49893
49473	49895
49474	49891
49475	49893
49476	49893
49477	49895
49478	49781
49479	49893
49480	49893
49481	49895
49482	49893
49483	49893
49484	49895
49485	49781
49486	49891
49487	49895
49488	49895
49489	49895
49490	49971
49491	49895
49492	49893
49493	49895
49494	49895
49495	49893
49496	49893
49497	49895
49498	49895
49499	49895
49500	50630
49501	49891
49502	49453
49503	49453
49504	49971
49505	49453
49506	49893
49507	49893
49508	49893
49509	49780
49510	49893
49511	49893
49512	49893
49513	49780
49514	49780
49515	49893
49516	49895
49517	49895
49518	49895
49519	49895
49520	49453
49521	49453
49522	49453
49523	49453
49524	49436
49525	49895
49526	49895
49527	49405
49528	49924
49529	49924
49530	49922
49531	49780
49532	49780
49533	49780
49534	49780
49535	49780
49536	49893
49537	49893
49538	49582
49539	49739
49540	49739
49541	49582
49542	49739
49543	49582
49544	49739
49545	49582
49546	49739
49547	49582
49548	49739
49549	49582
49550	49739
49551	49787
49552	49739
49553	49582
49554	49582
49555	50101
49556	50101
49557	50101
49558	50101
49559	50100
49560	50101
49561	49739
49562	49739
49563	49739
49564	49739
49565	49739
49566	49739
49567	49739
49568	49739
49569	49601
49570	49739
49571	49601
49572	49739
49573	49601
49574	49739
49575	49601
49576	49739
49577	49601
49578	49739
49579	49601
49580	49601
49581	49603
49582	49601
49583	49601
49584	49601
49585	49601
49586	49601
49587	49601
49588	49601
49589	49602
49590	50097
49591	49602
49592	49602
49593	49602
49594	49617
49595	49602
49596	49617
49597	49602
49598	49617
49599	49617
49600	49617
49601	49617
49602	49617
49603	49617
49604	49617
49605	49629
49606	49628
49607	49629
49608	49629
49609	49618
49610	49629
49611	49382
49612	49382
49613	49382
49614	49382
49615	49398
49616	49398
49617	49382
49618	49382
49619	49382
49620	49382
49621	49382
49622	49382
49623	49398
49624	49398
49625	49382
49626	49382
49627	49382
49628	49398
49629	49382
49630	49617
49631	49399
49632	49399
49633	49601
49634	49601
49635	49739
49636	49739
49637	49739
49638	49739
49639	49601
49640	49601
49641	49576
49642	49582
49643	49582
49644	49576
49645	49582
49646	49576
49647	49576
49648	49576
49649	49576
49650	50104
49651	50104
49652	50105
49653	49739
49654	49739
49655	49739
49656	49582
49657	49582
49658	49582
49659	49601
49660	50100
49661	50101
49662	50103
49663	50103
49664	50098
49665	49601
49666	49739
49667	50098
49668	49582
49669	49582
49670	49739
49671	49739
49672	49601
49673	49601
49674	50100
49675	49582
49676	50101
49677	50101
49678	49739
49679	49601
49680	50057
49681	49601
49682	49601
49683	49601
49684	49601
49685	49603
49686	49603
49687	49601
49688	49739
49689	49582
49690	50105
49691	50104
49692	50105
49693	49780
49694	49780
49695	49576
49696	50105
49697	50104
49698	49576
49699	49739
49700	49582
49701	50105
49702	50105
49703	50105
49704	49780
49705	49601
49706	49603
49707	49601
49708	49582
49709	49582
49710	49582
49711	49582
49712	49576
49713	49739
49714	50104
49715	49576
49716	50088
49717	49739
49718	49582
49719	49739
49720	49601
49721	49601
49722	49603
49723	49603
49724	49603
49725	49739
49726	49601
49727	49601
49728	49739
49729	49601
49730	49601
49731	49603
49732	49601
49733	49603
49734	49603
49735	49603
49736	49601
49737	49603
49738	49603
49739	49603
49740	49602
49741	49602
49742	49602
49743	49601
49744	50076
49745	49739
49746	50105
49747	49868
49748	50103
49749	50104
49750	49868
49751	50104
49752	49582
49753	49576
49754	49576
49755	50104
49756	49576
49757	49739
49758	49739
49759	49582
49760	49739
49761	50105
49762	50105
49763	50101
49764	49780
49765	50105
49766	49576
49767	50105
49768	49576
49769	50105
49770	50104
49771	50105
49772	49576
49773	50105
49774	50104
49775	50105
49776	50104
49777	50104
49778	49576
49779	50104
49780	50101
49781	50104
49782	50103
49783	50103
49784	50104
49785	50104
49786	49582
49787	49739
49788	49780
49789	49780
49790	50105
49791	50105
49792	49582
49793	49582
49794	49739
49795	49739
49796	49739
49797	49739
49798	49739
49799	49868
49800	50104
49801	49868
49802	49868
49803	49868
49804	49780
49805	49780
49806	49780
49807	49780
49808	49868
49809	49868
49810	49868
49811	49868
49812	50104
49813	50104
49814	50104
49815	49780
49816	49868
49817	49868
49818	50104
49819	50104
49820	50101
49821	50101
49822	50101
49823	50104
49824	50101
49825	50101
49826	49739
49827	49739
49828	50100
49829	50104
49830	49868
49831	49868
49832	49868
49833	49780
49834	49780
49835	49868
49836	49868
49837	49868
49838	50104
49839	50100
49840	50105
49841	50105
49842	49576
49843	49582
49844	49582
49845	49582
49846	49582
49847	50101
49848	50105
49849	50105
49850	49780
49851	49780
49852	49780
49853	49780
49854	49780
49855	49780
49856	49780
49857	49780
49858	49780
49859	49780
49860	50104
49861	49868
49862	49780
49863	49780
49864	49780
49865	49868
49866	49868
49867	50104
49868	49582
49869	49780
49870	49868
49871	50104
49872	50104
49873	50104
49874	50101
49875	50101
49876	49739
49877	49739
49878	50101
49879	50101
49880	50104
49881	50104
49882	49868
49883	49868
49884	49780
49885	49868
49886	50104
49887	50104
49888	50101
49889	50101
49890	49739
49891	50104
49892	49780
49893	49780
49894	49780
49895	49891
49896	49924
49897	49788
49898	49780
49899	49780
49900	49924
49901	49788
49902	49780
49903	49788
49904	49924
49905	49780
49906	49780
49907	49780
49908	49780
49909	49780
49910	49788
49911	49924
49912	49788
49913	49780
49914	49780
49915	49780
49916	49780
49917	49780
49918	49780
49919	49891
49920	49891
49921	49780
49922	49780
49923	49780
49924	49780
49925	49781
49926	49780
49927	49780
49928	49780
49929	49780
49930	49780
49931	49780
49932	49780
49933	49780
49934	49780
49935	49780
49936	49780
49937	49780
49938	49780
49939	49780
49940	49780
49941	49788
49942	49780
49943	49780
49944	49780
49945	49780
49946	49781
49947	49891
49948	49893
49949	49893
49950	49893
49951	49893
49952	49891
49953	49924
49954	49924
49955	49891
49956	49780
49957	49781
49958	49781
49959	49780
49960	49780
49961	49780
49962	49780
49963	49780
49964	49780
49965	49780
49966	49780
49967	49780
49968	49780
49969	49780
49970	49780
49971	49780
49972	49780
49973	49780
49974	50097
49975	50097
49976	50097
49977	49617
49978	49617
49979	49617
49980	49617
49981	49617
49982	49617
49983	49617
49984	49617
49985	49617
49986	49617
49987	49618
49988	49617
49989	49739
49990	49582
49991	49582
49992	50101
49993	50101
49994	49739
49995	49582
49996	49576
49997	49453
49998	49895
49999	49453
50000	50104
50001	50104
50002	50104
50003	50104
50004	50104
50005	50104
50006	50103
50007	50103
50008	50101
50009	50101
50010	50101
50011	50101
50012	50101
50013	50101
50014	50101
50015	50101
50016	50101
50017	50101
50018	50101
50019	49601
50020	49739
50021	49739
50022	49739
50023	49739
50024	49739
50025	49601
50026	49601
50027	49601
50028	50100
50029	50100
50030	50100
50031	49739
50032	49739
50033	49739
50034	49739
50035	49739
50036	49601
50037	49602
50038	50097
50039	50097
50040	50097
50041	50097
50042	49602
50043	49603
50044	49603
50045	49617
50046	49617
50047	49382
50048	49382
50049	49382
50050	49617
50051	49617
50052	49617
50053	49617
50054	49617
50055	49617
50056	49617
50057	49062
50058	49617
50059	49617
50060	49617
50061	49603
50062	49603
50063	49603
50064	49603
50065	49603
50066	49603
50067	49603
50068	49603
50069	49603
50070	49603
50071	49603
50072	49601
50073	49601
50074	49601
50075	49601
50076	49398
50077	49617
50078	49602
50079	49602
50080	49398
50081	49617
50082	49617
50083	49602
50084	49601
50085	49601
50086	49398
50087	49617
50088	49602
50089	49602
50090	49601
50091	49601
50092	49739
50093	49739
50094	49582
50095	50101
50096	50101
50097	49617
50098	49381
50099	49603
50100	49601
50101	49601
50102	49739
50103	49739
50104	49739
50105	49582
50106	49582
50107	49576
50108	50104
50109	49895
50110	49895
50111	49453
50112	49617
50113	49617
50114	49603
50115	50101
50116	49780
50117	49780
50118	49780
50119	49780
50120	49780
50121	49780
50122	49780
50123	49780
50124	49780
50125	49780
50126	49893
50127	49788
50128	49924
50129	49958
50130	50105
50131	50105
50132	50105
50133	50105
50134	50105
50135	50105
50136	50105
50137	50105
50138	50105
50139	50105
50140	49739
50141	49739
50142	49739
50143	49739
50144	49739
50145	49739
50146	49739
50147	49739
50148	49739
50149	49739
50150	49739
50151	49582
50152	49739
50153	49582
50154	49739
50155	49382
50156	49617
50157	49617
50158	49603
50159	49603
50160	49617
50161	49603
50162	49617
50163	49617
50164	49603
50165	49382
50166	49617
50167	49603
50168	49603
50169	49617
50170	49617
50171	49603
50172	49617
50173	50919
50174	50266
50175	50264
50176	50223
50177	50223
50178	50223
50179	50223
50180	50223
50181	50223
50182	50223
50183	50223
50184	50264
50185	50264
50186	50264
50187	50264
50188	50220
50189	50221
50190	50221
50191	50221
50192	50919
50193	50919
50194	50919
50195	50919
50196	50919
50197	50919
50198	50919
50199	50919
50200	50919
50201	50919
50202	50918
50203	50919
50204	50918
50205	50919
50206	50919
50207	50918
50208	50919
50209	50918
50210	50919
50211	50918
50212	50919
50213	50918
50214	50919
50215	50919
50216	50919
50217	50919
50218	50272
50219	50919
50220	50272
50221	50919
50222	50272
50223	50272
50224	50264
50225	50272
50226	50264
50227	50272
50228	50264
50229	50264
50230	50264
50231	50272
50232	50264
50233	50264
50234	50264
50235	50264
50236	50264
50237	50264
50238	50264
50239	50272
50240	50272
50241	50272
50242	50272
50243	50919
50244	50272
50245	50917
50246	50919
50247	50918
50248	50918
50249	50918
50250	50918
50251	50918
50252	50918
50253	50919
50254	50919
50255	50919
50256	50757
50257	50272
50258	50272
50259	50272
50260	50272
50261	50272
50262	50757
50263	50757
50264	50919
50265	50919
50266	50918
50267	50918
50268	50918
50269	50918
50270	50918
50271	50918
50272	50919
50273	50919
50274	50435
50275	50435
50276	50918
50277	50918
50278	50918
50279	50757
50280	50435
50281	50918
50282	50918
50283	50917
50284	50919
50285	50919
50286	50264
50287	50272
50288	50272
50289	50264
50290	50264
50291	50220
50292	50302
50293	50217
50294	50264
50295	50264
50296	50919
50297	50917
50298	50917
50299	50919
50300	50919
50301	50919
50302	50257
50303	50264
50304	50264
50305	50264
50306	50917
50307	50917
50308	50919
50309	50435
50310	50757
50311	50757
50312	50919
50313	49405
50314	49405
50315	49405
50316	49405
50317	49405
50318	49405
50319	49405
50320	49924
50321	49924
50322	49405
50323	50352
50324	50355
50325	50355
50326	50810
50327	50796
50328	50352
50329	50811
50330	50811
50331	50810
50332	50352
50333	50812
50334	50389
50335	50389
50336	50352
50337	50810
50338	50352
50339	50354
50340	50825
50341	50825
50342	50354
50343	50796
50344	50812
50345	50352
50346	50811
50347	50355
50348	50810
50349	50355
50350	50809
50351	50355
50352	50809
50353	50355
50354	50350
50355	50350
50356	50795
50357	50356
50358	50356
50359	50356
50360	50785
50361	50356
50362	50356
50363	50796
50364	50356
50365	50796
50366	50356
50367	50796
50368	50796
50369	50796
50370	50356
50371	50811
50372	50811
50373	50811
50374	50825
50375	50354
50376	50355
50377	49524
50378	50795
50379	50785
50380	50825
50381	50534
50382	50356
50383	50785
50384	50795
50385	50356
50386	50785
50387	50356
50388	50785
50389	50532
50390	50532
50391	50356
50392	50795
50393	50356
50394	50433
50395	50433
50396	50434
50397	50434
50398	50435
50399	50435
50400	50785
50401	50383
50402	50436
50403	50433
50404	50434
50405	50766
50406	50785
50407	50383
50408	50433
50409	50434
50410	50383
50411	50796
50412	50795
50413	50785
50414	50785
50415	50433
50416	50383
50417	50433
50418	50433
50419	50434
50420	50434
50421	50795
50422	50785
50423	50433
50424	50434
50425	50434
50426	50795
50427	50785
50428	50433
50429	50434
50430	50434
50431	50795
50432	50785
50433	50433
50434	50433
50435	50434
50436	50383
50437	50785
50438	50436
50439	50434
50440	50785
50441	50383
50442	50436
50443	50434
50444	50785
50445	50383
50446	50433
50447	50434
50448	50785
50449	50383
50450	50433
50451	50434
50452	50785
50453	50383
50454	50433
50455	50434
50456	50785
50457	50383
50458	50433
50459	50405
50460	50354
50461	50796
50462	50785
50463	50383
50464	50433
50465	50434
50466	50397
50467	50435
50468	50435
50469	50435
50470	50435
50471	50435
50472	50435
50473	50435
50474	50397
50475	50397
50476	50435
50477	50435
50478	50435
50479	50435
50480	50435
50481	50531
50482	50531
50483	50532
50484	50824
50485	50810
50486	50811
50487	49453
50488	49434
50489	49453
50490	49405
50491	49453
50492	49453
50493	50691
50494	49434
50495	49454
50496	49436
50497	49454
50498	49454
50499	49434
50500	49454
50501	49454
50502	49462
50503	49462
50504	49453
50505	49434
50506	49454
50507	49454
50508	49462
50509	49454
50510	49454
50511	49434
50512	49453
50513	49462
50514	49454
50515	49454
50516	49434
50517	49454
50518	49434
50519	49454
50520	49454
50521	49454
50522	49454
50523	49454
50524	49461
50525	49461
50526	49459
50527	50825
50528	50888
50529	50888
50530	50825
50531	50533
50532	50824
50533	49461
50534	50533
50535	49461
50536	49461
50537	49462
50538	50533
50539	50535
50540	50533
50541	50890
50542	50534
50543	50543
50544	50532
50545	50350
50546	50533
50547	50535
50548	50890
50549	50390
50550	50352
50551	49461
50552	50535
50553	50890
50554	50390
50555	50350
50556	50533
50557	50890
50558	50532
50559	50350
50560	50533
50561	50534
50562	49453
50563	49453
50564	49405
50565	49895
50566	49453
50567	49405
50568	49405
50569	49405
50570	49436
50571	49453
50572	49453
50573	49453
50574	49405
50575	49405
50576	49453
50577	49405
50578	49453
50579	49453
50580	49453
50581	49453
50582	49453
50583	49436
50584	49436
50585	49436
50586	49453
50587	49436
50588	49436
50589	49454
50590	49524
50591	49524
50592	49436
50593	49436
50594	49461
50595	49524
50596	49436
50597	50533
50598	49405
50599	49453
50600	49453
50601	49405
50602	49405
50603	49405
50604	49405
50605	49436
50606	49453
50607	49436
50608	50534
50609	49524
50610	50825
50611	49459
50612	50637
50613	50637
50614	50825
50615	50811
50616	50352
50617	49436
50618	49436
50619	50531
50620	50531
50621	50531
50622	49436
50623	49436
50624	50533
50625	50532
50626	50891
50627	50891
50628	50532
50629	49436
50630	49524
50631	49524
50632	50531
50633	50531
50634	50532
50635	50531
50636	50390
50637	49524
50638	50532
50639	50532
50640	49405
50641	49405
50642	49405
50643	49405
50644	49405
50645	50105
50646	50105
50647	49780
50648	49780
50649	49780
50650	50105
50651	50105
50652	50105
50653	49780
50654	50105
50655	50105
50656	50105
50657	50105
50658	50105
50659	50105
50660	49780
50661	49924
50662	49924
50663	49780
50664	49780
50665	49780
50666	49788
50667	49788
50668	49924
50669	49924
50670	49788
50671	49780
50672	49780
50673	49780
50674	49780
50675	49788
50676	49924
50677	49788
50678	49780
50679	49780
50680	49924
50681	49924
50682	49788
50683	49788
50684	49788
50685	49780
50686	49780
50687	49780
50688	49780
50689	49780
50690	50106
50691	49579
50692	49924
50693	49924
50694	49788
50695	49891
50696	49788
50697	49924
50698	49788
50699	49891
50700	49924
50701	49924
50702	49924
50703	50434
50704	50435
50705	50918
50706	50272
50707	50919
50708	50272
50709	50264
50710	50223
50711	50220
50712	50220
50713	50220
50714	50216
50715	50217
50716	50917
50717	50919
50718	50916
50719	50217
50720	50217
50721	50217
50722	50217
50723	50217
50724	50266
50725	50266
50726	50266
50727	50917
50728	50917
50729	50917
50730	50917
50731	50272
50732	50217
50733	50216
50734	50264
50735	50272
50736	50919
50737	50919
50738	50435
50739	50434
50740	50433
50741	50383
50742	50785
50743	50354
50744	50811
50745	50824
50746	50533
50747	49524
50748	50918
50749	50918
50750	50918
50751	50918
50752	50918
50753	50918
50754	50918
50755	50918
50756	50918
50757	50918
50758	50435
50759	50435
50760	50435
50761	50435
50762	50435
50763	50435
50764	50435
50765	50435
50766	50435
50767	50918
50768	50435
50769	50435
50770	50434
50771	50433
50772	50383
50773	50785
50774	50796
50775	50796
50776	50796
50777	50796
50778	50796
50779	50796
50780	50356
50781	50356
50782	50356
50783	50356
50784	50356
50785	50356
50786	50356
50787	50352
50788	50352
50789	50352
50790	50354
50791	50354
50792	50354
50793	50355
50794	50355
50795	50355
50796	50355
50797	50532
50798	50532
50799	50532
50800	50390
50801	50390
50802	50390
50803	50894
50804	50812
50805	50812
50806	50811
50807	50811
50808	50812
50809	50812
50810	50812
50811	50389
50812	50894
50813	50531
50814	50506
50815	50534
50816	50890
50817	50825
50818	50825
50819	50824
50820	50824
50821	50824
50822	50824
50823	50825
50824	50825
50825	50534
50826	49524
50827	49459
50828	50637
50829	50888
50830	50825
50831	50531
50832	50637
50833	49524
50834	49436
50835	49524
50836	50637
50837	50531
50838	50825
50839	50532
50840	50811
50841	50532
50842	50810
50843	50352
50844	49436
50845	49524
50846	50533
50847	50355
50848	50810
50849	50389
50850	50891
50851	50534
50852	50533
50853	49516
50854	49436
50855	50352
50856	50352
50857	50352
50858	50355
50859	50355
50860	50795
50861	50795
50862	50871
50863	50795
50864	50795
50865	50354
50866	50533
50867	50890
50868	50891
50869	50389
50870	50809
50871	50862
50872	50355
50873	50796
50874	50356
50875	50356
50876	50785
50877	50436
50878	50434
50879	50434
50880	50435
50881	50435
50882	50918
50883	50918
50884	50919
50885	50919
50886	50917
50887	49459
50888	49462
50889	50533
50890	50531
50891	50825
50892	50533
50893	49462
50894	50532
50895	50216
50896	50264
50897	50264
50898	50264
50899	50264
50900	50272
50901	50264
50902	50919
50903	50272
50904	50216
50905	50288
50906	50918
50907	50918
50908	50919
50909	50383
50910	50433
50911	50785
50912	50356
50913	50434
50914	50435
50915	50435
50916	50919
50917	50918
50918	50435
50919	50918
50920	50435
50921	50918
50922	50435
50923	50434
50924	50433
50925	50383
50926	50435
50927	50217
50928	50217
50929	50217
50930	50916
50931	50223
50932	50223
50933	50223
50934	50900
50935	50900
50936	50220
50937	50223
50938	50220
50939	50216
50940	50217
50941	50217
50942	50900
50943	50899
50944	50900
50945	50987
50946	50987
50947	50899
50948	50223
50949	50900
50950	50986
50951	50987
50952	50899
50953	50900
50954	50899
50955	50932
50956	50899
50957	50288
50958	51275
50959	50222
50960	50223
50961	50900
50962	50932
50963	50932
50964	50986
50965	50899
50966	50986
50967	50986
50968	50950
50969	50986
50970	50217
50971	50216
50972	50216
50973	50216
50974	50288
50975	50216
50976	51280
50977	50216
50978	50303
50979	51280
50980	50898
50981	50900
50982	50986
50983	50987
50984	50987
50985	50900
50986	50987
50987	50900
50988	50932
50989	50900
50990	50932
50991	50900
50992	50223
50993	50216
50994	50217
50995	50216
50996	50216
50997	50221
50998	50220
50999	50223
51000	50222
51001	50220
51002	50216
51003	50217
51004	51081
51005	51081
51006	51081
51007	51081
51008	51081
51009	51081
51010	51095
51011	51081
51012	51081
51013	51081
51014	51081
51015	51081
51016	51081
51017	51096
51018	51081
51019	51096
51020	51096
51021	51081
51022	51081
51023	51081
51024	51081
51025	51081
51026	51081
51027	51081
51028	51081
51029	51081
51030	51081
51031	51081
51032	51203
51033	51081
51034	51081
51035	51081
51036	51096
51037	51081
51038	51081
51039	51081
51040	51083
51041	51083
51042	51083
51043	51083
51044	51083
51045	51083
51046	51083
51047	51083
51048	51083
51049	51081
51050	51081
51051	51083
51052	51081
51053	51083
51054	51081
51055	51081
51056	51081
51057	51083
51058	51081
51059	51081
51060	51083
51061	51081
51062	51134
51063	51078
51064	51081
51065	51286
51066	51081
51067	51081
51068	51112
51069	51112
51070	51112
51071	51113
51072	51113
51073	51106
51074	50986
51075	51112
51076	50986
51077	51112
51078	51105
51079	51089
51080	51096
51081	51134
51082	51134
51083	51082
51084	51081
51085	51081
51086	51081
51087	51081
51088	51112
51089	51113
51090	51106
51091	51106
51092	51106
51093	51096
51094	51096
51095	51089
51096	51106
51097	51106
51098	51095
51099	51097
51100	51106
51101	51095
51102	51095
51103	51112
51104	51106
51105	51089
51106	51112
51107	51112
51108	50986
51109	51112
51110	50986
51111	50986
51112	50986
51113	50986
51114	51096
51115	51081
51116	51096
51117	51081
51118	51081
51119	51081
51120	51112
51121	51112
51122	51112
51123	51106
51124	51106
51125	51095
51126	51097
51127	51112
51128	51281
51129	51281
51130	51281
51131	51282
51132	51083
51133	51083
51134	51105
51135	51134
51136	51090
51137	51089
51138	51105
51139	51089
51140	51293
51141	51292
51142	51292
51143	51281
51144	51282
51145	51105
51146	51134
51147	51082
51148	51083
51149	51083
51150	51081
51151	51078
51152	51105
51153	51105
51154	51090
51155	51089
51156	51090
51157	51139
51158	51242
51159	51292
51160	51281
51161	51281
51162	51292
51163	51293
51164	51292
51165	51292
51166	50986
51167	50986
51168	51112
51169	51112
51170	51112
51171	51112
51172	51250
51173	51294
51174	51294
51175	51250
51176	51294
51177	51294
51178	51280
51179	51280
51180	51280
51181	51295
51182	51294
51183	51295
51184	51294
51185	51291
51186	51294
51187	51295
51188	51112
51189	50986
51190	51106
51191	50291
51192	51089
51193	51291
51194	51291
51195	51291
51196	51291
51197	51291
51198	51294
51199	51250
51200	51280
51201	51280
51202	51280
51203	51112
51204	51097
51205	51097
51206	51095
51207	51095
51208	51096
51209	51090
51210	51096
51211	51096
51212	51081
51213	51079
51214	51081
51215	51089
51216	51090
51217	51105
51218	51089
51219	51089
51220	51113
51221	51106
51222	51113
51223	51106
51224	51089
51225	51106
51226	51089
51227	51106
51228	51112
51229	50986
51230	51294
51231	51294
51232	51232
51233	51291
51234	51291
51235	51292
51236	51291
51237	51292
51238	51294
51239	51112
51240	51112
51241	51113
51242	51106
51243	51250
51244	51295
51245	51280
51246	51280
51247	51280
51248	51112
51249	50986
51250	50987
51251	51292
51252	51292
51253	51106
51254	50916
51255	50217
51256	50217
51257	50223
51258	50264
51259	50217
51260	50223
51261	50900
51262	50900
51263	50900
51264	50900
51265	50217
51266	50217
51267	50216
51268	51280
51269	51280
51270	51280
51271	51280
51272	51280
51273	51280
51274	50986
51275	50264
51276	50288
51277	50288
51278	51280
51279	50223
51280	50898
51281	51089
51282	51282
51283	51282
51284	51281
51285	51293
51286	51291
51287	51294
51288	51295
51289	51291
51290	51280
51291	51112
51292	51113
51293	51106
51294	50986
51295	50986
51296	51081
51297	51081
51298	51081
51299	51081
51300	51081
51301	51081
51302	51081
51303	51081
51304	51081
51305	51081
51306	51081
51307	51081
51308	51083
51309	51081
51310	51081
51311	51081
51312	51081
51313	51081
51314	51083
51315	51083
51316	51083
51317	51083
51318	51083
51319	51083
51320	51081
51321	51083
51322	51083
51323	51083
51324	51081
51325	51081
51326	51081
51327	51081
51328	51081
51329	51081
51330	51081
51331	51081
51332	51045
51333	51045
51334	51045
51335	51045
51336	51083
51337	51081
51338	51083
51339	51045
51340	51045
51341	51045
51342	51045
51343	51045
51344	51045
51345	51045
51346	51045
51347	51045
51348	51045
51349	51083
51350	51083
51351	51081
51352	51083
51353	51083
51354	51081
51355	51083
51356	51045
51357	51045
51358	51045
51359	51045
51360	51045
51361	51045
51362	51045
51363	51045
51364	51045
51365	51045
51366	51045
51367	51045
51368	51045
51369	51045
51370	51045
51371	51045
51372	51045
51373	51045
51374	51045
51375	51045
51376	51045
51377	51045
51378	51045
51379	51045
51380	51045
51381	51045
51382	51045
51383	51045
51384	51045
51385	51045
51386	51045
51387	51045
51388	51045
51389	51045
51390	51045
51391	51045
51392	51045
51393	51045
51394	51045
51395	51045
51396	51045
51397	51045
51398	51045
51399	51083
51400	51083
51401	51083
51402	51045
51403	51045
51404	51045
51405	51045
51406	51045
51407	51045
51408	51083
51409	51081
51410	51083
51411	51081
51412	51083
51413	51045
51414	51045
51415	51045
51416	51045
51417	51045
51418	51045
51419	51045
51420	51045
51421	51045
51422	51045
51423	51045
51424	51045
51425	51045
51426	51045
51427	51045
51428	51045
51429	51045
51430	51045
51431	51045
51432	51045
51433	51083
51434	51045
51435	51045
51436	51045
51437	51045
51438	51045
51439	51045
51440	51045
51441	51045
51442	51045
51443	51045
51444	51045
51445	51045
51446	51045
51447	51045
51448	51045
51449	51045
51450	51045
51451	51083
51452	51083
51453	51045
51454	51045
51455	51045
51456	51045
51457	51045
51458	51065
51459	51045
51460	51045
51461	51045
51462	51045
51463	51045
51464	51083
51465	51083
51466	51083
51467	51045
51468	51045
51469	51045
51470	51083
51471	51083
51472	51081
51473	51081
51474	51086
51475	51086
51476	51045
51477	51045
51478	51045
51479	51045
51480	51045
51481	51789
51482	51789
51483	51789
51484	51789
51485	51789
51486	51789
51487	51789
51488	51789
51489	51789
51490	51789
51491	51789
51492	51789
51493	51789
51494	51789
51495	51789
51496	51789
51497	51789
51498	51789
51499	51789
51500	51789
51501	51789
51502	51789
51503	51789
51504	51789
51505	51789
51506	51789
51507	51789
51508	51789
51509	51789
51510	51789
51511	51789
51512	51789
51513	51789
51514	51789
51515	51789
51516	51789
51517	51789
51518	51789
51519	51789
51520	51789
51521	51045
51522	51789
51523	51045
51524	51789
51525	51045
51526	51045
51527	51045
51528	51045
51529	51086
51530	51086
51531	51045
51532	51789
51533	51789
51534	51136
51535	51789
51536	51789
51537	51789
51538	51789
51539	51789
51540	51789
51541	51789
51542	51789
51543	51789
51544	51789
51545	51086
51546	51045
51547	51789
51548	51045
51549	51045
51550	51789
51551	51045
51552	51789
51553	51045
51554	51789
51555	51045
51556	51789
51557	51045
51558	51789
51559	51045
51560	51789
51561	51045
51562	51045
51563	51789
51564	51789
51565	51789
51566	51789
51567	51789
51568	51789
51569	51789
51570	51789
51571	51789
51572	51045
51573	51045
51574	51045
51575	51045
51576	51045
51577	51045
51578	51045
51579	51045
51580	51045
51581	51045
51582	51789
51583	51045
51584	51045
51585	51789
51586	51789
51587	51789
51588	51045
51589	51045
51590	51045
51591	51045
51592	51045
51593	51045
51594	51789
51595	51789
51596	51789
51597	51789
51598	51789
51599	51789
51600	51045
51601	51045
51602	51045
51603	51045
51604	51045
51605	51045
51606	51045
51607	51045
51608	51045
51609	51045
51610	51086
51611	51045
51612	51045
51613	51086
51614	51045
51615	51045
51616	51045
51617	51045
51618	51045
51619	51045
51620	51045
51621	51045
51622	51045
51623	51045
51624	51045
51625	51045
51626	51045
51627	51045
51628	51045
51629	51045
51630	51081
51631	51081
51632	51086
51633	51045
51634	51045
51635	51045
51636	51045
51637	51045
51638	51045
51639	51045
51640	51045
51641	51045
51642	51053
51643	51045
51644	51045
51645	51045
51646	51045
51647	51045
51648	51045
51649	51045
51650	51045
51651	51045
51652	51045
51653	51057
51654	51045
51655	51045
51656	51045
51657	51045
51658	51086
51659	51045
51660	51086
51661	51057
51662	51045
51663	51045
51664	51045
51665	51045
51666	51045
51667	51045
51668	51789
51669	51789
51670	51789
51671	51789
51672	51789
51673	51789
51674	51789
51675	51789
51676	51789
51677	51789
51678	51789
51679	51789
51680	51789
51681	51789
51682	51789
51683	51789
51684	51789
51685	51789
51686	51789
51687	51789
51688	51789
51689	51789
51690	51789
51691	51789
51692	51789
51693	51789
51694	51789
51695	51789
51696	51789
51697	51789
51698	51789
51699	51789
51700	51789
51701	51323
51702	51323
51703	51323
51704	51789
51705	51323
51706	51789
51707	51789
51708	51789
51709	51789
51710	51789
51711	51789
51712	51789
51713	51789
51714	51789
51715	51045
51716	51789
51717	51045
51718	51045
51719	51045
51720	51045
51721	51045
51722	51057
51723	51789
51724	51045
51725	51323
51726	51045
51727	51323
51728	51323
51729	51045
51730	51045
51731	51045
51732	51045
51733	51045
51734	51045
51735	51045
51736	51086
51737	51057
51738	51086
51739	51086
51740	51086
51741	51086
51742	51086
51743	51081
51744	51081
51745	51081
51746	51081
51747	51081
51748	51086
51749	51086
51750	51081
51751	51086
51752	51057
51753	51053
51754	51053
51755	51045
51756	51045
51757	51045
51758	51045
51759	51053
51760	51057
51761	51053
51762	51086
51763	51086
51764	51057
51765	51045
51766	51045
51767	51057
51768	51086
51769	51086
51770	51086
51771	51086
51772	51086
51773	51086
51774	51045
51775	51045
51776	51045
51777	51045
51778	51045
51779	51045
51780	51045
51781	51045
51782	51045
51783	51045
51784	51045
51785	51045
51786	51045
51787	51045
51788	51045
51789	51045
51790	51045
51791	51045
51792	51045
51793	51045
51794	51083
51795	51083
51796	51045
51797	51045
51798	51045
51799	51045
51800	51045
51801	51045
51802	51045
51803	51045
51804	51045
51805	51045
51806	51045
51807	51045
51808	51045
51809	51045
51810	51086
51811	51086
51812	51045
51813	51045
51814	51045
51815	51045
51816	51045
51817	51045
51818	51045
51819	51045
51820	51045
51821	51789
51822	51789
51823	51789
51824	51045
51825	51045
51826	51045
51827	51045
51828	51045
51829	51045
51830	51045
51831	51045
51832	51045
51833	51045
51834	51045
51835	51045
51836	51045
51837	51045
51838	51045
51839	51045
51840	51045
51841	51045
51842	51045
51843	51045
51844	51081
51845	51086
51846	51083
51847	51081
51848	51045
51849	51045
51850	51045
51851	51045
51852	51045
51853	51045
51854	51045
51855	51045
51856	51045
51857	51045
51858	51045
51859	51789
51860	51789
51861	51789
51862	51789
51863	51789
51864	51789
51865	51789
51866	51789
51867	51789
51868	51789
51869	51789
51870	51789
51871	51789
51872	51789
51873	51789
51874	51045
51875	51789
51876	51789
51877	51045
51878	51045
51879	51045
51880	51045
51881	51057
51882	51053
51883	51045
51884	51045
51885	51045
51886	51045
51887	51045
51888	51045
51889	51045
51890	51045
51891	51045
51892	51083
51893	51789
51894	51789
51895	51789
51896	51789
51897	51789
51898	51789
51899	51789
51900	51458
51901	51789
51902	51045
51903	51045
51904	51789
51905	51045
51906	51045
51907	51045
51908	51045
51909	51789
51910	51789
51911	51789
51912	51789
51913	51789
51914	51789
51915	51789
51916	51789
51917	51789
51918	51789
51919	51789
51920	51789
51921	51789
51922	51789
51923	51045
51924	51045
51925	51045
51926	51045
51927	51045
51928	51045
51929	51045
51930	51045
51931	51045
51932	51045
51933	51789
51934	51045
51935	51789
51936	51045
51937	51045
51938	51045
51939	51045
51940	51045
51941	51045
51942	51045
51943	51045
51944	51045
51945	51045
51946	51045
51947	51045
51948	51045
51949	51045
51950	51045
51951	51045
51952	51045
51953	51045
51954	51045
51955	51045
51956	51045
51957	51045
51958	51045
51959	51045
51960	51045
51961	51045
51962	51045
51963	51086
51964	51086
51965	51045
51966	51086
51967	51045
51968	51789
51969	51789
51970	51789
51971	51789
51972	51057
51973	51053
51974	51045
51975	51045
51976	51323
51977	51323
51978	51323
51979	51323
51980	51045
51981	51045
51982	51045
51983	51045
51984	51045
51985	51789
51986	51045
51987	51789
51988	51057
51989	51045
51990	51086
51991	51086
51992	51086
51993	51086
51994	51086
51995	51086
51996	51053
51997	51045
51998	51045
51999	51323
52000	51323
52001	51323
52002	51789
52003	51789
52004	51789
52005	51789
52006	51789
52007	51789
52008	51789
52009	51789
52010	51789
52011	51789
52012	51789
52013	51045
52014	51081
52015	51081
52016	51081
52017	51081
52018	51081
52019	51081
52020	51081
52021	51081
52022	51081
52023	51081
52024	51086
52025	51045
52026	51045
52027	51045
52028	51045
52029	51045
52030	51057
52031	51081
52032	51081
52033	51045
52034	51045
52035	51045
52036	51045
52037	51045
52038	51045
52039	51045
52040	51045
52041	51045
52042	51045
52043	51045
52044	51045
52045	51045
52046	51045
52047	51045
52048	51045
52049	51045
52050	51045
52051	51045
52052	51045
52053	51045
52054	51045
52055	51045
52056	51045
52057	51045
52058	51045
52059	51045
52060	51045
52061	51045
52062	51045
52063	51045
52064	51045
52065	51086
52066	51045
52067	51086
52068	51057
52069	51086
52070	51081
52071	51045
52072	51045
52073	51045
52074	51045
52075	51045
52076	51789
52077	51789
52078	51045
52079	51045
52080	51789
52081	51789
52082	51789
52083	51789
52084	51789
52085	51789
52086	51045
52087	51789
52088	51323
52089	51045
52090	51045
52091	51045
52092	51045
52093	51323
52094	51789
52095	51032
52096	51789
52097	51789
52098	51789
52099	51789
52100	51045
52101	51045
52102	51789
52103	51789
52104	51789
52105	51789
52106	51789
52107	51789
52108	51789
52109	51789
52110	51789
52111	51045
52112	51789
52113	51789
52114	51789
52115	51789
52116	51789
52117	51789
52118	51789
52119	51789
52120	51789
52121	51789
52122	51789
52123	51789
52124	51789
52125	51789
52126	51789
52127	51789
52128	51789
52129	51081
52130	51789
52131	51789
52132	51789
52133	51789
52134	51789
52135	51789
52136	51789
52137	51789
52138	51081
52139	51081
52140	51045
52141	51045
52142	51045
52143	51045
52144	51045
52145	51045
52146	51045
52147	51045
52148	51045
52149	51045
52150	51045
52151	51045
52152	51045
52153	51045
52154	51045
52155	51045
52156	51045
52157	51045
52158	51045
52159	51045
52160	51045
52161	51045
52162	51045
52163	51045
52164	51045
52165	51045
52166	51045
52167	51045
52168	51045
52169	51045
52170	51045
52171	51045
52172	51045
52173	51045
52174	51083
52175	51081
52176	51045
52177	51045
52178	51045
52179	51045
52180	51045
52181	51045
52182	51045
52183	51045
52184	51045
52185	51045
52186	51045
52187	51045
52188	51045
52189	51045
52190	51045
52191	51045
52192	51045
52193	51045
52194	51045
52195	51045
52196	51045
52197	51045
52198	51045
52199	51045
52200	51045
52201	51045
52202	51045
52203	51045
52204	51045
52205	51083
52206	51045
52207	51045
52208	51045
52209	51045
52210	51045
52211	51045
52212	51045
52213	51045
52214	51081
52215	51081
52216	51083
52217	51045
52218	51045
52219	51045
52220	51045
52221	51045
52222	51045
52223	51789
52224	51789
52225	51789
52226	51789
52227	51789
52228	51789
52229	51789
52230	51789
52231	51789
52232	51789
52233	51789
52234	51789
52235	51789
52236	51789
52237	51789
52238	51789
52239	51789
52240	51789
52241	51789
52242	51045
52243	51045
52244	51045
52245	51045
52246	51789
52247	51789
52248	51789
52249	51789
52250	51789
52251	51083
52252	51083
52253	51083
52254	51081
52255	51081
52256	51081
52257	51081
52258	51081
52259	51081
52260	51081
52261	51081
52262	51081
52263	51083
52264	51086
52265	51086
52266	51081
52267	51086
52268	51081
52269	51081
52270	51081
52271	51086
52272	51086
52273	51086
52274	51086
52275	51086
52276	51086
52277	51086
52278	51086
52279	51086
52280	51083
52281	51083
52282	51081
52283	51086
52284	51081
52285	51081
52286	51081
52287	51086
52288	51081
52289	51057
52290	51045
52291	51045
52292	51086
52293	51086
52294	51086
52295	51045
52296	51057
52297	51057
52298	51057
52299	51053
52300	51053
52301	51057
52302	51045
52303	51045
52304	51045
52305	51045
52306	51045
52307	51045
52308	51045
52309	51045
52310	51045
52311	51045
52312	51086
52313	51086
52314	51086
52315	51045
52316	51045
52317	51045
52318	51045
52319	51045
52320	51045
52321	51086
52322	51086
52323	51086
52324	51086
52325	51086
52326	51045
52327	51045
52328	51045
52329	51045
52330	51045
52331	51045
52332	51045
52333	51053
52334	51045
52335	51045
52336	51045
52337	51045
52338	51045
52339	51045
52340	51045
52341	51045
52342	51045
52343	51053
52344	51045
52345	51045
52346	51045
52347	51045
52348	51789
52349	51789
52350	51045
52351	51045
52352	51045
52353	51045
52354	51045
52355	51045
52356	51045
52357	51045
52358	51045
52359	51045
52360	51045
52361	51045
52362	51045
52363	51045
52364	51045
52365	51045
52366	51789
52367	51789
52368	51789
52369	51789
52370	51045
52371	51789
52372	51323
52373	51789
52374	51789
52375	51045
52376	51045
52377	51045
52378	51045
52379	51789
52380	51789
52381	51789
52382	51789
52383	51323
52384	51789
52385	51789
52386	51789
52387	51323
52388	51789
52389	51789
52390	51789
52391	51789
52392	51789
52393	51789
52394	51789
52395	51789
52396	51789
52397	51789
52398	51789
52399	51789
52400	51789
52401	51789
52402	51789
52403	51789
52404	51789
52405	51789
52406	51789
52407	51789
52408	51789
52409	51789
52410	51789
52411	51789
52412	51789
52413	51323
52414	51323
52415	51323
52416	51323
52417	51789
52418	51323
52419	51323
52420	51323
52421	51789
52422	51789
52423	51323
52424	51789
52425	51789
52426	51086
52427	51086
52428	51086
52429	51086
52430	51045
52431	51045
52432	51045
52433	51045
52434	51045
52435	51057
52436	51057
52437	51053
52438	51045
52439	51057
52440	51045
52441	51045
52442	51045
52443	51045
52444	51045
52445	51045
52446	51045
52447	51045
52448	51045
52449	51045
52450	51045
52451	51045
52452	51045
52453	51045
52454	51045
52455	51045
52456	51045
52457	51045
52458	51045
52459	51045
52460	51057
52461	51057
52462	51057
52463	51045
52464	51057
52465	51057
52466	51045
52467	51045
52468	51045
52469	51045
52470	51045
52471	51045
52472	51045
52473	51045
52474	51045
52475	51045
52476	51045
52477	51045
52478	51045
52479	51045
52480	51045
52481	51045
52482	51045
52483	51083
52484	51083
52485	51083
52486	51081
52487	51083
52488	51083
52489	51083
52490	51086
52491	51086
52492	51086
52493	51086
52494	51086
52495	51086
52496	51086
52497	51083
52498	51083
52499	51083
52500	51045
52501	51045
52502	51045
52503	51045
52504	51045
52505	51045
52506	51045
52507	51045
52508	51045
52509	51045
52510	51045
52511	51045
52512	51045
52513	51045
52514	51045
52515	51045
52516	51045
52517	51045
52518	51045
52519	51045
52520	51045
52521	51045
52522	51045
52523	51045
52524	51045
52525	51045
52526	51045
52527	51045
52528	51789
52529	51045
52530	51045
52531	51045
52532	51045
52533	51045
52534	51789
52535	51789
52536	51789
52537	51045
52538	51045
52539	51045
52540	51045
52541	51045
52542	51045
52543	51045
52544	51045
52545	51045
52546	51045
52547	51045
52548	51045
52549	51045
52550	51045
52551	51045
52552	51045
52553	51045
52554	51045
52555	51045
52556	51045
52557	51083
52558	51083
52559	51083
52560	51083
52561	51083
52562	51045
52563	51045
52564	51083
